<?xml version="1.0" encoding="UTF-8"?>
<gpx version="1.1" creator="Apple Health Export" xmlns="http://www.topografix.com/GPX/1/1" xmlns:xsi="http://www.w3.org/2001/XMLSchema-instance" xsi:schemaLocation="http://www.topografix.com/GPX/1/1 http://www.topografix.com/GPX/1/1/gpx.xsd">
  <metadata>
    <time>2026-09-15T12:51:54Z</time>
  </metadata>
  <trk>
    <name>Route 2026-09-15 7:44am</name>
    <trkseg>
      <trkpt lon="120.955136" lat="23.469368"><ele>3769.875695</ele><time>2026-09-14T22:46:26Z</time><extensions><speed>0.000000</speed><course>180.287668</course><hAcc>1.865970</hAcc><vAcc>1.453834</vAcc></extensions></trkpt>
      <trkpt lon="120.955136" lat="23.469368"><ele>3769.345358</ele><time>2026-09-14T22:46:27Z</time><extensions><speed>0.000000</speed><course>180.131476</course><hAcc>1.601187</hAcc><vAcc>1.234943</vAcc></extensions></trkpt>
      <trkpt lon="120.955136" lat="23.469368"><ele>3768.880548</ele><time>2026-09-14T22:46:27Z</time><extensions><speed>0.000000</speed><course>179.958493</course><hAcc>1.458613</hAcc><vAcc>1.086435</vAcc></extensions></trkpt>
      <trkpt lon="120.955136" lat="23.469368"><ele>3768.462629</ele><time>2026-09-14T22:46:28Z</time><extensions><speed>0.000000</speed><course>179.843084</course><hAcc>1.387316</hAcc><vAcc>0.979322</vAcc></extensions></trkpt>
      <trkpt lon="120.955136" lat="23.469368"><ele>3768.102772</ele><time>2026-09-14T22:46:30Z</time><extensions><speed>0.000000</speed><course>179.806328</course><hAcc>1.353649</hAcc><vAcc>0.899936</vAcc></extensions></trkpt>
      <trkpt lon="120.955136" lat="23.469368"><ele>3767.797304</ele><time>2026-09-14T22:46:31Z</time><extensions><speed>0.000000</speed><course>179.838458</course><hAcc>1.338866</hAcc><vAcc>0.836896</vAcc></extensions></trkpt>
      <trkpt lon="120.955136" lat="23.469368"><ele>3767.542977</ele><time>2026-09-14T22:46:32Z</time><extensions><speed>0.000000</speed><course>179.887750</course><hAcc>1.349754</hAcc><vAcc>0.785886</vAcc></extensions></trkpt>
      <trkpt lon="120.955136" lat="23.469368"><ele>3767.335975</ele><time>2026-09-14T22:46:33Z</time><extensions><speed>0.000000</speed><course>179.921659</course><hAcc>1.377580</hAcc><vAcc>0.747502</vAcc></extensions></trkpt>
      <trkpt lon="120.955136" lat="23.469368"><ele>3767.169647</ele><time>2026-09-14T22:46:34Z</time><extensions><speed>0.000000</speed><course>179.937703</course><hAcc>1.420288</hAcc><vAcc>0.721724</vAcc></extensions></trkpt>
      <trkpt lon="120.955136" lat="23.469368"><ele>3767.034875</ele><time>2026-09-14T22:46:35Z</time><extensions><speed>0.000000</speed><course>179.943129</course><hAcc>1.467537</hAcc><vAcc>0.706166</vAcc></extensions></trkpt>
      <trkpt lon="120.955136" lat="23.469368"><ele>3766.921592</ele><time>2026-09-14T22:46:36Z</time><extensions><speed>0.000000</speed><course>179.943720</course><hAcc>1.511407</hAcc><vAcc>0.697669</vAcc></extensions></trkpt>
      <trkpt lon="120.955136" lat="23.469368"><ele>3766.820820</ele><time>2026-09-14T22:46:37Z</time><extensions><speed>0.000000</speed><course>179.944094</course><hAcc>1.541712</hAcc><vAcc>0.693454</vAcc></extensions></trkpt>
      <trkpt lon="120.955136" lat="23.469368"><ele>3766.724552</ele><time>2026-09-14T22:46:38Z</time><extensions><speed>0.000000</speed><course>179.949803</course><hAcc>1.545852</hAcc><vAcc>0.691557</vAcc></extensions></trkpt>
      <trkpt lon="120.955136" lat="23.469368"><ele>3766.626013</ele><time>2026-09-14T22:46:39Z</time><extensions><speed>0.000000</speed><course>179.960323</course><hAcc>1.537949</hAcc><vAcc>0.690787</vAcc></extensions></trkpt>
      <trkpt lon="120.955136" lat="23.469368"><ele>3766.520212</ele><time>2026-09-14T22:46:40Z</time><extensions><speed>0.000000</speed><course>179.963918</course><hAcc>1.568436</hAcc><vAcc>0.690505</vAcc></extensions></trkpt>
      <trkpt lon="120.955136" lat="23.469368"><ele>3766.402306</ele><time>2026-09-14T22:46:41Z</time><extensions><speed>0.000000</speed><course>179.964795</course><hAcc>1.639478</hAcc><vAcc>0.690408</vAcc></extensions></trkpt>
      <trkpt lon="120.955136" lat="23.469368"><ele>3766.268795</ele><time>2026-09-14T22:46:42Z</time><extensions><speed>0.000000</speed><course>179.970649</course><hAcc>1.573555</hAcc><vAcc>0.690370</vAcc></extensions></trkpt>
      <trkpt lon="120.955136" lat="23.469368"><ele>3766.116422</ele><time>2026-09-14T22:46:43Z</time><extensions><speed>0.000000</speed><course>180.006867</course><hAcc>1.555625</hAcc><vAcc>0.690348</vAcc></extensions></trkpt>
      <trkpt lon="120.955136" lat="23.469368"><ele>3765.941684</ele><time>2026-09-14T22:46:44Z</time><extensions><speed>0.000000</speed><course>180.046817</course><hAcc>1.577458</hAcc><vAcc>0.690331</vAcc></extensions></trkpt>
      <trkpt lon="120.955135" lat="23.469367"><ele>3765.742382</ele><time>2026-09-14T22:46:45Z</time><extensions><speed>0.029528</speed><course>254.386148</course><hAcc>1.602721</hAcc><vAcc>0.690316</vAcc></extensions></trkpt>
      <trkpt lon="120.955134" lat="23.469367"><ele>3765.514601</ele><time>2026-09-14T22:46:46Z</time><extensions><speed>0.057685</speed><course>254.206495</course><hAcc>1.630245</hAcc><vAcc>0.690305</vAcc></extensions></trkpt>
      <trkpt lon="120.955133" lat="23.469367"><ele>3765.254269</ele><time>2026-09-14T22:46:47Z</time><extensions><speed>0.098327</speed><course>253.451022</course><hAcc>1.639928</hAcc><vAcc>0.690297</vAcc></extensions></trkpt>
      <trkpt lon="120.955132" lat="23.469366"><ele>3764.957712</ele><time>2026-09-14T22:46:48Z</time><extensions><speed>0.152571</speed><course>252.510864</course><hAcc>1.641072</hAcc><vAcc>0.690292</vAcc></extensions></trkpt>
      <trkpt lon="120.955130" lat="23.469366"><ele>3764.622335</ele><time>2026-09-14T22:46:49Z</time><extensions><speed>0.227365</speed><course>251.294040</course><hAcc>1.642560</hAcc><vAcc>0.690289</vAcc></extensions></trkpt>
      <trkpt lon="120.955127" lat="23.469365"><ele>3764.245504</ele><time>2026-09-14T22:46:50Z</time><extensions><speed>0.309677</speed><course>251.191131</course><hAcc>1.650553</hAcc><vAcc>0.690287</vAcc></extensions></trkpt>
      <trkpt lon="120.955124" lat="23.469364"><ele>3763.826874</ele><time>2026-09-14T22:46:51Z</time><extensions><speed>0.449144</speed><course>251.585408</course><hAcc>1.647938</hAcc><vAcc>0.690286</vAcc></extensions></trkpt>
      <trkpt lon="120.955119" lat="23.469362"><ele>3763.367597</ele><time>2026-09-14T22:46:52Z</time><extensions><speed>0.596768</speed><course>251.962347</course><hAcc>1.649204</hAcc><vAcc>0.690286</vAcc></extensions></trkpt>
      <trkpt lon="120.955112" lat="23.469361"><ele>3762.870801</ele><time>2026-09-14T22:46:53Z</time><extensions><speed>0.775543</speed><course>252.323416</course><hAcc>1.648194</hAcc><vAcc>0.690286</vAcc></extensions></trkpt>
      <trkpt lon="120.955104" lat="23.469358"><ele>3762.342756</ele><time>2026-09-14T22:46:54Z</time><extensions><speed>0.927560</speed><course>252.870469</course><hAcc>1.638438</hAcc><vAcc>0.690285</vAcc></extensions></trkpt>
      <trkpt lon="120.955095" lat="23.469356"><ele>3761.792032</ele><time>2026-09-14T22:46:55Z</time><extensions><speed>1.065695</speed><course>253.998309</course><hAcc>1.604340</hAcc><vAcc>0.690285</vAcc></extensions></trkpt>
      <trkpt lon="120.955086" lat="23.469354"><ele>3761.230263</ele><time>2026-09-14T22:46:56Z</time><extensions><speed>0.879935</speed><course>258.094106</course><hAcc>1.591537</hAcc><vAcc>0.690285</vAcc></extensions></trkpt>
      <trkpt lon="120.955080" lat="23.469353"><ele>3760.670122</ele><time>2026-09-14T22:46:57Z</time><extensions><speed>0.393513</speed><course>268.740253</course><hAcc>1.587077</hAcc><vAcc>0.690285</vAcc></extensions></trkpt>
      <trkpt lon="120.955077" lat="23.469353"><ele>3760.123061</ele><time>2026-09-14T22:46:58Z</time><extensions><speed>0.249336</speed><course>254.091243</course><hAcc>1.547947</hAcc><vAcc>0.690285</vAcc></extensions></trkpt>
      <trkpt lon="120.955075" lat="23.469352"><ele>3759.599013</ele><time>2026-09-14T22:46:59Z</time><extensions><speed>0.056299</speed><course>227.363534</course><hAcc>1.532387</hAcc><vAcc>0.690285</vAcc></extensions></trkpt>
      <trkpt lon="120.955075" lat="23.469352"><ele>3759.105096</ele><time>2026-09-14T22:47:00Z</time><extensions><speed>0.055508</speed><course>275.248908</course><hAcc>1.542431</hAcc><vAcc>0.690285</vAcc></extensions></trkpt>
      <trkpt lon="120.955074" lat="23.469352"><ele>3758.645913</ele><time>2026-09-14T22:47:01Z</time><extensions><speed>0.071130</speed><course>291.052588</course><hAcc>1.502768</hAcc><vAcc>0.690285</vAcc></extensions></trkpt>
      <trkpt lon="120.955073" lat="23.469352"><ele>3758.223909</ele><time>2026-09-14T22:47:02Z</time><extensions><speed>0.067363</speed><course>291.943205</course><hAcc>1.485040</hAcc><vAcc>0.690285</vAcc></extensions></trkpt>
      <trkpt lon="120.955073" lat="23.469352"><ele>3757.839631</ele><time>2026-09-14T22:47:03Z</time><extensions><speed>0.020739</speed><course>285.268316</course><hAcc>1.544677</hAcc><vAcc>0.690284</vAcc></extensions></trkpt>
      <trkpt lon="120.955072" lat="23.469352"><ele>3757.492605</ele><time>2026-09-14T22:47:04Z</time><extensions><speed>0.028250</speed><course>269.122815</course><hAcc>1.525453</hAcc><vAcc>0.690284</vAcc></extensions></trkpt>
      <trkpt lon="120.955072" lat="23.469352"><ele>3757.181360</ele><time>2026-09-14T22:47:05Z</time><extensions><speed>0.049856</speed><course>257.729787</course><hAcc>1.481990</hAcc><vAcc>0.690284</vAcc></extensions></trkpt>
      <trkpt lon="120.955072" lat="23.469352"><ele>3756.903770</ele><time>2026-09-14T22:47:06Z</time><extensions><speed>0.054142</speed><course>249.143814</course><hAcc>1.487016</hAcc><vAcc>0.690284</vAcc></extensions></trkpt>
      <trkpt lon="120.955071" lat="23.469352"><ele>3756.657318</ele><time>2026-09-14T22:47:07Z</time><extensions><speed>0.048918</speed><course>242.451776</course><hAcc>1.542866</hAcc><vAcc>0.690284</vAcc></extensions></trkpt>
      <trkpt lon="120.955071" lat="23.469351"><ele>3756.439097</ele><time>2026-09-14T22:47:08Z</time><extensions><speed>0.046466</speed><course>231.044824</course><hAcc>1.592492</hAcc><vAcc>0.690284</vAcc></extensions></trkpt>
      <trkpt lon="120.955070" lat="23.469351"><ele>3756.246113</ele><time>2026-09-14T22:47:09Z</time><extensions><speed>0.102517</speed><course>221.846187</course><hAcc>1.560336</hAcc><vAcc>0.690284</vAcc></extensions></trkpt>
      <trkpt lon="120.955070" lat="23.469350"><ele>3756.075260</ele><time>2026-09-14T22:47:10Z</time><extensions><speed>0.114485</speed><course>217.180344</course><hAcc>1.555408</hAcc><vAcc>0.690284</vAcc></extensions></trkpt>
      <trkpt lon="120.955069" lat="23.469349"><ele>3755.923581</ele><time>2026-09-14T22:47:11Z</time><extensions><speed>0.137965</speed><course>215.647899</course><hAcc>1.534972</hAcc><vAcc>0.690284</vAcc></extensions></trkpt>
      <trkpt lon="120.955068" lat="23.469349"><ele>3755.788489</ele><time>2026-09-14T22:47:12Z</time><extensions><speed>0.129531</speed><course>215.536981</course><hAcc>1.535982</hAcc><vAcc>0.690284</vAcc></extensions></trkpt>
      <trkpt lon="120.955067" lat="23.469348"><ele>3755.667493</ele><time>2026-09-14T22:47:13Z</time><extensions><speed>0.068890</speed><course>215.873580</course><hAcc>1.569804</hAcc><vAcc>0.690284</vAcc></extensions></trkpt>
      <trkpt lon="120.955067" lat="23.469348"><ele>3755.558675</ele><time>2026-09-14T22:47:14Z</time><extensions><speed>0.061693</speed><course>216.862541</course><hAcc>1.532226</hAcc><vAcc>0.690284</vAcc></extensions></trkpt>
      <trkpt lon="120.955067" lat="23.469347"><ele>3755.460484</ele><time>2026-09-14T22:47:15Z</time><extensions><speed>0.027569</speed><course>229.264298</course><hAcc>1.546349</hAcc><vAcc>0.690284</vAcc></extensions></trkpt>
      <trkpt lon="120.955067" lat="23.469347"><ele>3755.371812</ele><time>2026-09-14T22:47:16Z</time><extensions><speed>0.009716</speed><course>354.790103</course><hAcc>1.608966</hAcc><vAcc>0.690284</vAcc></extensions></trkpt>
      <trkpt lon="120.955067" lat="23.469348"><ele>3755.292137</ele><time>2026-09-14T22:47:17Z</time><extensions><speed>0.081567</speed><course>11.802064</course><hAcc>1.534671</hAcc><vAcc>0.690284</vAcc></extensions></trkpt>
      <trkpt lon="120.955067" lat="23.469348"><ele>3755.221284</ele><time>2026-09-14T22:47:18Z</time><extensions><speed>0.102989</speed><course>16.578952</course><hAcc>1.526078</hAcc><vAcc>0.690284</vAcc></extensions></trkpt>
      <trkpt lon="120.955068" lat="23.469349"><ele>3755.159351</ele><time>2026-09-14T22:47:19Z</time><extensions><speed>0.099248</speed><course>20.715925</course><hAcc>1.558931</hAcc><vAcc>0.690284</vAcc></extensions></trkpt>
      <trkpt lon="120.955068" lat="23.469350"><ele>3755.106559</ele><time>2026-09-14T22:47:20Z</time><extensions><speed>0.134091</speed><course>24.881070</course><hAcc>1.534728</hAcc><vAcc>0.690284</vAcc></extensions></trkpt>
      <trkpt lon="120.955069" lat="23.469351"><ele>3755.063090</ele><time>2026-09-14T22:47:21Z</time><extensions><speed>0.128833</speed><course>30.831492</course><hAcc>1.514134</hAcc><vAcc>0.690284</vAcc></extensions></trkpt>
      <trkpt lon="120.955070" lat="23.469352"><ele>3755.028986</ele><time>2026-09-14T22:47:22Z</time><extensions><speed>0.103638</speed><course>41.945283</course><hAcc>1.515567</hAcc><vAcc>0.690284</vAcc></extensions></trkpt>
      <trkpt lon="120.955070" lat="23.469353"><ele>3755.004004</ele><time>2026-09-14T22:47:23Z</time><extensions><speed>0.045628</speed><course>63.408653</course><hAcc>1.557090</hAcc><vAcc>0.690284</vAcc></extensions></trkpt>
      <trkpt lon="120.955071" lat="23.469353"><ele>3754.987597</ele><time>2026-09-14T22:47:24Z</time><extensions><speed>0.066127</speed><course>85.365343</course><hAcc>1.520080</hAcc><vAcc>0.690284</vAcc></extensions></trkpt>
      <trkpt lon="120.955071" lat="23.469353"><ele>3754.978957</ele><time>2026-09-14T22:47:25Z</time><extensions><speed>0.074886</speed><course>90.773022</course><hAcc>1.499747</hAcc><vAcc>0.690284</vAcc></extensions></trkpt>
      <trkpt lon="120.955072" lat="23.469353"><ele>3754.977076</ele><time>2026-09-14T22:47:26Z</time><extensions><speed>0.030400</speed><course>83.145860</course><hAcc>1.551166</hAcc><vAcc>0.690284</vAcc></extensions></trkpt>
      <trkpt lon="120.955072" lat="23.469353"><ele>3754.980901</ele><time>2026-09-14T22:47:27Z</time><extensions><speed>0.038289</speed><course>65.336648</course><hAcc>1.542853</hAcc><vAcc>0.690284</vAcc></extensions></trkpt>
      <trkpt lon="120.955072" lat="23.469353"><ele>3754.989385</ele><time>2026-09-14T22:47:28Z</time><extensions><speed>0.046186</speed><course>49.093947</course><hAcc>1.548031</hAcc><vAcc>0.690284</vAcc></extensions></trkpt>
      <trkpt lon="120.955073" lat="23.469354"><ele>3755.001655</ele><time>2026-09-14T22:47:29Z</time><extensions><speed>0.079989</speed><course>40.244549</course><hAcc>1.544459</hAcc><vAcc>0.690284</vAcc></extensions></trkpt>
      <trkpt lon="120.955073" lat="23.469354"><ele>3755.017065</ele><time>2026-09-14T22:47:30Z</time><extensions><speed>0.092047</speed><course>34.332256</course><hAcc>1.580731</hAcc><vAcc>0.690284</vAcc></extensions></trkpt>
      <trkpt lon="120.955074" lat="23.469355"><ele>3755.035058</ele><time>2026-09-14T22:47:31Z</time><extensions><speed>0.084687</speed><course>29.916140</course><hAcc>1.614647</hAcc><vAcc>0.690283</vAcc></extensions></trkpt>
      <trkpt lon="120.955074" lat="23.469355"><ele>3755.055460</ele><time>2026-09-14T22:47:32Z</time><extensions><speed>0.067428</speed><course>17.741235</course><hAcc>1.617015</hAcc><vAcc>0.690283</vAcc></extensions></trkpt>
      <trkpt lon="120.955074" lat="23.469356"><ele>3755.078215</ele><time>2026-09-14T22:47:33Z</time><extensions><speed>0.061528</speed><course>347.028429</course><hAcc>1.604221</hAcc><vAcc>0.690283</vAcc></extensions></trkpt>
      <trkpt lon="120.955074" lat="23.469357"><ele>3755.103411</ele><time>2026-09-14T22:47:34Z</time><extensions><speed>0.068533</speed><course>317.639015</course><hAcc>1.601779</hAcc><vAcc>0.690283</vAcc></extensions></trkpt>
      <trkpt lon="120.955073" lat="23.469357"><ele>3755.131324</ele><time>2026-09-14T22:47:35Z</time><extensions><speed>0.063819</speed><course>297.608807</course><hAcc>1.619221</hAcc><vAcc>0.690283</vAcc></extensions></trkpt>
      <trkpt lon="120.955073" lat="23.469357"><ele>3755.162318</ele><time>2026-09-14T22:47:36Z</time><extensions><speed>0.064702</speed><course>282.951318</course><hAcc>1.616830</hAcc><vAcc>0.690283</vAcc></extensions></trkpt>
      <trkpt lon="120.955072" lat="23.469357"><ele>3755.196800</ele><time>2026-09-14T22:47:37Z</time><extensions><speed>0.059245</speed><course>275.746220</course><hAcc>1.614902</hAcc><vAcc>0.690283</vAcc></extensions></trkpt>
      <trkpt lon="120.955072" lat="23.469357"><ele>3755.235221</ele><time>2026-09-14T22:47:38Z</time><extensions><speed>0.033353</speed><course>275.810127</course><hAcc>1.628056</hAcc><vAcc>0.690283</vAcc></extensions></trkpt>
      <trkpt lon="120.955071" lat="23.469357"><ele>3755.277975</ele><time>2026-09-14T22:47:39Z</time><extensions><speed>0.023882</speed><course>280.017282</course><hAcc>1.594596</hAcc><vAcc>0.690283</vAcc></extensions></trkpt>
      <trkpt lon="120.955071" lat="23.469357"><ele>3755.325200</ele><time>2026-09-14T22:47:40Z</time><extensions><speed>0.005862</speed><course>286.462668</course><hAcc>1.607464</hAcc><vAcc>0.690283</vAcc></extensions></trkpt>
      <trkpt lon="120.955071" lat="23.469357"><ele>3755.376861</ele><time>2026-09-14T22:47:41Z</time><extensions><speed>0.004948</speed><course>118.608863</course><hAcc>1.646396</hAcc><vAcc>0.690283</vAcc></extensions></trkpt>
      <trkpt lon="120.955071" lat="23.469357"><ele>3755.432546</ele><time>2026-09-14T22:47:42Z</time><extensions><speed>0.007638</speed><course>142.590730</course><hAcc>1.666809</hAcc><vAcc>0.690283</vAcc></extensions></trkpt>
      <trkpt lon="120.955071" lat="23.469357"><ele>3755.491536</ele><time>2026-09-14T22:47:43Z</time><extensions><speed>0.014779</speed><course>172.851717</course><hAcc>1.673029</hAcc><vAcc>0.690283</vAcc></extensions></trkpt>
      <trkpt lon="120.955071" lat="23.469357"><ele>3755.552880</ele><time>2026-09-14T22:47:44Z</time><extensions><speed>0.018801</speed><course>189.212022</course><hAcc>1.670682</hAcc><vAcc>0.690283</vAcc></extensions></trkpt>
      <trkpt lon="120.955071" lat="23.469357"><ele>3755.615439</ele><time>2026-09-14T22:47:45Z</time><extensions><speed>0.015808</speed><course>230.854948</course><hAcc>1.652389</hAcc><vAcc>0.690283</vAcc></extensions></trkpt>
      <trkpt lon="120.955071" lat="23.469357"><ele>3755.678023</ele><time>2026-09-14T22:47:46Z</time><extensions><speed>0.021171</speed><course>273.351188</course><hAcc>1.629909</hAcc><vAcc>0.690283</vAcc></extensions></trkpt>
      <trkpt lon="120.955071" lat="23.469357"><ele>3755.739502</ele><time>2026-09-14T22:47:47Z</time><extensions><speed>0.030459</speed><course>297.764741</course><hAcc>1.616759</hAcc><vAcc>0.690283</vAcc></extensions></trkpt>
      <trkpt lon="120.955071" lat="23.469357"><ele>3755.798931</ele><time>2026-09-14T22:47:48Z</time><extensions><speed>0.037409</speed><course>304.546408</course><hAcc>1.627756</hAcc><vAcc>0.690283</vAcc></extensions></trkpt>
      <trkpt lon="120.955070" lat="23.469357"><ele>3755.855693</ele><time>2026-09-14T22:47:49Z</time><extensions><speed>0.033958</speed><course>299.369184</course><hAcc>1.651435</hAcc><vAcc>0.690283</vAcc></extensions></trkpt>
      <trkpt lon="120.955070" lat="23.469357"><ele>3755.909440</ele><time>2026-09-14T22:47:50Z</time><extensions><speed>0.051114</speed><course>294.844115</course><hAcc>1.617025</hAcc><vAcc>0.690283</vAcc></extensions></trkpt>
      <trkpt lon="120.955070" lat="23.469358"><ele>3755.960158</ele><time>2026-09-14T22:47:51Z</time><extensions><speed>0.036598</speed><course>289.664074</course><hAcc>1.619188</hAcc><vAcc>0.690283</vAcc></extensions></trkpt>
      <trkpt lon="120.955069" lat="23.469358"><ele>3756.008000</ele><time>2026-09-14T22:47:52Z</time><extensions><speed>0.021063</speed><course>256.252353</course><hAcc>1.616162</hAcc><vAcc>0.690283</vAcc></extensions></trkpt>
      <trkpt lon="120.955069" lat="23.469357"><ele>3756.053162</ele><time>2026-09-14T22:47:53Z</time><extensions><speed>0.030766</speed><course>176.072324</course><hAcc>1.624003</hAcc><vAcc>0.690283</vAcc></extensions></trkpt>
      <trkpt lon="120.955069" lat="23.469357"><ele>3756.096000</ele><time>2026-09-14T22:47:54Z</time><extensions><speed>0.065712</speed><course>150.097861</course><hAcc>1.630077</hAcc><vAcc>0.690283</vAcc></extensions></trkpt>
      <trkpt lon="120.955070" lat="23.469356"><ele>3756.136477</ele><time>2026-09-14T22:47:55Z</time><extensions><speed>0.091253</speed><course>133.215792</course><hAcc>1.643894</hAcc><vAcc>0.690283</vAcc></extensions></trkpt>
      <trkpt lon="120.955071" lat="23.469356"><ele>3756.174431</ele><time>2026-09-14T22:47:56Z</time><extensions><speed>0.103691</speed><course>116.300231</course><hAcc>1.651096</hAcc><vAcc>0.690283</vAcc></extensions></trkpt>
      <trkpt lon="120.955072" lat="23.469355"><ele>3756.209560</ele><time>2026-09-14T22:47:57Z</time><extensions><speed>0.101448</speed><course>103.445107</course><hAcc>1.667324</hAcc><vAcc>0.690283</vAcc></extensions></trkpt>
      <trkpt lon="120.955073" lat="23.469355"><ele>3756.241440</ele><time>2026-09-14T22:47:58Z</time><extensions><speed>0.077822</speed><course>101.005045</course><hAcc>1.702109</hAcc><vAcc>0.690283</vAcc></extensions></trkpt>
      <trkpt lon="120.955073" lat="23.469355"><ele>3756.269490</ele><time>2026-09-14T22:47:59Z</time><extensions><speed>0.104707</speed><course>111.517112</course><hAcc>1.683566</hAcc><vAcc>0.690283</vAcc></extensions></trkpt>
      <trkpt lon="120.955075" lat="23.469354"><ele>3756.293281</ele><time>2026-09-14T22:48:00Z</time><extensions><speed>0.140623</speed><course>126.001451</course><hAcc>1.678140</hAcc><vAcc>0.690283</vAcc></extensions></trkpt>
      <trkpt lon="120.955076" lat="23.469353"><ele>3756.312414</ele><time>2026-09-14T22:48:01Z</time><extensions><speed>0.191730</speed><course>136.129454</course><hAcc>1.693242</hAcc><vAcc>0.690283</vAcc></extensions></trkpt>
      <trkpt lon="120.955077" lat="23.469352"><ele>3756.326675</ele><time>2026-09-14T22:48:02Z</time><extensions><speed>0.266062</speed><course>140.763613</course><hAcc>1.706881</hAcc><vAcc>0.690283</vAcc></extensions></trkpt>
      <trkpt lon="120.955079" lat="23.469350"><ele>3756.336402</ele><time>2026-09-14T22:48:03Z</time><extensions><speed>0.347625</speed><course>141.768177</course><hAcc>1.717553</hAcc><vAcc>0.690283</vAcc></extensions></trkpt>
      <trkpt lon="120.955082" lat="23.469347"><ele>3756.342221</ele><time>2026-09-14T22:48:04Z</time><extensions><speed>0.468732</speed><course>141.248755</course><hAcc>1.718715</hAcc><vAcc>0.690283</vAcc></extensions></trkpt>
      <trkpt lon="120.955085" lat="23.469343"><ele>3756.345482</ele><time>2026-09-14T22:48:05Z</time><extensions><speed>0.622052</speed><course>140.212475</course><hAcc>1.723969</hAcc><vAcc>0.690283</vAcc></extensions></trkpt>
      <trkpt lon="120.955089" lat="23.469339"><ele>3756.347971</ele><time>2026-09-14T22:48:06Z</time><extensions><speed>0.665151</speed><course>134.118659</course><hAcc>1.720939</hAcc><vAcc>0.690283</vAcc></extensions></trkpt>
      <trkpt lon="120.955094" lat="23.469335"><ele>3756.351633</ele><time>2026-09-14T22:48:07Z</time><extensions><speed>0.549085</speed><course>129.076837</course><hAcc>1.705619</hAcc><vAcc>0.690283</vAcc></extensions></trkpt>
      <trkpt lon="120.955097" lat="23.469333"><ele>3756.358521</ele><time>2026-09-14T22:48:08Z</time><extensions><speed>0.267495</speed><course>128.468325</course><hAcc>1.713619</hAcc><vAcc>0.690283</vAcc></extensions></trkpt>
      <trkpt lon="120.955099" lat="23.469332"><ele>3756.370536</ele><time>2026-09-14T22:48:09Z</time><extensions><speed>0.152144</speed><course>129.548327</course><hAcc>1.725301</hAcc><vAcc>0.690283</vAcc></extensions></trkpt>
      <trkpt lon="120.955100" lat="23.469331"><ele>3756.389333</ele><time>2026-09-14T22:48:10Z</time><extensions><speed>0.134955</speed><course>129.067029</course><hAcc>1.726694</hAcc><vAcc>0.690283</vAcc></extensions></trkpt>
      <trkpt lon="120.955101" lat="23.469330"><ele>3756.416208</ele><time>2026-09-14T22:48:11Z</time><extensions><speed>0.184900</speed><course>120.553854</course><hAcc>1.709061</hAcc><vAcc>0.690283</vAcc></extensions></trkpt>
      <trkpt lon="120.955103" lat="23.469329"><ele>3756.451972</ele><time>2026-09-14T22:48:12Z</time><extensions><speed>0.263738</speed><course>107.400907</course><hAcc>1.696599</hAcc><vAcc>0.690283</vAcc></extensions></trkpt>
      <trkpt lon="120.955106" lat="23.469328"><ele>3756.496813</ele><time>2026-09-14T22:48:13Z</time><extensions><speed>0.380484</speed><course>92.212911</course><hAcc>1.689482</hAcc><vAcc>0.690283</vAcc></extensions></trkpt>
      <trkpt lon="120.955110" lat="23.469328"><ele>3756.550445</ele><time>2026-09-14T22:48:14Z</time><extensions><speed>0.366041</speed><course>99.772711</course><hAcc>1.680962</hAcc><vAcc>0.690283</vAcc></extensions></trkpt>
      <trkpt lon="120.955112" lat="23.469328"><ele>3756.612048</ele><time>2026-09-14T22:48:15Z</time><extensions><speed>0.210673</speed><course>117.115688</course><hAcc>1.690943</hAcc><vAcc>0.690283</vAcc></extensions></trkpt>
      <trkpt lon="120.955114" lat="23.469327"><ele>3756.680398</ele><time>2026-09-14T22:48:16Z</time><extensions><speed>0.128348</speed><course>133.393976</course><hAcc>1.698996</hAcc><vAcc>0.690283</vAcc></extensions></trkpt>
      <trkpt lon="120.955114" lat="23.469326"><ele>3756.754138</ele><time>2026-09-14T22:48:17Z</time><extensions><speed>0.139269</speed><course>142.354786</course><hAcc>1.645255</hAcc><vAcc>0.690283</vAcc></extensions></trkpt>
      <trkpt lon="120.955115" lat="23.469325"><ele>3756.831823</ele><time>2026-09-14T22:48:18Z</time><extensions><speed>0.125263</speed><course>149.729856</course><hAcc>1.608180</hAcc><vAcc>0.690283</vAcc></extensions></trkpt>
      <trkpt lon="120.955115" lat="23.469325"><ele>3756.912042</ele><time>2026-09-14T22:48:19Z</time><extensions><speed>0.083004</speed><course>159.189118</course><hAcc>1.619197</hAcc><vAcc>0.690283</vAcc></extensions></trkpt>
      <trkpt lon="120.955115" lat="23.469324"><ele>3756.993429</ele><time>2026-09-14T22:48:20Z</time><extensions><speed>0.027432</speed><course>181.929575</course><hAcc>1.647719</hAcc><vAcc>0.690283</vAcc></extensions></trkpt>
      <trkpt lon="120.955115" lat="23.469324"><ele>3757.074689</ele><time>2026-09-14T22:48:21Z</time><extensions><speed>0.032054</speed><course>289.837469</course><hAcc>1.603729</hAcc><vAcc>0.690283</vAcc></extensions></trkpt>
      <trkpt lon="120.955115" lat="23.469325"><ele>3757.154761</ele><time>2026-09-14T22:48:22Z</time><extensions><speed>0.100231</speed><course>320.883497</course><hAcc>1.563510</hAcc><vAcc>0.690283</vAcc></extensions></trkpt>
      <trkpt lon="120.955114" lat="23.469326"><ele>3757.232709</ele><time>2026-09-14T22:48:23Z</time><extensions><speed>0.168558</speed><course>329.667674</course><hAcc>1.560348</hAcc><vAcc>0.690283</vAcc></extensions></trkpt>
      <trkpt lon="120.955113" lat="23.469327"><ele>3757.307866</ele><time>2026-09-14T22:48:24Z</time><extensions><speed>0.177866</speed><course>331.205044</course><hAcc>1.580276</hAcc><vAcc>0.690283</vAcc></extensions></trkpt>
      <trkpt lon="120.955112" lat="23.469328"><ele>3757.379857</ele><time>2026-09-14T22:48:25Z</time><extensions><speed>0.218553</speed><course>328.989092</course><hAcc>1.570306</hAcc><vAcc>0.690283</vAcc></extensions></trkpt>
      <trkpt lon="120.955111" lat="23.469330"><ele>3757.448549</ele><time>2026-09-14T22:48:26Z</time><extensions><speed>0.168156</speed><course>324.856782</course><hAcc>1.592286</hAcc><vAcc>0.690283</vAcc></extensions></trkpt>
      <trkpt lon="120.955110" lat="23.469331"><ele>3757.514120</ele><time>2026-09-14T22:48:27Z</time><extensions><speed>0.162986</speed><course>319.643865</course><hAcc>1.593475</hAcc><vAcc>0.690283</vAcc></extensions></trkpt>
      <trkpt lon="120.955109" lat="23.469332"><ele>3757.576488</ele><time>2026-09-14T22:48:28Z</time><extensions><speed>0.182922</speed><course>315.120983</course><hAcc>1.574364</hAcc><vAcc>0.690283</vAcc></extensions></trkpt>
      <trkpt lon="120.955108" lat="23.469333"><ele>3757.635457</ele><time>2026-09-14T22:48:29Z</time><extensions><speed>0.148779</speed><course>310.574461</course><hAcc>1.585312</hAcc><vAcc>0.690283</vAcc></extensions></trkpt>
      <trkpt lon="120.955107" lat="23.469334"><ele>3757.690786</ele><time>2026-09-14T22:48:30Z</time><extensions><speed>0.093701</speed><course>302.879624</course><hAcc>1.627186</hAcc><vAcc>0.690282</vAcc></extensions></trkpt>
      <trkpt lon="120.955106" lat="23.469334"><ele>3757.742262</ele><time>2026-09-14T22:48:31Z</time><extensions><speed>0.027383</speed><course>270.936710</course><hAcc>1.687981</hAcc><vAcc>0.690282</vAcc></extensions></trkpt>
      <trkpt lon="120.955106" lat="23.469334"><ele>3757.789704</ele><time>2026-09-14T22:48:32Z</time><extensions><speed>0.048877</speed><course>162.651999</course><hAcc>1.702925</hAcc><vAcc>0.690281</vAcc></extensions></trkpt>
      <trkpt lon="120.955107" lat="23.469333"><ele>3757.832834</ele><time>2026-09-14T22:48:33Z</time><extensions><speed>0.132959</speed><course>143.351995</course><hAcc>1.715349</hAcc><vAcc>0.690279</vAcc></extensions></trkpt>
      <trkpt lon="120.955108" lat="23.469332"><ele>3757.871289</ele><time>2026-09-14T22:48:34Z</time><extensions><speed>0.240218</speed><course>137.456862</course><hAcc>1.742151</hAcc><vAcc>0.690279</vAcc></extensions></trkpt>
      <trkpt lon="120.955110" lat="23.469330"><ele>3757.904690</ele><time>2026-09-14T22:48:35Z</time><extensions><speed>0.326388</speed><course>137.994199</course><hAcc>1.795725</hAcc><vAcc>0.690280</vAcc></extensions></trkpt>
      <trkpt lon="120.955112" lat="23.469327"><ele>3757.932720</ele><time>2026-09-14T22:48:36Z</time><extensions><speed>0.359624</speed><course>140.579475</course><hAcc>1.871806</hAcc><vAcc>0.690281</vAcc></extensions></trkpt>
      <trkpt lon="120.955114" lat="23.469325"><ele>3757.955305</ele><time>2026-09-14T22:48:37Z</time><extensions><speed>0.346239</speed><course>139.294941</course><hAcc>1.968134</hAcc><vAcc>0.690282</vAcc></extensions></trkpt>
      <trkpt lon="120.955117" lat="23.469323"><ele>3757.972783</ele><time>2026-09-14T22:48:38Z</time><extensions><speed>0.417759</speed><course>104.671839</course><hAcc>2.079188</hAcc><vAcc>0.690282</vAcc></extensions></trkpt>
      <trkpt lon="120.955122" lat="23.469323"><ele>3757.985795</ele><time>2026-09-14T22:48:39Z</time><extensions><speed>0.500954</speed><course>82.215121</course><hAcc>2.206053</hAcc><vAcc>0.690282</vAcc></extensions></trkpt>
      <trkpt lon="120.955127" lat="23.469325"><ele>3757.995009</ele><time>2026-09-14T22:48:40Z</time><extensions><speed>0.559975</speed><course>63.116126</course><hAcc>2.326782</hAcc><vAcc>0.690283</vAcc></extensions></trkpt>
      <trkpt lon="120.955131" lat="23.469328"><ele>3758.001027</ele><time>2026-09-14T22:48:41Z</time><extensions><speed>0.596614</speed><course>39.637866</course><hAcc>2.441975</hAcc><vAcc>0.690283</vAcc></extensions></trkpt>
      <trkpt lon="120.955134" lat="23.469333"><ele>3758.004396</ele><time>2026-09-14T22:48:42Z</time><extensions><speed>0.723653</speed><course>15.896135</course><hAcc>2.553329</hAcc><vAcc>0.690283</vAcc></extensions></trkpt>
      <trkpt lon="120.955135" lat="23.469341"><ele>3758.005712</ele><time>2026-09-14T22:48:43Z</time><extensions><speed>0.964991</speed><course>0.358966</course><hAcc>2.663021</hAcc><vAcc>0.690283</vAcc></extensions></trkpt>
      <trkpt lon="120.955134" lat="23.469351"><ele>3758.005634</ele><time>2026-09-14T22:48:44Z</time><extensions><speed>1.208242</speed><course>352.252179</course><hAcc>2.768099</hAcc><vAcc>0.690283</vAcc></extensions></trkpt>
      <trkpt lon="120.955132" lat="23.469362"><ele>3758.004782</ele><time>2026-09-14T22:48:45Z</time><extensions><speed>1.360834</speed><course>348.497149</course><hAcc>2.862770</hAcc><vAcc>0.690283</vAcc></extensions></trkpt>
      <trkpt lon="120.955129" lat="23.469373"><ele>3758.003722</ele><time>2026-09-14T22:48:46Z</time><extensions><speed>1.229774</speed><course>347.272052</course><hAcc>2.951040</hAcc><vAcc>0.690283</vAcc></extensions></trkpt>
      <trkpt lon="120.955127" lat="23.469383"><ele>3758.003001</ele><time>2026-09-14T22:48:47Z</time><extensions><speed>1.124769</speed><course>346.582010</course><hAcc>3.026336</hAcc><vAcc>0.690283</vAcc></extensions></trkpt>
      <trkpt lon="120.955125" lat="23.469391"><ele>3758.003003</ele><time>2026-09-14T22:48:48Z</time><extensions><speed>0.779080</speed><course>346.055320</course><hAcc>3.102907</hAcc><vAcc>0.690283</vAcc></extensions></trkpt>
      <trkpt lon="120.955123" lat="23.469397"><ele>3758.003638</ele><time>2026-09-14T22:48:49Z</time><extensions><speed>0.562097</speed><course>345.705057</course><hAcc>3.163622</hAcc><vAcc>0.690282</vAcc></extensions></trkpt>
      <trkpt lon="120.955122" lat="23.469400"><ele>3758.004724</ele><time>2026-09-14T22:48:50Z</time><extensions><speed>0.256409</speed><course>349.742775</course><hAcc>3.222519</hAcc><vAcc>0.690282</vAcc></extensions></trkpt>
      <trkpt lon="120.955122" lat="23.469401"><ele>3758.005806</ele><time>2026-09-14T22:48:51Z</time><extensions><speed>0.178822</speed><course>160.117273</course><hAcc>3.278434</hAcc><vAcc>0.690282</vAcc></extensions></trkpt>
      <trkpt lon="120.955124" lat="23.469397"><ele>3758.006231</ele><time>2026-09-14T22:48:52Z</time><extensions><speed>0.550173</speed><course>163.895653</course><hAcc>3.313048</hAcc><vAcc>0.690282</vAcc></extensions></trkpt>
      <trkpt lon="120.955125" lat="23.469391"><ele>3758.005150</ele><time>2026-09-14T22:48:53Z</time><extensions><speed>0.826091</speed><course>164.334179</course><hAcc>3.315110</hAcc><vAcc>0.690282</vAcc></extensions></trkpt>
      <trkpt lon="120.955128" lat="23.469383"><ele>3758.001455</ele><time>2026-09-14T22:48:54Z</time><extensions><speed>0.993334</speed><course>163.673219</course><hAcc>3.276677</hAcc><vAcc>0.690282</vAcc></extensions></trkpt>
      <trkpt lon="120.955131" lat="23.469375"><ele>3757.993932</ele><time>2026-09-14T22:48:55Z</time><extensions><speed>1.058702</speed><course>162.406323</course><hAcc>3.199884</hAcc><vAcc>0.690282</vAcc></extensions></trkpt>
      <trkpt lon="120.955134" lat="23.469366"><ele>3757.981269</ele><time>2026-09-14T22:48:56Z</time><extensions><speed>0.860274</speed><course>161.996729</course><hAcc>3.115188</hAcc><vAcc>0.690282</vAcc></extensions></trkpt>
      <trkpt lon="120.955136" lat="23.469360"><ele>3757.962311</ele><time>2026-09-14T22:48:57Z</time><extensions><speed>0.643824</speed><course>159.514304</course><hAcc>3.049790</hAcc><vAcc>0.690283</vAcc></extensions></trkpt>
      <trkpt lon="120.955138" lat="23.469355"><ele>3757.936384</ele><time>2026-09-14T22:48:58Z</time><extensions><speed>0.448099</speed><course>154.070155</course><hAcc>3.015499</hAcc><vAcc>0.690283</vAcc></extensions></trkpt>
      <trkpt lon="120.955140" lat="23.469352"><ele>3757.903360</ele><time>2026-09-14T22:48:59Z</time><extensions><speed>0.325783</speed><course>147.643433</course><hAcc>3.004438</hAcc><vAcc>0.690283</vAcc></extensions></trkpt>
      <trkpt lon="120.955142" lat="23.469350"><ele>3757.863507</ele><time>2026-09-14T22:49:00Z</time><extensions><speed>0.289757</speed><course>147.420003</course><hAcc>3.006023</hAcc><vAcc>0.690283</vAcc></extensions></trkpt>
      <trkpt lon="120.955143" lat="23.469347"><ele>3757.817065</ele><time>2026-09-14T22:49:01Z</time><extensions><speed>0.314511</speed><course>155.553567</course><hAcc>3.033315</hAcc><vAcc>0.690280</vAcc></extensions></trkpt>
      <trkpt lon="120.955144" lat="23.469344"><ele>3757.765137</ele><time>2026-09-14T22:49:02Z</time><extensions><speed>0.367273</speed><course>162.747299</course><hAcc>3.092719</hAcc><vAcc>0.690290</vAcc></extensions></trkpt>
      <trkpt lon="120.955145" lat="23.469341"><ele>3757.708470</ele><time>2026-09-14T22:49:03Z</time><extensions><speed>0.409238</speed><course>164.140020</course><hAcc>3.172598</hAcc><vAcc>0.690317</vAcc></extensions></trkpt>
      <trkpt lon="120.955146" lat="23.469337"><ele>3757.647814</ele><time>2026-09-14T22:49:04Z</time><extensions><speed>0.442397</speed><course>162.181051</course><hAcc>3.253154</hAcc><vAcc>0.690361</vAcc></extensions></trkpt>
      <trkpt lon="120.955148" lat="23.469334"><ele>3757.585593</ele><time>2026-09-14T22:49:05Z</time><extensions><speed>0.427954</speed><course>159.013519</course><hAcc>3.328372</hAcc><vAcc>0.690448</vAcc></extensions></trkpt>
      <trkpt lon="120.955149" lat="23.469330"><ele>3757.519335</ele><time>2026-09-14T22:49:06Z</time><extensions><speed>0.357331</speed><course>153.534616</course><hAcc>3.395576</hAcc><vAcc>0.690548</vAcc></extensions></trkpt>
      <trkpt lon="120.955151" lat="23.469328"><ele>3757.450762</ele><time>2026-09-14T22:49:07Z</time><extensions><speed>0.177990</speed><course>134.010948</course><hAcc>3.455455</hAcc><vAcc>0.690727</vAcc></extensions></trkpt>
      <trkpt lon="120.955152" lat="23.469328"><ele>3757.388501</ele><time>2026-09-14T22:49:08Z</time><extensions><speed>0.111495</speed><course>77.021291</course><hAcc>3.504367</hAcc><vAcc>0.691147</vAcc></extensions></trkpt>
      <trkpt lon="120.955153" lat="23.469329"><ele>3757.306649</ele><time>2026-09-14T22:49:09Z</time><extensions><speed>0.146454</speed><course>40.760482</course><hAcc>3.547886</hAcc><vAcc>0.692598</vAcc></extensions></trkpt>
      <trkpt lon="120.955154" lat="23.469330"><ele>3757.209118</ele><time>2026-09-14T22:49:10Z</time><extensions><speed>0.154265</speed><course>36.784375</course><hAcc>3.610029</hAcc><vAcc>0.695528</vAcc></extensions></trkpt>
      <trkpt lon="120.955155" lat="23.469331"><ele>3757.083649</ele><time>2026-09-14T22:49:11Z</time><extensions><speed>0.124229</speed><course>48.829946</course><hAcc>3.728024</hAcc><vAcc>0.700568</vAcc></extensions></trkpt>
      <trkpt lon="120.955156" lat="23.469331"><ele>3756.926998</ele><time>2026-09-14T22:49:12Z</time><extensions><speed>0.104053</speed><course>66.554208</course><hAcc>3.916594</hAcc><vAcc>0.710284</vAcc></extensions></trkpt>
      <trkpt lon="120.955157" lat="23.469331"><ele>3756.725250</ele><time>2026-09-14T22:49:13Z</time><extensions><speed>0.094720</speed><course>80.890639</course><hAcc>4.190826</hAcc><vAcc>0.730591</vAcc></extensions></trkpt>
      <trkpt lon="120.955158" lat="23.469332"><ele>3756.464100</ele><time>2026-09-14T22:49:14Z</time><extensions><speed>0.091512</speed><course>90.328647</course><hAcc>4.568695</hAcc><vAcc>0.769166</vAcc></extensions></trkpt>
      <trkpt lon="120.955159" lat="23.469331"><ele>3756.135191</ele><time>2026-09-14T22:49:15Z</time><extensions><speed>0.086874</speed><course>95.653544</course><hAcc>5.091733</hAcc><vAcc>0.836477</vAcc></extensions></trkpt>
      <trkpt lon="120.955159" lat="23.469331"><ele>3755.733743</ele><time>2026-09-14T22:49:16Z</time><extensions><speed>0.080462</speed><course>98.467661</course><hAcc>5.795202</hAcc><vAcc>0.946242</vAcc></extensions></trkpt>
      <trkpt lon="120.955160" lat="23.469331"><ele>3755.261044</ele><time>2026-09-14T22:49:17Z</time><extensions><speed>0.073992</speed><course>99.740775</course><hAcc>6.720150</hAcc><vAcc>1.114853</vAcc></extensions></trkpt>
      <trkpt lon="120.955161" lat="23.469331"><ele>3754.736398</ele><time>2026-09-14T22:49:18Z</time><extensions><speed>0.069704</speed><course>100.073618</course><hAcc>7.921161</hAcc><vAcc>1.356645</vAcc></extensions></trkpt>
      <trkpt lon="120.955122" lat="23.469342"><ele>3759.095026</ele><time>2026-09-14T22:50:09Z</time><extensions><speed>0.245791</speed><course>214.262678</course><hAcc>4.910470</hAcc><vAcc>1.667230</vAcc></extensions></trkpt>
      <trkpt lon="120.955120" lat="23.469340"><ele>3758.444616</ele><time>2026-09-14T22:50:10Z</time><extensions><speed>0.239240</speed><course>220.721886</course><hAcc>3.869204</hAcc><vAcc>1.398007</vAcc></extensions></trkpt>
      <trkpt lon="120.955119" lat="23.469339"><ele>3757.867807</ele><time>2026-09-14T22:50:11Z</time><extensions><speed>0.240693</speed><course>228.623142</course><hAcc>3.189521</hAcc><vAcc>1.192692</vAcc></extensions></trkpt>
      <trkpt lon="120.955116" lat="23.469337"><ele>3757.360030</ele><time>2026-09-14T22:50:12Z</time><extensions><speed>0.307803</speed><course>233.061765</course><hAcc>2.714781</hAcc><vAcc>1.035326</vAcc></extensions></trkpt>
      <trkpt lon="120.955114" lat="23.469336"><ele>3756.939938</ele><time>2026-09-14T22:50:13Z</time><extensions><speed>0.362213</speed><course>234.992814</course><hAcc>2.368255</hAcc><vAcc>0.922965</vAcc></extensions></trkpt>
      <trkpt lon="120.955111" lat="23.469334"><ele>3756.603984</ele><time>2026-09-14T22:50:14Z</time><extensions><speed>0.327181</speed><course>245.089771</course><hAcc>2.129702</hAcc><vAcc>0.846220</vAcc></extensions></trkpt>
      <trkpt lon="120.955108" lat="23.469333"><ele>3756.343576</ele><time>2026-09-14T22:50:15Z</time><extensions><speed>0.275818</speed><course>251.220237</course><hAcc>1.980501</hAcc><vAcc>0.795438</vAcc></extensions></trkpt>
      <trkpt lon="120.955106" lat="23.469332"><ele>3756.147732</ele><time>2026-09-14T22:50:16Z</time><extensions><speed>0.204766</speed><course>258.716166</course><hAcc>1.890192</hAcc><vAcc>0.762215</vAcc></extensions></trkpt>
      <trkpt lon="120.955104" lat="23.469332"><ele>3756.004792</ele><time>2026-09-14T22:50:17Z</time><extensions><speed>0.140349</speed><course>283.019774</course><hAcc>1.839628</hAcc><vAcc>0.740225</vAcc></extensions></trkpt>
      <trkpt lon="120.955103" lat="23.469333"><ele>3755.903828</ele><time>2026-09-14T22:50:18Z</time><extensions><speed>0.150956</speed><course>320.746181</course><hAcc>1.814373</hAcc><vAcc>0.725014</vAcc></extensions></trkpt>
      <trkpt lon="120.955102" lat="23.469334"><ele>3755.835287</ele><time>2026-09-14T22:50:19Z</time><extensions><speed>0.159460</speed><course>332.600578</course><hAcc>1.795836</hAcc><vAcc>0.713866</vAcc></extensions></trkpt>
      <trkpt lon="120.955102" lat="23.469335"><ele>3755.791379</ele><time>2026-09-14T22:50:20Z</time><extensions><speed>0.141490</speed><course>334.313345</course><hAcc>1.782645</hAcc><vAcc>0.705570</vAcc></extensions></trkpt>
      <trkpt lon="120.955101" lat="23.469336"><ele>3755.766108</ele><time>2026-09-14T22:50:21Z</time><extensions><speed>0.099077</speed><course>334.491278</course><hAcc>1.777272</hAcc><vAcc>0.699588</vAcc></extensions></trkpt>
      <trkpt lon="120.955101" lat="23.469337"><ele>3755.754851</ele><time>2026-09-14T22:50:22Z</time><extensions><speed>0.069655</speed><course>349.114143</course><hAcc>1.778048</hAcc><vAcc>0.695553</vAcc></extensions></trkpt>
      <trkpt lon="120.955101" lat="23.469338"><ele>3755.754240</ele><time>2026-09-14T22:50:23Z</time><extensions><speed>0.038715</speed><course>42.039774</course><hAcc>1.772846</hAcc><vAcc>0.693060</vAcc></extensions></trkpt>
      <trkpt lon="120.955101" lat="23.469338"><ele>3755.761839</ele><time>2026-09-14T22:50:24Z</time><extensions><speed>0.064939</speed><course>103.889574</course><hAcc>1.768650</hAcc><vAcc>0.691646</vAcc></extensions></trkpt>
      <trkpt lon="120.955102" lat="23.469338"><ele>3755.775921</ele><time>2026-09-14T22:50:25Z</time><extensions><speed>0.081884</speed><course>95.827689</course><hAcc>1.762021</hAcc><vAcc>0.690906</vAcc></extensions></trkpt>
      <trkpt lon="120.955103" lat="23.469338"><ele>3755.795369</ele><time>2026-09-14T22:50:26Z</time><extensions><speed>0.087114</speed><course>90.851414</course><hAcc>1.756073</hAcc><vAcc>0.690551</vAcc></extensions></trkpt>
      <trkpt lon="120.955104" lat="23.469338"><ele>3755.819485</ele><time>2026-09-14T22:50:27Z</time><extensions><speed>0.080599</speed><course>83.707078</course><hAcc>1.753450</hAcc><vAcc>0.690394</vAcc></extensions></trkpt>
      <trkpt lon="120.955104" lat="23.469338"><ele>3755.847938</ele><time>2026-09-14T22:50:28Z</time><extensions><speed>0.069998</speed><course>84.291891</course><hAcc>1.741663</hAcc><vAcc>0.690330</vAcc></extensions></trkpt>
      <trkpt lon="120.955105" lat="23.469338"><ele>3755.880616</ele><time>2026-09-14T22:50:29Z</time><extensions><speed>0.050676</speed><course>63.586419</course><hAcc>1.731186</hAcc><vAcc>0.690306</vAcc></extensions></trkpt>
      <trkpt lon="120.955105" lat="23.469338"><ele>3755.917459</ele><time>2026-09-14T22:50:30Z</time><extensions><speed>0.032186</speed><course>40.594862</course><hAcc>1.714345</hAcc><vAcc>0.690297</vAcc></extensions></trkpt>
      <trkpt lon="120.955105" lat="23.469338"><ele>3755.958422</ele><time>2026-09-14T22:50:31Z</time><extensions><speed>0.026999</speed><course>344.823642</course><hAcc>1.703863</hAcc><vAcc>0.690292</vAcc></extensions></trkpt>
      <trkpt lon="120.955105" lat="23.469339"><ele>3756.003410</ele><time>2026-09-14T22:50:32Z</time><extensions><speed>0.042682</speed><course>306.292637</course><hAcc>1.707722</hAcc><vAcc>0.690290</vAcc></extensions></trkpt>
      <trkpt lon="120.955104" lat="23.469339"><ele>3756.052201</ele><time>2026-09-14T22:50:33Z</time><extensions><speed>0.061582</speed><course>285.386686</course><hAcc>1.711619</hAcc><vAcc>0.690287</vAcc></extensions></trkpt>
      <trkpt lon="120.955103" lat="23.469339"><ele>3756.104476</ele><time>2026-09-14T22:50:34Z</time><extensions><speed>0.091939</speed><course>270.750310</course><hAcc>1.709676</hAcc><vAcc>0.690286</vAcc></extensions></trkpt>
      <trkpt lon="120.955102" lat="23.469339"><ele>3756.159993</ele><time>2026-09-14T22:50:35Z</time><extensions><speed>0.132526</speed><course>260.142711</course><hAcc>1.713390</hAcc><vAcc>0.690284</vAcc></extensions></trkpt>
      <trkpt lon="120.955101" lat="23.469338"><ele>3756.218149</ele><time>2026-09-14T22:50:36Z</time><extensions><speed>0.214294</speed><course>251.803448</course><hAcc>1.701799</hAcc><vAcc>0.690283</vAcc></extensions></trkpt>
      <trkpt lon="120.955098" lat="23.469338"><ele>3756.278192</ele><time>2026-09-14T22:50:37Z</time><extensions><speed>0.274149</speed><course>265.100973</course><hAcc>1.704709</hAcc><vAcc>0.690282</vAcc></extensions></trkpt>
      <trkpt lon="120.955095" lat="23.469338"><ele>3756.339427</ele><time>2026-09-14T22:50:38Z</time><extensions><speed>0.314670</speed><course>277.187953</course><hAcc>1.720552</hAcc><vAcc>0.690282</vAcc></extensions></trkpt>
      <trkpt lon="120.955092" lat="23.469339"><ele>3756.401319</ele><time>2026-09-14T22:50:39Z</time><extensions><speed>0.328738</speed><course>288.079629</course><hAcc>1.737930</hAcc><vAcc>0.690280</vAcc></extensions></trkpt>
      <trkpt lon="120.955089" lat="23.469340"><ele>3756.463310</ele><time>2026-09-14T22:50:40Z</time><extensions><speed>0.343697</speed><course>299.842579</course><hAcc>1.743874</hAcc><vAcc>0.690280</vAcc></extensions></trkpt>
      <trkpt lon="120.955087" lat="23.469342"><ele>3756.524843</ele><time>2026-09-14T22:50:41Z</time><extensions><speed>0.311535</speed><course>305.994194</course><hAcc>1.741923</hAcc><vAcc>0.690281</vAcc></extensions></trkpt>
      <trkpt lon="120.955084" lat="23.469343"><ele>3756.585475</ele><time>2026-09-14T22:50:42Z</time><extensions><speed>0.274376</speed><course>312.250598</course><hAcc>1.732536</hAcc><vAcc>0.690282</vAcc></extensions></trkpt>
      <trkpt lon="120.955083" lat="23.469345"><ele>3756.644977</ele><time>2026-09-14T22:50:43Z</time><extensions><speed>0.208190</speed><course>315.116266</course><hAcc>1.727141</hAcc><vAcc>0.690283</vAcc></extensions></trkpt>
      <trkpt lon="120.955082" lat="23.469346"><ele>3756.703392</ele><time>2026-09-14T22:50:44Z</time><extensions><speed>0.151950</speed><course>318.785377</course><hAcc>1.727233</hAcc><vAcc>0.690283</vAcc></extensions></trkpt>
      <trkpt lon="120.955081" lat="23.469347"><ele>3756.761204</ele><time>2026-09-14T22:50:45Z</time><extensions><speed>0.108484</speed><course>318.346099</course><hAcc>1.721382</hAcc><vAcc>0.690283</vAcc></extensions></trkpt>
      <trkpt lon="120.955080" lat="23.469347"><ele>3756.819180</ele><time>2026-09-14T22:50:46Z</time><extensions><speed>0.078035</speed><course>312.853454</course><hAcc>1.712215</hAcc><vAcc>0.690283</vAcc></extensions></trkpt>
      <trkpt lon="120.955079" lat="23.469348"><ele>3756.878099</ele><time>2026-09-14T22:50:47Z</time><extensions><speed>0.057602</speed><course>300.196028</course><hAcc>1.703467</hAcc><vAcc>0.690283</vAcc></extensions></trkpt>
      <trkpt lon="120.955079" lat="23.469348"><ele>3756.938376</ele><time>2026-09-14T22:50:48Z</time><extensions><speed>0.048168</speed><course>279.951431</course><hAcc>1.693869</hAcc><vAcc>0.690283</vAcc></extensions></trkpt>
      <trkpt lon="120.955079" lat="23.469348"><ele>3756.999878</ele><time>2026-09-14T22:50:49Z</time><extensions><speed>0.046235</speed><course>255.817124</course><hAcc>1.685472</hAcc><vAcc>0.690283</vAcc></extensions></trkpt>
      <trkpt lon="120.955078" lat="23.469348"><ele>3757.062147</ele><time>2026-09-14T22:50:50Z</time><extensions><speed>0.044606</speed><course>224.190705</course><hAcc>1.684077</hAcc><vAcc>0.690283</vAcc></extensions></trkpt>
      <trkpt lon="120.955078" lat="23.469347"><ele>3757.124530</ele><time>2026-09-14T22:50:51Z</time><extensions><speed>0.032496</speed><course>208.217825</course><hAcc>1.688950</hAcc><vAcc>0.690283</vAcc></extensions></trkpt>
      <trkpt lon="120.955078" lat="23.469347"><ele>3757.186335</ele><time>2026-09-14T22:50:52Z</time><extensions><speed>0.027503</speed><course>190.953477</course><hAcc>1.688042</hAcc><vAcc>0.690283</vAcc></extensions></trkpt>
      <trkpt lon="120.955078" lat="23.469347"><ele>3757.246955</ele><time>2026-09-14T22:50:53Z</time><extensions><speed>0.026808</speed><course>175.303035</course><hAcc>1.689416</hAcc><vAcc>0.690283</vAcc></extensions></trkpt>
      <trkpt lon="120.955078" lat="23.469347"><ele>3757.305825</ele><time>2026-09-14T22:50:54Z</time><extensions><speed>0.031630</speed><course>164.074736</course><hAcc>1.682488</hAcc><vAcc>0.690283</vAcc></extensions></trkpt>
      <trkpt lon="120.955078" lat="23.469346"><ele>3757.362562</ele><time>2026-09-14T22:50:55Z</time><extensions><speed>0.035946</speed><course>155.691145</course><hAcc>1.681571</hAcc><vAcc>0.690283</vAcc></extensions></trkpt>
      <trkpt lon="120.955078" lat="23.469346"><ele>3757.416880</ele><time>2026-09-14T22:50:56Z</time><extensions><speed>0.043338</speed><course>146.559230</course><hAcc>1.681999</hAcc><vAcc>0.690283</vAcc></extensions></trkpt>
      <trkpt lon="120.955078" lat="23.469346"><ele>3757.468575</ele><time>2026-09-14T22:50:57Z</time><extensions><speed>0.043721</speed><course>135.962814</course><hAcc>1.679749</hAcc><vAcc>0.690283</vAcc></extensions></trkpt>
      <trkpt lon="120.955079" lat="23.469346"><ele>3757.517585</ele><time>2026-09-14T22:50:58Z</time><extensions><speed>0.041569</speed><course>126.932784</course><hAcc>1.669740</hAcc><vAcc>0.690283</vAcc></extensions></trkpt>
      <trkpt lon="120.955079" lat="23.469345"><ele>3757.563790</ele><time>2026-09-14T22:50:59Z</time><extensions><speed>0.037701</speed><course>120.621211</course><hAcc>1.656174</hAcc><vAcc>0.690283</vAcc></extensions></trkpt>
      <trkpt lon="120.955079" lat="23.469345"><ele>3757.607122</ele><time>2026-09-14T22:51:00Z</time><extensions><speed>0.027407</speed><course>123.007761</course><hAcc>1.654046</hAcc><vAcc>0.690283</vAcc></extensions></trkpt>
      <trkpt lon="120.955079" lat="23.469345"><ele>3757.647466</ele><time>2026-09-14T22:51:01Z</time><extensions><speed>0.010931</speed><course>163.935922</course><hAcc>1.673081</hAcc><vAcc>0.690283</vAcc></extensions></trkpt>
      <trkpt lon="120.955079" lat="23.469345"><ele>3757.684621</ele><time>2026-09-14T22:51:02Z</time><extensions><speed>0.020691</speed><course>237.731322</course><hAcc>1.664719</hAcc><vAcc>0.690283</vAcc></extensions></trkpt>
      <trkpt lon="120.955079" lat="23.469345"><ele>3757.718446</ele><time>2026-09-14T22:51:03Z</time><extensions><speed>0.043299</speed><course>242.241895</course><hAcc>1.625464</hAcc><vAcc>0.690283</vAcc></extensions></trkpt>
      <trkpt lon="120.955079" lat="23.469345"><ele>3757.748684</ele><time>2026-09-14T22:51:04Z</time><extensions><speed>0.050035</speed><course>268.308910</course><hAcc>1.610451</hAcc><vAcc>0.690283</vAcc></extensions></trkpt>
      <trkpt lon="120.955078" lat="23.469345"><ele>3757.775133</ele><time>2026-09-14T22:51:05Z</time><extensions><speed>0.044332</speed><course>283.696588</course><hAcc>1.624461</hAcc><vAcc>0.690283</vAcc></extensions></trkpt>
      <trkpt lon="120.955078" lat="23.469345"><ele>3757.797613</ele><time>2026-09-14T22:51:06Z</time><extensions><speed>0.037953</speed><course>289.695998</course><hAcc>1.620032</hAcc><vAcc>0.690283</vAcc></extensions></trkpt>
      <trkpt lon="120.955078" lat="23.469345"><ele>3757.815900</ele><time>2026-09-14T22:51:07Z</time><extensions><speed>0.028177</speed><course>292.369231</course><hAcc>1.618522</hAcc><vAcc>0.690283</vAcc></extensions></trkpt>
      <trkpt lon="120.955077" lat="23.469345"><ele>3757.829887</ele><time>2026-09-14T22:51:08Z</time><extensions><speed>0.020464</speed><course>293.738957</course><hAcc>1.622210</hAcc><vAcc>0.690283</vAcc></extensions></trkpt>
      <trkpt lon="120.955077" lat="23.469345"><ele>3757.839383</ele><time>2026-09-14T22:51:09Z</time><extensions><speed>0.013746</speed><course>294.468713</course><hAcc>1.636909</hAcc><vAcc>0.690283</vAcc></extensions></trkpt>
      <trkpt lon="120.955077" lat="23.469345"><ele>3757.844240</ele><time>2026-09-14T22:51:10Z</time><extensions><speed>0.010327</speed><course>294.869664</course><hAcc>1.641447</hAcc><vAcc>0.690283</vAcc></extensions></trkpt>
      <trkpt lon="120.955077" lat="23.469345"><ele>3757.844342</ele><time>2026-09-14T22:51:11Z</time><extensions><speed>0.014048</speed><course>291.168063</course><hAcc>1.628150</hAcc><vAcc>0.690283</vAcc></extensions></trkpt>
      <trkpt lon="120.955077" lat="23.469345"><ele>3757.839438</ele><time>2026-09-14T22:51:12Z</time><extensions><speed>0.017751</speed><course>288.423140</course><hAcc>1.637006</hAcc><vAcc>0.690283</vAcc></extensions></trkpt>
      <trkpt lon="120.955076" lat="23.469345"><ele>3757.829322</ele><time>2026-09-14T22:51:13Z</time><extensions><speed>0.022605</speed><course>286.423633</course><hAcc>1.656496</hAcc><vAcc>0.690283</vAcc></extensions></trkpt>
      <trkpt lon="120.955076" lat="23.469345"><ele>3757.813780</ele><time>2026-09-14T22:51:14Z</time><extensions><speed>0.030047</speed><course>285.112251</course><hAcc>1.671076</hAcc><vAcc>0.690283</vAcc></extensions></trkpt>
      <trkpt lon="120.955076" lat="23.469346"><ele>3757.792615</ele><time>2026-09-14T22:51:15Z</time><extensions><speed>0.041021</speed><course>284.326341</course><hAcc>1.679023</hAcc><vAcc>0.690283</vAcc></extensions></trkpt>
      <trkpt lon="120.955075" lat="23.469346"><ele>3757.765685</ele><time>2026-09-14T22:51:16Z</time><extensions><speed>0.056411</speed><course>283.855899</course><hAcc>1.682603</hAcc><vAcc>0.690283</vAcc></extensions></trkpt>
      <trkpt lon="120.955075" lat="23.469346"><ele>3757.732845</ele><time>2026-09-14T22:51:17Z</time><extensions><speed>0.077125</speed><course>283.529694</course><hAcc>1.684102</hAcc><vAcc>0.690283</vAcc></extensions></trkpt>
      <trkpt lon="120.955074" lat="23.469346"><ele>3757.694088</ele><time>2026-09-14T22:51:18Z</time><extensions><speed>0.102465</speed><course>283.216432</course><hAcc>1.687003</hAcc><vAcc>0.690283</vAcc></extensions></trkpt>
      <trkpt lon="120.955073" lat="23.469346"><ele>3757.649454</ele><time>2026-09-14T22:51:19Z</time><extensions><speed>0.130754</speed><course>282.780602</course><hAcc>1.692568</hAcc><vAcc>0.690283</vAcc></extensions></trkpt>
      <trkpt lon="120.955071" lat="23.469346"><ele>3757.599051</ele><time>2026-09-14T22:51:20Z</time><extensions><speed>0.152401</speed><course>281.311856</course><hAcc>1.697133</hAcc><vAcc>0.690283</vAcc></extensions></trkpt>
      <trkpt lon="120.955070" lat="23.469347"><ele>3757.543164</ele><time>2026-09-14T22:51:21Z</time><extensions><speed>0.165465</speed><course>278.734198</course><hAcc>1.686116</hAcc><vAcc>0.690283</vAcc></extensions></trkpt>
      <trkpt lon="120.955068" lat="23.469347"><ele>3757.482104</ele><time>2026-09-14T22:51:22Z</time><extensions><speed>0.136060</speed><course>281.001500</course><hAcc>1.689668</hAcc><vAcc>0.690283</vAcc></extensions></trkpt>
      <trkpt lon="120.955067" lat="23.469347"><ele>3757.416185</ele><time>2026-09-14T22:51:23Z</time><extensions><speed>0.100682</speed><course>281.474286</course><hAcc>1.696341</hAcc><vAcc>0.690283</vAcc></extensions></trkpt>
      <trkpt lon="120.955066" lat="23.469347"><ele>3757.345720</ele><time>2026-09-14T22:51:24Z</time><extensions><speed>0.069512</speed><course>280.559391</course><hAcc>1.700144</hAcc><vAcc>0.690283</vAcc></extensions></trkpt>
      <trkpt lon="120.955066" lat="23.469347"><ele>3757.271013</ele><time>2026-09-14T22:51:25Z</time><extensions><speed>0.043555</speed><course>277.479204</course><hAcc>1.703241</hAcc><vAcc>0.690283</vAcc></extensions></trkpt>
      <trkpt lon="120.955066" lat="23.469348"><ele>3757.192155</ele><time>2026-09-14T22:51:26Z</time><extensions><speed>0.022999</speed><course>269.141321</course><hAcc>1.706756</hAcc><vAcc>0.690283</vAcc></extensions></trkpt>
      <trkpt lon="120.955065" lat="23.469348"><ele>3757.109583</ele><time>2026-09-14T22:51:27Z</time><extensions><speed>0.007699</speed><course>229.251900</course><hAcc>1.712216</hAcc><vAcc>0.690283</vAcc></extensions></trkpt>
      <trkpt lon="120.955065" lat="23.469347"><ele>3757.023774</ele><time>2026-09-14T22:51:28Z</time><extensions><speed>0.012938</speed><course>120.909035</course><hAcc>1.719384</hAcc><vAcc>0.690283</vAcc></extensions></trkpt>
      <trkpt lon="120.955066" lat="23.469347"><ele>3756.935441</ele><time>2026-09-14T22:51:29Z</time><extensions><speed>0.029592</speed><course>94.741631</course><hAcc>1.721281</hAcc><vAcc>0.690283</vAcc></extensions></trkpt>
      <trkpt lon="120.955066" lat="23.469348"><ele>3756.845737</ele><time>2026-09-14T22:51:30Z</time><extensions><speed>0.053744</speed><course>73.725662</course><hAcc>1.715749</hAcc><vAcc>0.690283</vAcc></extensions></trkpt>
      <trkpt lon="120.955067" lat="23.469348"><ele>3756.755967</ele><time>2026-09-14T22:51:31Z</time><extensions><speed>0.091829</speed><course>44.363772</course><hAcc>1.720307</hAcc><vAcc>0.690283</vAcc></extensions></trkpt>
      <trkpt lon="120.955067" lat="23.469349"><ele>3756.667806</ele><time>2026-09-14T22:51:32Z</time><extensions><speed>0.124330</speed><course>32.896256</course><hAcc>1.725069</hAcc><vAcc>0.690283</vAcc></extensions></trkpt>
      <trkpt lon="120.955068" lat="23.469350"><ele>3756.583022</ele><time>2026-09-14T22:51:33Z</time><extensions><speed>0.145881</speed><course>23.673015</course><hAcc>1.726688</hAcc><vAcc>0.690283</vAcc></extensions></trkpt>
      <trkpt lon="120.955068" lat="23.469351"><ele>3756.503316</ele><time>2026-09-14T22:51:34Z</time><extensions><speed>0.154119</speed><course>18.659309</course><hAcc>1.727402</hAcc><vAcc>0.690283</vAcc></extensions></trkpt>
      <trkpt lon="120.955069" lat="23.469352"><ele>3756.430387</ele><time>2026-09-14T22:51:35Z</time><extensions><speed>0.142429</speed><course>14.451664</course><hAcc>1.740078</hAcc><vAcc>0.690283</vAcc></extensions></trkpt>
      <trkpt lon="120.955069" lat="23.469354"><ele>3756.365506</ele><time>2026-09-14T22:51:36Z</time><extensions><speed>0.132205</speed><course>16.362900</course><hAcc>1.728460</hAcc><vAcc>0.690283</vAcc></extensions></trkpt>
      <trkpt lon="120.955070" lat="23.469355"><ele>3756.309659</ele><time>2026-09-14T22:51:37Z</time><extensions><speed>0.104378</speed><course>23.736436</course><hAcc>1.723088</hAcc><vAcc>0.690283</vAcc></extensions></trkpt>
      <trkpt lon="120.955070" lat="23.469355"><ele>3756.263469</ele><time>2026-09-14T22:51:38Z</time><extensions><speed>0.089972</speed><course>29.018170</course><hAcc>1.719597</hAcc><vAcc>0.690283</vAcc></extensions></trkpt>
      <trkpt lon="120.955071" lat="23.469356"><ele>3756.227174</ele><time>2026-09-14T22:51:39Z</time><extensions><speed>0.079812</speed><course>29.398060</course><hAcc>1.725991</hAcc><vAcc>0.690283</vAcc></extensions></trkpt>
      <trkpt lon="120.955071" lat="23.469356"><ele>3756.200776</ele><time>2026-09-14T22:51:40Z</time><extensions><speed>0.071874</speed><course>29.816609</course><hAcc>1.728651</hAcc><vAcc>0.690283</vAcc></extensions></trkpt>
      <trkpt lon="120.955071" lat="23.469357"><ele>3756.184146</ele><time>2026-09-14T22:51:41Z</time><extensions><speed>0.056495</speed><course>38.454273</course><hAcc>1.726742</hAcc><vAcc>0.690283</vAcc></extensions></trkpt>
      <trkpt lon="120.955072" lat="23.469357"><ele>3756.176915</ele><time>2026-09-14T22:51:42Z</time><extensions><speed>0.044905</speed><course>61.264830</course><hAcc>1.724932</hAcc><vAcc>0.690283</vAcc></extensions></trkpt>
      <trkpt lon="120.955072" lat="23.469357"><ele>3756.178541</ele><time>2026-09-14T22:51:43Z</time><extensions><speed>0.049866</speed><course>92.610480</course><hAcc>1.722070</hAcc><vAcc>0.690283</vAcc></extensions></trkpt>
      <trkpt lon="120.955073" lat="23.469357"><ele>3756.188419</ele><time>2026-09-14T22:51:44Z</time><extensions><speed>0.072759</speed><course>112.594936</course><hAcc>1.717879</hAcc><vAcc>0.690283</vAcc></extensions></trkpt>
      <trkpt lon="120.955074" lat="23.469357"><ele>3756.205590</ele><time>2026-09-14T22:51:45Z</time><extensions><speed>0.108262</speed><course>121.524530</course><hAcc>1.711304</hAcc><vAcc>0.690283</vAcc></extensions></trkpt>
      <trkpt lon="120.955075" lat="23.469356"><ele>3756.228908</ele><time>2026-09-14T22:51:46Z</time><extensions><speed>0.147933</speed><course>125.473345</course><hAcc>1.704235</hAcc><vAcc>0.690283</vAcc></extensions></trkpt>
      <trkpt lon="120.955076" lat="23.469355"><ele>3756.256946</ele><time>2026-09-14T22:51:47Z</time><extensions><speed>0.187256</speed><course>127.616040</course><hAcc>1.697568</hAcc><vAcc>0.690283</vAcc></extensions></trkpt>
      <trkpt lon="120.955077" lat="23.469354"><ele>3756.288033</ele><time>2026-09-14T22:51:48Z</time><extensions><speed>0.212152</speed><course>129.096610</course><hAcc>1.694934</hAcc><vAcc>0.690283</vAcc></extensions></trkpt>
      <trkpt lon="120.955079" lat="23.469353"><ele>3756.320435</ele><time>2026-09-14T22:51:49Z</time><extensions><speed>0.180241</speed><course>131.402353</course><hAcc>1.695173</hAcc><vAcc>0.690283</vAcc></extensions></trkpt>
      <trkpt lon="120.955080" lat="23.469352"><ele>3756.352416</ele><time>2026-09-14T22:51:50Z</time><extensions><speed>0.148301</speed><course>137.955925</course><hAcc>1.665967</hAcc><vAcc>0.690283</vAcc></extensions></trkpt>
      <trkpt lon="120.955080" lat="23.469351"><ele>3756.382461</ele><time>2026-09-14T22:51:51Z</time><extensions><speed>0.093084</speed><course>150.781295</course><hAcc>1.645977</hAcc><vAcc>0.690283</vAcc></extensions></trkpt>
      <trkpt lon="120.955081" lat="23.469351"><ele>3756.409398</ele><time>2026-09-14T22:51:52Z</time><extensions><speed>0.024766</speed><course>184.059958</course><hAcc>1.644565</hAcc><vAcc>0.690283</vAcc></extensions></trkpt>
      <trkpt lon="120.955080" lat="23.469351"><ele>3756.432389</ele><time>2026-09-14T22:51:53Z</time><extensions><speed>0.032908</speed><course>280.777156</course><hAcc>1.642862</hAcc><vAcc>0.690283</vAcc></extensions></trkpt>
      <trkpt lon="120.955080" lat="23.469351"><ele>3756.451023</ele><time>2026-09-14T22:51:54Z</time><extensions><speed>0.058251</speed><course>292.538076</course><hAcc>1.645803</hAcc><vAcc>0.690283</vAcc></extensions></trkpt>
      <trkpt lon="120.955079" lat="23.469351"><ele>3756.465136</ele><time>2026-09-14T22:51:55Z</time><extensions><speed>0.090847</speed><course>292.272017</course><hAcc>1.624387</hAcc><vAcc>0.690283</vAcc></extensions></trkpt>
      <trkpt lon="120.955078" lat="23.469351"><ele>3756.474784</ele><time>2026-09-14T22:51:56Z</time><extensions><speed>0.112135</speed><course>286.046184</course><hAcc>1.604132</hAcc><vAcc>0.690283</vAcc></extensions></trkpt>
      <trkpt lon="120.955077" lat="23.469352"><ele>3756.480166</ele><time>2026-09-14T22:51:57Z</time><extensions><speed>0.090492</speed><course>289.536139</course><hAcc>1.637038</hAcc><vAcc>0.690283</vAcc></extensions></trkpt>
      <trkpt lon="120.955077" lat="23.469352"><ele>3756.481529</ele><time>2026-09-14T22:51:58Z</time><extensions><speed>0.078755</speed><course>288.482318</course><hAcc>1.658764</hAcc><vAcc>0.690283</vAcc></extensions></trkpt>
      <trkpt lon="120.955076" lat="23.469352"><ele>3756.479095</ele><time>2026-09-14T22:51:59Z</time><extensions><speed>0.072450</speed><course>283.755414</course><hAcc>1.666700</hAcc><vAcc>0.690283</vAcc></extensions></trkpt>
      <trkpt lon="120.955075" lat="23.469352"><ele>3756.473089</ele><time>2026-09-14T22:52:00Z</time><extensions><speed>0.070463</speed><course>274.289185</course><hAcc>1.655216</hAcc><vAcc>0.690283</vAcc></extensions></trkpt>
      <trkpt lon="120.955075" lat="23.469352"><ele>3756.463716</ele><time>2026-09-14T22:52:01Z</time><extensions><speed>0.032464</speed><course>220.671136</course><hAcc>1.664011</hAcc><vAcc>0.690283</vAcc></extensions></trkpt>
      <trkpt lon="120.955075" lat="23.469352"><ele>3756.451179</ele><time>2026-09-14T22:52:02Z</time><extensions><speed>0.073059</speed><course>131.964449</course><hAcc>1.677620</hAcc><vAcc>0.690283</vAcc></extensions></trkpt>
      <trkpt lon="120.955076" lat="23.469351"><ele>3756.435842</ele><time>2026-09-14T22:52:03Z</time><extensions><speed>0.131857</speed><course>129.244410</course><hAcc>1.691774</hAcc><vAcc>0.690283</vAcc></extensions></trkpt>
      <trkpt lon="120.955077" lat="23.469351"><ele>3756.418135</ele><time>2026-09-14T22:52:04Z</time><extensions><speed>0.120378</speed><course>119.265113</course><hAcc>1.693464</hAcc><vAcc>0.690283</vAcc></extensions></trkpt>
      <trkpt lon="120.955078" lat="23.469350"><ele>3756.398654</ele><time>2026-09-14T22:52:05Z</time><extensions><speed>0.088366</speed><course>93.063702</course><hAcc>1.694958</hAcc><vAcc>0.690283</vAcc></extensions></trkpt>
      <trkpt lon="120.955078" lat="23.469351"><ele>3756.378116</ele><time>2026-09-14T22:52:06Z</time><extensions><speed>0.084045</speed><course>47.422811</course><hAcc>1.711057</hAcc><vAcc>0.690283</vAcc></extensions></trkpt>
      <trkpt lon="120.955079" lat="23.469351"><ele>3756.357236</ele><time>2026-09-14T22:52:07Z</time><extensions><speed>0.082084</speed><course>32.745932</course><hAcc>1.719822</hAcc><vAcc>0.690283</vAcc></extensions></trkpt>
      <trkpt lon="120.955079" lat="23.469352"><ele>3756.336815</ele><time>2026-09-14T22:52:08Z</time><extensions><speed>0.084487</speed><course>25.223207</course><hAcc>1.687216</hAcc><vAcc>0.690283</vAcc></extensions></trkpt>
      <trkpt lon="120.955080" lat="23.469353"><ele>3756.317570</ele><time>2026-09-14T22:52:09Z</time><extensions><speed>0.055169</speed><course>10.622129</course><hAcc>1.667796</hAcc><vAcc>0.690283</vAcc></extensions></trkpt>
      <trkpt lon="120.955080" lat="23.469353"><ele>3756.300162</ele><time>2026-09-14T22:52:10Z</time><extensions><speed>0.047360</speed><course>338.137133</course><hAcc>1.651823</hAcc><vAcc>0.690283</vAcc></extensions></trkpt>
      <trkpt lon="120.955079" lat="23.469353"><ele>3756.285194</ele><time>2026-09-14T22:52:11Z</time><extensions><speed>0.045579</speed><course>318.257498</course><hAcc>1.645143</hAcc><vAcc>0.690283</vAcc></extensions></trkpt>
      <trkpt lon="120.955079" lat="23.469354"><ele>3756.273011</ele><time>2026-09-14T22:52:12Z</time><extensions><speed>0.044226</speed><course>320.672701</course><hAcc>1.648522</hAcc><vAcc>0.690283</vAcc></extensions></trkpt>
      <trkpt lon="120.955079" lat="23.469354"><ele>3756.264076</ele><time>2026-09-14T22:52:13Z</time><extensions><speed>0.034721</speed><course>321.874152</course><hAcc>1.649334</hAcc><vAcc>0.690283</vAcc></extensions></trkpt>
      <trkpt lon="120.955079" lat="23.469354"><ele>3756.258689</ele><time>2026-09-14T22:52:14Z</time><extensions><speed>0.025366</speed><course>321.697705</course><hAcc>1.653732</hAcc><vAcc>0.690283</vAcc></extensions></trkpt>
      <trkpt lon="120.955078" lat="23.469354"><ele>3756.257137</ele><time>2026-09-14T22:52:15Z</time><extensions><speed>0.021337</speed><course>322.198088</course><hAcc>1.656124</hAcc><vAcc>0.690283</vAcc></extensions></trkpt>
      <trkpt lon="120.955078" lat="23.469354"><ele>3756.259877</ele><time>2026-09-14T22:52:16Z</time><extensions><speed>0.020530</speed><course>316.086244</course><hAcc>1.654272</hAcc><vAcc>0.690283</vAcc></extensions></trkpt>
      <trkpt lon="120.955078" lat="23.469355"><ele>3756.267678</ele><time>2026-09-14T22:52:17Z</time><extensions><speed>0.023769</speed><course>312.301225</course><hAcc>1.639288</hAcc><vAcc>0.690283</vAcc></extensions></trkpt>
      <trkpt lon="120.955078" lat="23.469355"><ele>3756.280701</ele><time>2026-09-14T22:52:18Z</time><extensions><speed>0.024794</speed><course>306.357230</course><hAcc>1.650980</hAcc><vAcc>0.690283</vAcc></extensions></trkpt>
      <trkpt lon="120.955078" lat="23.469355"><ele>3756.299055</ele><time>2026-09-14T22:52:19Z</time><extensions><speed>0.025809</speed><course>295.522415</course><hAcc>1.672979</hAcc><vAcc>0.690283</vAcc></extensions></trkpt>
      <trkpt lon="120.955078" lat="23.469355"><ele>3756.322743</ele><time>2026-09-14T22:52:20Z</time><extensions><speed>0.028498</speed><course>275.467286</course><hAcc>1.687953</hAcc><vAcc>0.690283</vAcc></extensions></trkpt>
      <trkpt lon="120.955077" lat="23.469355"><ele>3756.351132</ele><time>2026-09-14T22:52:21Z</time><extensions><speed>0.039154</speed><course>243.930523</course><hAcc>1.690910</hAcc><vAcc>0.690283</vAcc></extensions></trkpt>
      <trkpt lon="120.955077" lat="23.469354"><ele>3756.383342</ele><time>2026-09-14T22:52:22Z</time><extensions><speed>0.074960</speed><course>213.217591</course><hAcc>1.683505</hAcc><vAcc>0.690283</vAcc></extensions></trkpt>
      <trkpt lon="120.955076" lat="23.469353"><ele>3756.417573</ele><time>2026-09-14T22:52:23Z</time><extensions><speed>0.169401</speed><course>194.284305</course><hAcc>1.669840</hAcc><vAcc>0.690283</vAcc></extensions></trkpt>
      <trkpt lon="120.955076" lat="23.469351"><ele>3756.451264</ele><time>2026-09-14T22:52:24Z</time><extensions><speed>0.327355</speed><course>185.003902</course><hAcc>1.688683</hAcc><vAcc>0.690283</vAcc></extensions></trkpt>
      <trkpt lon="120.955076" lat="23.469348"><ele>3756.481281</ele><time>2026-09-14T22:52:25Z</time><extensions><speed>0.422216</speed><course>184.696808</course><hAcc>1.737291</hAcc><vAcc>0.690283</vAcc></extensions></trkpt>
      <trkpt lon="120.955076" lat="23.469345"><ele>3756.504112</ele><time>2026-09-14T22:52:26Z</time><extensions><speed>0.214556</speed><course>172.114067</course><hAcc>1.697559</hAcc><vAcc>0.690283</vAcc></extensions></trkpt>
      <trkpt lon="120.955076" lat="23.469344"><ele>3756.516472</ele><time>2026-09-14T22:52:27Z</time><extensions><speed>0.106039</speed><course>146.935217</course><hAcc>1.687613</hAcc><vAcc>0.690283</vAcc></extensions></trkpt>
      <trkpt lon="120.955077" lat="23.469343"><ele>3756.515989</ele><time>2026-09-14T22:52:28Z</time><extensions><speed>0.061055</speed><course>107.645502</course><hAcc>1.698084</hAcc><vAcc>0.690283</vAcc></extensions></trkpt>
      <trkpt lon="120.955077" lat="23.469343"><ele>3756.501314</ele><time>2026-09-14T22:52:29Z</time><extensions><speed>0.057531</speed><course>60.148625</course><hAcc>1.707401</hAcc><vAcc>0.690283</vAcc></extensions></trkpt>
      <trkpt lon="120.955078" lat="23.469344"><ele>3756.472012</ele><time>2026-09-14T22:52:30Z</time><extensions><speed>0.077623</speed><course>30.275395</course><hAcc>1.709097</hAcc><vAcc>0.690283</vAcc></extensions></trkpt>
      <trkpt lon="120.955078" lat="23.469345"><ele>3756.428710</ele><time>2026-09-14T22:52:31Z</time><extensions><speed>0.109809</speed><course>14.265528</course><hAcc>1.697046</hAcc><vAcc>0.690283</vAcc></extensions></trkpt>
      <trkpt lon="120.955078" lat="23.469346"><ele>3756.372792</ele><time>2026-09-14T22:52:32Z</time><extensions><speed>0.146993</speed><course>5.299555</course><hAcc>1.671720</hAcc><vAcc>0.690283</vAcc></extensions></trkpt>
      <trkpt lon="120.955078" lat="23.469348"><ele>3756.306350</ele><time>2026-09-14T22:52:33Z</time><extensions><speed>0.175233</speed><course>0.600893</course><hAcc>1.643724</hAcc><vAcc>0.690283</vAcc></extensions></trkpt>
      <trkpt lon="120.955078" lat="23.469349"><ele>3756.231955</ele><time>2026-09-14T22:52:34Z</time><extensions><speed>0.164112</speed><course>356.088472</course><hAcc>1.624575</hAcc><vAcc>0.690283</vAcc></extensions></trkpt>
      <trkpt lon="120.955078" lat="23.469351"><ele>3756.152221</ele><time>2026-09-14T22:52:35Z</time><extensions><speed>0.172022</speed><course>349.305627</course><hAcc>1.581331</hAcc><vAcc>0.690283</vAcc></extensions></trkpt>
      <trkpt lon="120.955077" lat="23.469352"><ele>3756.069768</ele><time>2026-09-14T22:52:36Z</time><extensions><speed>0.120516</speed><course>345.217066</course><hAcc>1.569580</hAcc><vAcc>0.690283</vAcc></extensions></trkpt>
      <trkpt lon="120.955077" lat="23.469353"><ele>3755.986887</ele><time>2026-09-14T22:52:37Z</time><extensions><speed>0.110930</speed><course>331.036498</course><hAcc>1.551645</hAcc><vAcc>0.690283</vAcc></extensions></trkpt>
      <trkpt lon="120.955076" lat="23.469354"><ele>3755.905444</ele><time>2026-09-14T22:52:38Z</time><extensions><speed>0.111871</speed><course>321.996292</course><hAcc>1.534880</hAcc><vAcc>0.690283</vAcc></extensions></trkpt>
      <trkpt lon="120.955075" lat="23.469355"><ele>3755.826906</ele><time>2026-09-14T22:52:39Z</time><extensions><speed>0.114675</speed><course>319.785402</course><hAcc>1.522987</hAcc><vAcc>0.690283</vAcc></extensions></trkpt>
      <trkpt lon="120.955075" lat="23.469356"><ele>3755.752217</ele><time>2026-09-14T22:52:40Z</time><extensions><speed>0.118395</speed><course>319.523611</course><hAcc>1.511711</hAcc><vAcc>0.690283</vAcc></extensions></trkpt>
      <trkpt lon="120.955074" lat="23.469356"><ele>3755.682113</ele><time>2026-09-14T22:52:41Z</time><extensions><speed>0.127965</speed><course>319.864138</course><hAcc>1.492317</hAcc><vAcc>0.690283</vAcc></extensions></trkpt>
      <trkpt lon="120.955073" lat="23.469357"><ele>3755.616945</ele><time>2026-09-14T22:52:42Z</time><extensions><speed>0.111581</speed><course>320.122290</course><hAcc>1.484638</hAcc><vAcc>0.690282</vAcc></extensions></trkpt>
      <trkpt lon="120.955072" lat="23.469358"><ele>3755.556845</ele><time>2026-09-14T22:52:43Z</time><extensions><speed>0.086158</speed><course>319.160718</course><hAcc>1.485993</hAcc><vAcc>0.690282</vAcc></extensions></trkpt>
      <trkpt lon="120.955072" lat="23.469358"><ele>3755.502334</ele><time>2026-09-14T22:52:44Z</time><extensions><speed>0.062826</speed><course>315.207199</course><hAcc>1.496324</hAcc><vAcc>0.690282</vAcc></extensions></trkpt>
      <trkpt lon="120.955071" lat="23.469359"><ele>3755.453979</ele><time>2026-09-14T22:52:45Z</time><extensions><speed>0.052654</speed><course>310.809393</course><hAcc>1.500099</hAcc><vAcc>0.690281</vAcc></extensions></trkpt>
      <trkpt lon="120.955071" lat="23.469359"><ele>3755.412233</ele><time>2026-09-14T22:52:46Z</time><extensions><speed>0.046887</speed><course>306.097422</course><hAcc>1.507223</hAcc><vAcc>0.690281</vAcc></extensions></trkpt>
      <trkpt lon="120.955071" lat="23.469359"><ele>3755.377558</ele><time>2026-09-14T22:52:47Z</time><extensions><speed>0.044069</speed><course>300.828328</course><hAcc>1.517714</hAcc><vAcc>0.690282</vAcc></extensions></trkpt>
      <trkpt lon="120.955070" lat="23.469359"><ele>3755.350502</ele><time>2026-09-14T22:52:48Z</time><extensions><speed>0.036615</speed><course>291.978148</course><hAcc>1.524989</hAcc><vAcc>0.690283</vAcc></extensions></trkpt>
      <trkpt lon="120.955070" lat="23.469359"><ele>3755.331844</ele><time>2026-09-14T22:52:49Z</time><extensions><speed>0.019722</speed><course>211.639015</course><hAcc>1.519878</hAcc><vAcc>0.690283</vAcc></extensions></trkpt>
      <trkpt lon="120.955070" lat="23.469359"><ele>3755.322401</ele><time>2026-09-14T22:52:50Z</time><extensions><speed>0.102242</speed><course>136.093654</course><hAcc>1.568059</hAcc><vAcc>0.690283</vAcc></extensions></trkpt>
      <trkpt lon="120.955072" lat="23.469358"><ele>3755.322583</ele><time>2026-09-14T22:52:51Z</time><extensions><speed>0.278043</speed><course>127.746738</course><hAcc>1.628856</hAcc><vAcc>0.690283</vAcc></extensions></trkpt>
      <trkpt lon="120.955073" lat="23.469356"><ele>3755.332237</ele><time>2026-09-14T22:52:52Z</time><extensions><speed>0.142652</speed><course>141.593294</course><hAcc>1.613496</hAcc><vAcc>0.690283</vAcc></extensions></trkpt>
      <trkpt lon="120.955074" lat="23.469356"><ele>3755.350570</ele><time>2026-09-14T22:52:53Z</time><extensions><speed>0.104178</speed><course>159.645999</course><hAcc>1.628056</hAcc><vAcc>0.690283</vAcc></extensions></trkpt>
      <trkpt lon="120.955074" lat="23.469355"><ele>3755.375936</ele><time>2026-09-14T22:52:54Z</time><extensions><speed>0.098387</speed><course>184.233964</course><hAcc>1.670745</hAcc><vAcc>0.690283</vAcc></extensions></trkpt>
      <trkpt lon="120.955074" lat="23.469354"><ele>3755.406421</ele><time>2026-09-14T22:52:55Z</time><extensions><speed>0.123105</speed><course>193.223700</course><hAcc>1.702904</hAcc><vAcc>0.690283</vAcc></extensions></trkpt>
      <trkpt lon="120.955073" lat="23.469352"><ele>3755.440212</ele><time>2026-09-14T22:52:56Z</time><extensions><speed>0.162701</speed><course>193.239551</course><hAcc>1.722307</hAcc><vAcc>0.690283</vAcc></extensions></trkpt>
      <trkpt lon="120.955073" lat="23.469351"><ele>3755.475654</ele><time>2026-09-14T22:52:57Z</time><extensions><speed>0.215140</speed><course>189.718338</course><hAcc>1.733802</hAcc><vAcc>0.690283</vAcc></extensions></trkpt>
      <trkpt lon="120.955073" lat="23.469348"><ele>3755.511173</ele><time>2026-09-14T22:52:58Z</time><extensions><speed>0.271029</speed><course>184.252639</course><hAcc>1.740540</hAcc><vAcc>0.690283</vAcc></extensions></trkpt>
      <trkpt lon="120.955073" lat="23.469346"><ele>3755.545239</ele><time>2026-09-14T22:52:59Z</time><extensions><speed>0.321988</speed><course>174.612284</course><hAcc>1.737748</hAcc><vAcc>0.690283</vAcc></extensions></trkpt>
      <trkpt lon="120.955074" lat="23.469343"><ele>3755.576545</ele><time>2026-09-14T22:53:00Z</time><extensions><speed>0.382919</speed><course>161.726549</course><hAcc>1.724370</hAcc><vAcc>0.690284</vAcc></extensions></trkpt>
      <trkpt lon="120.955075" lat="23.469339"><ele>3755.604197</ele><time>2026-09-14T22:53:01Z</time><extensions><speed>0.469381</speed><course>150.985794</course><hAcc>1.703627</hAcc><vAcc>0.690284</vAcc></extensions></trkpt>
      <trkpt lon="120.955078" lat="23.469335"><ele>3755.627738</ele><time>2026-09-14T22:53:02Z</time><extensions><speed>0.601789</speed><course>143.545329</course><hAcc>1.682181</hAcc><vAcc>0.690284</vAcc></extensions></trkpt>
      <trkpt lon="120.955082" lat="23.469330"><ele>3755.647139</ele><time>2026-09-14T22:53:03Z</time><extensions><speed>0.770673</speed><course>141.583722</course><hAcc>1.680952</hAcc><vAcc>0.690284</vAcc></extensions></trkpt>
      <trkpt lon="120.955087" lat="23.469325"><ele>3755.662686</ele><time>2026-09-14T22:53:04Z</time><extensions><speed>0.842132</speed><course>134.900741</course><hAcc>1.698342</hAcc><vAcc>0.690284</vAcc></extensions></trkpt>
      <trkpt lon="120.955093" lat="23.469320"><ele>3755.674851</ele><time>2026-09-14T22:53:05Z</time><extensions><speed>0.834366</speed><course>128.731623</course><hAcc>1.701104</hAcc><vAcc>0.690284</vAcc></extensions></trkpt>
      <trkpt lon="120.955100" lat="23.469316"><ele>3755.684181</ele><time>2026-09-14T22:53:06Z</time><extensions><speed>0.739170</speed><course>125.789815</course><hAcc>1.695663</hAcc><vAcc>0.690284</vAcc></extensions></trkpt>
      <trkpt lon="120.955105" lat="23.469312"><ele>3755.691231</ele><time>2026-09-14T22:53:07Z</time><extensions><speed>0.541435</speed><course>125.026774</course><hAcc>1.683930</hAcc><vAcc>0.690284</vAcc></extensions></trkpt>
      <trkpt lon="120.955108" lat="23.469310"><ele>3755.696532</ele><time>2026-09-14T22:53:08Z</time><extensions><speed>0.277870</speed><course>123.066874</course><hAcc>1.684807</hAcc><vAcc>0.690284</vAcc></extensions></trkpt>
      <trkpt lon="120.955110" lat="23.469309"><ele>3755.700426</ele><time>2026-09-14T22:53:09Z</time><extensions><speed>0.169629</speed><course>124.290984</course><hAcc>1.699232</hAcc><vAcc>0.690284</vAcc></extensions></trkpt>
      <trkpt lon="120.955111" lat="23.469308"><ele>3755.703155</ele><time>2026-09-14T22:53:10Z</time><extensions><speed>0.122790</speed><course>127.485242</course><hAcc>1.715056</hAcc><vAcc>0.690284</vAcc></extensions></trkpt>
      <trkpt lon="120.955112" lat="23.469307"><ele>3755.704930</ele><time>2026-09-14T22:53:11Z</time><extensions><speed>0.220966</speed><course>124.333534</course><hAcc>1.712834</hAcc><vAcc>0.690284</vAcc></extensions></trkpt>
      <trkpt lon="120.955115" lat="23.469306"><ele>3755.705735</ele><time>2026-09-14T22:53:12Z</time><extensions><speed>0.375446</speed><course>121.198194</course><hAcc>1.698128</hAcc><vAcc>0.690284</vAcc></extensions></trkpt>
      <trkpt lon="120.955119" lat="23.469304"><ele>3755.705543</ele><time>2026-09-14T22:53:13Z</time><extensions><speed>0.564894</speed><course>118.531037</course><hAcc>1.694679</hAcc><vAcc>0.690284</vAcc></extensions></trkpt>
      <trkpt lon="120.955125" lat="23.469301"><ele>3755.704160</ele><time>2026-09-14T22:53:14Z</time><extensions><speed>0.851076</speed><course>116.546136</course><hAcc>1.718430</hAcc><vAcc>0.690284</vAcc></extensions></trkpt>
      <trkpt lon="120.955132" lat="23.469298"><ele>3755.701225</ele><time>2026-09-14T22:53:15Z</time><extensions><speed>0.735581</speed><course>110.808153</course><hAcc>1.726463</hAcc><vAcc>0.690284</vAcc></extensions></trkpt>
      <trkpt lon="120.955137" lat="23.469296"><ele>3755.696270</ele><time>2026-09-14T22:53:16Z</time><extensions><speed>0.502283</speed><course>117.173622</course><hAcc>1.706571</hAcc><vAcc>0.690284</vAcc></extensions></trkpt>
      <trkpt lon="120.955141" lat="23.469294"><ele>3755.688579</ele><time>2026-09-14T22:53:17Z</time><extensions><speed>0.263736</speed><course>122.005627</course><hAcc>1.693069</hAcc><vAcc>0.690284</vAcc></extensions></trkpt>
      <trkpt lon="120.955143" lat="23.469293"><ele>3755.677400</ele><time>2026-09-14T22:53:18Z</time><extensions><speed>0.180339</speed><course>122.272667</course><hAcc>1.682294</hAcc><vAcc>0.690284</vAcc></extensions></trkpt>
      <trkpt lon="120.955144" lat="23.469292"><ele>3755.662031</ele><time>2026-09-14T22:53:19Z</time><extensions><speed>0.280972</speed><course>117.513894</course><hAcc>1.671749</hAcc><vAcc>0.690284</vAcc></extensions></trkpt>
      <trkpt lon="120.955147" lat="23.469291"><ele>3755.641891</ele><time>2026-09-14T22:53:20Z</time><extensions><speed>0.360199</speed><course>112.534823</course><hAcc>1.669735</hAcc><vAcc>0.690284</vAcc></extensions></trkpt>
      <trkpt lon="120.955151" lat="23.469290"><ele>3755.616578</ele><time>2026-09-14T22:53:21Z</time><extensions><speed>0.429537</speed><course>106.916117</course><hAcc>1.677071</hAcc><vAcc>0.690283</vAcc></extensions></trkpt>
      <trkpt lon="120.955155" lat="23.469288"><ele>3755.585995</ele><time>2026-09-14T22:53:22Z</time><extensions><speed>0.506898</speed><course>106.982172</course><hAcc>1.659268</hAcc><vAcc>0.690283</vAcc></extensions></trkpt>
      <trkpt lon="120.955160" lat="23.469287"><ele>3755.550276</ele><time>2026-09-14T22:53:23Z</time><extensions><speed>0.564835</speed><course>109.413074</course><hAcc>1.628140</hAcc><vAcc>0.690283</vAcc></extensions></trkpt>
      <trkpt lon="120.955166" lat="23.469285"><ele>3755.509761</ele><time>2026-09-14T22:53:24Z</time><extensions><speed>0.663105</speed><course>111.584161</course><hAcc>1.598318</hAcc><vAcc>0.690283</vAcc></extensions></trkpt>
      <trkpt lon="120.955172" lat="23.469282"><ele>3755.464969</ele><time>2026-09-14T22:53:25Z</time><extensions><speed>0.728450</speed><course>114.521898</course><hAcc>1.588797</hAcc><vAcc>0.690283</vAcc></extensions></trkpt>
      <trkpt lon="120.955179" lat="23.469279"><ele>3755.416548</ele><time>2026-09-14T22:53:26Z</time><extensions><speed>0.781734</speed><course>121.302947</course><hAcc>1.574380</hAcc><vAcc>0.690283</vAcc></extensions></trkpt>
      <trkpt lon="120.955185" lat="23.469275"><ele>3755.365253</ele><time>2026-09-14T22:53:27Z</time><extensions><speed>0.824831</speed><course>128.849065</course><hAcc>1.561751</hAcc><vAcc>0.690283</vAcc></extensions></trkpt>
      <trkpt lon="120.955191" lat="23.469270"><ele>3755.311899</ele><time>2026-09-14T22:53:28Z</time><extensions><speed>0.817047</speed><course>136.728615</course><hAcc>1.558588</hAcc><vAcc>0.690283</vAcc></extensions></trkpt>
      <trkpt lon="120.955196" lat="23.469265"><ele>3755.257255</ele><time>2026-09-14T22:53:29Z</time><extensions><speed>0.793140</speed><course>142.572971</course><hAcc>1.556891</hAcc><vAcc>0.690283</vAcc></extensions></trkpt>
      <trkpt lon="120.955200" lat="23.469259"><ele>3755.201883</ele><time>2026-09-14T22:53:30Z</time><extensions><speed>0.661254</speed><course>143.763745</course><hAcc>1.569337</hAcc><vAcc>0.690283</vAcc></extensions></trkpt>
      <trkpt lon="120.955205" lat="23.469254"><ele>3755.146177</ele><time>2026-09-14T22:53:31Z</time><extensions><speed>0.817795</speed><course>140.779986</course><hAcc>1.571282</hAcc><vAcc>0.690283</vAcc></extensions></trkpt>
      <trkpt lon="120.955210" lat="23.469249"><ele>3755.090350</ele><time>2026-09-14T22:53:32Z</time><extensions><speed>0.825777</speed><course>134.716813</course><hAcc>1.578537</hAcc><vAcc>0.690283</vAcc></extensions></trkpt>
      <trkpt lon="120.955216" lat="23.469244"><ele>3755.034442</ele><time>2026-09-14T22:53:33Z</time><extensions><speed>0.746290</speed><course>130.971561</course><hAcc>1.577944</hAcc><vAcc>0.690283</vAcc></extensions></trkpt>
      <trkpt lon="120.955221" lat="23.469240"><ele>3754.978346</ele><time>2026-09-14T22:53:34Z</time><extensions><speed>0.666038</speed><course>128.900255</course><hAcc>1.589420</hAcc><vAcc>0.690283</vAcc></extensions></trkpt>
      <trkpt lon="120.955226" lat="23.469237"><ele>3754.921819</ele><time>2026-09-14T22:53:35Z</time><extensions><speed>0.556714</speed><course>122.974984</course><hAcc>1.600619</hAcc><vAcc>0.690283</vAcc></extensions></trkpt>
      <trkpt lon="120.955230" lat="23.469234"><ele>3754.864573</ele><time>2026-09-14T22:53:36Z</time><extensions><speed>0.504686</speed><course>122.747104</course><hAcc>1.594885</hAcc><vAcc>0.690283</vAcc></extensions></trkpt>
      <trkpt lon="120.955235" lat="23.469231"><ele>3754.806252</ele><time>2026-09-14T22:53:37Z</time><extensions><speed>0.579044</speed><course>128.784848</course><hAcc>1.580298</hAcc><vAcc>0.690283</vAcc></extensions></trkpt>
      <trkpt lon="120.955239" lat="23.469228"><ele>3754.746526</ele><time>2026-09-14T22:53:38Z</time><extensions><speed>0.646033</speed><course>123.014622</course><hAcc>1.593794</hAcc><vAcc>0.690283</vAcc></extensions></trkpt>
      <trkpt lon="120.955244" lat="23.469225"><ele>3754.685231</ele><time>2026-09-14T22:53:39Z</time><extensions><speed>0.611529</speed><course>125.498490</course><hAcc>1.604772</hAcc><vAcc>0.690283</vAcc></extensions></trkpt>
      <trkpt lon="120.955248" lat="23.469223"><ele>3754.622306</ele><time>2026-09-14T22:53:40Z</time><extensions><speed>0.301551</speed><course>113.868409</course><hAcc>1.611906</hAcc><vAcc>0.690283</vAcc></extensions></trkpt>
      <trkpt lon="120.955251" lat="23.469222"><ele>3754.557764</ele><time>2026-09-14T22:53:41Z</time><extensions><speed>0.244144</speed><course>101.061179</course><hAcc>1.591232</hAcc><vAcc>0.690283</vAcc></extensions></trkpt>
      <trkpt lon="120.955253" lat="23.469222"><ele>3754.491607</ele><time>2026-09-14T22:53:42Z</time><extensions><speed>0.156089</speed><course>73.727679</course><hAcc>1.573977</hAcc><vAcc>0.690283</vAcc></extensions></trkpt>
      <trkpt lon="120.955254" lat="23.469223"><ele>3754.423788</ele><time>2026-09-14T22:53:43Z</time><extensions><speed>0.110493</speed><course>49.172755</course><hAcc>1.602905</hAcc><vAcc>0.690283</vAcc></extensions></trkpt>
      <trkpt lon="120.955255" lat="23.469223"><ele>3754.354242</ele><time>2026-09-14T22:53:44Z</time><extensions><speed>0.114822</speed><course>62.817844</course><hAcc>1.623015</hAcc><vAcc>0.690283</vAcc></extensions></trkpt>
      <trkpt lon="120.955256" lat="23.469224"><ele>3754.282858</ele><time>2026-09-14T22:53:45Z</time><extensions><speed>0.116487</speed><course>71.247328</course><hAcc>1.636146</hAcc><vAcc>0.690283</vAcc></extensions></trkpt>
      <trkpt lon="120.955257" lat="23.469224"><ele>3754.209506</ele><time>2026-09-14T22:53:46Z</time><extensions><speed>0.081668</speed><course>58.206601</course><hAcc>1.648896</hAcc><vAcc>0.690283</vAcc></extensions></trkpt>
      <trkpt lon="120.955257" lat="23.469224"><ele>3754.134182</ele><time>2026-09-14T22:53:47Z</time><extensions><speed>0.097739</speed><course>91.655617</course><hAcc>1.653228</hAcc><vAcc>0.690283</vAcc></extensions></trkpt>
      <trkpt lon="120.955258" lat="23.469224"><ele>3754.057121</ele><time>2026-09-14T22:53:48Z</time><extensions><speed>0.102833</speed><course>105.245028</course><hAcc>1.655416</hAcc><vAcc>0.690283</vAcc></extensions></trkpt>
      <trkpt lon="120.955260" lat="23.469224"><ele>3753.978810</ele><time>2026-09-14T22:53:49Z</time><extensions><speed>0.157311</speed><course>116.274529</course><hAcc>1.680304</hAcc><vAcc>0.690283</vAcc></extensions></trkpt>
      <trkpt lon="120.955261" lat="23.469223"><ele>3753.899505</ele><time>2026-09-14T22:53:50Z</time><extensions><speed>0.238119</speed><course>119.819242</course><hAcc>1.687322</hAcc><vAcc>0.690283</vAcc></extensions></trkpt>
      <trkpt lon="120.955263" lat="23.469221"><ele>3753.819450</ele><time>2026-09-14T22:53:51Z</time><extensions><speed>0.271079</speed><course>122.095630</course><hAcc>1.675666</hAcc><vAcc>0.690283</vAcc></extensions></trkpt>
      <trkpt lon="120.955266" lat="23.469220"><ele>3753.738887</ele><time>2026-09-14T22:53:52Z</time><extensions><speed>0.386519</speed><course>125.112734</course><hAcc>1.676325</hAcc><vAcc>0.690283</vAcc></extensions></trkpt>
      <trkpt lon="120.955269" lat="23.469218"><ele>3753.658099</ele><time>2026-09-14T22:53:53Z</time><extensions><speed>0.422105</speed><course>128.204559</course><hAcc>1.698002</hAcc><vAcc>0.690283</vAcc></extensions></trkpt>
      <trkpt lon="120.955272" lat="23.469215"><ele>3753.577266</ele><time>2026-09-14T22:53:54Z</time><extensions><speed>0.371682</speed><course>134.507165</course><hAcc>1.716847</hAcc><vAcc>0.690283</vAcc></extensions></trkpt>
      <trkpt lon="120.955274" lat="23.469213"><ele>3753.496537</ele><time>2026-09-14T22:53:55Z</time><extensions><speed>0.314189</speed><course>140.733622</course><hAcc>1.719632</hAcc><vAcc>0.690283</vAcc></extensions></trkpt>
      <trkpt lon="120.955275" lat="23.469211"><ele>3753.415896</ele><time>2026-09-14T22:53:56Z</time><extensions><speed>0.201340</speed><course>165.850518</course><hAcc>1.705031</hAcc><vAcc>0.690283</vAcc></extensions></trkpt>
      <trkpt lon="120.955275" lat="23.469209"><ele>3753.335072</ele><time>2026-09-14T22:53:57Z</time><extensions><speed>0.253248</speed><course>182.073901</course><hAcc>1.697244</hAcc><vAcc>0.690283</vAcc></extensions></trkpt>
      <trkpt lon="120.955275" lat="23.469206"><ele>3753.253629</ele><time>2026-09-14T22:53:58Z</time><extensions><speed>0.394825</speed><course>180.593588</course><hAcc>1.687492</hAcc><vAcc>0.690283</vAcc></extensions></trkpt>
      <trkpt lon="120.955275" lat="23.469202"><ele>3753.171358</ele><time>2026-09-14T22:53:59Z</time><extensions><speed>0.556112</speed><course>177.536840</course><hAcc>1.676615</hAcc><vAcc>0.690283</vAcc></extensions></trkpt>
      <trkpt lon="120.955275" lat="23.469197"><ele>3753.088311</ele><time>2026-09-14T22:54:00Z</time><extensions><speed>0.613786</speed><course>179.331103</course><hAcc>1.687179</hAcc><vAcc>0.690283</vAcc></extensions></trkpt>
      <trkpt lon="120.955275" lat="23.469191"><ele>3753.004760</ele><time>2026-09-14T22:54:01Z</time><extensions><speed>0.543715</speed><course>187.573708</course><hAcc>1.696513</hAcc><vAcc>0.690283</vAcc></extensions></trkpt>
      <trkpt lon="120.955273" lat="23.469187"><ele>3752.921047</ele><time>2026-09-14T22:54:02Z</time><extensions><speed>0.509743</speed><course>205.140370</course><hAcc>1.692331</hAcc><vAcc>0.690283</vAcc></extensions></trkpt>
      <trkpt lon="120.955270" lat="23.469183"><ele>3752.837314</ele><time>2026-09-14T22:54:03Z</time><extensions><speed>0.531799</speed><course>227.390034</course><hAcc>1.669624</hAcc><vAcc>0.690283</vAcc></extensions></trkpt>
      <trkpt lon="120.955266" lat="23.469181"><ele>3752.753507</ele><time>2026-09-14T22:54:04Z</time><extensions><speed>0.611063</speed><course>243.108545</course><hAcc>1.644981</hAcc><vAcc>0.690283</vAcc></extensions></trkpt>
      <trkpt lon="120.955260" lat="23.469178"><ele>3752.669277</ele><time>2026-09-14T22:54:05Z</time><extensions><speed>0.729418</speed><course>253.574808</course><hAcc>1.631181</hAcc><vAcc>0.690283</vAcc></extensions></trkpt>
      <trkpt lon="120.955252" lat="23.469177"><ele>3752.584027</ele><time>2026-09-14T22:54:06Z</time><extensions><speed>0.919343</speed><course>262.842082</course><hAcc>1.631851</hAcc><vAcc>0.690283</vAcc></extensions></trkpt>
      <trkpt lon="120.955242" lat="23.469177"><ele>3752.497108</ele><time>2026-09-14T22:54:07Z</time><extensions><speed>1.101514</speed><course>270.701755</course><hAcc>1.646626</hAcc><vAcc>0.690283</vAcc></extensions></trkpt>
      <trkpt lon="120.955231" lat="23.469177"><ele>3752.407736</ele><time>2026-09-14T22:54:08Z</time><extensions><speed>1.199755</speed><course>276.150874</course><hAcc>1.643534</hAcc><vAcc>0.690283</vAcc></extensions></trkpt>
      <trkpt lon="120.955219" lat="23.469179"><ele>3752.315279</ele><time>2026-09-14T22:54:09Z</time><extensions><speed>1.188116</speed><course>280.112347</course><hAcc>1.637723</hAcc><vAcc>0.690283</vAcc></extensions></trkpt>
      <trkpt lon="120.955208" lat="23.469181"><ele>3752.219314</ele><time>2026-09-14T22:54:10Z</time><extensions><speed>1.183075</speed><course>284.487070</course><hAcc>1.634397</hAcc><vAcc>0.690283</vAcc></extensions></trkpt>
      <trkpt lon="120.955197" lat="23.469184"><ele>3752.119566</ele><time>2026-09-14T22:54:11Z</time><extensions><speed>1.114457</speed><course>289.592587</course><hAcc>1.639013</hAcc><vAcc>0.690283</vAcc></extensions></trkpt>
      <trkpt lon="120.955187" lat="23.469188"><ele>3752.015940</ele><time>2026-09-14T22:54:12Z</time><extensions><speed>0.960833</speed><course>294.104600</course><hAcc>1.640401</hAcc><vAcc>0.690283</vAcc></extensions></trkpt>
      <trkpt lon="120.955179" lat="23.469191"><ele>3751.908357</ele><time>2026-09-14T22:54:13Z</time><extensions><speed>0.867612</speed><course>295.663617</course><hAcc>1.622179</hAcc><vAcc>0.690283</vAcc></extensions></trkpt>
      <trkpt lon="120.955172" lat="23.469194"><ele>3751.796780</ele><time>2026-09-14T22:54:14Z</time><extensions><speed>0.796343</speed><course>293.815466</course><hAcc>1.613765</hAcc><vAcc>0.690283</vAcc></extensions></trkpt>
      <trkpt lon="120.955165" lat="23.469197"><ele>3751.681192</ele><time>2026-09-14T22:54:15Z</time><extensions><speed>0.790536</speed><course>289.248376</course><hAcc>1.616240</hAcc><vAcc>0.690283</vAcc></extensions></trkpt>
      <trkpt lon="120.955157" lat="23.469199"><ele>3751.561568</ele><time>2026-09-14T22:54:16Z</time><extensions><speed>0.764032</speed><course>285.389537</course><hAcc>1.632170</hAcc><vAcc>0.690283</vAcc></extensions></trkpt>
      <trkpt lon="120.955151" lat="23.469201"><ele>3751.437964</ele><time>2026-09-14T22:54:17Z</time><extensions><speed>0.640200</speed><course>286.351273</course><hAcc>1.648254</hAcc><vAcc>0.690283</vAcc></extensions></trkpt>
      <trkpt lon="120.955145" lat="23.469203"><ele>3751.310474</ele><time>2026-09-14T22:54:18Z</time><extensions><speed>0.620980</speed><course>290.414933</course><hAcc>1.653824</hAcc><vAcc>0.690283</vAcc></extensions></trkpt>
      <trkpt lon="120.955139" lat="23.469205"><ele>3751.179273</ele><time>2026-09-14T22:54:19Z</time><extensions><speed>0.691157</speed><course>291.810042</course><hAcc>1.653787</hAcc><vAcc>0.690283</vAcc></extensions></trkpt>
      <trkpt lon="120.955133" lat="23.469207"><ele>3751.044619</ele><time>2026-09-14T22:54:20Z</time><extensions><speed>0.701386</speed><course>293.955013</course><hAcc>1.645730</hAcc><vAcc>0.690283</vAcc></extensions></trkpt>
      <trkpt lon="120.955127" lat="23.469210"><ele>3750.906690</ele><time>2026-09-14T22:54:21Z</time><extensions><speed>0.633000</speed><course>293.935829</course><hAcc>1.666346</hAcc><vAcc>0.690283</vAcc></extensions></trkpt>
      <trkpt lon="120.955121" lat="23.469212"><ele>3750.765745</ele><time>2026-09-14T22:54:22Z</time><extensions><speed>0.525512</speed><course>290.687140</course><hAcc>1.691603</hAcc><vAcc>0.690283</vAcc></extensions></trkpt>
      <trkpt lon="120.955117" lat="23.469213"><ele>3750.621896</ele><time>2026-09-14T22:54:23Z</time><extensions><speed>0.494096</speed><course>286.443134</course><hAcc>1.699080</hAcc><vAcc>0.690283</vAcc></extensions></trkpt>
      <trkpt lon="120.955112" lat="23.469214"><ele>3750.475129</ele><time>2026-09-14T22:54:24Z</time><extensions><speed>0.512942</speed><course>279.601449</course><hAcc>1.707590</hAcc><vAcc>0.690283</vAcc></extensions></trkpt>
      <trkpt lon="120.955106" lat="23.469215"><ele>3750.325378</ele><time>2026-09-14T22:54:25Z</time><extensions><speed>0.581961</speed><course>272.978811</course><hAcc>1.724064</hAcc><vAcc>0.690283</vAcc></extensions></trkpt>
      <trkpt lon="120.955101" lat="23.469215"><ele>3750.172361</ele><time>2026-09-14T22:54:26Z</time><extensions><speed>0.597572</speed><course>268.972228</course><hAcc>1.731439</hAcc><vAcc>0.690283</vAcc></extensions></trkpt>
      <trkpt lon="120.955095" lat="23.469215"><ele>3750.015709</ele><time>2026-09-14T22:54:27Z</time><extensions><speed>0.549596</speed><course>266.512590</course><hAcc>1.723531</hAcc><vAcc>0.690283</vAcc></extensions></trkpt>
      <trkpt lon="120.955090" lat="23.469214"><ele>3749.854982</ele><time>2026-09-14T22:54:28Z</time><extensions><speed>0.516346</speed><course>267.879027</course><hAcc>1.690408</hAcc><vAcc>0.690283</vAcc></extensions></trkpt>
      <trkpt lon="120.955085" lat="23.469214"><ele>3749.689712</ele><time>2026-09-14T22:54:29Z</time><extensions><speed>0.566430</speed><course>268.049896</course><hAcc>1.660099</hAcc><vAcc>0.690283</vAcc></extensions></trkpt>
      <trkpt lon="120.955079" lat="23.469214"><ele>3749.519495</ele><time>2026-09-14T22:54:30Z</time><extensions><speed>0.558684</speed><course>265.114381</course><hAcc>1.653871</hAcc><vAcc>0.690283</vAcc></extensions></trkpt>
      <trkpt lon="120.955074" lat="23.469214"><ele>3749.344070</ele><time>2026-09-14T22:54:31Z</time><extensions><speed>0.566959</speed><course>267.050698</course><hAcc>1.642784</hAcc><vAcc>0.690283</vAcc></extensions></trkpt>
      <trkpt lon="120.955068" lat="23.469214"><ele>3749.163373</ele><time>2026-09-14T22:54:32Z</time><extensions><speed>0.580254</speed><course>266.734201</course><hAcc>1.624646</hAcc><vAcc>0.690283</vAcc></extensions></trkpt>
      <trkpt lon="120.955062" lat="23.469213"><ele>3748.977577</ele><time>2026-09-14T22:54:33Z</time><extensions><speed>0.540266</speed><course>265.873479</course><hAcc>1.636088</hAcc><vAcc>0.690283</vAcc></extensions></trkpt>
      <trkpt lon="120.955058" lat="23.469213"><ele>3748.787080</ele><time>2026-09-14T22:54:34Z</time><extensions><speed>0.431552</speed><course>270.462094</course><hAcc>1.646437</hAcc><vAcc>0.690283</vAcc></extensions></trkpt>
      <trkpt lon="120.955054" lat="23.469213"><ele>3748.592441</ele><time>2026-09-14T22:54:35Z</time><extensions><speed>0.365129</speed><course>281.037963</course><hAcc>1.647639</hAcc><vAcc>0.690283</vAcc></extensions></trkpt>
      <trkpt lon="120.955050" lat="23.469214"><ele>3748.394357</ele><time>2026-09-14T22:54:36Z</time><extensions><speed>0.384456</speed><course>290.978053</course><hAcc>1.625110</hAcc><vAcc>0.690283</vAcc></extensions></trkpt>
      <trkpt lon="120.955046" lat="23.469216"><ele>3748.193562</ele><time>2026-09-14T22:54:37Z</time><extensions><speed>0.431685</speed><course>292.456798</course><hAcc>1.632448</hAcc><vAcc>0.690283</vAcc></extensions></trkpt>
      <trkpt lon="120.955042" lat="23.469217"><ele>3747.990757</ele><time>2026-09-14T22:54:38Z</time><extensions><speed>0.460997</speed><course>291.864086</course><hAcc>1.652212</hAcc><vAcc>0.690283</vAcc></extensions></trkpt>
      <trkpt lon="120.955038" lat="23.469219"><ele>3747.786570</ele><time>2026-09-14T22:54:39Z</time><extensions><speed>0.545893</speed><course>288.024281</course><hAcc>1.657075</hAcc><vAcc>0.690283</vAcc></extensions></trkpt>
      <trkpt lon="120.955032" lat="23.469220"><ele>3747.581501</ele><time>2026-09-14T22:54:40Z</time><extensions><speed>0.597114</speed><course>285.099837</course><hAcc>1.650967</hAcc><vAcc>0.690283</vAcc></extensions></trkpt>
      <trkpt lon="120.955027" lat="23.469222"><ele>3747.376002</ele><time>2026-09-14T22:54:41Z</time><extensions><speed>0.622155</speed><course>282.944397</course><hAcc>1.645089</hAcc><vAcc>0.690283</vAcc></extensions></trkpt>
      <trkpt lon="120.955021" lat="23.469223"><ele>3747.170433</ele><time>2026-09-14T22:54:42Z</time><extensions><speed>0.601174</speed><course>283.823357</course><hAcc>1.632930</hAcc><vAcc>0.690283</vAcc></extensions></trkpt>
      <trkpt lon="120.955015" lat="23.469224"><ele>3746.965062</ele><time>2026-09-14T22:54:43Z</time><extensions><speed>0.572696</speed><course>283.061718</course><hAcc>1.635231</hAcc><vAcc>0.690283</vAcc></extensions></trkpt>
      <trkpt lon="120.955010" lat="23.469225"><ele>3746.760245</ele><time>2026-09-14T22:54:44Z</time><extensions><speed>0.516034</speed><course>282.446999</course><hAcc>1.618901</hAcc><vAcc>0.690283</vAcc></extensions></trkpt>
      <trkpt lon="120.955006" lat="23.469226"><ele>3746.556264</ele><time>2026-09-14T22:54:45Z</time><extensions><speed>0.353145</speed><course>285.646630</course><hAcc>1.603161</hAcc><vAcc>0.690283</vAcc></extensions></trkpt>
      <trkpt lon="120.955002" lat="23.469227"><ele>3746.353472</ele><time>2026-09-14T22:54:46Z</time><extensions><speed>0.428876</speed><course>284.658835</course><hAcc>1.613946</hAcc><vAcc>0.690283</vAcc></extensions></trkpt>
      <trkpt lon="120.954997" lat="23.469229"><ele>3746.152286</ele><time>2026-09-14T22:54:47Z</time><extensions><speed>0.560512</speed><course>286.088590</course><hAcc>1.598925</hAcc><vAcc>0.690283</vAcc></extensions></trkpt>
      <trkpt lon="120.954992" lat="23.469230"><ele>3745.953150</ele><time>2026-09-14T22:54:48Z</time><extensions><speed>0.580018</speed><course>286.184270</course><hAcc>1.617186</hAcc><vAcc>0.690283</vAcc></extensions></trkpt>
      <trkpt lon="120.954987" lat="23.469231"><ele>3745.756590</ele><time>2026-09-14T22:54:49Z</time><extensions><speed>0.525672</speed><course>287.517397</course><hAcc>1.631543</hAcc><vAcc>0.690282</vAcc></extensions></trkpt>
      <trkpt lon="120.954982" lat="23.469233"><ele>3745.562902</ele><time>2026-09-14T22:54:50Z</time><extensions><speed>0.474248</speed><course>290.202850</course><hAcc>1.607073</hAcc><vAcc>0.690282</vAcc></extensions></trkpt>
      <trkpt lon="120.954977" lat="23.469235"><ele>3745.372674</ele><time>2026-09-14T22:54:51Z</time><extensions><speed>0.539881</speed><course>290.681534</course><hAcc>1.593243</hAcc><vAcc>0.690281</vAcc></extensions></trkpt>
      <trkpt lon="120.954972" lat="23.469236"><ele>3745.186823</ele><time>2026-09-14T22:54:52Z</time><extensions><speed>0.626006</speed><course>290.640860</course><hAcc>1.608968</hAcc><vAcc>0.690280</vAcc></extensions></trkpt>
      <trkpt lon="120.954966" lat="23.469239"><ele>3745.006611</ele><time>2026-09-14T22:54:53Z</time><extensions><speed>0.647216</speed><course>291.236680</course><hAcc>1.645169</hAcc><vAcc>0.690281</vAcc></extensions></trkpt>
      <trkpt lon="120.954959" lat="23.469241"><ele>3744.832271</ele><time>2026-09-14T22:54:54Z</time><extensions><speed>0.821589</speed><course>290.488198</course><hAcc>1.614496</hAcc><vAcc>0.690281</vAcc></extensions></trkpt>
      <trkpt lon="120.954952" lat="23.469243"><ele>3744.663920</ele><time>2026-09-14T22:54:55Z</time><extensions><speed>0.860165</speed><course>289.189298</course><hAcc>1.619696</hAcc><vAcc>0.690281</vAcc></extensions></trkpt>
      <trkpt lon="120.954944" lat="23.469246"><ele>3744.501597</ele><time>2026-09-14T22:54:56Z</time><extensions><speed>0.820099</speed><course>289.578623</course><hAcc>1.626391</hAcc><vAcc>0.690282</vAcc></extensions></trkpt>
      <trkpt lon="120.954938" lat="23.469248"><ele>3744.345263</ele><time>2026-09-14T22:54:57Z</time><extensions><speed>0.555772</speed><course>291.358055</course><hAcc>1.651149</hAcc><vAcc>0.690282</vAcc></extensions></trkpt>
      <trkpt lon="120.954933" lat="23.469250"><ele>3744.194665</ele><time>2026-09-14T22:54:58Z</time><extensions><speed>0.493886</speed><course>294.063950</course><hAcc>1.648295</hAcc><vAcc>0.690282</vAcc></extensions></trkpt>
      <trkpt lon="120.954928" lat="23.469252"><ele>3744.049234</ele><time>2026-09-14T22:54:59Z</time><extensions><speed>0.510336</speed><course>296.379691</course><hAcc>1.633699</hAcc><vAcc>0.690282</vAcc></extensions></trkpt>
      <trkpt lon="120.954923" lat="23.469254"><ele>3743.907773</ele><time>2026-09-14T22:55:00Z</time><extensions><speed>0.636053</speed><course>294.340655</course><hAcc>1.644776</hAcc><vAcc>0.690282</vAcc></extensions></trkpt>
      <trkpt lon="120.954917" lat="23.469257"><ele>3743.768287</ele><time>2026-09-14T22:55:01Z</time><extensions><speed>0.743833</speed><course>291.308307</course><hAcc>1.667481</hAcc><vAcc>0.690282</vAcc></extensions></trkpt>
      <trkpt lon="120.954910" lat="23.469259"><ele>3743.628318</ele><time>2026-09-14T22:55:02Z</time><extensions><speed>0.815310</speed><course>288.681843</course><hAcc>1.674685</hAcc><vAcc>0.690282</vAcc></extensions></trkpt>
      <trkpt lon="120.954902" lat="23.469261"><ele>3743.485939</ele><time>2026-09-14T22:55:03Z</time><extensions><speed>0.780052</speed><course>286.491614</course><hAcc>1.670084</hAcc><vAcc>0.690282</vAcc></extensions></trkpt>
      <trkpt lon="120.954895" lat="23.469263"><ele>3743.340229</ele><time>2026-09-14T22:55:04Z</time><extensions><speed>0.699075</speed><course>284.571354</course><hAcc>1.662096</hAcc><vAcc>0.690282</vAcc></extensions></trkpt>
      <trkpt lon="120.954889" lat="23.469264"><ele>3743.191175</ele><time>2026-09-14T22:55:05Z</time><extensions><speed>0.614729</speed><course>283.029526</course><hAcc>1.662279</hAcc><vAcc>0.690282</vAcc></extensions></trkpt>
      <trkpt lon="120.954883" lat="23.469265"><ele>3743.039183</ele><time>2026-09-14T22:55:06Z</time><extensions><speed>0.594725</speed><course>281.871547</course><hAcc>1.665475</hAcc><vAcc>0.690282</vAcc></extensions></trkpt>
      <trkpt lon="120.954877" lat="23.469266"><ele>3742.884615</ele><time>2026-09-14T22:55:07Z</time><extensions><speed>0.671775</speed><course>280.301703</course><hAcc>1.651355</hAcc><vAcc>0.690281</vAcc></extensions></trkpt>
      <trkpt lon="120.954870" lat="23.469267"><ele>3742.727728</ele><time>2026-09-14T22:55:08Z</time><extensions><speed>0.733092</speed><course>279.554381</course><hAcc>1.661876</hAcc><vAcc>0.690281</vAcc></extensions></trkpt>
      <trkpt lon="120.954864" lat="23.469268"><ele>3742.568596</ele><time>2026-09-14T22:55:09Z</time><extensions><speed>0.681924</speed><course>277.022216</course><hAcc>1.657797</hAcc><vAcc>0.690281</vAcc></extensions></trkpt>
      <trkpt lon="120.954857" lat="23.469269"><ele>3742.407123</ele><time>2026-09-14T22:55:10Z</time><extensions><speed>0.600474</speed><course>273.240467</course><hAcc>1.664674</hAcc><vAcc>0.690281</vAcc></extensions></trkpt>
      <trkpt lon="120.954852" lat="23.469269"><ele>3742.243107</ele><time>2026-09-14T22:55:11Z</time><extensions><speed>0.571445</speed><course>268.323474</course><hAcc>1.667559</hAcc><vAcc>0.690281</vAcc></extensions></trkpt>
      <trkpt lon="120.954846" lat="23.469268"><ele>3742.076241</ele><time>2026-09-14T22:55:12Z</time><extensions><speed>0.608714</speed><course>264.204296</course><hAcc>1.653370</hAcc><vAcc>0.690282</vAcc></extensions></trkpt>
      <trkpt lon="120.954839" lat="23.469268"><ele>3741.906280</ele><time>2026-09-14T22:55:13Z</time><extensions><speed>0.727561</speed><course>266.440783</course><hAcc>1.643253</hAcc><vAcc>0.690282</vAcc></extensions></trkpt>
      <trkpt lon="120.954832" lat="23.469267"><ele>3741.733089</ele><time>2026-09-14T22:55:14Z</time><extensions><speed>0.750882</speed><course>269.454487</course><hAcc>1.644784</hAcc><vAcc>0.690282</vAcc></extensions></trkpt>
      <trkpt lon="120.954824" lat="23.469268"><ele>3741.556674</ele><time>2026-09-14T22:55:15Z</time><extensions><speed>0.766421</speed><course>273.613537</course><hAcc>1.652681</hAcc><vAcc>0.690282</vAcc></extensions></trkpt>
      <trkpt lon="120.954817" lat="23.469268"><ele>3741.377234</ele><time>2026-09-14T22:55:16Z</time><extensions><speed>0.718343</speed><course>275.350168</course><hAcc>1.650262</hAcc><vAcc>0.690282</vAcc></extensions></trkpt>
      <trkpt lon="120.954810" lat="23.469269"><ele>3741.195012</ele><time>2026-09-14T22:55:17Z</time><extensions><speed>0.743917</speed><course>277.723894</course><hAcc>1.644309</hAcc><vAcc>0.690282</vAcc></extensions></trkpt>
      <trkpt lon="120.954803" lat="23.469270"><ele>3741.010286</ele><time>2026-09-14T22:55:18Z</time><extensions><speed>0.664729</speed><course>276.745095</course><hAcc>1.641630</hAcc><vAcc>0.690282</vAcc></extensions></trkpt>
      <trkpt lon="120.954797" lat="23.469270"><ele>3740.823274</ele><time>2026-09-14T22:55:19Z</time><extensions><speed>0.619973</speed><course>272.803214</course><hAcc>1.625528</hAcc><vAcc>0.690282</vAcc></extensions></trkpt>
      <trkpt lon="120.954791" lat="23.469270"><ele>3740.634084</ele><time>2026-09-14T22:55:20Z</time><extensions><speed>0.590386</speed><course>270.347217</course><hAcc>1.625792</hAcc><vAcc>0.690282</vAcc></extensions></trkpt>
      <trkpt lon="120.954785" lat="23.469270"><ele>3740.442760</ele><time>2026-09-14T22:55:21Z</time><extensions><speed>0.608291</speed><course>270.749665</course><hAcc>1.637625</hAcc><vAcc>0.690282</vAcc></extensions></trkpt>
      <trkpt lon="120.954779" lat="23.469271"><ele>3740.249333</ele><time>2026-09-14T22:55:22Z</time><extensions><speed>0.593190</speed><course>272.433753</course><hAcc>1.654881</hAcc><vAcc>0.690282</vAcc></extensions></trkpt>
      <trkpt lon="120.954773" lat="23.469271"><ele>3740.053823</ele><time>2026-09-14T22:55:23Z</time><extensions><speed>0.623029</speed><course>274.465627</course><hAcc>1.656462</hAcc><vAcc>0.690282</vAcc></extensions></trkpt>
      <trkpt lon="120.954767" lat="23.469271"><ele>3739.856253</ele><time>2026-09-14T22:55:24Z</time><extensions><speed>0.685136</speed><course>277.660856</course><hAcc>1.648782</hAcc><vAcc>0.690282</vAcc></extensions></trkpt>
      <trkpt lon="120.954760" lat="23.469272"><ele>3739.656696</ele><time>2026-09-14T22:55:25Z</time><extensions><speed>0.773058</speed><course>280.544033</course><hAcc>1.632619</hAcc><vAcc>0.690282</vAcc></extensions></trkpt>
      <trkpt lon="120.954752" lat="23.469274"><ele>3739.455268</ele><time>2026-09-14T22:55:26Z</time><extensions><speed>0.767178</speed><course>282.457836</course><hAcc>1.621851</hAcc><vAcc>0.690283</vAcc></extensions></trkpt>
      <trkpt lon="120.954745" lat="23.469275"><ele>3739.252209</ele><time>2026-09-14T22:55:27Z</time><extensions><speed>0.742494</speed><course>283.793538</course><hAcc>1.623865</hAcc><vAcc>0.690283</vAcc></extensions></trkpt>
      <trkpt lon="120.954738" lat="23.469277"><ele>3739.047829</ele><time>2026-09-14T22:55:28Z</time><extensions><speed>0.796632</speed><course>284.408386</course><hAcc>1.631391</hAcc><vAcc>0.690283</vAcc></extensions></trkpt>
      <trkpt lon="120.954730" lat="23.469279"><ele>3738.842474</ele><time>2026-09-14T22:55:29Z</time><extensions><speed>0.819021</speed><course>284.435051</course><hAcc>1.631194</hAcc><vAcc>0.690283</vAcc></extensions></trkpt>
      <trkpt lon="120.954723" lat="23.469281"><ele>3738.636611</ele><time>2026-09-14T22:55:30Z</time><extensions><speed>0.808116</speed><course>284.365258</course><hAcc>1.630665</hAcc><vAcc>0.690283</vAcc></extensions></trkpt>
      <trkpt lon="120.954715" lat="23.469282"><ele>3738.430677</ele><time>2026-09-14T22:55:31Z</time><extensions><speed>0.811799</speed><course>283.865698</course><hAcc>1.623746</hAcc><vAcc>0.690283</vAcc></extensions></trkpt>
      <trkpt lon="120.954707" lat="23.469284"><ele>3738.225123</ele><time>2026-09-14T22:55:32Z</time><extensions><speed>0.783622</speed><course>282.763306</course><hAcc>1.607709</hAcc><vAcc>0.690283</vAcc></extensions></trkpt>
      <trkpt lon="120.954700" lat="23.469285"><ele>3738.020393</ele><time>2026-09-14T22:55:33Z</time><extensions><speed>0.742838</speed><course>282.543858</course><hAcc>1.618792</hAcc><vAcc>0.690283</vAcc></extensions></trkpt>
      <trkpt lon="120.954693" lat="23.469287"><ele>3737.816889</ele><time>2026-09-14T22:55:34Z</time><extensions><speed>0.735560</speed><course>283.028731</course><hAcc>1.639667</hAcc><vAcc>0.690283</vAcc></extensions></trkpt>
      <trkpt lon="120.954686" lat="23.469288"><ele>3737.615041</ele><time>2026-09-14T22:55:35Z</time><extensions><speed>0.682040</speed><course>281.468577</course><hAcc>1.622259</hAcc><vAcc>0.690283</vAcc></extensions></trkpt>
      <trkpt lon="120.954679" lat="23.469289"><ele>3737.415225</ele><time>2026-09-14T22:55:36Z</time><extensions><speed>0.623587</speed><course>279.104193</course><hAcc>1.605899</hAcc><vAcc>0.690283</vAcc></extensions></trkpt>
      <trkpt lon="120.954674" lat="23.469290"><ele>3737.217796</ele><time>2026-09-14T22:55:37Z</time><extensions><speed>0.583254</speed><course>276.644467</course><hAcc>1.597982</hAcc><vAcc>0.690283</vAcc></extensions></trkpt>
      <trkpt lon="120.954668" lat="23.469291"><ele>3737.023074</ele><time>2026-09-14T22:55:38Z</time><extensions><speed>0.636257</speed><course>276.213904</course><hAcc>1.598761</hAcc><vAcc>0.690283</vAcc></extensions></trkpt>
      <trkpt lon="120.954662" lat="23.469291"><ele>3736.831230</ele><time>2026-09-14T22:55:39Z</time><extensions><speed>0.619060</speed><course>278.589005</course><hAcc>1.630150</hAcc><vAcc>0.690283</vAcc></extensions></trkpt>
      <trkpt lon="120.954655" lat="23.469292"><ele>3736.642415</ele><time>2026-09-14T22:55:40Z</time><extensions><speed>0.792765</speed><course>278.376714</course><hAcc>1.616520</hAcc><vAcc>0.690283</vAcc></extensions></trkpt>
      <trkpt lon="120.954646" lat="23.469294"><ele>3736.456672</ele><time>2026-09-14T22:55:41Z</time><extensions><speed>0.974662</speed><course>277.519371</course><hAcc>1.601592</hAcc><vAcc>0.690283</vAcc></extensions></trkpt>
      <trkpt lon="120.954637" lat="23.469295"><ele>3736.274007</ele><time>2026-09-14T22:55:42Z</time><extensions><speed>0.984098</speed><course>277.867722</course><hAcc>1.601019</hAcc><vAcc>0.690283</vAcc></extensions></trkpt>
      <trkpt lon="120.954628" lat="23.469296"><ele>3736.094435</ele><time>2026-09-14T22:55:43Z</time><extensions><speed>0.852335</speed><course>278.106405</course><hAcc>1.598202</hAcc><vAcc>0.690283</vAcc></extensions></trkpt>
      <trkpt lon="120.954620" lat="23.469297"><ele>3735.917963</ele><time>2026-09-14T22:55:44Z</time><extensions><speed>0.735314</speed><course>279.234577</course><hAcc>1.606914</hAcc><vAcc>0.690283</vAcc></extensions></trkpt>
      <trkpt lon="120.954613" lat="23.469298"><ele>3735.744588</ele><time>2026-09-14T22:55:45Z</time><extensions><speed>0.696475</speed><course>280.502669</course><hAcc>1.604869</hAcc><vAcc>0.690283</vAcc></extensions></trkpt>
      <trkpt lon="120.954606" lat="23.469299"><ele>3735.574302</ele><time>2026-09-14T22:55:46Z</time><extensions><speed>0.709417</speed><course>281.329839</course><hAcc>1.599612</hAcc><vAcc>0.690283</vAcc></extensions></trkpt>
      <trkpt lon="120.954600" lat="23.469300"><ele>3735.407063</ele><time>2026-09-14T22:55:47Z</time><extensions><speed>0.683810</speed><course>280.669234</course><hAcc>1.609983</hAcc><vAcc>0.690283</vAcc></extensions></trkpt>
      <trkpt lon="120.954593" lat="23.469301"><ele>3735.242743</ele><time>2026-09-14T22:55:48Z</time><extensions><speed>0.759056</speed><course>278.041624</course><hAcc>1.597977</hAcc><vAcc>0.690283</vAcc></extensions></trkpt>
      <trkpt lon="120.954585" lat="23.469302"><ele>3735.081130</ele><time>2026-09-14T22:55:49Z</time><extensions><speed>0.694245</speed><course>275.850670</course><hAcc>1.589034</hAcc><vAcc>0.690283</vAcc></extensions></trkpt>
      <trkpt lon="120.954579" lat="23.469303"><ele>3734.921944</ele><time>2026-09-14T22:55:50Z</time><extensions><speed>0.700330</speed><course>274.288808</course><hAcc>1.588817</hAcc><vAcc>0.690283</vAcc></extensions></trkpt>
      <trkpt lon="120.954572" lat="23.469303"><ele>3734.764828</ele><time>2026-09-14T22:55:51Z</time><extensions><speed>0.706124</speed><course>273.698190</course><hAcc>1.598944</hAcc><vAcc>0.690283</vAcc></extensions></trkpt>
      <trkpt lon="120.954565" lat="23.469304"><ele>3734.609357</ele><time>2026-09-14T22:55:52Z</time><extensions><speed>0.789443</speed><course>273.501709</course><hAcc>1.603065</hAcc><vAcc>0.690283</vAcc></extensions></trkpt>
      <trkpt lon="120.954557" lat="23.469304"><ele>3734.455150</ele><time>2026-09-14T22:55:53Z</time><extensions><speed>0.802901</speed><course>272.280366</course><hAcc>1.611246</hAcc><vAcc>0.690283</vAcc></extensions></trkpt>
      <trkpt lon="120.954549" lat="23.469304"><ele>3734.301613</ele><time>2026-09-14T22:55:54Z</time><extensions><speed>0.713794</speed><course>271.316836</course><hAcc>1.608541</hAcc><vAcc>0.690283</vAcc></extensions></trkpt>
      <trkpt lon="120.954543" lat="23.469304"><ele>3734.148674</ele><time>2026-09-14T22:55:55Z</time><extensions><speed>0.616985</speed><course>268.747427</course><hAcc>1.618470</hAcc><vAcc>0.690283</vAcc></extensions></trkpt>
      <trkpt lon="120.954537" lat="23.469304"><ele>3733.996723</ele><time>2026-09-14T22:55:56Z</time><extensions><speed>0.599544</speed><course>261.680199</course><hAcc>1.629677</hAcc><vAcc>0.690283</vAcc></extensions></trkpt>
      <trkpt lon="120.954531" lat="23.469303"><ele>3733.846607</ele><time>2026-09-14T22:55:57Z</time><extensions><speed>0.579857</speed><course>262.242403</course><hAcc>1.640941</hAcc><vAcc>0.690283</vAcc></extensions></trkpt>
      <trkpt lon="120.954526" lat="23.469302"><ele>3733.698595</ele><time>2026-09-14T22:55:58Z</time><extensions><speed>0.542963</speed><course>261.982103</course><hAcc>1.650439</hAcc><vAcc>0.690283</vAcc></extensions></trkpt>
      <trkpt lon="120.954521" lat="23.469301"><ele>3733.553122</ele><time>2026-09-14T22:55:59Z</time><extensions><speed>0.492497</speed><course>259.903897</course><hAcc>1.665433</hAcc><vAcc>0.690283</vAcc></extensions></trkpt>
      <trkpt lon="120.954516" lat="23.469301"><ele>3733.410632</ele><time>2026-09-14T22:56:00Z</time><extensions><speed>0.508462</speed><course>264.648322</course><hAcc>1.679945</hAcc><vAcc>0.690283</vAcc></extensions></trkpt>
      <trkpt lon="120.954511" lat="23.469300"><ele>3733.271449</ele><time>2026-09-14T22:56:01Z</time><extensions><speed>0.438980</speed><course>255.240751</course><hAcc>1.677700</hAcc><vAcc>0.690283</vAcc></extensions></trkpt>
      <trkpt lon="120.954507" lat="23.469299"><ele>3733.135605</ele><time>2026-09-14T22:56:02Z</time><extensions><speed>0.364473</speed><course>252.642337</course><hAcc>1.665379</hAcc><vAcc>0.690283</vAcc></extensions></trkpt>
      <trkpt lon="120.954504" lat="23.469298"><ele>3733.002690</ele><time>2026-09-14T22:56:03Z</time><extensions><speed>0.418158</speed><course>252.051599</course><hAcc>1.663132</hAcc><vAcc>0.690283</vAcc></extensions></trkpt>
      <trkpt lon="120.954500" lat="23.469297"><ele>3732.871549</ele><time>2026-09-14T22:56:04Z</time><extensions><speed>0.425295</speed><course>254.942783</course><hAcc>1.677715</hAcc><vAcc>0.690283</vAcc></extensions></trkpt>
      <trkpt lon="120.954495" lat="23.469296"><ele>3732.740207</ele><time>2026-09-14T22:56:05Z</time><extensions><speed>0.551177</speed><course>257.167693</course><hAcc>1.698350</hAcc><vAcc>0.690283</vAcc></extensions></trkpt>
      <trkpt lon="120.954490" lat="23.469295"><ele>3732.606337</ele><time>2026-09-14T22:56:06Z</time><extensions><speed>0.554438</speed><course>263.831302</course><hAcc>1.715318</hAcc><vAcc>0.690283</vAcc></extensions></trkpt>
      <trkpt lon="120.954485" lat="23.469295"><ele>3732.468142</ele><time>2026-09-14T22:56:07Z</time><extensions><speed>0.467480</speed><course>269.953655</course><hAcc>1.728591</hAcc><vAcc>0.690283</vAcc></extensions></trkpt>
      <trkpt lon="120.954481" lat="23.469295"><ele>3732.324862</ele><time>2026-09-14T22:56:08Z</time><extensions><speed>0.310982</speed><course>275.745234</course><hAcc>1.729806</hAcc><vAcc>0.690283</vAcc></extensions></trkpt>
      <trkpt lon="120.954478" lat="23.469295"><ele>3732.176643</ele><time>2026-09-14T22:56:09Z</time><extensions><speed>0.287877</speed><course>275.980921</course><hAcc>1.722201</hAcc><vAcc>0.690283</vAcc></extensions></trkpt>
      <trkpt lon="120.954475" lat="23.469295"><ele>3732.024137</ele><time>2026-09-14T22:56:10Z</time><extensions><speed>0.280701</speed><course>266.349118</course><hAcc>1.729896</hAcc><vAcc>0.690283</vAcc></extensions></trkpt>
      <trkpt lon="120.954473" lat="23.469295"><ele>3731.868186</ele><time>2026-09-14T22:56:11Z</time><extensions><speed>0.291249</speed><course>241.637789</course><hAcc>1.750294</hAcc><vAcc>0.690283</vAcc></extensions></trkpt>
      <trkpt lon="120.954470" lat="23.469293"><ele>3731.709633</ele><time>2026-09-14T22:56:12Z</time><extensions><speed>0.316505</speed><course>224.298246</course><hAcc>1.763210</hAcc><vAcc>0.690283</vAcc></extensions></trkpt>
      <trkpt lon="120.954469" lat="23.469290"><ele>3731.549173</ele><time>2026-09-14T22:56:13Z</time><extensions><speed>0.364970</speed><course>205.795874</course><hAcc>1.767074</hAcc><vAcc>0.690283</vAcc></extensions></trkpt>
      <trkpt lon="120.954468" lat="23.469287"><ele>3731.387315</ele><time>2026-09-14T22:56:14Z</time><extensions><speed>0.400296</speed><course>186.009990</course><hAcc>1.767977</hAcc><vAcc>0.690283</vAcc></extensions></trkpt>
      <trkpt lon="120.954468" lat="23.469283"><ele>3731.224392</ele><time>2026-09-14T22:56:15Z</time><extensions><speed>0.424837</speed><course>168.537916</course><hAcc>1.768793</hAcc><vAcc>0.690283</vAcc></extensions></trkpt>
      <trkpt lon="120.954469" lat="23.469280"><ele>3731.060602</ele><time>2026-09-14T22:56:16Z</time><extensions><speed>0.436248</speed><course>150.074708</course><hAcc>1.768819</hAcc><vAcc>0.690283</vAcc></extensions></trkpt>
      <trkpt lon="120.954472" lat="23.469277"><ele>3730.896007</ele><time>2026-09-14T22:56:17Z</time><extensions><speed>0.494531</speed><course>133.585096</course><hAcc>1.766052</hAcc><vAcc>0.690283</vAcc></extensions></trkpt>
      <trkpt lon="120.954477" lat="23.469274"><ele>3730.730703</ele><time>2026-09-14T22:56:18Z</time><extensions><speed>0.581502</speed><course>122.175056</course><hAcc>1.761958</hAcc><vAcc>0.690283</vAcc></extensions></trkpt>
      <trkpt lon="120.954482" lat="23.469271"><ele>3730.564807</ele><time>2026-09-14T22:56:19Z</time><extensions><speed>0.676293</speed><course>115.037283</course><hAcc>1.758782</hAcc><vAcc>0.690283</vAcc></extensions></trkpt>
      <trkpt lon="120.954489" lat="23.469268"><ele>3730.398412</ele><time>2026-09-14T22:56:20Z</time><extensions><speed>0.773971</speed><course>111.339606</course><hAcc>1.757057</hAcc><vAcc>0.690283</vAcc></extensions></trkpt>
      <trkpt lon="120.954496" lat="23.469266"><ele>3730.231872</ele><time>2026-09-14T22:56:21Z</time><extensions><speed>0.845884</speed><course>109.349185</course><hAcc>1.757262</hAcc><vAcc>0.690283</vAcc></extensions></trkpt>
      <trkpt lon="120.954504" lat="23.469263"><ele>3730.065551</ele><time>2026-09-14T22:56:22Z</time><extensions><speed>0.898488</speed><course>108.531577</course><hAcc>1.758025</hAcc><vAcc>0.690283</vAcc></extensions></trkpt>
      <trkpt lon="120.954513" lat="23.469261"><ele>3729.899992</ele><time>2026-09-14T22:56:23Z</time><extensions><speed>0.930263</speed><course>108.273946</course><hAcc>1.759317</hAcc><vAcc>0.690283</vAcc></extensions></trkpt>
      <trkpt lon="120.954522" lat="23.469258"><ele>3729.735911</ele><time>2026-09-14T22:56:24Z</time><extensions><speed>0.945860</speed><course>108.202301</course><hAcc>1.759526</hAcc><vAcc>0.690283</vAcc></extensions></trkpt>
      <trkpt lon="120.954530" lat="23.469255"><ele>3729.574046</ele><time>2026-09-14T22:56:25Z</time><extensions><speed>0.934411</speed><course>108.086264</course><hAcc>1.760482</hAcc><vAcc>0.690283</vAcc></extensions></trkpt>
      <trkpt lon="120.954539" lat="23.469253"><ele>3729.415317</ele><time>2026-09-14T22:56:26Z</time><extensions><speed>0.966766</speed><course>108.053198</course><hAcc>1.761373</hAcc><vAcc>0.690283</vAcc></extensions></trkpt>
      <trkpt lon="120.954548" lat="23.469250"><ele>3729.260624</ele><time>2026-09-14T22:56:27Z</time><extensions><speed>0.951374</speed><course>106.908906</course><hAcc>1.761729</hAcc><vAcc>0.690283</vAcc></extensions></trkpt>
      <trkpt lon="120.954557" lat="23.469248"><ele>3729.110789</ele><time>2026-09-14T22:56:28Z</time><extensions><speed>0.866742</speed><course>105.407747</course><hAcc>1.762423</hAcc><vAcc>0.690283</vAcc></extensions></trkpt>
      <trkpt lon="120.954565" lat="23.469245"><ele>3728.966519</ele><time>2026-09-14T22:56:29Z</time><extensions><speed>0.837218</speed><course>105.813588</course><hAcc>1.762232</hAcc><vAcc>0.690283</vAcc></extensions></trkpt>
      <trkpt lon="120.954573" lat="23.469243"><ele>3728.828303</ele><time>2026-09-14T22:56:30Z</time><extensions><speed>0.806938</speed><course>108.215330</course><hAcc>1.760843</hAcc><vAcc>0.690283</vAcc></extensions></trkpt>
      <trkpt lon="120.954580" lat="23.469241"><ele>3728.696354</ele><time>2026-09-14T22:56:31Z</time><extensions><speed>0.789514</speed><course>111.941192</course><hAcc>1.760198</hAcc><vAcc>0.690283</vAcc></extensions></trkpt>
      <trkpt lon="120.954587" lat="23.469238"><ele>3728.570611</ele><time>2026-09-14T22:56:32Z</time><extensions><speed>0.772777</speed><course>116.160602</course><hAcc>1.761824</hAcc><vAcc>0.690283</vAcc></extensions></trkpt>
      <trkpt lon="120.954594" lat="23.469235"><ele>3728.450767</ele><time>2026-09-14T22:56:33Z</time><extensions><speed>0.785871</speed><course>120.326147</course><hAcc>1.760430</hAcc><vAcc>0.690283</vAcc></extensions></trkpt>
      <trkpt lon="120.954601" lat="23.469231"><ele>3728.336309</ele><time>2026-09-14T22:56:34Z</time><extensions><speed>0.825046</speed><course>123.331108</course><hAcc>1.757790</hAcc><vAcc>0.690283</vAcc></extensions></trkpt>
      <trkpt lon="120.954608" lat="23.469226"><ele>3728.226537</ele><time>2026-09-14T22:56:35Z</time><extensions><speed>0.844012</speed><course>124.949512</course><hAcc>1.757304</hAcc><vAcc>0.690283</vAcc></extensions></trkpt>
      <trkpt lon="120.954614" lat="23.469222"><ele>3728.120722</ele><time>2026-09-14T22:56:36Z</time><extensions><speed>0.848631</speed><course>125.248193</course><hAcc>1.756905</hAcc><vAcc>0.690283</vAcc></extensions></trkpt>
      <trkpt lon="120.954621" lat="23.469218"><ele>3728.018127</ele><time>2026-09-14T22:56:37Z</time><extensions><speed>0.841763</speed><course>124.516468</course><hAcc>1.756729</hAcc><vAcc>0.690283</vAcc></extensions></trkpt>
      <trkpt lon="120.954628" lat="23.469213"><ele>3727.918069</ele><time>2026-09-14T22:56:38Z</time><extensions><speed>0.825563</speed><course>123.615972</course><hAcc>1.756684</hAcc><vAcc>0.690283</vAcc></extensions></trkpt>
      <trkpt lon="120.954635" lat="23.469209"><ele>3727.820032</ele><time>2026-09-14T22:56:39Z</time><extensions><speed>0.819330</speed><course>123.469262</course><hAcc>1.756130</hAcc><vAcc>0.690283</vAcc></extensions></trkpt>
      <trkpt lon="120.954641" lat="23.469205"><ele>3727.723663</ele><time>2026-09-14T22:56:40Z</time><extensions><speed>0.815401</speed><course>124.211285</course><hAcc>1.757376</hAcc><vAcc>0.690283</vAcc></extensions></trkpt>
      <trkpt lon="120.954648" lat="23.469201"><ele>3727.628755</ele><time>2026-09-14T22:56:41Z</time><extensions><speed>0.824283</speed><course>125.384620</course><hAcc>1.759145</hAcc><vAcc>0.690283</vAcc></extensions></trkpt>
      <trkpt lon="120.954655" lat="23.469196"><ele>3727.535242</ele><time>2026-09-14T22:56:42Z</time><extensions><speed>0.832103</speed><course>126.594453</course><hAcc>1.759135</hAcc><vAcc>0.690283</vAcc></extensions></trkpt>
      <trkpt lon="120.954661" lat="23.469192"><ele>3727.443173</ele><time>2026-09-14T22:56:43Z</time><extensions><speed>0.821637</speed><course>127.883295</course><hAcc>1.759406</hAcc><vAcc>0.690283</vAcc></extensions></trkpt>
      <trkpt lon="120.954667" lat="23.469187"><ele>3727.352635</ele><time>2026-09-14T22:56:44Z</time><extensions><speed>0.798385</speed><course>129.656254</course><hAcc>1.761318</hAcc><vAcc>0.690283</vAcc></extensions></trkpt>
      <trkpt lon="120.954673" lat="23.469182"><ele>3727.263702</ele><time>2026-09-14T22:56:45Z</time><extensions><speed>0.792799</speed><course>131.869605</course><hAcc>1.763850</hAcc><vAcc>0.690283</vAcc></extensions></trkpt>
      <trkpt lon="120.954679" lat="23.469177"><ele>3727.176342</ele><time>2026-09-14T22:56:46Z</time><extensions><speed>0.800789</speed><course>134.568260</course><hAcc>1.764666</hAcc><vAcc>0.690283</vAcc></extensions></trkpt>
      <trkpt lon="120.954685" lat="23.469172"><ele>3727.090395</ele><time>2026-09-14T22:56:47Z</time><extensions><speed>0.814440</speed><course>137.762402</course><hAcc>1.765874</hAcc><vAcc>0.690283</vAcc></extensions></trkpt>
      <trkpt lon="120.954690" lat="23.469166"><ele>3727.005619</ele><time>2026-09-14T22:56:48Z</time><extensions><speed>0.832004</speed><course>140.797926</course><hAcc>1.765873</hAcc><vAcc>0.690283</vAcc></extensions></trkpt>
      <trkpt lon="120.954695" lat="23.469160"><ele>3726.921618</ele><time>2026-09-14T22:56:49Z</time><extensions><speed>0.879358</speed><course>142.837828</course><hAcc>1.767221</hAcc><vAcc>0.690283</vAcc></extensions></trkpt>
      <trkpt lon="120.954700" lat="23.469154"><ele>3726.837975</ele><time>2026-09-14T22:56:50Z</time><extensions><speed>0.900099</speed><course>145.098055</course><hAcc>1.767034</hAcc><vAcc>0.690283</vAcc></extensions></trkpt>
      <trkpt lon="120.954705" lat="23.469147"><ele>3726.754297</ele><time>2026-09-14T22:56:51Z</time><extensions><speed>0.958994</speed><course>145.945263</course><hAcc>1.765790</hAcc><vAcc>0.690283</vAcc></extensions></trkpt>
      <trkpt lon="120.954711" lat="23.469139"><ele>3726.670220</ele><time>2026-09-14T22:56:52Z</time><extensions><speed>0.969772</speed><course>146.341139</course><hAcc>1.764966</hAcc><vAcc>0.690283</vAcc></extensions></trkpt>
      <trkpt lon="120.954716" lat="23.469132"><ele>3726.585467</ele><time>2026-09-14T22:56:53Z</time><extensions><speed>0.955941</speed><course>145.692760</course><hAcc>1.764417</hAcc><vAcc>0.690283</vAcc></extensions></trkpt>
      <trkpt lon="120.954722" lat="23.469125"><ele>3726.499739</ele><time>2026-09-14T22:56:54Z</time><extensions><speed>0.924807</speed><course>143.813455</course><hAcc>1.763565</hAcc><vAcc>0.690283</vAcc></extensions></trkpt>
      <trkpt lon="120.954727" lat="23.469119"><ele>3726.412766</ele><time>2026-09-14T22:56:55Z</time><extensions><speed>0.855796</speed><course>141.091031</course><hAcc>1.763424</hAcc><vAcc>0.690282</vAcc></extensions></trkpt>
      <trkpt lon="120.954732" lat="23.469113"><ele>3726.324330</ele><time>2026-09-14T22:56:56Z</time><extensions><speed>0.779594</speed><course>137.816669</course><hAcc>1.762325</hAcc><vAcc>0.690282</vAcc></extensions></trkpt>
      <trkpt lon="120.954737" lat="23.469108"><ele>3726.234309</ele><time>2026-09-14T22:56:57Z</time><extensions><speed>0.747537</speed><course>133.034687</course><hAcc>1.763059</hAcc><vAcc>0.690281</vAcc></extensions></trkpt>
      <trkpt lon="120.954743" lat="23.469104"><ele>3726.142439</ele><time>2026-09-14T22:56:58Z</time><extensions><speed>0.765607</speed><course>127.284399</course><hAcc>1.763569</hAcc><vAcc>0.690281</vAcc></extensions></trkpt>
      <trkpt lon="120.954750" lat="23.469100"><ele>3726.048965</ele><time>2026-09-14T22:56:59Z</time><extensions><speed>0.800669</speed><course>121.133767</course><hAcc>1.763067</hAcc><vAcc>0.690282</vAcc></extensions></trkpt>
      <trkpt lon="120.954757" lat="23.469096"><ele>3725.954443</ele><time>2026-09-14T22:57:00Z</time><extensions><speed>0.846692</speed><course>115.034754</course><hAcc>1.763143</hAcc><vAcc>0.690283</vAcc></extensions></trkpt>
      <trkpt lon="120.954765" lat="23.469093"><ele>3725.859600</ele><time>2026-09-14T22:57:01Z</time><extensions><speed>0.895602</speed><course>110.173835</course><hAcc>1.763472</hAcc><vAcc>0.690284</vAcc></extensions></trkpt>
      <trkpt lon="120.954773" lat="23.469091"><ele>3725.764780</ele><time>2026-09-14T22:57:02Z</time><extensions><speed>0.939140</speed><course>107.620717</course><hAcc>1.763912</hAcc><vAcc>0.690284</vAcc></extensions></trkpt>
      <trkpt lon="120.954782" lat="23.469088"><ele>3725.670492</ele><time>2026-09-14T22:57:03Z</time><extensions><speed>0.919009</speed><course>105.958936</course><hAcc>1.764006</hAcc><vAcc>0.690284</vAcc></extensions></trkpt>
      <trkpt lon="120.954791" lat="23.469086"><ele>3725.577256</ele><time>2026-09-14T22:57:04Z</time><extensions><speed>0.916989</speed><course>106.853433</course><hAcc>1.764270</hAcc><vAcc>0.690284</vAcc></extensions></trkpt>
      <trkpt lon="120.954799" lat="23.469083"><ele>3725.485511</ele><time>2026-09-14T22:57:05Z</time><extensions><speed>0.884139</speed><course>109.123054</course><hAcc>1.765359</hAcc><vAcc>0.690284</vAcc></extensions></trkpt>
      <trkpt lon="120.954807" lat="23.469080"><ele>3725.395472</ele><time>2026-09-14T22:57:06Z</time><extensions><speed>0.924267</speed><course>114.423201</course><hAcc>1.763590</hAcc><vAcc>0.690284</vAcc></extensions></trkpt>
      <trkpt lon="120.954815" lat="23.469077"><ele>3725.306835</ele><time>2026-09-14T22:57:07Z</time><extensions><speed>0.901310</speed><course>118.913865</course><hAcc>1.761951</hAcc><vAcc>0.690284</vAcc></extensions></trkpt>
      <trkpt lon="120.954822" lat="23.469073"><ele>3725.218650</ele><time>2026-09-14T22:57:08Z</time><extensions><speed>0.820235</speed><course>122.628969</course><hAcc>1.761909</hAcc><vAcc>0.690284</vAcc></extensions></trkpt>
      <trkpt lon="120.954829" lat="23.469069"><ele>3725.129272</ele><time>2026-09-14T22:57:09Z</time><extensions><speed>0.736077</speed><course>125.839477</course><hAcc>1.761487</hAcc><vAcc>0.690284</vAcc></extensions></trkpt>
      <trkpt lon="120.954834" lat="23.469065"><ele>3725.036791</ele><time>2026-09-14T22:57:10Z</time><extensions><speed>0.665560</speed><course>128.321106</course><hAcc>1.762234</hAcc><vAcc>0.690284</vAcc></extensions></trkpt>
      <trkpt lon="120.954839" lat="23.469061"><ele>3724.939701</ele><time>2026-09-14T22:57:11Z</time><extensions><speed>0.621955</speed><course>130.042304</course><hAcc>1.762792</hAcc><vAcc>0.690284</vAcc></extensions></trkpt>
      <trkpt lon="120.954843" lat="23.469058"><ele>3724.837268</ele><time>2026-09-14T22:57:12Z</time><extensions><speed>0.505560</speed><course>131.743306</course><hAcc>1.763347</hAcc><vAcc>0.690284</vAcc></extensions></trkpt>
      <trkpt lon="120.954847" lat="23.469055"><ele>3724.729463</ele><time>2026-09-14T22:57:13Z</time><extensions><speed>0.439428</speed><course>134.570387</course><hAcc>1.762602</hAcc><vAcc>0.690284</vAcc></extensions></trkpt>
      <trkpt lon="120.954850" lat="23.469052"><ele>3724.616629</ele><time>2026-09-14T22:57:14Z</time><extensions><speed>0.399192</speed><course>137.755030</course><hAcc>1.762552</hAcc><vAcc>0.690284</vAcc></extensions></trkpt>
      <trkpt lon="120.954852" lat="23.469049"><ele>3724.499259</ele><time>2026-09-14T22:57:15Z</time><extensions><speed>0.441937</speed><course>139.271034</course><hAcc>1.761185</hAcc><vAcc>0.690284</vAcc></extensions></trkpt>
      <trkpt lon="120.954855" lat="23.469046"><ele>3724.378013</ele><time>2026-09-14T22:57:16Z</time><extensions><speed>0.412065</speed><course>142.340858</course><hAcc>1.760358</hAcc><vAcc>0.690284</vAcc></extensions></trkpt>
      <trkpt lon="120.954857" lat="23.469043"><ele>3724.253429</ele><time>2026-09-14T22:57:17Z</time><extensions><speed>0.414724</speed><course>146.615133</course><hAcc>1.757523</hAcc><vAcc>0.690284</vAcc></extensions></trkpt>
      <trkpt lon="120.954860" lat="23.469040"><ele>3724.125981</ele><time>2026-09-14T22:57:18Z</time><extensions><speed>0.460247</speed><course>150.574954</course><hAcc>1.758659</hAcc><vAcc>0.690284</vAcc></extensions></trkpt>
      <trkpt lon="120.954862" lat="23.469036"><ele>3723.995966</ele><time>2026-09-14T22:57:19Z</time><extensions><speed>0.595667</speed><course>150.952735</course><hAcc>1.759323</hAcc><vAcc>0.690284</vAcc></extensions></trkpt>
      <trkpt lon="120.954865" lat="23.469031"><ele>3723.863383</ele><time>2026-09-14T22:57:20Z</time><extensions><speed>0.596362</speed><course>150.291396</course><hAcc>1.753574</hAcc><vAcc>0.690284</vAcc></extensions></trkpt>
      <trkpt lon="120.954868" lat="23.469026"><ele>3723.728099</ele><time>2026-09-14T22:57:21Z</time><extensions><speed>0.624119</speed><course>148.889833</course><hAcc>1.723543</hAcc><vAcc>0.690284</vAcc></extensions></trkpt>
      <trkpt lon="120.954871" lat="23.469022"><ele>3723.589674</ele><time>2026-09-14T22:57:22Z</time><extensions><speed>0.580091</speed><course>146.501385</course><hAcc>1.691678</hAcc><vAcc>0.690284</vAcc></extensions></trkpt>
      <trkpt lon="120.954875" lat="23.469016"><ele>3723.447576</ele><time>2026-09-14T22:57:23Z</time><extensions><speed>0.766860</speed><course>143.942686</course><hAcc>1.663056</hAcc><vAcc>0.690284</vAcc></extensions></trkpt>
      <trkpt lon="120.954880" lat="23.469011"><ele>3723.301318</ele><time>2026-09-14T22:57:24Z</time><extensions><speed>0.847056</speed><course>142.579578</course><hAcc>1.651546</hAcc><vAcc>0.690284</vAcc></extensions></trkpt>
      <trkpt lon="120.954885" lat="23.469004"><ele>3723.150397</ele><time>2026-09-14T22:57:25Z</time><extensions><speed>0.907066</speed><course>142.802433</course><hAcc>1.642892</hAcc><vAcc>0.690284</vAcc></extensions></trkpt>
      <trkpt lon="120.954890" lat="23.468998"><ele>3722.994425</ele><time>2026-09-14T22:57:26Z</time><extensions><speed>0.967388</speed><course>143.899468</course><hAcc>1.616568</hAcc><vAcc>0.690284</vAcc></extensions></trkpt>
      <trkpt lon="120.954895" lat="23.468991"><ele>3722.833119</ele><time>2026-09-14T22:57:27Z</time><extensions><speed>0.874906</speed><course>145.419166</course><hAcc>1.597219</hAcc><vAcc>0.690284</vAcc></extensions></trkpt>
      <trkpt lon="120.954900" lat="23.468985"><ele>3722.666293</ele><time>2026-09-14T22:57:28Z</time><extensions><speed>0.807922</speed><course>146.975490</course><hAcc>1.584139</hAcc><vAcc>0.690284</vAcc></extensions></trkpt>
      <trkpt lon="120.954904" lat="23.468978"><ele>3722.493859</ele><time>2026-09-14T22:57:29Z</time><extensions><speed>0.868237</speed><course>147.883672</course><hAcc>1.571500</hAcc><vAcc>0.690284</vAcc></extensions></trkpt>
      <trkpt lon="120.954909" lat="23.468971"><ele>3722.315930</ele><time>2026-09-14T22:57:30Z</time><extensions><speed>0.900318</speed><course>147.304487</course><hAcc>1.568202</hAcc><vAcc>0.690284</vAcc></extensions></trkpt>
      <trkpt lon="120.954913" lat="23.468965"><ele>3722.132743</ele><time>2026-09-14T22:57:31Z</time><extensions><speed>0.828753</speed><course>148.291142</course><hAcc>1.571634</hAcc><vAcc>0.690284</vAcc></extensions></trkpt>
      <trkpt lon="120.954917" lat="23.468958"><ele>3721.944754</ele><time>2026-09-14T22:57:32Z</time><extensions><speed>0.789084</speed><course>148.960180</course><hAcc>1.577727</hAcc><vAcc>0.690284</vAcc></extensions></trkpt>
      <trkpt lon="120.954921" lat="23.468952"><ele>3721.752615</ele><time>2026-09-14T22:57:33Z</time><extensions><speed>0.765602</speed><course>147.902970</course><hAcc>1.588268</hAcc><vAcc>0.690284</vAcc></extensions></trkpt>
      <trkpt lon="120.954925" lat="23.468947"><ele>3721.557122</ele><time>2026-09-14T22:57:34Z</time><extensions><speed>0.746780</speed><course>143.990828</course><hAcc>1.597595</hAcc><vAcc>0.690284</vAcc></extensions></trkpt>
      <trkpt lon="120.954930" lat="23.468941"><ele>3721.359161</ele><time>2026-09-14T22:57:35Z</time><extensions><speed>0.708928</speed><course>142.993601</course><hAcc>1.605277</hAcc><vAcc>0.690283</vAcc></extensions></trkpt>
      <trkpt lon="120.954934" lat="23.468936"><ele>3721.159634</ele><time>2026-09-14T22:57:36Z</time><extensions><speed>0.670024</speed><course>146.150631</course><hAcc>1.592098</hAcc><vAcc>0.690283</vAcc></extensions></trkpt>
      <trkpt lon="120.954938" lat="23.468931"><ele>3720.959427</ele><time>2026-09-14T22:57:37Z</time><extensions><speed>0.709995</speed><course>144.142345</course><hAcc>1.592200</hAcc><vAcc>0.690283</vAcc></extensions></trkpt>
      <trkpt lon="120.954942" lat="23.468925"><ele>3720.759361</ele><time>2026-09-14T22:57:38Z</time><extensions><speed>0.841004</speed><course>141.418656</course><hAcc>1.603134</hAcc><vAcc>0.690283</vAcc></extensions></trkpt>
      <trkpt lon="120.954948" lat="23.468919"><ele>3720.560025</ele><time>2026-09-14T22:57:39Z</time><extensions><speed>1.010233</speed><course>137.774363</course><hAcc>1.617658</hAcc><vAcc>0.690283</vAcc></extensions></trkpt>
      <trkpt lon="120.954955" lat="23.468912"><ele>3720.361960</ele><time>2026-09-14T22:57:40Z</time><extensions><speed>1.008246</speed><course>137.065156</course><hAcc>1.612283</hAcc><vAcc>0.690283</vAcc></extensions></trkpt>
      <trkpt lon="120.954961" lat="23.468906"><ele>3720.165516</ele><time>2026-09-14T22:57:41Z</time><extensions><speed>0.759135</speed><course>137.464994</course><hAcc>1.604383</hAcc><vAcc>0.690283</vAcc></extensions></trkpt>
      <trkpt lon="120.954965" lat="23.468903"><ele>3719.970904</ele><time>2026-09-14T22:57:42Z</time><extensions><speed>0.392076</speed><course>139.803080</course><hAcc>1.584489</hAcc><vAcc>0.690283</vAcc></extensions></trkpt>
      <trkpt lon="120.954968" lat="23.468899"><ele>3719.778296</ele><time>2026-09-14T22:57:43Z</time><extensions><speed>0.650219</speed><course>131.042331</course><hAcc>1.588757</hAcc><vAcc>0.690283</vAcc></extensions></trkpt>
      <trkpt lon="120.954974" lat="23.468895"><ele>3719.587853</ele><time>2026-09-14T22:57:44Z</time><extensions><speed>0.761771</speed><course>127.968723</course><hAcc>1.576445</hAcc><vAcc>0.690283</vAcc></extensions></trkpt>
      <trkpt lon="120.954980" lat="23.468891"><ele>3719.399806</ele><time>2026-09-14T22:57:45Z</time><extensions><speed>0.836330</speed><course>126.080736</course><hAcc>1.583096</hAcc><vAcc>0.690283</vAcc></extensions></trkpt>
      <trkpt lon="120.954987" lat="23.468886"><ele>3719.214418</ele><time>2026-09-14T22:57:46Z</time><extensions><speed>0.847159</speed><course>124.957546</course><hAcc>1.580571</hAcc><vAcc>0.690283</vAcc></extensions></trkpt>
      <trkpt lon="120.954994" lat="23.468882"><ele>3719.031931</ele><time>2026-09-14T22:57:47Z</time><extensions><speed>0.823236</speed><course>124.200557</course><hAcc>1.579909</hAcc><vAcc>0.690283</vAcc></extensions></trkpt>
      <trkpt lon="120.955001" lat="23.468878"><ele>3718.852579</ele><time>2026-09-14T22:57:48Z</time><extensions><speed>0.871013</speed><course>123.596837</course><hAcc>1.578634</hAcc><vAcc>0.690283</vAcc></extensions></trkpt>
      <trkpt lon="120.955008" lat="23.468873"><ele>3718.676437</ele><time>2026-09-14T22:57:49Z</time><extensions><speed>0.906071</speed><course>122.989706</course><hAcc>1.582207</hAcc><vAcc>0.690283</vAcc></extensions></trkpt>
      <trkpt lon="120.955016" lat="23.468869"><ele>3718.503492</ele><time>2026-09-14T22:57:50Z</time><extensions><speed>0.934875</speed><course>121.888813</course><hAcc>1.589599</hAcc><vAcc>0.690283</vAcc></extensions></trkpt>
      <trkpt lon="120.955024" lat="23.468865"><ele>3718.333641</ele><time>2026-09-14T22:57:51Z</time><extensions><speed>0.926254</speed><course>120.731840</course><hAcc>1.599295</hAcc><vAcc>0.690283</vAcc></extensions></trkpt>
      <trkpt lon="120.955032" lat="23.468861"><ele>3718.166698</ele><time>2026-09-14T22:57:52Z</time><extensions><speed>0.905996</speed><course>119.791855</course><hAcc>1.595502</hAcc><vAcc>0.690283</vAcc></extensions></trkpt>
      <trkpt lon="120.955040" lat="23.468856"><ele>3718.002551</ele><time>2026-09-14T22:57:53Z</time><extensions><speed>1.062821</speed><course>120.488868</course><hAcc>1.574492</hAcc><vAcc>0.690283</vAcc></extensions></trkpt>
      <trkpt lon="120.955049" lat="23.468851"><ele>3717.841105</ele><time>2026-09-14T22:57:54Z</time><extensions><speed>1.151106</speed><course>122.128694</course><hAcc>1.573802</hAcc><vAcc>0.690283</vAcc></extensions></trkpt>
      <trkpt lon="120.955059" lat="23.468845"><ele>3717.682358</ele><time>2026-09-14T22:57:55Z</time><extensions><speed>1.219785</speed><course>124.495871</course><hAcc>1.593961</hAcc><vAcc>0.690283</vAcc></extensions></trkpt>
      <trkpt lon="120.955069" lat="23.468839"><ele>3717.526397</ele><time>2026-09-14T22:57:56Z</time><extensions><speed>1.174231</speed><course>124.629365</course><hAcc>1.593146</hAcc><vAcc>0.690283</vAcc></extensions></trkpt>
      <trkpt lon="120.955078" lat="23.468833"><ele>3717.373327</ele><time>2026-09-14T22:57:57Z</time><extensions><speed>1.086436</speed><course>124.204554</course><hAcc>1.586737</hAcc><vAcc>0.690283</vAcc></extensions></trkpt>
      <trkpt lon="120.955087" lat="23.468828"><ele>3717.223281</ele><time>2026-09-14T22:57:58Z</time><extensions><speed>1.092969</speed><course>123.970412</course><hAcc>1.574746</hAcc><vAcc>0.690283</vAcc></extensions></trkpt>
      <trkpt lon="120.955096" lat="23.468822"><ele>3717.076357</ele><time>2026-09-14T22:57:59Z</time><extensions><speed>1.184214</speed><course>125.153878</course><hAcc>1.565492</hAcc><vAcc>0.690283</vAcc></extensions></trkpt>
      <trkpt lon="120.955106" lat="23.468816"><ele>3716.932567</ele><time>2026-09-14T22:58:00Z</time><extensions><speed>1.239660</speed><course>126.200103</course><hAcc>1.564456</hAcc><vAcc>0.690283</vAcc></extensions></trkpt>
      <trkpt lon="120.955115" lat="23.468810"><ele>3716.791826</ele><time>2026-09-14T22:58:01Z</time><extensions><speed>1.088801</speed><course>127.924564</course><hAcc>1.568165</hAcc><vAcc>0.690283</vAcc></extensions></trkpt>
      <trkpt lon="120.955123" lat="23.468804"><ele>3716.653852</ele><time>2026-09-14T22:58:02Z</time><extensions><speed>1.004291</speed><course>128.686593</course><hAcc>1.570291</hAcc><vAcc>0.690283</vAcc></extensions></trkpt>
      <trkpt lon="120.955130" lat="23.468798"><ele>3716.518524</ele><time>2026-09-14T22:58:03Z</time><extensions><speed>1.020433</speed><course>130.735655</course><hAcc>1.576338</hAcc><vAcc>0.690283</vAcc></extensions></trkpt>
      <trkpt lon="120.955137" lat="23.468792"><ele>3716.385787</ele><time>2026-09-14T22:58:04Z</time><extensions><speed>0.882223</speed><course>130.620197</course><hAcc>1.574410</hAcc><vAcc>0.690283</vAcc></extensions></trkpt>
      <trkpt lon="120.955144" lat="23.468788"><ele>3716.255505</ele><time>2026-09-14T22:58:05Z</time><extensions><speed>0.761536</speed><course>129.803472</course><hAcc>1.568773</hAcc><vAcc>0.690283</vAcc></extensions></trkpt>
      <trkpt lon="120.955149" lat="23.468783"><ele>3716.127214</ele><time>2026-09-14T22:58:06Z</time><extensions><speed>0.748556</speed><course>131.238889</course><hAcc>1.588503</hAcc><vAcc>0.690283</vAcc></extensions></trkpt>
      <trkpt lon="120.955155" lat="23.468779"><ele>3716.000436</ele><time>2026-09-14T22:58:07Z</time><extensions><speed>0.721008</speed><course>131.794204</course><hAcc>1.606108</hAcc><vAcc>0.690283</vAcc></extensions></trkpt>
      <trkpt lon="120.955160" lat="23.468774"><ele>3715.874720</ele><time>2026-09-14T22:58:08Z</time><extensions><speed>0.706740</speed><course>132.188289</course><hAcc>1.620549</hAcc><vAcc>0.690283</vAcc></extensions></trkpt>
      <trkpt lon="120.955165" lat="23.468770"><ele>3715.749591</ele><time>2026-09-14T22:58:09Z</time><extensions><speed>0.704188</speed><course>132.593729</course><hAcc>1.634416</hAcc><vAcc>0.690283</vAcc></extensions></trkpt>
      <trkpt lon="120.955169" lat="23.468766"><ele>3715.624525</ele><time>2026-09-14T22:58:10Z</time><extensions><speed>0.511102</speed><course>130.099349</course><hAcc>1.637503</hAcc><vAcc>0.690283</vAcc></extensions></trkpt>
      <trkpt lon="120.955173" lat="23.468764"><ele>3715.498949</ele><time>2026-09-14T22:58:11Z</time><extensions><speed>0.425302</speed><course>127.804764</course><hAcc>1.630791</hAcc><vAcc>0.690283</vAcc></extensions></trkpt>
      <trkpt lon="120.955176" lat="23.468761"><ele>3715.372084</ele><time>2026-09-14T22:58:12Z</time><extensions><speed>0.437315</speed><course>129.077740</course><hAcc>1.628838</hAcc><vAcc>0.690283</vAcc></extensions></trkpt>
      <trkpt lon="120.955180" lat="23.468758"><ele>3715.243020</ele><time>2026-09-14T22:58:13Z</time><extensions><speed>0.528597</speed><course>132.536574</course><hAcc>1.629812</hAcc><vAcc>0.690283</vAcc></extensions></trkpt>
      <trkpt lon="120.955184" lat="23.468755"><ele>3715.110991</ele><time>2026-09-14T22:58:14Z</time><extensions><speed>0.617259</speed><course>136.747617</course><hAcc>1.650540</hAcc><vAcc>0.690283</vAcc></extensions></trkpt>
      <trkpt lon="120.955188" lat="23.468751"><ele>3714.975721</ele><time>2026-09-14T22:58:15Z</time><extensions><speed>0.596449</speed><course>139.596694</course><hAcc>1.681035</hAcc><vAcc>0.690283</vAcc></extensions></trkpt>
      <trkpt lon="120.955191" lat="23.468747"><ele>3714.837578</ele><time>2026-09-14T22:58:16Z</time><extensions><speed>0.518876</speed><course>141.976539</course><hAcc>1.681321</hAcc><vAcc>0.690283</vAcc></extensions></trkpt>
      <trkpt lon="120.955194" lat="23.468743"><ele>3714.697280</ele><time>2026-09-14T22:58:17Z</time><extensions><speed>0.422082</speed><course>145.294101</course><hAcc>1.664116</hAcc><vAcc>0.690283</vAcc></extensions></trkpt>
      <trkpt lon="120.955196" lat="23.468740"><ele>3714.555711</ele><time>2026-09-14T22:58:18Z</time><extensions><speed>0.284705</speed><course>153.791449</course><hAcc>1.648132</hAcc><vAcc>0.690283</vAcc></extensions></trkpt>
      <trkpt lon="120.955198" lat="23.468738"><ele>3714.413750</ele><time>2026-09-14T22:58:19Z</time><extensions><speed>0.294088</speed><course>157.914929</course><hAcc>1.648768</hAcc><vAcc>0.690283</vAcc></extensions></trkpt>
      <trkpt lon="120.955199" lat="23.468735"><ele>3714.272117</ele><time>2026-09-14T22:58:20Z</time><extensions><speed>0.409065</speed><course>156.525180</course><hAcc>1.647182</hAcc><vAcc>0.690283</vAcc></extensions></trkpt>
      <trkpt lon="120.955202" lat="23.468730"><ele>3714.131452</ele><time>2026-09-14T22:58:21Z</time><extensions><speed>0.614883</speed><course>154.125958</course><hAcc>1.637994</hAcc><vAcc>0.690283</vAcc></extensions></trkpt>
      <trkpt lon="120.955206" lat="23.468724"><ele>3713.992257</ele><time>2026-09-14T22:58:22Z</time><extensions><speed>0.939206</speed><course>153.231646</course><hAcc>1.634466</hAcc><vAcc>0.690283</vAcc></extensions></trkpt>
      <trkpt lon="120.955211" lat="23.468716"><ele>3713.854904</ele><time>2026-09-14T22:58:23Z</time><extensions><speed>1.012982</speed><course>150.441270</course><hAcc>1.644851</hAcc><vAcc>0.690283</vAcc></extensions></trkpt>
      <trkpt lon="120.955216" lat="23.468709"><ele>3713.719665</ele><time>2026-09-14T22:58:24Z</time><extensions><speed>0.926085</speed><course>151.240601</course><hAcc>1.629332</hAcc><vAcc>0.690283</vAcc></extensions></trkpt>
      <trkpt lon="120.955218" lat="23.468703"><ele>3713.586733</ele><time>2026-09-14T22:58:25Z</time><extensions><speed>0.423917</speed><course>189.208607</course><hAcc>1.616898</hAcc><vAcc>0.690283</vAcc></extensions></trkpt>
      <trkpt lon="120.955219" lat="23.468700"><ele>3713.456228</ele><time>2026-09-14T22:58:26Z</time><extensions><speed>0.350053</speed><course>163.162653</course><hAcc>1.601189</hAcc><vAcc>0.690283</vAcc></extensions></trkpt>
      <trkpt lon="120.955221" lat="23.468697"><ele>3713.328176</ele><time>2026-09-14T22:58:27Z</time><extensions><speed>0.503846</speed><course>150.675085</course><hAcc>1.580496</hAcc><vAcc>0.690283</vAcc></extensions></trkpt>
      <trkpt lon="120.955224" lat="23.468692"><ele>3713.202485</ele><time>2026-09-14T22:58:28Z</time><extensions><speed>0.792923</speed><course>146.272849</course><hAcc>1.585317</hAcc><vAcc>0.690283</vAcc></extensions></trkpt>
      <trkpt lon="120.955228" lat="23.468686"><ele>3713.078936</ele><time>2026-09-14T22:58:29Z</time><extensions><speed>0.733407</speed><course>149.254403</course><hAcc>1.576670</hAcc><vAcc>0.690283</vAcc></extensions></trkpt>
      <trkpt lon="120.955231" lat="23.468680"><ele>3712.957200</ele><time>2026-09-14T22:58:30Z</time><extensions><speed>0.668200</speed><course>166.452007</course><hAcc>1.580154</hAcc><vAcc>0.690283</vAcc></extensions></trkpt>
      <trkpt lon="120.955232" lat="23.468674"><ele>3712.836881</ele><time>2026-09-14T22:58:31Z</time><extensions><speed>0.768911</speed><course>176.674561</course><hAcc>1.581905</hAcc><vAcc>0.690283</vAcc></extensions></trkpt>
      <trkpt lon="120.955232" lat="23.468667"><ele>3712.717557</ele><time>2026-09-14T22:58:32Z</time><extensions><speed>0.693885</speed><course>188.035929</course><hAcc>1.583258</hAcc><vAcc>0.690283</vAcc></extensions></trkpt>
      <trkpt lon="120.955231" lat="23.468661"><ele>3712.598865</ele><time>2026-09-14T22:58:33Z</time><extensions><speed>0.680222</speed><course>186.529479</course><hAcc>1.594556</hAcc><vAcc>0.690283</vAcc></extensions></trkpt>
      <trkpt lon="120.955230" lat="23.468656"><ele>3712.480601</ele><time>2026-09-14T22:58:34Z</time><extensions><speed>0.522532</speed><course>184.616267</course><hAcc>1.613476</hAcc><vAcc>0.690283</vAcc></extensions></trkpt>
      <trkpt lon="120.955230" lat="23.468652"><ele>3712.362603</ele><time>2026-09-14T22:58:35Z</time><extensions><speed>0.367089</speed><course>184.109035</course><hAcc>1.634988</hAcc><vAcc>0.690283</vAcc></extensions></trkpt>
      <trkpt lon="120.955230" lat="23.468650"><ele>3712.244881</ele><time>2026-09-14T22:58:36Z</time><extensions><speed>0.133684</speed><course>165.301418</course><hAcc>1.645267</hAcc><vAcc>0.690283</vAcc></extensions></trkpt>
      <trkpt lon="120.955230" lat="23.468649"><ele>3712.127559</ele><time>2026-09-14T22:58:37Z</time><extensions><speed>0.069404</speed><course>97.873845</course><hAcc>1.650047</hAcc><vAcc>0.690283</vAcc></extensions></trkpt>
      <trkpt lon="120.955230" lat="23.468649"><ele>3712.010829</ele><time>2026-09-14T22:58:38Z</time><extensions><speed>0.032142</speed><course>20.005874</course><hAcc>1.677801</hAcc><vAcc>0.690283</vAcc></extensions></trkpt>
      <trkpt lon="120.955230" lat="23.468650"><ele>3711.895052</ele><time>2026-09-14T22:58:39Z</time><extensions><speed>0.113303</speed><course>282.228953</course><hAcc>1.710695</hAcc><vAcc>0.690283</vAcc></extensions></trkpt>
      <trkpt lon="120.955228" lat="23.468650"><ele>3711.780604</ele><time>2026-09-14T22:58:40Z</time><extensions><speed>0.226634</speed><course>280.096565</course><hAcc>1.734866</hAcc><vAcc>0.690283</vAcc></extensions></trkpt>
      <trkpt lon="120.955225" lat="23.468650"><ele>3711.667989</ele><time>2026-09-14T22:58:41Z</time><extensions><speed>0.338705</speed><course>283.253530</course><hAcc>1.751399</hAcc><vAcc>0.690283</vAcc></extensions></trkpt>
      <trkpt lon="120.955222" lat="23.468651"><ele>3711.557789</ele><time>2026-09-14T22:58:42Z</time><extensions><speed>0.449866</speed><course>287.447006</course><hAcc>1.761379</hAcc><vAcc>0.690283</vAcc></extensions></trkpt>
      <trkpt lon="120.955217" lat="23.468653"><ele>3711.450523</ele><time>2026-09-14T22:58:43Z</time><extensions><speed>0.563333</speed><course>290.094276</course><hAcc>1.765041</hAcc><vAcc>0.690283</vAcc></extensions></trkpt>
      <trkpt lon="120.955211" lat="23.468655"><ele>3711.346673</ele><time>2026-09-14T22:58:44Z</time><extensions><speed>0.653496</speed><course>293.290451</course><hAcc>1.767239</hAcc><vAcc>0.690283</vAcc></extensions></trkpt>
      <trkpt lon="120.955205" lat="23.468658"><ele>3711.246650</ele><time>2026-09-14T22:58:45Z</time><extensions><speed>0.735980</speed><course>296.769980</course><hAcc>1.768932</hAcc><vAcc>0.690283</vAcc></extensions></trkpt>
      <trkpt lon="120.955198" lat="23.468661"><ele>3711.150701</ele><time>2026-09-14T22:58:46Z</time><extensions><speed>0.814442</speed><course>299.414035</course><hAcc>1.769418</hAcc><vAcc>0.690283</vAcc></extensions></trkpt>
      <trkpt lon="120.955192" lat="23.468665"><ele>3711.058890</ele><time>2026-09-14T22:58:47Z</time><extensions><speed>0.830457</speed><course>303.091749</course><hAcc>1.771496</hAcc><vAcc>0.690283</vAcc></extensions></trkpt>
      <trkpt lon="120.955185" lat="23.468669"><ele>3710.971288</ele><time>2026-09-14T22:58:48Z</time><extensions><speed>0.849690</speed><course>305.974518</course><hAcc>1.771347</hAcc><vAcc>0.690283</vAcc></extensions></trkpt>
      <trkpt lon="120.955178" lat="23.468674"><ele>3710.887546</ele><time>2026-09-14T22:58:49Z</time><extensions><speed>0.875110</speed><course>307.217700</course><hAcc>1.770139</hAcc><vAcc>0.690283</vAcc></extensions></trkpt>
      <trkpt lon="120.955171" lat="23.468679"><ele>3710.807184</ele><time>2026-09-14T22:58:50Z</time><extensions><speed>0.891535</speed><course>307.318357</course><hAcc>1.769177</hAcc><vAcc>0.690283</vAcc></extensions></trkpt>
      <trkpt lon="120.955164" lat="23.468684"><ele>3710.729419</ele><time>2026-09-14T22:58:51Z</time><extensions><speed>0.880313</speed><course>306.989807</course><hAcc>1.769440</hAcc><vAcc>0.690283</vAcc></extensions></trkpt>
      <trkpt lon="120.955157" lat="23.468688"><ele>3710.653026</ele><time>2026-09-14T22:58:52Z</time><extensions><speed>0.849829</speed><course>306.936474</course><hAcc>1.768954</hAcc><vAcc>0.690283</vAcc></extensions></trkpt>
      <trkpt lon="120.955151" lat="23.468693"><ele>3710.576710</ele><time>2026-09-14T22:58:53Z</time><extensions><speed>0.795816</speed><course>306.821079</course><hAcc>1.769161</hAcc><vAcc>0.690283</vAcc></extensions></trkpt>
      <trkpt lon="120.955144" lat="23.468697"><ele>3710.498827</ele><time>2026-09-14T22:58:54Z</time><extensions><speed>0.767109</speed><course>304.769461</course><hAcc>1.766256</hAcc><vAcc>0.690283</vAcc></extensions></trkpt>
      <trkpt lon="120.955138" lat="23.468701"><ele>3710.417714</ele><time>2026-09-14T22:58:55Z</time><extensions><speed>0.768565</speed><course>301.011064</course><hAcc>1.765361</hAcc><vAcc>0.690283</vAcc></extensions></trkpt>
      <trkpt lon="120.955131" lat="23.468704"><ele>3710.331796</ele><time>2026-09-14T22:58:56Z</time><extensions><speed>0.793431</speed><course>295.960215</course><hAcc>1.766889</hAcc><vAcc>0.690283</vAcc></extensions></trkpt>
      <trkpt lon="120.955124" lat="23.468707"><ele>3710.239481</ele><time>2026-09-14T22:58:57Z</time><extensions><speed>0.848152</speed><course>290.647705</course><hAcc>1.766809</hAcc><vAcc>0.690283</vAcc></extensions></trkpt>
      <trkpt lon="120.955116" lat="23.468709"><ele>3710.139473</ele><time>2026-09-14T22:58:58Z</time><extensions><speed>0.898219</speed><course>285.561000</course><hAcc>1.765262</hAcc><vAcc>0.690283</vAcc></extensions></trkpt>
      <trkpt lon="120.955107" lat="23.468711"><ele>3710.030731</ele><time>2026-09-14T22:58:59Z</time><extensions><speed>0.932292</speed><course>281.325986</course><hAcc>1.763609</hAcc><vAcc>0.690283</vAcc></extensions></trkpt>
      <trkpt lon="120.955098" lat="23.468713"><ele>3709.912531</ele><time>2026-09-14T22:59:00Z</time><extensions><speed>0.948135</speed><course>277.955827</course><hAcc>1.762185</hAcc><vAcc>0.690282</vAcc></extensions></trkpt>
      <trkpt lon="120.955089" lat="23.468714"><ele>3709.784500</ele><time>2026-09-14T22:59:01Z</time><extensions><speed>0.930494</speed><course>275.035124</course><hAcc>1.762875</hAcc><vAcc>0.690282</vAcc></extensions></trkpt>
      <trkpt lon="120.955079" lat="23.468714"><ele>3709.646562</ele><time>2026-09-14T22:59:02Z</time><extensions><speed>0.906896</speed><course>272.604460</course><hAcc>1.761953</hAcc><vAcc>0.690281</vAcc></extensions></trkpt>
      <trkpt lon="120.955071" lat="23.468715"><ele>3709.498946</ele><time>2026-09-14T22:59:03Z</time><extensions><speed>0.885976</speed><course>271.525742</course><hAcc>1.758299</hAcc><vAcc>0.690280</vAcc></extensions></trkpt>
      <trkpt lon="120.955062" lat="23.468715"><ele>3709.342139</ele><time>2026-09-14T22:59:04Z</time><extensions><speed>0.851335</speed><course>271.433124</course><hAcc>1.750699</hAcc><vAcc>0.690280</vAcc></extensions></trkpt>
      <trkpt lon="120.955054" lat="23.468715"><ele>3709.176772</ele><time>2026-09-14T22:59:05Z</time><extensions><speed>0.817088</speed><course>271.972827</course><hAcc>1.737177</hAcc><vAcc>0.690281</vAcc></extensions></trkpt>
      <trkpt lon="120.955046" lat="23.468715"><ele>3709.003418</ele><time>2026-09-14T22:59:06Z</time><extensions><speed>0.805043</speed><course>273.502606</course><hAcc>1.712446</hAcc><vAcc>0.690281</vAcc></extensions></trkpt>
      <trkpt lon="120.955038" lat="23.468716"><ele>3708.823480</ele><time>2026-09-14T22:59:07Z</time><extensions><speed>0.785085</speed><course>276.156417</course><hAcc>1.681984</hAcc><vAcc>0.690282</vAcc></extensions></trkpt>
      <trkpt lon="120.955031" lat="23.468717"><ele>3708.638758</ele><time>2026-09-14T22:59:08Z</time><extensions><speed>0.785225</speed><course>279.558325</course><hAcc>1.658197</hAcc><vAcc>0.690282</vAcc></extensions></trkpt>
      <trkpt lon="120.955023" lat="23.468718"><ele>3708.450756</ele><time>2026-09-14T22:59:09Z</time><extensions><speed>0.831703</speed><course>283.340681</course><hAcc>1.657571</hAcc><vAcc>0.690282</vAcc></extensions></trkpt>
      <trkpt lon="120.955015" lat="23.468720"><ele>3708.260460</ele><time>2026-09-14T22:59:10Z</time><extensions><speed>0.941178</speed><course>285.164418</course><hAcc>1.642865</hAcc><vAcc>0.690282</vAcc></extensions></trkpt>
      <trkpt lon="120.955006" lat="23.468722"><ele>3708.068783</ele><time>2026-09-14T22:59:11Z</time><extensions><speed>0.967475</speed><course>285.514102</course><hAcc>1.621177</hAcc><vAcc>0.690282</vAcc></extensions></trkpt>
      <trkpt lon="120.954996" lat="23.468725"><ele>3707.876513</ele><time>2026-09-14T22:59:12Z</time><extensions><speed>0.969469</speed><course>285.079106</course><hAcc>1.605081</hAcc><vAcc>0.690282</vAcc></extensions></trkpt>
      <trkpt lon="120.954988" lat="23.468727"><ele>3707.684189</ele><time>2026-09-14T22:59:13Z</time><extensions><speed>0.873263</speed><course>284.112018</course><hAcc>1.600705</hAcc><vAcc>0.690282</vAcc></extensions></trkpt>
      <trkpt lon="120.954980" lat="23.468728"><ele>3707.491970</ele><time>2026-09-14T22:59:14Z</time><extensions><speed>0.737264</speed><course>282.603984</course><hAcc>1.602233</hAcc><vAcc>0.690282</vAcc></extensions></trkpt>
      <trkpt lon="120.954973" lat="23.468730"><ele>3707.299427</ele><time>2026-09-14T22:59:15Z</time><extensions><speed>0.646760</speed><course>280.805476</course><hAcc>1.605044</hAcc><vAcc>0.690282</vAcc></extensions></trkpt>
      <trkpt lon="120.954968" lat="23.468730"><ele>3707.105247</ele><time>2026-09-14T22:59:16Z</time><extensions><speed>0.527890</speed><course>277.074016</course><hAcc>1.601817</hAcc><vAcc>0.690282</vAcc></extensions></trkpt>
      <trkpt lon="120.954963" lat="23.468731"><ele>3706.907441</ele><time>2026-09-14T22:59:17Z</time><extensions><speed>0.421443</speed><course>272.309505</course><hAcc>1.615185</hAcc><vAcc>0.690282</vAcc></extensions></trkpt>
      <trkpt lon="120.954959" lat="23.468731"><ele>3706.704042</ele><time>2026-09-14T22:59:18Z</time><extensions><speed>0.392164</speed><course>268.936784</course><hAcc>1.634907</hAcc><vAcc>0.690282</vAcc></extensions></trkpt>
      <trkpt lon="120.954955" lat="23.468731"><ele>3706.494029</ele><time>2026-09-14T22:59:19Z</time><extensions><speed>0.413465</speed><course>266.326385</course><hAcc>1.647033</hAcc><vAcc>0.690282</vAcc></extensions></trkpt>
      <trkpt lon="120.954951" lat="23.468730"><ele>3706.277634</ele><time>2026-09-14T22:59:20Z</time><extensions><speed>0.403508</speed><course>263.880084</course><hAcc>1.661348</hAcc><vAcc>0.690282</vAcc></extensions></trkpt>
      <trkpt lon="120.954947" lat="23.468730"><ele>3706.055852</ele><time>2026-09-14T22:59:21Z</time><extensions><speed>0.475515</speed><course>261.140849</course><hAcc>1.644395</hAcc><vAcc>0.690282</vAcc></extensions></trkpt>
      <trkpt lon="120.954942" lat="23.468729"><ele>3705.830072</ele><time>2026-09-14T22:59:22Z</time><extensions><speed>0.551646</speed><course>263.027373</course><hAcc>1.634371</hAcc><vAcc>0.690282</vAcc></extensions></trkpt>
      <trkpt lon="120.954936" lat="23.468729"><ele>3705.601782</ele><time>2026-09-14T22:59:23Z</time><extensions><speed>0.674345</speed><course>269.065471</course><hAcc>1.630224</hAcc><vAcc>0.690282</vAcc></extensions></trkpt>
      <trkpt lon="120.954929" lat="23.468729"><ele>3705.372386</ele><time>2026-09-14T22:59:24Z</time><extensions><speed>0.736367</speed><course>274.147802</course><hAcc>1.630977</hAcc><vAcc>0.690282</vAcc></extensions></trkpt>
      <trkpt lon="120.954922" lat="23.468730"><ele>3705.143156</ele><time>2026-09-14T22:59:25Z</time><extensions><speed>0.721667</speed><course>279.510453</course><hAcc>1.644793</hAcc><vAcc>0.690282</vAcc></extensions></trkpt>
      <trkpt lon="120.954914" lat="23.468731"><ele>3704.915115</ele><time>2026-09-14T22:59:26Z</time><extensions><speed>0.891529</speed><course>283.245242</course><hAcc>1.627163</hAcc><vAcc>0.690283</vAcc></extensions></trkpt>
      <trkpt lon="120.954905" lat="23.468734"><ele>3704.689053</ele><time>2026-09-14T22:59:27Z</time><extensions><speed>1.026159</speed><course>285.745970</course><hAcc>1.609069</hAcc><vAcc>0.690283</vAcc></extensions></trkpt>
      <trkpt lon="120.954895" lat="23.468736"><ele>3704.465513</ele><time>2026-09-14T22:59:28Z</time><extensions><speed>1.068677</speed><course>287.128961</course><hAcc>1.599456</hAcc><vAcc>0.690283</vAcc></extensions></trkpt>
      <trkpt lon="120.954886" lat="23.468739"><ele>3704.244741</ele><time>2026-09-14T22:59:29Z</time><extensions><speed>0.993629</speed><course>289.083377</course><hAcc>1.602433</hAcc><vAcc>0.690283</vAcc></extensions></trkpt>
      <trkpt lon="120.954877" lat="23.468742"><ele>3704.026940</ele><time>2026-09-14T22:59:30Z</time><extensions><speed>0.917134</speed><course>291.219042</course><hAcc>1.609499</hAcc><vAcc>0.690283</vAcc></extensions></trkpt>
      <trkpt lon="120.954869" lat="23.468745"><ele>3703.812145</ele><time>2026-09-14T22:59:31Z</time><extensions><speed>0.926656</speed><course>290.884464</course><hAcc>1.616342</hAcc><vAcc>0.690283</vAcc></extensions></trkpt>
      <trkpt lon="120.954860" lat="23.468748"><ele>3703.600358</ele><time>2026-09-14T22:59:32Z</time><extensions><speed>0.862458</speed><course>291.600806</course><hAcc>1.617743</hAcc><vAcc>0.690283</vAcc></extensions></trkpt>
      <trkpt lon="120.954853" lat="23.468751"><ele>3703.391621</ele><time>2026-09-14T22:59:33Z</time><extensions><speed>0.769864</speed><course>294.575248</course><hAcc>1.599084</hAcc><vAcc>0.690283</vAcc></extensions></trkpt>
      <trkpt lon="120.954847" lat="23.468754"><ele>3703.185982</ele><time>2026-09-14T22:59:34Z</time><extensions><speed>0.644335</speed><course>297.270207</course><hAcc>1.599700</hAcc><vAcc>0.690283</vAcc></extensions></trkpt>
      <trkpt lon="120.954842" lat="23.468757"><ele>3702.983589</ele><time>2026-09-14T22:59:35Z</time><extensions><speed>0.553717</speed><course>298.803977</course><hAcc>1.614171</hAcc><vAcc>0.690283</vAcc></extensions></trkpt>
      <trkpt lon="120.954837" lat="23.468759"><ele>3702.784612</ele><time>2026-09-14T22:59:36Z</time><extensions><speed>0.523967</speed><course>297.935725</course><hAcc>1.621659</hAcc><vAcc>0.690283</vAcc></extensions></trkpt>
      <trkpt lon="120.954832" lat="23.468761"><ele>3702.589257</ele><time>2026-09-14T22:59:37Z</time><extensions><speed>0.595579</speed><course>297.366698</course><hAcc>1.598751</hAcc><vAcc>0.690283</vAcc></extensions></trkpt>
      <trkpt lon="120.954827" lat="23.468763"><ele>3702.397752</ele><time>2026-09-14T22:59:38Z</time><extensions><speed>0.633522</speed><course>293.822287</course><hAcc>1.605895</hAcc><vAcc>0.690283</vAcc></extensions></trkpt>
      <trkpt lon="120.954821" lat="23.468766"><ele>3702.210173</ele><time>2026-09-14T22:59:39Z</time><extensions><speed>0.692583</speed><course>291.150609</course><hAcc>1.612339</hAcc><vAcc>0.690283</vAcc></extensions></trkpt>
      <trkpt lon="120.954814" lat="23.468768"><ele>3702.026563</ele><time>2026-09-14T22:59:40Z</time><extensions><speed>0.762408</speed><course>288.996597</course><hAcc>1.616624</hAcc><vAcc>0.690283</vAcc></extensions></trkpt>
      <trkpt lon="120.954807" lat="23.468770"><ele>3701.846856</ele><time>2026-09-14T22:59:41Z</time><extensions><speed>0.791899</speed><course>287.321423</course><hAcc>1.609937</hAcc><vAcc>0.690283</vAcc></extensions></trkpt>
      <trkpt lon="120.954800" lat="23.468772"><ele>3701.670911</ele><time>2026-09-14T22:59:42Z</time><extensions><speed>0.696521</speed><course>285.147364</course><hAcc>1.592754</hAcc><vAcc>0.690283</vAcc></extensions></trkpt>
      <trkpt lon="120.954794" lat="23.468773"><ele>3701.498598</ele><time>2026-09-14T22:59:43Z</time><extensions><speed>0.609197</speed><course>281.368293</course><hAcc>1.592681</hAcc><vAcc>0.690283</vAcc></extensions></trkpt>
      <trkpt lon="120.954787" lat="23.468774"><ele>3701.329840</ele><time>2026-09-14T22:59:44Z</time><extensions><speed>0.636675</speed><course>278.024054</course><hAcc>1.599588</hAcc><vAcc>0.690283</vAcc></extensions></trkpt>
      <trkpt lon="120.954781" lat="23.468775"><ele>3701.164524</ele><time>2026-09-14T22:59:45Z</time><extensions><speed>0.715533</speed><course>277.559960</course><hAcc>1.618588</hAcc><vAcc>0.690283</vAcc></extensions></trkpt>
      <trkpt lon="120.954773" lat="23.468776"><ele>3701.002538</ele><time>2026-09-14T22:59:46Z</time><extensions><speed>0.809475</speed><course>277.734839</course><hAcc>1.620379</hAcc><vAcc>0.690283</vAcc></extensions></trkpt>
      <trkpt lon="120.954765" lat="23.468777"><ele>3700.843760</ele><time>2026-09-14T22:59:47Z</time><extensions><speed>0.844184</speed><course>278.764748</course><hAcc>1.618779</hAcc><vAcc>0.690283</vAcc></extensions></trkpt>
      <trkpt lon="120.954758" lat="23.468778"><ele>3700.687974</ele><time>2026-09-14T22:59:48Z</time><extensions><speed>0.797125</speed><course>280.475394</course><hAcc>1.612085</hAcc><vAcc>0.690283</vAcc></extensions></trkpt>
      <trkpt lon="120.954750" lat="23.468780"><ele>3700.534836</ele><time>2026-09-14T22:59:49Z</time><extensions><speed>0.777340</speed><course>282.685229</course><hAcc>1.595156</hAcc><vAcc>0.690283</vAcc></extensions></trkpt>
      <trkpt lon="120.954743" lat="23.468781"><ele>3700.383882</ele><time>2026-09-14T22:59:50Z</time><extensions><speed>0.766999</speed><course>284.882334</course><hAcc>1.607435</hAcc><vAcc>0.690283</vAcc></extensions></trkpt>
      <trkpt lon="120.954735" lat="23.468783"><ele>3700.234542</ele><time>2026-09-14T22:59:51Z</time><extensions><speed>0.788152</speed><course>285.587389</course><hAcc>1.638038</hAcc><vAcc>0.690283</vAcc></extensions></trkpt>
      <trkpt lon="120.954728" lat="23.468785"><ele>3700.086180</ele><time>2026-09-14T22:59:52Z</time><extensions><speed>0.758556</speed><course>284.993818</course><hAcc>1.643245</hAcc><vAcc>0.690283</vAcc></extensions></trkpt>
      <trkpt lon="120.954721" lat="23.468787"><ele>3699.938205</ele><time>2026-09-14T22:59:53Z</time><extensions><speed>0.766578</speed><course>283.244311</course><hAcc>1.620447</hAcc><vAcc>0.690283</vAcc></extensions></trkpt>
      <trkpt lon="120.954714" lat="23.468788"><ele>3699.790128</ele><time>2026-09-14T22:59:54Z</time><extensions><speed>0.769064</speed><course>281.332978</course><hAcc>1.605633</hAcc><vAcc>0.690283</vAcc></extensions></trkpt>
      <trkpt lon="120.954707" lat="23.468789"><ele>3699.641669</ele><time>2026-09-14T22:59:55Z</time><extensions><speed>0.703340</speed><course>280.069863</course><hAcc>1.610519</hAcc><vAcc>0.690283</vAcc></extensions></trkpt>
      <trkpt lon="120.954700" lat="23.468791"><ele>3699.492777</ele><time>2026-09-14T22:59:56Z</time><extensions><speed>0.737809</speed><course>280.526702</course><hAcc>1.621939</hAcc><vAcc>0.690283</vAcc></extensions></trkpt>
      <trkpt lon="120.954692" lat="23.468792"><ele>3699.343538</ele><time>2026-09-14T22:59:57Z</time><extensions><speed>0.771609</speed><course>281.326768</course><hAcc>1.620462</hAcc><vAcc>0.690283</vAcc></extensions></trkpt>
      <trkpt lon="120.954685" lat="23.468793"><ele>3699.194219</ele><time>2026-09-14T22:59:58Z</time><extensions><speed>0.722194</speed><course>282.055262</course><hAcc>1.623842</hAcc><vAcc>0.690283</vAcc></extensions></trkpt>
      <trkpt lon="120.954678" lat="23.468795"><ele>3699.045140</ele><time>2026-09-14T22:59:59Z</time><extensions><speed>0.765102</speed><course>282.750040</course><hAcc>1.627113</hAcc><vAcc>0.690283</vAcc></extensions></trkpt>
      <trkpt lon="120.954671" lat="23.468796"><ele>3698.896611</ele><time>2026-09-14T23:00:00Z</time><extensions><speed>0.709536</speed><course>282.785982</course><hAcc>1.623782</hAcc><vAcc>0.690283</vAcc></extensions></trkpt>
      <trkpt lon="120.954664" lat="23.468797"><ele>3698.748911</ele><time>2026-09-14T23:00:01Z</time><extensions><speed>0.619351</speed><course>281.886971</course><hAcc>1.616915</hAcc><vAcc>0.690283</vAcc></extensions></trkpt>
      <trkpt lon="120.954659" lat="23.468798"><ele>3698.602255</ele><time>2026-09-14T23:00:02Z</time><extensions><speed>0.595579</speed><course>280.791691</course><hAcc>1.623469</hAcc><vAcc>0.690283</vAcc></extensions></trkpt>
      <trkpt lon="120.954653" lat="23.468799"><ele>3698.456818</ele><time>2026-09-14T23:00:03Z</time><extensions><speed>0.595807</speed><course>279.937613</course><hAcc>1.637669</hAcc><vAcc>0.690283</vAcc></extensions></trkpt>
      <trkpt lon="120.954647" lat="23.468800"><ele>3698.312739</ele><time>2026-09-14T23:00:04Z</time><extensions><speed>0.602825</speed><course>279.231656</course><hAcc>1.650025</hAcc><vAcc>0.690283</vAcc></extensions></trkpt>
      <trkpt lon="120.954641" lat="23.468801"><ele>3698.170092</ele><time>2026-09-14T23:00:05Z</time><extensions><speed>0.621659</speed><course>278.366448</course><hAcc>1.654110</hAcc><vAcc>0.690283</vAcc></extensions></trkpt>
      <trkpt lon="120.954635" lat="23.468802"><ele>3698.028786</ele><time>2026-09-14T23:00:06Z</time><extensions><speed>0.696714</speed><course>278.389897</course><hAcc>1.657328</hAcc><vAcc>0.690283</vAcc></extensions></trkpt>
      <trkpt lon="120.954628" lat="23.468803"><ele>3697.888680</ele><time>2026-09-14T23:00:07Z</time><extensions><speed>0.704723</speed><course>279.043327</course><hAcc>1.672196</hAcc><vAcc>0.690283</vAcc></extensions></trkpt>
      <trkpt lon="120.954621" lat="23.468804"><ele>3697.749500</ele><time>2026-09-14T23:00:08Z</time><extensions><speed>0.746784</speed><course>280.957652</course><hAcc>1.690192</hAcc><vAcc>0.690283</vAcc></extensions></trkpt>
      <trkpt lon="120.954614" lat="23.468805"><ele>3697.610851</ele><time>2026-09-14T23:00:09Z</time><extensions><speed>0.617293</speed><course>281.972928</course><hAcc>1.683027</hAcc><vAcc>0.690283</vAcc></extensions></trkpt>
      <trkpt lon="120.954609" lat="23.468807"><ele>3697.472249</ele><time>2026-09-14T23:00:10Z</time><extensions><speed>0.575565</speed><course>283.652096</course><hAcc>1.658941</hAcc><vAcc>0.690283</vAcc></extensions></trkpt>
      <trkpt lon="120.954603" lat="23.468808"><ele>3697.333452</ele><time>2026-09-14T23:00:11Z</time><extensions><speed>0.604255</speed><course>285.911760</course><hAcc>1.653320</hAcc><vAcc>0.690283</vAcc></extensions></trkpt>
      <trkpt lon="120.954597" lat="23.468810"><ele>3697.194446</ele><time>2026-09-14T23:00:12Z</time><extensions><speed>0.653475</speed><course>287.973051</course><hAcc>1.675366</hAcc><vAcc>0.690283</vAcc></extensions></trkpt>
      <trkpt lon="120.954591" lat="23.468811"><ele>3697.054892</ele><time>2026-09-14T23:00:13Z</time><extensions><speed>0.669864</speed><course>288.669727</course><hAcc>1.700469</hAcc><vAcc>0.690283</vAcc></extensions></trkpt>
      <trkpt lon="120.954584" lat="23.468814"><ele>3696.914301</ele><time>2026-09-14T23:00:14Z</time><extensions><speed>0.760767</speed><course>288.855349</course><hAcc>1.667933</hAcc><vAcc>0.690283</vAcc></extensions></trkpt>
      <trkpt lon="120.954577" lat="23.468816"><ele>3696.772303</ele><time>2026-09-14T23:00:15Z</time><extensions><speed>0.776604</speed><course>287.643557</course><hAcc>1.639028</hAcc><vAcc>0.690283</vAcc></extensions></trkpt>
      <trkpt lon="120.954570" lat="23.468818"><ele>3696.628747</ele><time>2026-09-14T23:00:16Z</time><extensions><speed>0.766888</speed><course>285.880422</course><hAcc>1.630003</hAcc><vAcc>0.690283</vAcc></extensions></trkpt>
      <trkpt lon="120.954563" lat="23.468819"><ele>3696.483530</ele><time>2026-09-14T23:00:17Z</time><extensions><speed>0.760753</speed><course>284.386274</course><hAcc>1.634161</hAcc><vAcc>0.690283</vAcc></extensions></trkpt>
      <trkpt lon="120.954556" lat="23.468821"><ele>3696.336510</ele><time>2026-09-14T23:00:18Z</time><extensions><speed>0.784395</speed><course>283.446563</course><hAcc>1.616138</hAcc><vAcc>0.690283</vAcc></extensions></trkpt>
      <trkpt lon="120.954547" lat="23.468823"><ele>3696.187354</ele><time>2026-09-14T23:00:19Z</time><extensions><speed>0.899903</speed><course>282.815007</course><hAcc>1.616299</hAcc><vAcc>0.690283</vAcc></extensions></trkpt>
      <trkpt lon="120.954538" lat="23.468824"><ele>3696.035216</ele><time>2026-09-14T23:00:20Z</time><extensions><speed>1.034425</speed><course>281.333045</course><hAcc>1.603806</hAcc><vAcc>0.690283</vAcc></extensions></trkpt>
      <trkpt lon="120.954528" lat="23.468826"><ele>3695.879420</ele><time>2026-09-14T23:00:21Z</time><extensions><speed>1.043153</speed><course>280.121550</course><hAcc>1.593551</hAcc><vAcc>0.690283</vAcc></extensions></trkpt>
      <trkpt lon="120.954518" lat="23.468827"><ele>3695.719487</ele><time>2026-09-14T23:00:22Z</time><extensions><speed>0.947315</speed><course>279.157910</course><hAcc>1.604289</hAcc><vAcc>0.690283</vAcc></extensions></trkpt>
      <trkpt lon="120.954510" lat="23.468828"><ele>3695.555683</ele><time>2026-09-14T23:00:23Z</time><extensions><speed>0.711533</speed><course>276.796152</course><hAcc>1.614500</hAcc><vAcc>0.690283</vAcc></extensions></trkpt>
      <trkpt lon="120.954504" lat="23.468829"><ele>3695.389112</ele><time>2026-09-14T23:00:24Z</time><extensions><speed>0.654257</speed><course>271.706709</course><hAcc>1.586817</hAcc><vAcc>0.690283</vAcc></extensions></trkpt>
      <trkpt lon="120.954497" lat="23.468829"><ele>3695.221202</ele><time>2026-09-14T23:00:25Z</time><extensions><speed>0.642561</speed><course>267.935991</course><hAcc>1.569496</hAcc><vAcc>0.690283</vAcc></extensions></trkpt>
      <trkpt lon="120.954491" lat="23.468828"><ele>3695.053728</ele><time>2026-09-14T23:00:26Z</time><extensions><speed>0.613684</speed><course>266.432435</course><hAcc>1.579098</hAcc><vAcc>0.690283</vAcc></extensions></trkpt>
      <trkpt lon="120.954485" lat="23.468828"><ele>3694.888493</ele><time>2026-09-14T23:00:27Z</time><extensions><speed>0.613517</speed><course>268.680175</course><hAcc>1.605791</hAcc><vAcc>0.690283</vAcc></extensions></trkpt>
      <trkpt lon="120.954479" lat="23.468828"><ele>3694.727221</ele><time>2026-09-14T23:00:28Z</time><extensions><speed>0.672811</speed><course>270.020633</course><hAcc>1.614497</hAcc><vAcc>0.690283</vAcc></extensions></trkpt>
      <trkpt lon="120.954472" lat="23.468828"><ele>3694.571460</ele><time>2026-09-14T23:00:29Z</time><extensions><speed>0.778102</speed><course>270.162855</course><hAcc>1.610030</hAcc><vAcc>0.690283</vAcc></extensions></trkpt>
      <trkpt lon="120.954465" lat="23.468828"><ele>3694.422394</ele><time>2026-09-14T23:00:30Z</time><extensions><speed>0.701689</speed><course>269.045757</course><hAcc>1.612122</hAcc><vAcc>0.690283</vAcc></extensions></trkpt>
      <trkpt lon="120.954458" lat="23.468828"><ele>3694.280606</ele><time>2026-09-14T23:00:31Z</time><extensions><speed>0.675110</speed><course>267.708042</course><hAcc>1.599522</hAcc><vAcc>0.690283</vAcc></extensions></trkpt>
      <trkpt lon="120.954452" lat="23.468828"><ele>3694.146191</ele><time>2026-09-14T23:00:32Z</time><extensions><speed>0.638172</speed><course>270.797009</course><hAcc>1.610408</hAcc><vAcc>0.690283</vAcc></extensions></trkpt>
      <trkpt lon="120.954445" lat="23.468828"><ele>3694.018887</ele><time>2026-09-14T23:00:33Z</time><extensions><speed>0.612282</speed><course>278.016162</course><hAcc>1.637206</hAcc><vAcc>0.690283</vAcc></extensions></trkpt>
      <trkpt lon="120.954440" lat="23.468830"><ele>3693.898089</ele><time>2026-09-14T23:00:34Z</time><extensions><speed>0.506820</speed><course>285.696764</course><hAcc>1.634483</hAcc><vAcc>0.690283</vAcc></extensions></trkpt>
      <trkpt lon="120.954435" lat="23.468831"><ele>3693.782976</ele><time>2026-09-14T23:00:35Z</time><extensions><speed>0.503484</speed><course>291.880500</course><hAcc>1.630916</hAcc><vAcc>0.690283</vAcc></extensions></trkpt>
      <trkpt lon="120.954431" lat="23.468833"><ele>3693.672418</ele><time>2026-09-14T23:00:36Z</time><extensions><speed>0.544617</speed><course>292.884275</course><hAcc>1.634545</hAcc><vAcc>0.690283</vAcc></extensions></trkpt>
      <trkpt lon="120.954426" lat="23.468835"><ele>3693.565104</ele><time>2026-09-14T23:00:37Z</time><extensions><speed>0.552660</speed><course>290.238034</course><hAcc>1.638872</hAcc><vAcc>0.690283</vAcc></extensions></trkpt>
      <trkpt lon="120.954420" lat="23.468836"><ele>3693.459736</ele><time>2026-09-14T23:00:38Z</time><extensions><speed>0.612254</speed><course>287.130223</course><hAcc>1.601914</hAcc><vAcc>0.690283</vAcc></extensions></trkpt>
      <trkpt lon="120.954414" lat="23.468838"><ele>3693.355066</ele><time>2026-09-14T23:00:39Z</time><extensions><speed>0.614445</speed><course>280.581453</course><hAcc>1.583953</hAcc><vAcc>0.690283</vAcc></extensions></trkpt>
      <trkpt lon="120.954408" lat="23.468838"><ele>3693.250069</ele><time>2026-09-14T23:00:40Z</time><extensions><speed>0.753796</speed><course>270.686802</course><hAcc>1.581422</hAcc><vAcc>0.690283</vAcc></extensions></trkpt>
      <trkpt lon="120.954401" lat="23.468838"><ele>3693.143865</ele><time>2026-09-14T23:00:41Z</time><extensions><speed>0.660124</speed><course>268.086097</course><hAcc>1.580639</hAcc><vAcc>0.690283</vAcc></extensions></trkpt>
      <trkpt lon="120.954394" lat="23.468838"><ele>3693.035693</ele><time>2026-09-14T23:00:42Z</time><extensions><speed>0.615055</speed><course>269.516396</course><hAcc>1.567056</hAcc><vAcc>0.690283</vAcc></extensions></trkpt>
      <trkpt lon="120.954389" lat="23.468838"><ele>3692.925009</ele><time>2026-09-14T23:00:43Z</time><extensions><speed>0.593401</speed><course>275.871264</course><hAcc>1.557024</hAcc><vAcc>0.690283</vAcc></extensions></trkpt>
      <trkpt lon="120.954383" lat="23.468838"><ele>3692.811288</ele><time>2026-09-14T23:00:44Z</time><extensions><speed>0.614102</speed><course>271.483364</course><hAcc>1.547669</hAcc><vAcc>0.690283</vAcc></extensions></trkpt>
      <trkpt lon="120.954377" lat="23.468839"><ele>3692.694150</ele><time>2026-09-14T23:00:45Z</time><extensions><speed>0.516591</speed><course>276.223180</course><hAcc>1.561057</hAcc><vAcc>0.690283</vAcc></extensions></trkpt>
      <trkpt lon="120.954372" lat="23.468839"><ele>3692.573325</ele><time>2026-09-14T23:00:46Z</time><extensions><speed>0.481407</speed><course>274.584484</course><hAcc>1.572498</hAcc><vAcc>0.690283</vAcc></extensions></trkpt>
      <trkpt lon="120.954367" lat="23.468839"><ele>3692.448577</ele><time>2026-09-14T23:00:47Z</time><extensions><speed>0.484315</speed><course>267.168578</course><hAcc>1.586092</hAcc><vAcc>0.690283</vAcc></extensions></trkpt>
      <trkpt lon="120.954362" lat="23.468839"><ele>3692.319773</ele><time>2026-09-14T23:00:48Z</time><extensions><speed>0.515959</speed><course>267.487624</course><hAcc>1.576424</hAcc><vAcc>0.690283</vAcc></extensions></trkpt>
      <trkpt lon="120.954356" lat="23.468839"><ele>3692.186645</ele><time>2026-09-14T23:00:49Z</time><extensions><speed>0.705978</speed><course>271.725110</course><hAcc>1.568719</hAcc><vAcc>0.690283</vAcc></extensions></trkpt>
      <trkpt lon="120.954349" lat="23.468840"><ele>3692.048993</ele><time>2026-09-14T23:00:50Z</time><extensions><speed>0.767804</speed><course>274.626216</course><hAcc>1.582236</hAcc><vAcc>0.690283</vAcc></extensions></trkpt>
      <trkpt lon="120.954342" lat="23.468840"><ele>3691.906715</ele><time>2026-09-14T23:00:51Z</time><extensions><speed>0.751357</speed><course>277.209870</course><hAcc>1.597587</hAcc><vAcc>0.690283</vAcc></extensions></trkpt>
      <trkpt lon="120.954335" lat="23.468841"><ele>3691.759672</ele><time>2026-09-14T23:00:52Z</time><extensions><speed>0.741947</speed><course>279.240062</course><hAcc>1.617845</hAcc><vAcc>0.690283</vAcc></extensions></trkpt>
      <trkpt lon="120.954327" lat="23.468843"><ele>3691.607844</ele><time>2026-09-14T23:00:53Z</time><extensions><speed>0.780180</speed><course>281.043156</course><hAcc>1.618227</hAcc><vAcc>0.690283</vAcc></extensions></trkpt>
      <trkpt lon="120.954320" lat="23.468844"><ele>3691.451168</ele><time>2026-09-14T23:00:54Z</time><extensions><speed>0.801761</speed><course>282.918675</course><hAcc>1.615124</hAcc><vAcc>0.690283</vAcc></extensions></trkpt>
      <trkpt lon="120.954312" lat="23.468846"><ele>3691.289544</ele><time>2026-09-14T23:00:55Z</time><extensions><speed>0.792210</speed><course>284.876553</course><hAcc>1.608816</hAcc><vAcc>0.690283</vAcc></extensions></trkpt>
      <trkpt lon="120.954305" lat="23.468848"><ele>3691.122833</ele><time>2026-09-14T23:00:56Z</time><extensions><speed>0.778476</speed><course>286.553852</course><hAcc>1.589233</hAcc><vAcc>0.690283</vAcc></extensions></trkpt>
      <trkpt lon="120.954298" lat="23.468850"><ele>3690.950877</ele><time>2026-09-14T23:00:57Z</time><extensions><speed>0.794671</speed><course>284.496017</course><hAcc>1.585335</hAcc><vAcc>0.690283</vAcc></extensions></trkpt>
      <trkpt lon="120.954290" lat="23.468851"><ele>3690.773576</ele><time>2026-09-14T23:00:58Z</time><extensions><speed>0.802612</speed><course>278.734932</course><hAcc>1.601097</hAcc><vAcc>0.690283</vAcc></extensions></trkpt>
      <trkpt lon="120.954282" lat="23.468852"><ele>3690.590891</ele><time>2026-09-14T23:00:59Z</time><extensions><speed>0.822233</speed><course>274.591223</course><hAcc>1.603674</hAcc><vAcc>0.690283</vAcc></extensions></trkpt>
      <trkpt lon="120.954274" lat="23.468852"><ele>3690.402892</ele><time>2026-09-14T23:01:00Z</time><extensions><speed>0.735366</speed><course>271.604407</course><hAcc>1.606588</hAcc><vAcc>0.690283</vAcc></extensions></trkpt>
      <trkpt lon="120.954267" lat="23.468852"><ele>3690.209813</ele><time>2026-09-14T23:01:01Z</time><extensions><speed>0.727868</speed><course>269.530851</course><hAcc>1.611957</hAcc><vAcc>0.690283</vAcc></extensions></trkpt>
      <trkpt lon="120.954260" lat="23.468852"><ele>3690.012083</ele><time>2026-09-14T23:01:02Z</time><extensions><speed>0.731460</speed><course>268.261591</course><hAcc>1.615343</hAcc><vAcc>0.690283</vAcc></extensions></trkpt>
      <trkpt lon="120.954253" lat="23.468852"><ele>3689.810222</ele><time>2026-09-14T23:01:03Z</time><extensions><speed>0.721705</speed><course>267.342773</course><hAcc>1.618378</hAcc><vAcc>0.690283</vAcc></extensions></trkpt>
      <trkpt lon="120.954246" lat="23.468851"><ele>3689.604861</ele><time>2026-09-14T23:01:04Z</time><extensions><speed>0.576348</speed><course>264.564852</course><hAcc>1.626288</hAcc><vAcc>0.690283</vAcc></extensions></trkpt>
      <trkpt lon="120.954241" lat="23.468851"><ele>3689.396687</ele><time>2026-09-14T23:01:05Z</time><extensions><speed>0.446482</speed><course>263.178947</course><hAcc>1.657211</hAcc><vAcc>0.690283</vAcc></extensions></trkpt>
      <trkpt lon="120.954237" lat="23.468851"><ele>3689.186237</ele><time>2026-09-14T23:01:06Z</time><extensions><speed>0.446572</speed><course>262.998702</course><hAcc>1.667835</hAcc><vAcc>0.690282</vAcc></extensions></trkpt>
      <trkpt lon="120.954233" lat="23.468850"><ele>3688.974191</ele><time>2026-09-14T23:01:07Z</time><extensions><speed>0.466114</speed><course>263.335792</course><hAcc>1.656339</hAcc><vAcc>0.690282</vAcc></extensions></trkpt>
      <trkpt lon="120.954227" lat="23.468850"><ele>3688.761166</ele><time>2026-09-14T23:01:08Z</time><extensions><speed>0.633833</speed><course>265.675212</course><hAcc>1.647162</hAcc><vAcc>0.690282</vAcc></extensions></trkpt>
      <trkpt lon="120.954220" lat="23.468849"><ele>3688.547875</ele><time>2026-09-14T23:01:09Z</time><extensions><speed>0.767989</speed><course>268.089939</course><hAcc>1.652253</hAcc><vAcc>0.690281</vAcc></extensions></trkpt>
      <trkpt lon="120.954212" lat="23.468849"><ele>3688.335227</ele><time>2026-09-14T23:01:10Z</time><extensions><speed>0.839633</speed><course>269.987508</course><hAcc>1.654809</hAcc><vAcc>0.690281</vAcc></extensions></trkpt>
      <trkpt lon="120.954204" lat="23.468849"><ele>3688.124155</ele><time>2026-09-14T23:01:11Z</time><extensions><speed>0.803792</speed><course>270.929796</course><hAcc>1.663242</hAcc><vAcc>0.690282</vAcc></extensions></trkpt>
      <trkpt lon="120.954196" lat="23.468849"><ele>3687.915571</ele><time>2026-09-14T23:01:12Z</time><extensions><speed>0.840695</speed><course>270.756272</course><hAcc>1.651202</hAcc><vAcc>0.690282</vAcc></extensions></trkpt>
      <trkpt lon="120.954188" lat="23.468850"><ele>3687.710125</ele><time>2026-09-14T23:01:13Z</time><extensions><speed>0.935031</speed><course>271.425590</course><hAcc>1.634628</hAcc><vAcc>0.690283</vAcc></extensions></trkpt>
      <trkpt lon="120.954178" lat="23.468850"><ele>3687.508404</ele><time>2026-09-14T23:01:14Z</time><extensions><speed>0.968261</speed><course>273.267396</course><hAcc>1.622486</hAcc><vAcc>0.690283</vAcc></extensions></trkpt>
      <trkpt lon="120.954169" lat="23.468851"><ele>3687.311591</ele><time>2026-09-14T23:01:15Z</time><extensions><speed>0.878132</speed><course>280.698054</course><hAcc>1.612650</hAcc><vAcc>0.690283</vAcc></extensions></trkpt>
      <trkpt lon="120.954161" lat="23.468853"><ele>3687.121183</ele><time>2026-09-14T23:01:16Z</time><extensions><speed>0.801219</speed><course>286.123199</course><hAcc>1.640172</hAcc><vAcc>0.690283</vAcc></extensions></trkpt>
      <trkpt lon="120.954154" lat="23.468855"><ele>3686.937665</ele><time>2026-09-14T23:01:17Z</time><extensions><speed>0.739798</speed><course>288.241019</course><hAcc>1.655646</hAcc><vAcc>0.690283</vAcc></extensions></trkpt>
      <trkpt lon="120.954147" lat="23.468857"><ele>3686.761128</ele><time>2026-09-14T23:01:18Z</time><extensions><speed>0.684467</speed><course>286.784082</course><hAcc>1.641272</hAcc><vAcc>0.690283</vAcc></extensions></trkpt>
      <trkpt lon="120.954141" lat="23.468858"><ele>3686.591505</ele><time>2026-09-14T23:01:19Z</time><extensions><speed>0.706581</speed><course>283.671970</course><hAcc>1.632616</hAcc><vAcc>0.690283</vAcc></extensions></trkpt>
      <trkpt lon="120.954134" lat="23.468860"><ele>3686.428617</ele><time>2026-09-14T23:01:20Z</time><extensions><speed>0.722208</speed><course>282.182045</course><hAcc>1.631844</hAcc><vAcc>0.690284</vAcc></extensions></trkpt>
      <trkpt lon="120.954127" lat="23.468861"><ele>3686.272124</ele><time>2026-09-14T23:01:21Z</time><extensions><speed>0.688800</speed><course>282.814821</course><hAcc>1.636559</hAcc><vAcc>0.690284</vAcc></extensions></trkpt>
      <trkpt lon="120.954120" lat="23.468862"><ele>3686.121423</ele><time>2026-09-14T23:01:22Z</time><extensions><speed>0.722762</speed><course>281.479427</course><hAcc>1.635661</hAcc><vAcc>0.690284</vAcc></extensions></trkpt>
      <trkpt lon="120.954113" lat="23.468863"><ele>3685.975289</ele><time>2026-09-14T23:01:23Z</time><extensions><speed>0.753291</speed><course>278.846119</course><hAcc>1.653996</hAcc><vAcc>0.690284</vAcc></extensions></trkpt>
      <trkpt lon="120.954107" lat="23.468864"><ele>3685.831471</ele><time>2026-09-14T23:01:24Z</time><extensions><speed>0.607383</speed><course>271.675708</course><hAcc>1.667032</hAcc><vAcc>0.690284</vAcc></extensions></trkpt>
      <trkpt lon="120.954102" lat="23.468863"><ele>3685.687110</ele><time>2026-09-14T23:01:25Z</time><extensions><speed>0.460247</speed><course>253.322222</course><hAcc>1.630034</hAcc><vAcc>0.690284</vAcc></extensions></trkpt>
      <trkpt lon="120.954099" lat="23.468862"><ele>3685.539471</ele><time>2026-09-14T23:01:26Z</time><extensions><speed>0.247385</speed><course>239.295224</course><hAcc>1.593947</hAcc><vAcc>0.690283</vAcc></extensions></trkpt>
      <trkpt lon="120.954097" lat="23.468860"><ele>3685.387334</ele><time>2026-09-14T23:01:27Z</time><extensions><speed>0.353805</speed><course>220.522950</course><hAcc>1.579454</hAcc><vAcc>0.690283</vAcc></extensions></trkpt>
      <trkpt lon="120.954096" lat="23.468858"><ele>3685.231070</ele><time>2026-09-14T23:01:28Z</time><extensions><speed>0.071021</speed><course>161.357405</course><hAcc>1.598772</hAcc><vAcc>0.690283</vAcc></extensions></trkpt>
      <trkpt lon="120.954096" lat="23.468858"><ele>3685.071848</ele><time>2026-09-14T23:01:29Z</time><extensions><speed>0.119857</speed><course>92.002047</course><hAcc>1.633189</hAcc><vAcc>0.690283</vAcc></extensions></trkpt>
      <trkpt lon="120.954097" lat="23.468857"><ele>3684.911421</ele><time>2026-09-14T23:01:30Z</time><extensions><speed>0.213466</speed><course>179.495426</course><hAcc>1.634563</hAcc><vAcc>0.690283</vAcc></extensions></trkpt>
      <trkpt lon="120.954098" lat="23.468855"><ele>3684.751771</ele><time>2026-09-14T23:01:31Z</time><extensions><speed>0.229128</speed><course>140.450777</course><hAcc>1.594394</hAcc><vAcc>0.690283</vAcc></extensions></trkpt>
      <trkpt lon="120.954100" lat="23.468853"><ele>3684.594958</ele><time>2026-09-14T23:01:32Z</time><extensions><speed>0.370028</speed><course>132.556924</course><hAcc>1.584601</hAcc><vAcc>0.690283</vAcc></extensions></trkpt>
      <trkpt lon="120.954103" lat="23.468850"><ele>3684.442996</ele><time>2026-09-14T23:01:33Z</time><extensions><speed>0.548368</speed><course>137.771306</course><hAcc>1.595389</hAcc><vAcc>0.690283</vAcc></extensions></trkpt>
      <trkpt lon="120.954107" lat="23.468845"><ele>3684.297714</ele><time>2026-09-14T23:01:34Z</time><extensions><speed>0.790535</speed><course>133.781357</course><hAcc>1.618432</hAcc><vAcc>0.690283</vAcc></extensions></trkpt>
      <trkpt lon="120.954113" lat="23.468840"><ele>3684.160495</ele><time>2026-09-14T23:01:35Z</time><extensions><speed>0.894553</speed><course>132.787535</course><hAcc>1.659655</hAcc><vAcc>0.690283</vAcc></extensions></trkpt>
      <trkpt lon="120.954120" lat="23.468835"><ele>3684.032135</ele><time>2026-09-14T23:01:36Z</time><extensions><speed>0.932118</speed><course>130.194572</course><hAcc>1.648914</hAcc><vAcc>0.690283</vAcc></extensions></trkpt>
      <trkpt lon="120.954127" lat="23.468828"><ele>3683.912631</ele><time>2026-09-14T23:01:37Z</time><extensions><speed>1.017622</speed><course>135.608260</course><hAcc>1.627223</hAcc><vAcc>0.690283</vAcc></extensions></trkpt>
      <trkpt lon="120.954134" lat="23.468821"><ele>3683.801158</ele><time>2026-09-14T23:01:38Z</time><extensions><speed>1.097932</speed><course>140.226154</course><hAcc>1.628839</hAcc><vAcc>0.690283</vAcc></extensions></trkpt>
      <trkpt lon="120.954141" lat="23.468813"><ele>3683.696463</ele><time>2026-09-14T23:01:39Z</time><extensions><speed>1.146253</speed><course>143.188328</course><hAcc>1.643953</hAcc><vAcc>0.690283</vAcc></extensions></trkpt>
      <trkpt lon="120.954147" lat="23.468805"><ele>3683.596951</ele><time>2026-09-14T23:01:40Z</time><extensions><speed>1.129947</speed><course>143.359498</course><hAcc>1.664145</hAcc><vAcc>0.690283</vAcc></extensions></trkpt>
      <trkpt lon="120.954154" lat="23.468797"><ele>3683.500965</ele><time>2026-09-14T23:01:41Z</time><extensions><speed>1.138694</speed><course>143.128387</course><hAcc>1.657432</hAcc><vAcc>0.690283</vAcc></extensions></trkpt>
      <trkpt lon="120.954161" lat="23.468788"><ele>3683.406950</ele><time>2026-09-14T23:01:42Z</time><extensions><speed>1.117279</speed><course>146.461347</course><hAcc>1.640529</hAcc><vAcc>0.690283</vAcc></extensions></trkpt>
      <trkpt lon="120.954166" lat="23.468780"><ele>3683.313390</ele><time>2026-09-14T23:01:43Z</time><extensions><speed>1.034218</speed><course>145.514802</course><hAcc>1.646700</hAcc><vAcc>0.690283</vAcc></extensions></trkpt>
      <trkpt lon="120.954172" lat="23.468773"><ele>3683.219072</ele><time>2026-09-14T23:01:44Z</time><extensions><speed>0.981410</speed><course>145.462374</course><hAcc>1.638215</hAcc><vAcc>0.690283</vAcc></extensions></trkpt>
      <trkpt lon="120.954178" lat="23.468766"><ele>3683.122798</ele><time>2026-09-14T23:01:45Z</time><extensions><speed>0.907227</speed><course>141.264123</course><hAcc>1.651995</hAcc><vAcc>0.690283</vAcc></extensions></trkpt>
      <trkpt lon="120.954183" lat="23.468760"><ele>3683.023477</ele><time>2026-09-14T23:01:46Z</time><extensions><speed>0.881279</speed><course>133.535949</course><hAcc>1.649667</hAcc><vAcc>0.690283</vAcc></extensions></trkpt>
      <trkpt lon="120.954190" lat="23.468754"><ele>3682.920253</ele><time>2026-09-14T23:01:47Z</time><extensions><speed>0.899637</speed><course>133.731771</course><hAcc>1.627447</hAcc><vAcc>0.690283</vAcc></extensions></trkpt>
      <trkpt lon="120.954196" lat="23.468749"><ele>3682.812320</ele><time>2026-09-14T23:01:48Z</time><extensions><speed>0.872494</speed><course>136.147929</course><hAcc>1.636737</hAcc><vAcc>0.690283</vAcc></extensions></trkpt>
      <trkpt lon="120.954202" lat="23.468743"><ele>3682.699002</ele><time>2026-09-14T23:01:49Z</time><extensions><speed>0.814576</speed><course>135.845149</course><hAcc>1.668193</hAcc><vAcc>0.690283</vAcc></extensions></trkpt>
      <trkpt lon="120.954207" lat="23.468738"><ele>3682.579763</ele><time>2026-09-14T23:01:50Z</time><extensions><speed>0.732182</speed><course>135.878159</course><hAcc>1.678792</hAcc><vAcc>0.690283</vAcc></extensions></trkpt>
      <trkpt lon="120.954212" lat="23.468733"><ele>3682.454186</ele><time>2026-09-14T23:01:51Z</time><extensions><speed>0.667729</speed><course>137.069849</course><hAcc>1.659649</hAcc><vAcc>0.690283</vAcc></extensions></trkpt>
      <trkpt lon="120.954216" lat="23.468729"><ele>3682.321936</ele><time>2026-09-14T23:01:52Z</time><extensions><speed>0.726541</speed><course>138.295297</course><hAcc>1.630297</hAcc><vAcc>0.690283</vAcc></extensions></trkpt>
      <trkpt lon="120.954221" lat="23.468724"><ele>3682.182924</ele><time>2026-09-14T23:01:53Z</time><extensions><speed>0.760551</speed><course>139.012047</course><hAcc>1.630885</hAcc><vAcc>0.690283</vAcc></extensions></trkpt>
      <trkpt lon="120.954226" lat="23.468718"><ele>3682.037327</ele><time>2026-09-14T23:01:54Z</time><extensions><speed>0.753154</speed><course>139.043393</course><hAcc>1.650350</hAcc><vAcc>0.690283</vAcc></extensions></trkpt>
      <trkpt lon="120.954231" lat="23.468713"><ele>3681.885662</ele><time>2026-09-14T23:01:55Z</time><extensions><speed>0.764370</speed><course>138.210439</course><hAcc>1.666390</hAcc><vAcc>0.690283</vAcc></extensions></trkpt>
      <trkpt lon="120.954236" lat="23.468708"><ele>3681.728736</ele><time>2026-09-14T23:01:56Z</time><extensions><speed>0.819884</speed><course>138.019046</course><hAcc>1.664225</hAcc><vAcc>0.690283</vAcc></extensions></trkpt>
      <trkpt lon="120.954241" lat="23.468702"><ele>3681.567561</ele><time>2026-09-14T23:01:57Z</time><extensions><speed>0.853807</speed><course>138.724947</course><hAcc>1.652654</hAcc><vAcc>0.690283</vAcc></extensions></trkpt>
      <trkpt lon="120.954247" lat="23.468697"><ele>3681.403257</ele><time>2026-09-14T23:01:58Z</time><extensions><speed>0.824133</speed><course>140.622141</course><hAcc>1.635423</hAcc><vAcc>0.690283</vAcc></extensions></trkpt>
      <trkpt lon="120.954252" lat="23.468691"><ele>3681.236865</ele><time>2026-09-14T23:01:59Z</time><extensions><speed>0.847298</speed><course>141.039041</course><hAcc>1.636187</hAcc><vAcc>0.690283</vAcc></extensions></trkpt>
      <trkpt lon="120.954257" lat="23.468685"><ele>3681.069276</ele><time>2026-09-14T23:02:00Z</time><extensions><speed>0.934054</speed><course>140.162788</course><hAcc>1.645150</hAcc><vAcc>0.690283</vAcc></extensions></trkpt>
      <trkpt lon="120.954263" lat="23.468678"><ele>3680.901327</ele><time>2026-09-14T23:02:01Z</time><extensions><speed>1.004697</speed><course>138.284524</course><hAcc>1.665601</hAcc><vAcc>0.690283</vAcc></extensions></trkpt>
      <trkpt lon="120.954270" lat="23.468671"><ele>3680.733529</ele><time>2026-09-14T23:02:02Z</time><extensions><speed>0.931391</speed><course>137.440953</course><hAcc>1.669709</hAcc><vAcc>0.690283</vAcc></extensions></trkpt>
      <trkpt lon="120.954275" lat="23.468666"><ele>3680.566424</ele><time>2026-09-14T23:02:03Z</time><extensions><speed>0.765739</speed><course>137.926054</course><hAcc>1.646708</hAcc><vAcc>0.690283</vAcc></extensions></trkpt>
      <trkpt lon="120.954280" lat="23.468660"><ele>3680.400504</ele><time>2026-09-14T23:02:04Z</time><extensions><speed>0.800750</speed><course>137.691024</course><hAcc>1.621523</hAcc><vAcc>0.690283</vAcc></extensions></trkpt>
      <trkpt lon="120.954287" lat="23.468654"><ele>3680.236275</ele><time>2026-09-14T23:02:05Z</time><extensions><speed>1.071967</speed><course>136.271415</course><hAcc>1.623922</hAcc><vAcc>0.690283</vAcc></extensions></trkpt>
      <trkpt lon="120.954294" lat="23.468648"><ele>3680.074510</ele><time>2026-09-14T23:02:06Z</time><extensions><speed>1.041760</speed><course>136.399056</course><hAcc>1.624125</hAcc><vAcc>0.690283</vAcc></extensions></trkpt>
      <trkpt lon="120.954301" lat="23.468641"><ele>3679.916052</ele><time>2026-09-14T23:02:07Z</time><extensions><speed>0.931651</speed><course>136.525098</course><hAcc>1.617331</hAcc><vAcc>0.690283</vAcc></extensions></trkpt>
      <trkpt lon="120.954307" lat="23.468635"><ele>3679.761887</ele><time>2026-09-14T23:02:08Z</time><extensions><speed>0.882806</speed><course>136.173495</course><hAcc>1.604809</hAcc><vAcc>0.690283</vAcc></extensions></trkpt>
      <trkpt lon="120.954313" lat="23.468630"><ele>3679.613014</ele><time>2026-09-14T23:02:09Z</time><extensions><speed>0.878472</speed><course>135.392638</course><hAcc>1.593011</hAcc><vAcc>0.690283</vAcc></extensions></trkpt>
      <trkpt lon="120.954319" lat="23.468624"><ele>3679.470284</ele><time>2026-09-14T23:02:10Z</time><extensions><speed>0.808700</speed><course>134.371870</course><hAcc>1.587649</hAcc><vAcc>0.690283</vAcc></extensions></trkpt>
      <trkpt lon="120.954325" lat="23.468619"><ele>3679.334308</ele><time>2026-09-14T23:02:11Z</time><extensions><speed>0.795809</speed><course>132.731352</course><hAcc>1.587692</hAcc><vAcc>0.690283</vAcc></extensions></trkpt>
      <trkpt lon="120.954330" lat="23.468614"><ele>3679.205420</ele><time>2026-09-14T23:02:12Z</time><extensions><speed>0.808107</speed><course>131.154134</course><hAcc>1.594311</hAcc><vAcc>0.690283</vAcc></extensions></trkpt>
      <trkpt lon="120.954337" lat="23.468610"><ele>3679.083582</ele><time>2026-09-14T23:02:13Z</time><extensions><speed>0.898763</speed><course>129.671593</course><hAcc>1.602664</hAcc><vAcc>0.690283</vAcc></extensions></trkpt>
      <trkpt lon="120.954344" lat="23.468604"><ele>3678.968429</ele><time>2026-09-14T23:02:14Z</time><extensions><speed>0.925140</speed><course>127.714075</course><hAcc>1.605602</hAcc><vAcc>0.690283</vAcc></extensions></trkpt>
      <trkpt lon="120.954351" lat="23.468600"><ele>3678.859370</ele><time>2026-09-14T23:02:15Z</time><extensions><speed>0.851670</speed><course>124.143098</course><hAcc>1.590810</hAcc><vAcc>0.690283</vAcc></extensions></trkpt>
      <trkpt lon="120.954358" lat="23.468596"><ele>3678.755533</ele><time>2026-09-14T23:02:16Z</time><extensions><speed>0.840012</speed><course>123.315882</course><hAcc>1.597632</hAcc><vAcc>0.690283</vAcc></extensions></trkpt>
      <trkpt lon="120.954365" lat="23.468591"><ele>3678.655810</ele><time>2026-09-14T23:02:17Z</time><extensions><speed>0.906271</speed><course>125.340320</course><hAcc>1.622287</hAcc><vAcc>0.690283</vAcc></extensions></trkpt>
      <trkpt lon="120.954372" lat="23.468586"><ele>3678.559161</ele><time>2026-09-14T23:02:18Z</time><extensions><speed>0.927736</speed><course>126.235672</course><hAcc>1.632219</hAcc><vAcc>0.690283</vAcc></extensions></trkpt>
      <trkpt lon="120.954380" lat="23.468581"><ele>3678.464833</ele><time>2026-09-14T23:02:19Z</time><extensions><speed>0.973556</speed><course>126.269803</course><hAcc>1.634272</hAcc><vAcc>0.690283</vAcc></extensions></trkpt>
      <trkpt lon="120.954387" lat="23.468577"><ele>3678.372498</ele><time>2026-09-14T23:02:20Z</time><extensions><speed>0.890822</speed><course>124.277299</course><hAcc>1.625213</hAcc><vAcc>0.690283</vAcc></extensions></trkpt>
      <trkpt lon="120.954394" lat="23.468573"><ele>3678.281401</ele><time>2026-09-14T23:02:21Z</time><extensions><speed>0.755595</speed><course>120.816327</course><hAcc>1.610025</hAcc><vAcc>0.690283</vAcc></extensions></trkpt>
      <trkpt lon="120.954400" lat="23.468570"><ele>3678.190975</ele><time>2026-09-14T23:02:22Z</time><extensions><speed>0.603711</speed><course>118.618714</course><hAcc>1.613734</hAcc><vAcc>0.690283</vAcc></extensions></trkpt>
      <trkpt lon="120.954405" lat="23.468567"><ele>3678.100860</ele><time>2026-09-14T23:02:23Z</time><extensions><speed>0.544189</speed><course>118.221198</course><hAcc>1.617436</hAcc><vAcc>0.690283</vAcc></extensions></trkpt>
      <trkpt lon="120.954410" lat="23.468565"><ele>3678.010796</ele><time>2026-09-14T23:02:24Z</time><extensions><speed>0.646157</speed><course>119.944844</course><hAcc>1.608528</hAcc><vAcc>0.690283</vAcc></extensions></trkpt>
      <trkpt lon="120.954416" lat="23.468562"><ele>3677.920652</ele><time>2026-09-14T23:02:25Z</time><extensions><speed>0.757365</speed><course>123.093632</course><hAcc>1.612825</hAcc><vAcc>0.690283</vAcc></extensions></trkpt>
      <trkpt lon="120.954422" lat="23.468557"><ele>3677.830064</ele><time>2026-09-14T23:02:26Z</time><extensions><speed>0.881064</speed><course>124.508259</course><hAcc>1.608561</hAcc><vAcc>0.690283</vAcc></extensions></trkpt>
      <trkpt lon="120.954430" lat="23.468553"><ele>3677.738312</ele><time>2026-09-14T23:02:27Z</time><extensions><speed>0.962910</speed><course>125.299696</course><hAcc>1.608982</hAcc><vAcc>0.690283</vAcc></extensions></trkpt>
      <trkpt lon="120.954438" lat="23.468548"><ele>3677.644169</ele><time>2026-09-14T23:02:28Z</time><extensions><speed>1.040097</speed><course>126.088633</course><hAcc>1.613896</hAcc><vAcc>0.690283</vAcc></extensions></trkpt>
      <trkpt lon="120.954446" lat="23.468542"><ele>3677.545970</ele><time>2026-09-14T23:02:29Z</time><extensions><speed>1.152434</speed><course>127.485727</course><hAcc>1.619457</hAcc><vAcc>0.690283</vAcc></extensions></trkpt>
      <trkpt lon="120.954454" lat="23.468536"><ele>3677.442229</ele><time>2026-09-14T23:02:30Z</time><extensions><speed>0.917291</speed><course>126.455740</course><hAcc>1.629313</hAcc><vAcc>0.690283</vAcc></extensions></trkpt>
      <trkpt lon="120.954460" lat="23.468532"><ele>3677.332130</ele><time>2026-09-14T23:02:31Z</time><extensions><speed>0.595289</speed><course>122.556835</course><hAcc>1.638956</hAcc><vAcc>0.690283</vAcc></extensions></trkpt>
      <trkpt lon="120.954465" lat="23.468530"><ele>3677.215466</ele><time>2026-09-14T23:02:32Z</time><extensions><speed>0.434988</speed><course>121.421135</course><hAcc>1.659627</hAcc><vAcc>0.690283</vAcc></extensions></trkpt>
      <trkpt lon="120.954467" lat="23.468528"><ele>3677.092376</ele><time>2026-09-14T23:02:33Z</time><extensions><speed>0.265487</speed><course>117.952408</course><hAcc>1.678667</hAcc><vAcc>0.690283</vAcc></extensions></trkpt>
      <trkpt lon="120.954469" lat="23.468528"><ele>3676.963322</ele><time>2026-09-14T23:02:34Z</time><extensions><speed>0.104875</speed><course>89.383063</course><hAcc>1.681180</hAcc><vAcc>0.690283</vAcc></extensions></trkpt>
      <trkpt lon="120.954470" lat="23.468528"><ele>3676.828934</ele><time>2026-09-14T23:02:35Z</time><extensions><speed>0.106995</speed><course>7.402060</course><hAcc>1.687839</hAcc><vAcc>0.690283</vAcc></extensions></trkpt>
      <trkpt lon="120.954470" lat="23.468530"><ele>3676.690001</ele><time>2026-09-14T23:02:36Z</time><extensions><speed>0.141568</speed><course>5.564349</course><hAcc>1.683612</hAcc><vAcc>0.690283</vAcc></extensions></trkpt>
      <trkpt lon="120.954470" lat="23.468531"><ele>3676.547433</ele><time>2026-09-14T23:02:37Z</time><extensions><speed>0.128209</speed><course>45.574540</course><hAcc>1.668841</hAcc><vAcc>0.690283</vAcc></extensions></trkpt>
      <trkpt lon="120.954472" lat="23.468531"><ele>3676.402234</ele><time>2026-09-14T23:02:38Z</time><extensions><speed>0.222760</speed><course>102.977780</course><hAcc>1.659420</hAcc><vAcc>0.690283</vAcc></extensions></trkpt>
      <trkpt lon="120.954474" lat="23.468530"><ele>3676.255351</ele><time>2026-09-14T23:02:39Z</time><extensions><speed>0.239060</speed><course>109.984278</course><hAcc>1.653928</hAcc><vAcc>0.690283</vAcc></extensions></trkpt>
      <trkpt lon="120.954476" lat="23.468529"><ele>3676.107672</ele><time>2026-09-14T23:02:40Z</time><extensions><speed>0.258029</speed><course>114.238297</course><hAcc>1.647900</hAcc><vAcc>0.690283</vAcc></extensions></trkpt>
      <trkpt lon="120.954478" lat="23.468528"><ele>3675.959910</ele><time>2026-09-14T23:02:41Z</time><extensions><speed>0.263914</speed><course>121.659020</course><hAcc>1.661170</hAcc><vAcc>0.690283</vAcc></extensions></trkpt>
      <trkpt lon="120.954480" lat="23.468527"><ele>3675.812523</ele><time>2026-09-14T23:02:42Z</time><extensions><speed>0.284155</speed><course>122.774077</course><hAcc>1.639298</hAcc><vAcc>0.690283</vAcc></extensions></trkpt>
      <trkpt lon="120.954483" lat="23.468525"><ele>3675.665731</ele><time>2026-09-14T23:02:43Z</time><extensions><speed>0.355226</speed><course>127.071768</course><hAcc>1.625170</hAcc><vAcc>0.690283</vAcc></extensions></trkpt>
      <trkpt lon="120.954486" lat="23.468523"><ele>3675.519450</ele><time>2026-09-14T23:02:44Z</time><extensions><speed>0.366547</speed><course>131.268963</course><hAcc>1.634483</hAcc><vAcc>0.690283</vAcc></extensions></trkpt>
      <trkpt lon="120.954488" lat="23.468521"><ele>3675.373401</ele><time>2026-09-14T23:02:45Z</time><extensions><speed>0.369970</speed><course>136.988530</course><hAcc>1.650827</hAcc><vAcc>0.690283</vAcc></extensions></trkpt>
      <trkpt lon="120.954491" lat="23.468518"><ele>3675.227187</ele><time>2026-09-14T23:02:46Z</time><extensions><speed>0.358297</speed><course>144.100028</course><hAcc>1.660392</hAcc><vAcc>0.690283</vAcc></extensions></trkpt>
      <trkpt lon="120.954492" lat="23.468516"><ele>3675.080332</ele><time>2026-09-14T23:02:47Z</time><extensions><speed>0.338358</speed><course>152.931404</course><hAcc>1.645774</hAcc><vAcc>0.690283</vAcc></extensions></trkpt>
      <trkpt lon="120.954494" lat="23.468513"><ele>3674.932421</ele><time>2026-09-14T23:02:48Z</time><extensions><speed>0.445881</speed><course>151.924179</course><hAcc>1.640125</hAcc><vAcc>0.690283</vAcc></extensions></trkpt>
      <trkpt lon="120.954497" lat="23.468509"><ele>3674.783090</ele><time>2026-09-14T23:02:49Z</time><extensions><speed>0.537590</speed><course>147.851112</course><hAcc>1.650229</hAcc><vAcc>0.690283</vAcc></extensions></trkpt>
      <trkpt lon="120.954500" lat="23.468505"><ele>3674.632072</ele><time>2026-09-14T23:02:50Z</time><extensions><speed>0.580004</speed><course>144.975422</course><hAcc>1.655084</hAcc><vAcc>0.690283</vAcc></extensions></trkpt>
      <trkpt lon="120.954503" lat="23.468500"><ele>3674.479204</ele><time>2026-09-14T23:02:51Z</time><extensions><speed>0.620218</speed><course>141.049051</course><hAcc>1.661368</hAcc><vAcc>0.690283</vAcc></extensions></trkpt>
      <trkpt lon="120.954507" lat="23.468496"><ele>3674.324393</ele><time>2026-09-14T23:02:52Z</time><extensions><speed>0.576515</speed><course>137.772169</course><hAcc>1.643927</hAcc><vAcc>0.690283</vAcc></extensions></trkpt>
      <trkpt lon="120.954511" lat="23.468493"><ele>3674.167631</ele><time>2026-09-14T23:02:53Z</time><extensions><speed>0.562401</speed><course>134.564392</course><hAcc>1.635718</hAcc><vAcc>0.690283</vAcc></extensions></trkpt>
      <trkpt lon="120.954515" lat="23.468489"><ele>3674.008922</ele><time>2026-09-14T23:02:54Z</time><extensions><speed>0.556230</speed><course>132.229270</course><hAcc>1.636917</hAcc><vAcc>0.690283</vAcc></extensions></trkpt>
      <trkpt lon="120.954519" lat="23.468486"><ele>3673.848288</ele><time>2026-09-14T23:02:55Z</time><extensions><speed>0.585450</speed><course>131.107694</course><hAcc>1.635974</hAcc><vAcc>0.690283</vAcc></extensions></trkpt>
      <trkpt lon="120.954524" lat="23.468482"><ele>3673.685790</ele><time>2026-09-14T23:02:56Z</time><extensions><speed>0.634226</speed><course>130.676908</course><hAcc>1.631088</hAcc><vAcc>0.690283</vAcc></extensions></trkpt>
      <trkpt lon="120.954528" lat="23.468479"><ele>3673.521479</ele><time>2026-09-14T23:02:57Z</time><extensions><speed>0.613689</speed><course>129.931550</course><hAcc>1.629689</hAcc><vAcc>0.690283</vAcc></extensions></trkpt>
      <trkpt lon="120.954533" lat="23.468475"><ele>3673.355445</ele><time>2026-09-14T23:02:58Z</time><extensions><speed>0.694352</speed><course>130.685195</course><hAcc>1.625802</hAcc><vAcc>0.690283</vAcc></extensions></trkpt>
      <trkpt lon="120.954539" lat="23.468470"><ele>3673.187760</ele><time>2026-09-14T23:02:59Z</time><extensions><speed>0.795358</speed><course>132.754327</course><hAcc>1.634945</hAcc><vAcc>0.690283</vAcc></extensions></trkpt>
      <trkpt lon="120.954544" lat="23.468465"><ele>3673.018468</ele><time>2026-09-14T23:03:00Z</time><extensions><speed>0.796920</speed><course>133.546371</course><hAcc>1.628437</hAcc><vAcc>0.690283</vAcc></extensions></trkpt>
      <trkpt lon="120.954550" lat="23.468461"><ele>3672.847582</ele><time>2026-09-14T23:03:01Z</time><extensions><speed>0.725023</speed><course>133.273215</course><hAcc>1.597684</hAcc><vAcc>0.690283</vAcc></extensions></trkpt>
      <trkpt lon="120.954555" lat="23.468456"><ele>3672.675105</ele><time>2026-09-14T23:03:02Z</time><extensions><speed>0.701932</speed><course>133.778972</course><hAcc>1.575021</hAcc><vAcc>0.690283</vAcc></extensions></trkpt>
      <trkpt lon="120.954560" lat="23.468452"><ele>3672.501035</ele><time>2026-09-14T23:03:03Z</time><extensions><speed>0.737945</speed><course>134.827787</course><hAcc>1.570477</hAcc><vAcc>0.690283</vAcc></extensions></trkpt>
      <trkpt lon="120.954565" lat="23.468447"><ele>3672.325392</ele><time>2026-09-14T23:03:04Z</time><extensions><speed>0.789556</speed><course>136.777782</course><hAcc>1.592461</hAcc><vAcc>0.690283</vAcc></extensions></trkpt>
      <trkpt lon="120.954570" lat="23.468441"><ele>3672.148235</ele><time>2026-09-14T23:03:05Z</time><extensions><speed>0.781807</speed><course>137.750995</course><hAcc>1.569412</hAcc><vAcc>0.690283</vAcc></extensions></trkpt>
      <trkpt lon="120.954575" lat="23.468436"><ele>3671.969673</ele><time>2026-09-14T23:03:06Z</time><extensions><speed>0.783105</speed><course>139.659755</course><hAcc>1.547730</hAcc><vAcc>0.690283</vAcc></extensions></trkpt>
      <trkpt lon="120.954580" lat="23.468430"><ele>3671.789812</ele><time>2026-09-14T23:03:07Z</time><extensions><speed>0.791801</speed><course>140.600831</course><hAcc>1.534205</hAcc><vAcc>0.690283</vAcc></extensions></trkpt>
      <trkpt lon="120.954585" lat="23.468425"><ele>3671.608799</ele><time>2026-09-14T23:03:08Z</time><extensions><speed>0.792432</speed><course>141.117458</course><hAcc>1.526911</hAcc><vAcc>0.690283</vAcc></extensions></trkpt>
      <trkpt lon="120.954590" lat="23.468419"><ele>3671.426818</ele><time>2026-09-14T23:03:09Z</time><extensions><speed>0.772333</speed><course>141.221188</course><hAcc>1.527750</hAcc><vAcc>0.690283</vAcc></extensions></trkpt>
      <trkpt lon="120.954595" lat="23.468414"><ele>3671.244047</ele><time>2026-09-14T23:03:10Z</time><extensions><speed>0.822066</speed><course>141.332258</course><hAcc>1.540778</hAcc><vAcc>0.690283</vAcc></extensions></trkpt>
      <trkpt lon="120.954600" lat="23.468408"><ele>3671.060600</ele><time>2026-09-14T23:03:11Z</time><extensions><speed>0.848104</speed><course>141.808499</course><hAcc>1.558509</hAcc><vAcc>0.690283</vAcc></extensions></trkpt>
      <trkpt lon="120.954605" lat="23.468402"><ele>3670.876609</ele><time>2026-09-14T23:03:12Z</time><extensions><speed>0.862397</speed><course>143.282683</course><hAcc>1.545317</hAcc><vAcc>0.690283</vAcc></extensions></trkpt>
      <trkpt lon="120.954610" lat="23.468396"><ele>3670.692163</ele><time>2026-09-14T23:03:13Z</time><extensions><speed>0.782855</speed><course>145.358866</course><hAcc>1.544591</hAcc><vAcc>0.690282</vAcc></extensions></trkpt>
      <trkpt lon="120.954614" lat="23.468390"><ele>3670.507300</ele><time>2026-09-14T23:03:14Z</time><extensions><speed>0.782141</speed><course>146.920721</course><hAcc>1.543351</hAcc><vAcc>0.690282</vAcc></extensions></trkpt>
      <trkpt lon="120.954618" lat="23.468384"><ele>3670.322015</ele><time>2026-09-14T23:03:15Z</time><extensions><speed>0.780428</speed><course>146.157986</course><hAcc>1.562832</hAcc><vAcc>0.690281</vAcc></extensions></trkpt>
      <trkpt lon="120.954622" lat="23.468378"><ele>3670.136324</ele><time>2026-09-14T23:03:16Z</time><extensions><speed>0.769171</speed><course>145.487703</course><hAcc>1.559120</hAcc><vAcc>0.690281</vAcc></extensions></trkpt>
      <trkpt lon="120.954626" lat="23.468373"><ele>3669.950304</ele><time>2026-09-14T23:03:17Z</time><extensions><speed>0.780168</speed><course>144.349642</course><hAcc>1.575550</hAcc><vAcc>0.690282</vAcc></extensions></trkpt>
      <trkpt lon="120.954631" lat="23.468367"><ele>3669.764122</ele><time>2026-09-14T23:03:18Z</time><extensions><speed>0.821473</speed><course>144.468888</course><hAcc>1.586633</hAcc><vAcc>0.690283</vAcc></extensions></trkpt>
      <trkpt lon="120.954635" lat="23.468361"><ele>3669.577973</ele><time>2026-09-14T23:03:19Z</time><extensions><speed>0.698963</speed><course>145.899466</course><hAcc>1.600952</hAcc><vAcc>0.690283</vAcc></extensions></trkpt>
      <trkpt lon="120.954639" lat="23.468356"><ele>3669.392161</ele><time>2026-09-14T23:03:20Z</time><extensions><speed>0.591216</speed><course>148.432634</course><hAcc>1.605039</hAcc><vAcc>0.690283</vAcc></extensions></trkpt>
      <trkpt lon="120.954641" lat="23.468352"><ele>3669.206625</ele><time>2026-09-14T23:03:21Z</time><extensions><speed>0.532506</speed><course>152.243666</course><hAcc>1.591882</hAcc><vAcc>0.690283</vAcc></extensions></trkpt>
      <trkpt lon="120.954644" lat="23.468348"><ele>3669.021737</ele><time>2026-09-14T23:03:22Z</time><extensions><speed>0.489740</speed><course>154.576133</course><hAcc>1.591401</hAcc><vAcc>0.690283</vAcc></extensions></trkpt>
      <trkpt lon="120.954645" lat="23.468344"><ele>3668.838378</ele><time>2026-09-14T23:03:23Z</time><extensions><speed>0.448954</speed><course>156.813480</course><hAcc>1.587197</hAcc><vAcc>0.690283</vAcc></extensions></trkpt>
      <trkpt lon="120.954647" lat="23.468340"><ele>3668.658010</ele><time>2026-09-14T23:03:24Z</time><extensions><speed>0.557466</speed><course>152.591140</course><hAcc>1.592801</hAcc><vAcc>0.690283</vAcc></extensions></trkpt>
      <trkpt lon="120.954650" lat="23.468335"><ele>3668.481206</ele><time>2026-09-14T23:03:25Z</time><extensions><speed>0.655999</speed><course>147.277321</course><hAcc>1.626654</hAcc><vAcc>0.690284</vAcc></extensions></trkpt>
      <trkpt lon="120.954654" lat="23.468330"><ele>3668.308681</ele><time>2026-09-14T23:03:26Z</time><extensions><speed>0.649195</speed><course>145.344967</course><hAcc>1.633244</hAcc><vAcc>0.690284</vAcc></extensions></trkpt>
      <trkpt lon="120.954657" lat="23.468326"><ele>3668.141287</ele><time>2026-09-14T23:03:27Z</time><extensions><speed>0.509880</speed><course>144.898142</course><hAcc>1.608105</hAcc><vAcc>0.690284</vAcc></extensions></trkpt>
      <trkpt lon="120.954660" lat="23.468322"><ele>3667.979919</ele><time>2026-09-14T23:03:28Z</time><extensions><speed>0.514224</speed><course>142.766592</course><hAcc>1.590405</hAcc><vAcc>0.690283</vAcc></extensions></trkpt>
      <trkpt lon="120.954663" lat="23.468318"><ele>3667.825169</ele><time>2026-09-14T23:03:29Z</time><extensions><speed>0.543721</speed><course>141.592654</course><hAcc>1.599675</hAcc><vAcc>0.690283</vAcc></extensions></trkpt>
      <trkpt lon="120.954667" lat="23.468314"><ele>3667.677177</ele><time>2026-09-14T23:03:30Z</time><extensions><speed>0.666034</speed><course>141.896211</course><hAcc>1.621993</hAcc><vAcc>0.690283</vAcc></extensions></trkpt>
      <trkpt lon="120.954671" lat="23.468309"><ele>3667.535114</ele><time>2026-09-14T23:03:31Z</time><extensions><speed>0.667257</speed><course>143.260199</course><hAcc>1.625250</hAcc><vAcc>0.690283</vAcc></extensions></trkpt>
      <trkpt lon="120.954675" lat="23.468304"><ele>3667.396964</ele><time>2026-09-14T23:03:32Z</time><extensions><speed>0.662494</speed><course>145.228379</course><hAcc>1.610213</hAcc><vAcc>0.690283</vAcc></extensions></trkpt>
      <trkpt lon="120.954678" lat="23.468299"><ele>3667.260057</ele><time>2026-09-14T23:03:33Z</time><extensions><speed>0.620779</speed><course>146.436490</course><hAcc>1.613270</hAcc><vAcc>0.690283</vAcc></extensions></trkpt>
      <trkpt lon="120.954682" lat="23.468295"><ele>3667.122160</ele><time>2026-09-14T23:03:34Z</time><extensions><speed>0.605435</speed><course>147.079205</course><hAcc>1.620467</hAcc><vAcc>0.690283</vAcc></extensions></trkpt>
      <trkpt lon="120.954685" lat="23.468290"><ele>3666.982375</ele><time>2026-09-14T23:03:35Z</time><extensions><speed>0.627356</speed><course>147.001940</course><hAcc>1.632752</hAcc><vAcc>0.690283</vAcc></extensions></trkpt>
      <trkpt lon="120.954688" lat="23.468285"><ele>3666.840889</ele><time>2026-09-14T23:03:36Z</time><extensions><speed>0.657389</speed><course>146.143954</course><hAcc>1.650256</hAcc><vAcc>0.690283</vAcc></extensions></trkpt>
      <trkpt lon="120.954692" lat="23.468280"><ele>3666.698393</ele><time>2026-09-14T23:03:37Z</time><extensions><speed>0.664867</speed><course>146.230985</course><hAcc>1.641484</hAcc><vAcc>0.690283</vAcc></extensions></trkpt>
      <trkpt lon="120.954696" lat="23.468275"><ele>3666.555815</ele><time>2026-09-14T23:03:38Z</time><extensions><speed>0.679424</speed><course>145.201410</course><hAcc>1.638193</hAcc><vAcc>0.690283</vAcc></extensions></trkpt>
      <trkpt lon="120.954700" lat="23.468271"><ele>3666.413997</ele><time>2026-09-14T23:03:39Z</time><extensions><speed>0.672201</speed><course>142.824331</course><hAcc>1.641663</hAcc><vAcc>0.690283</vAcc></extensions></trkpt>
      <trkpt lon="120.954704" lat="23.468266"><ele>3666.273673</ele><time>2026-09-14T23:03:40Z</time><extensions><speed>0.626826</speed><course>139.084136</course><hAcc>1.648326</hAcc><vAcc>0.690283</vAcc></extensions></trkpt>
      <trkpt lon="120.954707" lat="23.468262"><ele>3666.135430</ele><time>2026-09-14T23:03:41Z</time><extensions><speed>0.519051</speed><course>134.268296</course><hAcc>1.658988</hAcc><vAcc>0.690283</vAcc></extensions></trkpt>
      <trkpt lon="120.954711" lat="23.468259"><ele>3665.999696</ele><time>2026-09-14T23:03:42Z</time><extensions><speed>0.489934</speed><course>130.372880</course><hAcc>1.665198</hAcc><vAcc>0.690283</vAcc></extensions></trkpt>
      <trkpt lon="120.954714" lat="23.468257"><ele>3665.866809</ele><time>2026-09-14T23:03:43Z</time><extensions><speed>0.416866</speed><course>126.939927</course><hAcc>1.676848</hAcc><vAcc>0.690283</vAcc></extensions></trkpt>
      <trkpt lon="120.954717" lat="23.468255"><ele>3665.736965</ele><time>2026-09-14T23:03:44Z</time><extensions><speed>0.348339</speed><course>125.033595</course><hAcc>1.688615</hAcc><vAcc>0.690283</vAcc></extensions></trkpt>
      <trkpt lon="120.954720" lat="23.468253"><ele>3665.610323</ele><time>2026-09-14T23:03:45Z</time><extensions><speed>0.220180</speed><course>120.921558</course><hAcc>1.693849</hAcc><vAcc>0.690283</vAcc></extensions></trkpt>
      <trkpt lon="120.954721" lat="23.468253"><ele>3665.487020</ele><time>2026-09-14T23:03:46Z</time><extensions><speed>0.081714</speed><course>108.353098</course><hAcc>1.692594</hAcc><vAcc>0.690283</vAcc></extensions></trkpt>
      <trkpt lon="120.954721" lat="23.468252"><ele>3665.367077</ele><time>2026-09-14T23:03:47Z</time><extensions><speed>0.017551</speed><course>325.642292</course><hAcc>1.704592</hAcc><vAcc>0.690283</vAcc></extensions></trkpt>
      <trkpt lon="120.954721" lat="23.468253"><ele>3665.250504</ele><time>2026-09-14T23:03:48Z</time><extensions><speed>0.054965</speed><course>279.354390</course><hAcc>1.714894</hAcc><vAcc>0.690283</vAcc></extensions></trkpt>
      <trkpt lon="120.954720" lat="23.468252"><ele>3665.137240</ele><time>2026-09-14T23:03:49Z</time><extensions><speed>0.066748</speed><course>224.724874</course><hAcc>1.712721</hAcc><vAcc>0.690283</vAcc></extensions></trkpt>
      <trkpt lon="120.954720" lat="23.468251"><ele>3665.027219</ele><time>2026-09-14T23:03:50Z</time><extensions><speed>0.153603</speed><course>176.608506</course><hAcc>1.697341</hAcc><vAcc>0.690283</vAcc></extensions></trkpt>
      <trkpt lon="120.954721" lat="23.468249"><ele>3664.920422</ele><time>2026-09-14T23:03:51Z</time><extensions><speed>0.359718</speed><course>157.850926</course><hAcc>1.675934</hAcc><vAcc>0.690283</vAcc></extensions></trkpt>
      <trkpt lon="120.954723" lat="23.468246"><ele>3664.816813</ele><time>2026-09-14T23:03:52Z</time><extensions><speed>0.545379</speed><course>150.130571</course><hAcc>1.674887</hAcc><vAcc>0.690283</vAcc></extensions></trkpt>
      <trkpt lon="120.954726" lat="23.468241"><ele>3664.716467</ele><time>2026-09-14T23:03:53Z</time><extensions><speed>0.595785</speed><course>145.940526</course><hAcc>1.682734</hAcc><vAcc>0.690283</vAcc></extensions></trkpt>
      <trkpt lon="120.954729" lat="23.468237"><ele>3664.619429</ele><time>2026-09-14T23:03:54Z</time><extensions><speed>0.509222</speed><course>144.894346</course><hAcc>1.662986</hAcc><vAcc>0.690283</vAcc></extensions></trkpt>
      <trkpt lon="120.954732" lat="23.468234"><ele>3664.525698</ele><time>2026-09-14T23:03:55Z</time><extensions><speed>0.499011</speed><course>144.154475</course><hAcc>1.645251</hAcc><vAcc>0.690283</vAcc></extensions></trkpt>
      <trkpt lon="120.954735" lat="23.468230"><ele>3664.435297</ele><time>2026-09-14T23:03:56Z</time><extensions><speed>0.487762</speed><course>143.871532</course><hAcc>1.639974</hAcc><vAcc>0.690283</vAcc></extensions></trkpt>
      <trkpt lon="120.954738" lat="23.468226"><ele>3664.348157</ele><time>2026-09-14T23:03:57Z</time><extensions><speed>0.559093</speed><course>143.232545</course><hAcc>1.648228</hAcc><vAcc>0.690283</vAcc></extensions></trkpt>
      <trkpt lon="120.954741" lat="23.468222"><ele>3664.264321</ele><time>2026-09-14T23:03:58Z</time><extensions><speed>0.548171</speed><course>142.473202</course><hAcc>1.675901</hAcc><vAcc>0.690283</vAcc></extensions></trkpt>
      <trkpt lon="120.954744" lat="23.468219"><ele>3664.183848</ele><time>2026-09-14T23:03:59Z</time><extensions><speed>0.437504</speed><course>141.731084</course><hAcc>1.679658</hAcc><vAcc>0.690283</vAcc></extensions></trkpt>
      <trkpt lon="120.954747" lat="23.468216"><ele>3664.106807</ele><time>2026-09-14T23:04:00Z</time><extensions><speed>0.418941</speed><course>140.132160</course><hAcc>1.665899</hAcc><vAcc>0.690283</vAcc></extensions></trkpt>
      <trkpt lon="120.954749" lat="23.468213"><ele>3664.033446</ele><time>2026-09-14T23:04:01Z</time><extensions><speed>0.424438</speed><course>138.602734</course><hAcc>1.669720</hAcc><vAcc>0.690283</vAcc></extensions></trkpt>
      <trkpt lon="120.954752" lat="23.468210"><ele>3663.963980</ele><time>2026-09-14T23:04:02Z</time><extensions><speed>0.405865</speed><course>137.624996</course><hAcc>1.685477</hAcc><vAcc>0.690283</vAcc></extensions></trkpt>
      <trkpt lon="120.954755" lat="23.468207"><ele>3663.898720</ele><time>2026-09-14T23:04:03Z</time><extensions><speed>0.458827</speed><course>139.020838</course><hAcc>1.703803</hAcc><vAcc>0.690283</vAcc></extensions></trkpt>
      <trkpt lon="120.954758" lat="23.468204"><ele>3663.838031</ele><time>2026-09-14T23:04:04Z</time><extensions><speed>0.425141</speed><course>141.094258</course><hAcc>1.727228</hAcc><vAcc>0.690283</vAcc></extensions></trkpt>
      <trkpt lon="120.954760" lat="23.468201"><ele>3663.782283</ele><time>2026-09-14T23:04:05Z</time><extensions><speed>0.284118</speed><course>145.140969</course><hAcc>1.733186</hAcc><vAcc>0.690283</vAcc></extensions></trkpt>
      <trkpt lon="120.954761" lat="23.468200"><ele>3663.731704</ele><time>2026-09-14T23:04:06Z</time><extensions><speed>0.112402</speed><course>160.851404</course><hAcc>1.715048</hAcc><vAcc>0.690283</vAcc></extensions></trkpt>
      <trkpt lon="120.954761" lat="23.468199"><ele>3663.686477</ele><time>2026-09-14T23:04:07Z</time><extensions><speed>0.055540</speed><course>196.985685</course><hAcc>1.709175</hAcc><vAcc>0.690283</vAcc></extensions></trkpt>
      <trkpt lon="120.954760" lat="23.468199"><ele>3663.646587</ele><time>2026-09-14T23:04:08Z</time><extensions><speed>0.053791</speed><course>266.380204</course><hAcc>1.713503</hAcc><vAcc>0.690283</vAcc></extensions></trkpt>
      <trkpt lon="120.954760" lat="23.468199"><ele>3663.611782</ele><time>2026-09-14T23:04:09Z</time><extensions><speed>0.072735</speed><course>287.234727</course><hAcc>1.713728</hAcc><vAcc>0.690283</vAcc></extensions></trkpt>
      <trkpt lon="120.954759" lat="23.468199"><ele>3663.581655</ele><time>2026-09-14T23:04:10Z</time><extensions><speed>0.083674</speed><course>293.973262</course><hAcc>1.706684</hAcc><vAcc>0.690283</vAcc></extensions></trkpt>
      <trkpt lon="120.954758" lat="23.468200"><ele>3663.555365</ele><time>2026-09-14T23:04:11Z</time><extensions><speed>0.085604</speed><course>296.074076</course><hAcc>1.695714</hAcc><vAcc>0.690283</vAcc></extensions></trkpt>
      <trkpt lon="120.954758" lat="23.468200"><ele>3663.531840</ele><time>2026-09-14T23:04:12Z</time><extensions><speed>0.071362</speed><course>294.843157</course><hAcc>1.688994</hAcc><vAcc>0.690283</vAcc></extensions></trkpt>
      <trkpt lon="120.954757" lat="23.468200"><ele>3663.509802</ele><time>2026-09-14T23:04:13Z</time><extensions><speed>0.049233</speed><course>293.504038</course><hAcc>1.696700</hAcc><vAcc>0.690283</vAcc></extensions></trkpt>
      <trkpt lon="120.954757" lat="23.468200"><ele>3663.487866</ele><time>2026-09-14T23:04:14Z</time><extensions><speed>0.038033</speed><course>297.925894</course><hAcc>1.709318</hAcc><vAcc>0.690283</vAcc></extensions></trkpt>
      <trkpt lon="120.954756" lat="23.468200"><ele>3663.464696</ele><time>2026-09-14T23:04:15Z</time><extensions><speed>0.029280</speed><course>298.478070</course><hAcc>1.707990</hAcc><vAcc>0.690283</vAcc></extensions></trkpt>
      <trkpt lon="120.954756" lat="23.468201"><ele>3663.439254</ele><time>2026-09-14T23:04:16Z</time><extensions><speed>0.025055</speed><course>296.875971</course><hAcc>1.689453</hAcc><vAcc>0.690283</vAcc></extensions></trkpt>
      <trkpt lon="120.954756" lat="23.468201"><ele>3663.410772</ele><time>2026-09-14T23:04:17Z</time><extensions><speed>0.016838</speed><course>293.490654</course><hAcc>1.693944</hAcc><vAcc>0.690283</vAcc></extensions></trkpt>
      <trkpt lon="120.954756" lat="23.468201"><ele>3663.378802</ele><time>2026-09-14T23:04:18Z</time><extensions><speed>0.008861</speed><course>275.144192</course><hAcc>1.711333</hAcc><vAcc>0.690283</vAcc></extensions></trkpt>
      <trkpt lon="120.954756" lat="23.468201"><ele>3663.343268</ele><time>2026-09-14T23:04:19Z</time><extensions><speed>0.007907</speed><course>182.486396</course><hAcc>1.727563</hAcc><vAcc>0.690283</vAcc></extensions></trkpt>
      <trkpt lon="120.954756" lat="23.468201"><ele>3663.304422</ele><time>2026-09-14T23:04:20Z</time><extensions><speed>0.022146</speed><course>152.574563</course><hAcc>1.739073</hAcc><vAcc>0.690283</vAcc></extensions></trkpt>
      <trkpt lon="120.954756" lat="23.468200"><ele>3663.262801</ele><time>2026-09-14T23:04:21Z</time><extensions><speed>0.045399</speed><course>146.468269</course><hAcc>1.745575</hAcc><vAcc>0.690283</vAcc></extensions></trkpt>
      <trkpt lon="120.954756" lat="23.468200"><ele>3663.219149</ele><time>2026-09-14T23:04:22Z</time><extensions><speed>0.065852</speed><course>143.881084</course><hAcc>1.747615</hAcc><vAcc>0.690283</vAcc></extensions></trkpt>
      <trkpt lon="120.954757" lat="23.468199"><ele>3663.174304</ele><time>2026-09-14T23:04:23Z</time><extensions><speed>0.088250</speed><course>141.951551</course><hAcc>1.747769</hAcc><vAcc>0.690283</vAcc></extensions></trkpt>
      <trkpt lon="120.954757" lat="23.468199"><ele>3663.129037</ele><time>2026-09-14T23:04:24Z</time><extensions><speed>0.117655</speed><course>139.691581</course><hAcc>1.744648</hAcc><vAcc>0.690283</vAcc></extensions></trkpt>
      <trkpt lon="120.954758" lat="23.468198"><ele>3663.084106</ele><time>2026-09-14T23:04:25Z</time><extensions><speed>0.089443</speed><course>134.590302</course><hAcc>1.741696</hAcc><vAcc>0.690283</vAcc></extensions></trkpt>
      <trkpt lon="120.954758" lat="23.468198"><ele>3663.039832</ele><time>2026-09-14T23:04:26Z</time><extensions><speed>0.058178</speed><course>133.168785</course><hAcc>1.738208</hAcc><vAcc>0.690283</vAcc></extensions></trkpt>
      <trkpt lon="120.954759" lat="23.468197"><ele>3662.996189</ele><time>2026-09-14T23:04:27Z</time><extensions><speed>0.069057</speed><course>151.578934</course><hAcc>1.736198</hAcc><vAcc>0.690283</vAcc></extensions></trkpt>
      <trkpt lon="120.954759" lat="23.468196"><ele>3662.952944</ele><time>2026-09-14T23:04:28Z</time><extensions><speed>0.119826</speed><course>158.538886</course><hAcc>1.741515</hAcc><vAcc>0.690283</vAcc></extensions></trkpt>
      <trkpt lon="120.954759" lat="23.468196"><ele>3662.909426</ele><time>2026-09-14T23:04:29Z</time><extensions><speed>0.056142</speed><course>248.836194</course><hAcc>1.738231</hAcc><vAcc>0.690283</vAcc></extensions></trkpt>
      <trkpt lon="120.954758" lat="23.468196"><ele>3662.864872</ele><time>2026-09-14T23:04:30Z</time><extensions><speed>0.114840</speed><course>273.744005</course><hAcc>1.728447</hAcc><vAcc>0.690283</vAcc></extensions></trkpt>
      <trkpt lon="120.954757" lat="23.468196"><ele>3662.818227</ele><time>2026-09-14T23:04:31Z</time><extensions><speed>0.145600</speed><course>265.180888</course><hAcc>1.725533</hAcc><vAcc>0.690283</vAcc></extensions></trkpt>
      <trkpt lon="120.954756" lat="23.468195"><ele>3662.768206</ele><time>2026-09-14T23:04:32Z</time><extensions><speed>0.158293</speed><course>238.272167</course><hAcc>1.723505</hAcc><vAcc>0.690283</vAcc></extensions></trkpt>
      <trkpt lon="120.954755" lat="23.468194"><ele>3662.713623</ele><time>2026-09-14T23:04:33Z</time><extensions><speed>0.241191</speed><course>193.366952</course><hAcc>1.713118</hAcc><vAcc>0.690283</vAcc></extensions></trkpt>
      <trkpt lon="120.954755" lat="23.468191"><ele>3662.653008</ele><time>2026-09-14T23:04:34Z</time><extensions><speed>0.441322</speed><course>167.422423</course><hAcc>1.706920</hAcc><vAcc>0.690283</vAcc></extensions></trkpt>
      <trkpt lon="120.954757" lat="23.468186"><ele>3662.585140</ele><time>2026-09-14T23:04:35Z</time><extensions><speed>0.612889</speed><course>156.527069</course><hAcc>1.709888</hAcc><vAcc>0.690283</vAcc></extensions></trkpt>
      <trkpt lon="120.954760" lat="23.468181"><ele>3662.508989</ele><time>2026-09-14T23:04:36Z</time><extensions><speed>0.712012</speed><course>151.523374</course><hAcc>1.699701</hAcc><vAcc>0.690283</vAcc></extensions></trkpt>
      <trkpt lon="120.954763" lat="23.468175"><ele>3662.423606</ele><time>2026-09-14T23:04:37Z</time><extensions><speed>0.762261</speed><course>148.509288</course><hAcc>1.680384</hAcc><vAcc>0.690283</vAcc></extensions></trkpt>
      <trkpt lon="120.954767" lat="23.468169"><ele>3662.328448</ele><time>2026-09-14T23:04:38Z</time><extensions><speed>0.791922</speed><course>146.734943</course><hAcc>1.659931</hAcc><vAcc>0.690283</vAcc></extensions></trkpt>
      <trkpt lon="120.954772" lat="23.468163"><ele>3662.222708</ele><time>2026-09-14T23:04:39Z</time><extensions><speed>0.788044</speed><course>146.570613</course><hAcc>1.642149</hAcc><vAcc>0.690283</vAcc></extensions></trkpt>
      <trkpt lon="120.954776" lat="23.468157"><ele>3662.105738</ele><time>2026-09-14T23:04:40Z</time><extensions><speed>0.806891</speed><course>148.036023</course><hAcc>1.628065</hAcc><vAcc>0.690283</vAcc></extensions></trkpt>
      <trkpt lon="120.954780" lat="23.468151"><ele>3661.977030</ele><time>2026-09-14T23:04:41Z</time><extensions><speed>0.799493</speed><course>148.648910</course><hAcc>1.631462</hAcc><vAcc>0.690283</vAcc></extensions></trkpt>
      <trkpt lon="120.954784" lat="23.468145"><ele>3661.836087</ele><time>2026-09-14T23:04:42Z</time><extensions><speed>0.837058</speed><course>148.536212</course><hAcc>1.627440</hAcc><vAcc>0.690283</vAcc></extensions></trkpt>
      <trkpt lon="120.954789" lat="23.468138"><ele>3661.682589</ele><time>2026-09-14T23:04:43Z</time><extensions><speed>0.929492</speed><course>147.824111</course><hAcc>1.621368</hAcc><vAcc>0.690283</vAcc></extensions></trkpt>
      <trkpt lon="120.954794" lat="23.468131"><ele>3661.516342</ele><time>2026-09-14T23:04:44Z</time><extensions><speed>0.890907</speed><course>147.621160</course><hAcc>1.614625</hAcc><vAcc>0.690283</vAcc></extensions></trkpt>
      <trkpt lon="120.954798" lat="23.468125"><ele>3661.337282</ele><time>2026-09-14T23:04:45Z</time><extensions><speed>0.741624</speed><course>141.314357</course><hAcc>1.599708</hAcc><vAcc>0.690283</vAcc></extensions></trkpt>
      <trkpt lon="120.954803" lat="23.468120"><ele>3661.145517</ele><time>2026-09-14T23:04:46Z</time><extensions><speed>0.637790</speed><course>133.279345</course><hAcc>1.600066</hAcc><vAcc>0.690283</vAcc></extensions></trkpt>
      <trkpt lon="120.954808" lat="23.468117"><ele>3660.941469</ele><time>2026-09-14T23:04:47Z</time><extensions><speed>0.580203</speed><course>127.170017</course><hAcc>1.614076</hAcc><vAcc>0.690283</vAcc></extensions></trkpt>
      <trkpt lon="120.954813" lat="23.468114"><ele>3660.725819</ele><time>2026-09-14T23:04:48Z</time><extensions><speed>0.543353</speed><course>122.931707</course><hAcc>1.627391</hAcc><vAcc>0.690283</vAcc></extensions></trkpt>
      <trkpt lon="120.954817" lat="23.468112"><ele>3660.499755</ele><time>2026-09-14T23:04:49Z</time><extensions><speed>0.582765</speed><course>115.853487</course><hAcc>1.610838</hAcc><vAcc>0.690283</vAcc></extensions></trkpt>
      <trkpt lon="120.954823" lat="23.468110"><ele>3660.264818</ele><time>2026-09-14T23:04:50Z</time><extensions><speed>0.641321</speed><course>110.343998</course><hAcc>1.608610</hAcc><vAcc>0.690283</vAcc></extensions></trkpt>
      <trkpt lon="120.954829" lat="23.468108"><ele>3660.022698</ele><time>2026-09-14T23:04:51Z</time><extensions><speed>0.675890</speed><course>108.409675</course><hAcc>1.627210</hAcc><vAcc>0.690283</vAcc></extensions></trkpt>
      <trkpt lon="120.954836" lat="23.468106"><ele>3659.775350</ele><time>2026-09-14T23:04:52Z</time><extensions><speed>0.771732</speed><course>106.744441</course><hAcc>1.625816</hAcc><vAcc>0.690283</vAcc></extensions></trkpt>
      <trkpt lon="120.954843" lat="23.468104"><ele>3659.524669</ele><time>2026-09-14T23:04:53Z</time><extensions><speed>0.789969</speed><course>107.692106</course><hAcc>1.627215</hAcc><vAcc>0.690283</vAcc></extensions></trkpt>
      <trkpt lon="120.954850" lat="23.468102"><ele>3659.272573</ele><time>2026-09-14T23:04:54Z</time><extensions><speed>0.646198</speed><course>122.090393</course><hAcc>1.629808</hAcc><vAcc>0.690283</vAcc></extensions></trkpt>
      <trkpt lon="120.954855" lat="23.468099"><ele>3659.020908</ele><time>2026-09-14T23:04:55Z</time><extensions><speed>0.565074</speed><course>118.844815</course><hAcc>1.632237</hAcc><vAcc>0.690283</vAcc></extensions></trkpt>
      <trkpt lon="120.954859" lat="23.468097"><ele>3658.771210</ele><time>2026-09-14T23:04:56Z</time><extensions><speed>0.466006</speed><course>121.338273</course><hAcc>1.656474</hAcc><vAcc>0.690283</vAcc></extensions></trkpt>
      <trkpt lon="120.954863" lat="23.468095"><ele>3658.524915</ele><time>2026-09-14T23:04:57Z</time><extensions><speed>0.437361</speed><course>113.007724</course><hAcc>1.654510</hAcc><vAcc>0.690283</vAcc></extensions></trkpt>
      <trkpt lon="120.954867" lat="23.468094"><ele>3658.283094</ele><time>2026-09-14T23:04:58Z</time><extensions><speed>0.387689</speed><course>108.628216</course><hAcc>1.658936</hAcc><vAcc>0.690283</vAcc></extensions></trkpt>
      <trkpt lon="120.954870" lat="23.468093"><ele>3658.046623</ele><time>2026-09-14T23:04:59Z</time><extensions><speed>0.330278</speed><course>106.329746</course><hAcc>1.671982</hAcc><vAcc>0.690283</vAcc></extensions></trkpt>
      <trkpt lon="120.954873" lat="23.468092"><ele>3657.816295</ele><time>2026-09-14T23:05:00Z</time><extensions><speed>0.286609</speed><course>118.249701</course><hAcc>1.693782</hAcc><vAcc>0.690283</vAcc></extensions></trkpt>
      <trkpt lon="120.954875" lat="23.468090"><ele>3657.592555</ele><time>2026-09-14T23:05:01Z</time><extensions><speed>0.246580</speed><course>126.874719</course><hAcc>1.712917</hAcc><vAcc>0.690283</vAcc></extensions></trkpt>
      <trkpt lon="120.954877" lat="23.468089"><ele>3657.375994</ele><time>2026-09-14T23:05:02Z</time><extensions><speed>0.171671</speed><course>123.643935</course><hAcc>1.727911</hAcc><vAcc>0.690283</vAcc></extensions></trkpt>
      <trkpt lon="120.954878" lat="23.468089"><ele>3657.167027</ele><time>2026-09-14T23:05:03Z</time><extensions><speed>0.116985</speed><course>90.876916</course><hAcc>1.720265</hAcc><vAcc>0.690283</vAcc></extensions></trkpt>
      <trkpt lon="120.954879" lat="23.468089"><ele>3656.966012</ele><time>2026-09-14T23:05:04Z</time><extensions><speed>0.094765</speed><course>68.269835</course><hAcc>1.723389</hAcc><vAcc>0.690283</vAcc></extensions></trkpt>
      <trkpt lon="120.954880" lat="23.468089"><ele>3656.773487</ele><time>2026-09-14T23:05:05Z</time><extensions><speed>0.065326</speed><course>78.041658</course><hAcc>1.733291</hAcc><vAcc>0.690283</vAcc></extensions></trkpt>
      <trkpt lon="120.954881" lat="23.468089"><ele>3656.589860</ele><time>2026-09-14T23:05:06Z</time><extensions><speed>0.045035</speed><course>103.702952</course><hAcc>1.743365</hAcc><vAcc>0.690283</vAcc></extensions></trkpt>
      <trkpt lon="120.954881" lat="23.468089"><ele>3656.415741</ele><time>2026-09-14T23:05:07Z</time><extensions><speed>0.025701</speed><course>87.104713</course><hAcc>1.764338</hAcc><vAcc>0.690283</vAcc></extensions></trkpt>
      <trkpt lon="120.954881" lat="23.468089"><ele>3656.251737</ele><time>2026-09-14T23:05:08Z</time><extensions><speed>0.020989</speed><course>139.631387</course><hAcc>1.785872</hAcc><vAcc>0.690283</vAcc></extensions></trkpt>
      <trkpt lon="120.954881" lat="23.468089"><ele>3656.098361</ele><time>2026-09-14T23:05:09Z</time><extensions><speed>0.116189</speed><course>172.718968</course><hAcc>1.755214</hAcc><vAcc>0.690283</vAcc></extensions></trkpt>
      <trkpt lon="120.954881" lat="23.468087"><ele>3655.956088</ele><time>2026-09-14T23:05:10Z</time><extensions><speed>0.206127</speed><course>175.696746</course><hAcc>1.737429</hAcc><vAcc>0.690283</vAcc></extensions></trkpt>
      <trkpt lon="120.954881" lat="23.468085"><ele>3655.825179</ele><time>2026-09-14T23:05:11Z</time><extensions><speed>0.326956</speed><course>176.937010</course><hAcc>1.737140</hAcc><vAcc>0.690283</vAcc></extensions></trkpt>
      <trkpt lon="120.954882" lat="23.468081"><ele>3655.705706</ele><time>2026-09-14T23:05:12Z</time><extensions><speed>0.408396</speed><course>177.897115</course><hAcc>1.749029</hAcc><vAcc>0.690283</vAcc></extensions></trkpt>
      <trkpt lon="120.954882" lat="23.468078"><ele>3655.597508</ele><time>2026-09-14T23:05:13Z</time><extensions><speed>0.382853</speed><course>179.991468</course><hAcc>1.744595</hAcc><vAcc>0.690283</vAcc></extensions></trkpt>
      <trkpt lon="120.954882" lat="23.468074"><ele>3655.500143</ele><time>2026-09-14T23:05:14Z</time><extensions><speed>0.421517</speed><course>183.317856</course><hAcc>1.726869</hAcc><vAcc>0.690283</vAcc></extensions></trkpt>
      <trkpt lon="120.954881" lat="23.468070"><ele>3655.413004</ele><time>2026-09-14T23:05:15Z</time><extensions><speed>0.458487</speed><course>187.791937</course><hAcc>1.738689</hAcc><vAcc>0.690283</vAcc></extensions></trkpt>
      <trkpt lon="120.954881" lat="23.468067"><ele>3655.335253</ele><time>2026-09-14T23:05:16Z</time><extensions><speed>0.387192</speed><course>189.187806</course><hAcc>1.746959</hAcc><vAcc>0.690283</vAcc></extensions></trkpt>
      <trkpt lon="120.954880" lat="23.468064"><ele>3655.265927</ele><time>2026-09-14T23:05:17Z</time><extensions><speed>0.274288</speed><course>189.917768</course><hAcc>1.729477</hAcc><vAcc>0.690283</vAcc></extensions></trkpt>
      <trkpt lon="120.954880" lat="23.468061"><ele>3655.204032</ele><time>2026-09-14T23:05:18Z</time><extensions><speed>0.232411</speed><course>189.906027</course><hAcc>1.728488</hAcc><vAcc>0.690283</vAcc></extensions></trkpt>
      <trkpt lon="120.954879" lat="23.468060"><ele>3655.148535</ele><time>2026-09-14T23:05:19Z</time><extensions><speed>0.175676</speed><course>189.316066</course><hAcc>1.741371</hAcc><vAcc>0.690283</vAcc></extensions></trkpt>
      <trkpt lon="120.954879" lat="23.468058"><ele>3655.098709</ele><time>2026-09-14T23:05:20Z</time><extensions><speed>0.213403</speed><course>188.361289</course><hAcc>1.749255</hAcc><vAcc>0.690283</vAcc></extensions></trkpt>
      <trkpt lon="120.954879" lat="23.468056"><ele>3655.053894</ele><time>2026-09-14T23:05:21Z</time><extensions><speed>0.238674</speed><course>187.229918</course><hAcc>1.751910</hAcc><vAcc>0.690282</vAcc></extensions></trkpt>
      <trkpt lon="120.954878" lat="23.468054"><ele>3655.013683</ele><time>2026-09-14T23:05:22Z</time><extensions><speed>0.208042</speed><course>185.390692</course><hAcc>1.753181</hAcc><vAcc>0.690282</vAcc></extensions></trkpt>
      <trkpt lon="120.954878" lat="23.468052"><ele>3654.977989</ele><time>2026-09-14T23:05:23Z</time><extensions><speed>0.161351</speed><course>182.645165</course><hAcc>1.759109</hAcc><vAcc>0.690283</vAcc></extensions></trkpt>
      <trkpt lon="120.954878" lat="23.468051"><ele>3654.946733</ele><time>2026-09-14T23:05:24Z</time><extensions><speed>0.098005</speed><course>177.782986</course><hAcc>1.762569</hAcc><vAcc>0.690283</vAcc></extensions></trkpt>
      <trkpt lon="120.954878" lat="23.468050"><ele>3654.920262</ele><time>2026-09-14T23:05:25Z</time><extensions><speed>0.035821</speed><course>170.915353</course><hAcc>1.763784</hAcc><vAcc>0.690283</vAcc></extensions></trkpt>
      <trkpt lon="120.954878" lat="23.468050"><ele>3654.899044</ele><time>2026-09-14T23:05:26Z</time><extensions><speed>0.025017</speed><course>228.291738</course><hAcc>1.762521</hAcc><vAcc>0.690283</vAcc></extensions></trkpt>
      <trkpt lon="120.954878" lat="23.468050"><ele>3654.883697</ele><time>2026-09-14T23:05:27Z</time><extensions><speed>0.020506</speed><course>272.086937</course><hAcc>1.765148</hAcc><vAcc>0.690283</vAcc></extensions></trkpt>
      <trkpt lon="120.954878" lat="23.468050"><ele>3654.875028</ele><time>2026-09-14T23:05:28Z</time><extensions><speed>0.029187</speed><course>308.067936</course><hAcc>1.764921</hAcc><vAcc>0.690283</vAcc></extensions></trkpt>
      <trkpt lon="120.954877" lat="23.468050"><ele>3654.874038</ele><time>2026-09-14T23:05:29Z</time><extensions><speed>0.039498</speed><course>270.059579</course><hAcc>1.764340</hAcc><vAcc>0.690283</vAcc></extensions></trkpt>
      <trkpt lon="120.954877" lat="23.468050"><ele>3654.881187</ele><time>2026-09-14T23:05:30Z</time><extensions><speed>0.081286</speed><course>244.901978</course><hAcc>1.765924</hAcc><vAcc>0.690283</vAcc></extensions></trkpt>
      <trkpt lon="120.954876" lat="23.468049"><ele>3654.896549</ele><time>2026-09-14T23:05:31Z</time><extensions><speed>0.184049</speed><course>233.005835</course><hAcc>1.762146</hAcc><vAcc>0.690283</vAcc></extensions></trkpt>
      <trkpt lon="120.954874" lat="23.468048"><ele>3654.919832</ele><time>2026-09-14T23:05:32Z</time><extensions><speed>0.324414</speed><course>226.848927</course><hAcc>1.759869</hAcc><vAcc>0.690283</vAcc></extensions></trkpt>
      <trkpt lon="120.954871" lat="23.468045"><ele>3654.950677</ele><time>2026-09-14T23:05:33Z</time><extensions><speed>0.456250</speed><course>224.454943</course><hAcc>1.759758</hAcc><vAcc>0.690283</vAcc></extensions></trkpt>
      <trkpt lon="120.954868" lat="23.468042"><ele>3654.988451</ele><time>2026-09-14T23:05:34Z</time><extensions><speed>0.500498</speed><course>224.284283</course><hAcc>1.760235</hAcc><vAcc>0.690283</vAcc></extensions></trkpt>
      <trkpt lon="120.954864" lat="23.468039"><ele>3655.031854</ele><time>2026-09-14T23:05:35Z</time><extensions><speed>0.537046</speed><course>225.042661</course><hAcc>1.759999</hAcc><vAcc>0.690283</vAcc></extensions></trkpt>
      <trkpt lon="120.954860" lat="23.468035"><ele>3655.079232</ele><time>2026-09-14T23:05:36Z</time><extensions><speed>0.618360</speed><course>226.463131</course><hAcc>1.756989</hAcc><vAcc>0.690283</vAcc></extensions></trkpt>
      <trkpt lon="120.954856" lat="23.468031"><ele>3655.128949</ele><time>2026-09-14T23:05:37Z</time><extensions><speed>0.590250</speed><course>228.534206</course><hAcc>1.758839</hAcc><vAcc>0.690283</vAcc></extensions></trkpt>
      <trkpt lon="120.954851" lat="23.468028"><ele>3655.179075</ele><time>2026-09-14T23:05:38Z</time><extensions><speed>0.567283</speed><course>231.689815</course><hAcc>1.758480</hAcc><vAcc>0.690283</vAcc></extensions></trkpt>
      <trkpt lon="120.954847" lat="23.468025"><ele>3655.228263</ele><time>2026-09-14T23:05:39Z</time><extensions><speed>0.566517</speed><course>236.127555</course><hAcc>1.752619</hAcc><vAcc>0.690283</vAcc></extensions></trkpt>
      <trkpt lon="120.954842" lat="23.468022"><ele>3655.275426</ele><time>2026-09-14T23:05:40Z</time><extensions><speed>0.559392</speed><course>241.832747</course><hAcc>1.752834</hAcc><vAcc>0.690283</vAcc></extensions></trkpt>
      <trkpt lon="120.954837" lat="23.468020"><ele>3655.319490</ele><time>2026-09-14T23:05:41Z</time><extensions><speed>0.578049</speed><course>245.934360</course><hAcc>1.754417</hAcc><vAcc>0.690283</vAcc></extensions></trkpt>
      <trkpt lon="120.954832" lat="23.468018"><ele>3655.359353</ele><time>2026-09-14T23:05:42Z</time><extensions><speed>0.570719</speed><course>248.737480</course><hAcc>1.754373</hAcc><vAcc>0.690283</vAcc></extensions></trkpt>
      <trkpt lon="120.954827" lat="23.468016"><ele>3655.392754</ele><time>2026-09-14T23:05:43Z</time><extensions><speed>0.552374</speed><course>251.228403</course><hAcc>1.754094</hAcc><vAcc>0.690283</vAcc></extensions></trkpt>
      <trkpt lon="120.954822" lat="23.468015"><ele>3655.417261</ele><time>2026-09-14T23:05:44Z</time><extensions><speed>0.520391</speed><course>254.058811</course><hAcc>1.755336</hAcc><vAcc>0.690283</vAcc></extensions></trkpt>
      <trkpt lon="120.954817" lat="23.468014"><ele>3655.430416</ele><time>2026-09-14T23:05:45Z</time><extensions><speed>0.504218</speed><course>256.079238</course><hAcc>1.757551</hAcc><vAcc>0.690283</vAcc></extensions></trkpt>
      <trkpt lon="120.954812" lat="23.468013"><ele>3655.429821</ele><time>2026-09-14T23:05:46Z</time><extensions><speed>0.497265</speed><course>257.474935</course><hAcc>1.758954</hAcc><vAcc>0.690283</vAcc></extensions></trkpt>
      <trkpt lon="120.954807" lat="23.468012"><ele>3655.413508</ele><time>2026-09-14T23:05:47Z</time><extensions><speed>0.509385</speed><course>258.540333</course><hAcc>1.760425</hAcc><vAcc>0.690283</vAcc></extensions></trkpt>
      <trkpt lon="120.954802" lat="23.468011"><ele>3655.379866</ele><time>2026-09-14T23:05:48Z</time><extensions><speed>0.524764</speed><course>259.440243</course><hAcc>1.760271</hAcc><vAcc>0.690283</vAcc></extensions></trkpt>
      <trkpt lon="120.954797" lat="23.468010"><ele>3655.327775</ele><time>2026-09-14T23:05:49Z</time><extensions><speed>0.550736</speed><course>260.322412</course><hAcc>1.760294</hAcc><vAcc>0.690283</vAcc></extensions></trkpt>
      <trkpt lon="120.954792" lat="23.468009"><ele>3655.256699</ele><time>2026-09-14T23:05:50Z</time><extensions><speed>0.511397</speed><course>261.644295</course><hAcc>1.759631</hAcc><vAcc>0.690283</vAcc></extensions></trkpt>
      <trkpt lon="120.954787" lat="23.468009"><ele>3655.166730</ele><time>2026-09-14T23:05:51Z</time><extensions><speed>0.482596</speed><course>263.292536</course><hAcc>1.760837</hAcc><vAcc>0.690283</vAcc></extensions></trkpt>
      <trkpt lon="120.954782" lat="23.468008"><ele>3655.058595</ele><time>2026-09-14T23:05:52Z</time><extensions><speed>0.494372</speed><course>264.494990</course><hAcc>1.757936</hAcc><vAcc>0.690283</vAcc></extensions></trkpt>
      <trkpt lon="120.954777" lat="23.468008"><ele>3654.933783</ele><time>2026-09-14T23:05:53Z</time><extensions><speed>0.501648</speed><course>265.281222</course><hAcc>1.757978</hAcc><vAcc>0.690283</vAcc></extensions></trkpt>
      <trkpt lon="120.954772" lat="23.468008"><ele>3654.794317</ele><time>2026-09-14T23:05:54Z</time><extensions><speed>0.507876</speed><course>265.832674</course><hAcc>1.758235</hAcc><vAcc>0.690283</vAcc></extensions></trkpt>
      <trkpt lon="120.954767" lat="23.468007"><ele>3654.642527</ele><time>2026-09-14T23:05:55Z</time><extensions><speed>0.528751</speed><course>266.287403</course><hAcc>1.753038</hAcc><vAcc>0.690283</vAcc></extensions></trkpt>
      <trkpt lon="120.954762" lat="23.468007"><ele>3654.480882</ele><time>2026-09-14T23:05:56Z</time><extensions><speed>0.511283</speed><course>266.794362</course><hAcc>1.751693</hAcc><vAcc>0.690283</vAcc></extensions></trkpt>
      <trkpt lon="120.954757" lat="23.468007"><ele>3654.311864</ele><time>2026-09-14T23:05:57Z</time><extensions><speed>0.493342</speed><course>267.497728</course><hAcc>1.746379</hAcc><vAcc>0.690283</vAcc></extensions></trkpt>
      <trkpt lon="120.954752" lat="23.468007"><ele>3654.137653</ele><time>2026-09-14T23:05:58Z</time><extensions><speed>0.463026</speed><course>268.473379</course><hAcc>1.745963</hAcc><vAcc>0.690283</vAcc></extensions></trkpt>
      <trkpt lon="120.954748" lat="23.468007"><ele>3653.960082</ele><time>2026-09-14T23:05:59Z</time><extensions><speed>0.434486</speed><course>269.773896</course><hAcc>1.749730</hAcc><vAcc>0.690283</vAcc></extensions></trkpt>
      <trkpt lon="120.954744" lat="23.468007"><ele>3653.780620</ele><time>2026-09-14T23:06:00Z</time><extensions><speed>0.430699</speed><course>270.909112</course><hAcc>1.751607</hAcc><vAcc>0.690283</vAcc></extensions></trkpt>
      <trkpt lon="120.954739" lat="23.468007"><ele>3653.600089</ele><time>2026-09-14T23:06:01Z</time><extensions><speed>0.465206</speed><course>271.802507</course><hAcc>1.749991</hAcc><vAcc>0.690283</vAcc></extensions></trkpt>
      <trkpt lon="120.954734" lat="23.468007"><ele>3653.418897</ele><time>2026-09-14T23:06:02Z</time><extensions><speed>0.543435</speed><course>272.412628</course><hAcc>1.748183</hAcc><vAcc>0.690283</vAcc></extensions></trkpt>
      <trkpt lon="120.954729" lat="23.468007"><ele>3653.236954</ele><time>2026-09-14T23:06:03Z</time><extensions><speed>0.535031</speed><course>272.718213</course><hAcc>1.752261</hAcc><vAcc>0.690283</vAcc></extensions></trkpt>
      <trkpt lon="120.954723" lat="23.468007"><ele>3653.053776</ele><time>2026-09-14T23:06:04Z</time><extensions><speed>0.573616</speed><course>272.955973</course><hAcc>1.747634</hAcc><vAcc>0.690283</vAcc></extensions></trkpt>
      <trkpt lon="120.954717" lat="23.468008"><ele>3652.868730</ele><time>2026-09-14T23:06:05Z</time><extensions><speed>0.617353</speed><course>273.147951</course><hAcc>1.734273</hAcc><vAcc>0.690283</vAcc></extensions></trkpt>
      <trkpt lon="120.954711" lat="23.468008"><ele>3652.680802</ele><time>2026-09-14T23:06:06Z</time><extensions><speed>0.656336</speed><course>273.347831</course><hAcc>1.717498</hAcc><vAcc>0.690283</vAcc></extensions></trkpt>
      <trkpt lon="120.954704" lat="23.468008"><ele>3652.488997</ele><time>2026-09-14T23:06:07Z</time><extensions><speed>0.701044</speed><course>273.573074</course><hAcc>1.704389</hAcc><vAcc>0.690283</vAcc></extensions></trkpt>
      <trkpt lon="120.954697" lat="23.468009"><ele>3652.292428</ele><time>2026-09-14T23:06:08Z</time><extensions><speed>0.775517</speed><course>273.854799</course><hAcc>1.686843</hAcc><vAcc>0.690283</vAcc></extensions></trkpt>
      <trkpt lon="120.954689" lat="23.468009"><ele>3652.090372</ele><time>2026-09-14T23:06:09Z</time><extensions><speed>0.783789</speed><course>274.026021</course><hAcc>1.650959</hAcc><vAcc>0.690283</vAcc></extensions></trkpt>
      <trkpt lon="120.954682" lat="23.468010"><ele>3651.882314</ele><time>2026-09-14T23:06:10Z</time><extensions><speed>0.731009</speed><course>274.154070</course><hAcc>1.614093</hAcc><vAcc>0.690283</vAcc></extensions></trkpt>
      <trkpt lon="120.954675" lat="23.468010"><ele>3651.668005</ele><time>2026-09-14T23:06:11Z</time><extensions><speed>0.661536</speed><course>274.271053</course><hAcc>1.597334</hAcc><vAcc>0.690283</vAcc></extensions></trkpt>
      <trkpt lon="120.954669" lat="23.468011"><ele>3651.447376</ele><time>2026-09-14T23:06:12Z</time><extensions><speed>0.541928</speed><course>274.396773</course><hAcc>1.604330</hAcc><vAcc>0.690283</vAcc></extensions></trkpt>
      <trkpt lon="120.954664" lat="23.468011"><ele>3651.220534</ele><time>2026-09-14T23:06:13Z</time><extensions><speed>0.565571</speed><course>274.700577</course><hAcc>1.579516</hAcc><vAcc>0.690283</vAcc></extensions></trkpt>
      <trkpt lon="120.954658" lat="23.468011"><ele>3650.987798</ele><time>2026-09-14T23:06:14Z</time><extensions><speed>0.660710</speed><course>275.231778</course><hAcc>1.555985</hAcc><vAcc>0.690283</vAcc></extensions></trkpt>
      <trkpt lon="120.954651" lat="23.468012"><ele>3650.749655</ele><time>2026-09-14T23:06:15Z</time><extensions><speed>0.699413</speed><course>276.462220</course><hAcc>1.550415</hAcc><vAcc>0.690283</vAcc></extensions></trkpt>
      <trkpt lon="120.954644" lat="23.468013"><ele>3650.506971</ele><time>2026-09-14T23:06:16Z</time><extensions><speed>0.788563</speed><course>276.841995</course><hAcc>1.545298</hAcc><vAcc>0.690283</vAcc></extensions></trkpt>
      <trkpt lon="120.954636" lat="23.468014"><ele>3650.260773</ele><time>2026-09-14T23:06:17Z</time><extensions><speed>0.807184</speed><course>276.954117</course><hAcc>1.548882</hAcc><vAcc>0.690283</vAcc></extensions></trkpt>
      <trkpt lon="120.954629" lat="23.468015"><ele>3650.012138</ele><time>2026-09-14T23:06:18Z</time><extensions><speed>0.743879</speed><course>276.988340</course><hAcc>1.557033</hAcc><vAcc>0.690283</vAcc></extensions></trkpt>
      <trkpt lon="120.954622" lat="23.468015"><ele>3649.762316</ele><time>2026-09-14T23:06:19Z</time><extensions><speed>0.719434</speed><course>277.019871</course><hAcc>1.567716</hAcc><vAcc>0.690283</vAcc></extensions></trkpt>
      <trkpt lon="120.954616" lat="23.468016"><ele>3649.512432</ele><time>2026-09-14T23:06:20Z</time><extensions><speed>0.498144</speed><course>277.129717</course><hAcc>1.573528</hAcc><vAcc>0.690283</vAcc></extensions></trkpt>
      <trkpt lon="120.954611" lat="23.468017"><ele>3649.263642</ele><time>2026-09-14T23:06:21Z</time><extensions><speed>0.555572</speed><course>277.599221</course><hAcc>1.561131</hAcc><vAcc>0.690283</vAcc></extensions></trkpt>
      <trkpt lon="120.954605" lat="23.468017"><ele>3649.017035</ele><time>2026-09-14T23:06:22Z</time><extensions><speed>0.584379</speed><course>278.530486</course><hAcc>1.565972</hAcc><vAcc>0.690283</vAcc></extensions></trkpt>
      <trkpt lon="120.954599" lat="23.468018"><ele>3648.773549</ele><time>2026-09-14T23:06:23Z</time><extensions><speed>0.646581</speed><course>279.317418</course><hAcc>1.579312</hAcc><vAcc>0.690283</vAcc></extensions></trkpt>
      <trkpt lon="120.954592" lat="23.468020"><ele>3648.534265</ele><time>2026-09-14T23:06:24Z</time><extensions><speed>0.849878</speed><course>279.836017</course><hAcc>1.599661</hAcc><vAcc>0.690283</vAcc></extensions></trkpt>
      <trkpt lon="120.954585" lat="23.468021"><ele>3648.300100</ele><time>2026-09-14T23:06:25Z</time><extensions><speed>0.733747</speed><course>281.160681</course><hAcc>1.597754</hAcc><vAcc>0.690283</vAcc></extensions></trkpt>
      <trkpt lon="120.954579" lat="23.468023"><ele>3648.071883</ele><time>2026-09-14T23:06:26Z</time><extensions><speed>0.544724</speed><course>284.115303</course><hAcc>1.590343</hAcc><vAcc>0.690283</vAcc></extensions></trkpt>
      <trkpt lon="120.954574" lat="23.468024"><ele>3647.850325</ele><time>2026-09-14T23:06:27Z</time><extensions><speed>0.479604</speed><course>286.701901</course><hAcc>1.604096</hAcc><vAcc>0.690283</vAcc></extensions></trkpt>
      <trkpt lon="120.954570" lat="23.468025"><ele>3647.635939</ele><time>2026-09-14T23:06:28Z</time><extensions><speed>0.453814</speed><course>291.884783</course><hAcc>1.597239</hAcc><vAcc>0.690283</vAcc></extensions></trkpt>
      <trkpt lon="120.954566" lat="23.468027"><ele>3647.429035</ele><time>2026-09-14T23:06:29Z</time><extensions><speed>0.441801</speed><course>296.516957</course><hAcc>1.609272</hAcc><vAcc>0.690283</vAcc></extensions></trkpt>
      <trkpt lon="120.954562" lat="23.468029"><ele>3647.229733</ele><time>2026-09-14T23:06:30Z</time><extensions><speed>0.426233</speed><course>299.374034</course><hAcc>1.645951</hAcc><vAcc>0.690283</vAcc></extensions></trkpt>
      <trkpt lon="120.954559" lat="23.468031"><ele>3647.037984</ele><time>2026-09-14T23:06:31Z</time><extensions><speed>0.331554</speed><course>314.705229</course><hAcc>1.662338</hAcc><vAcc>0.690283</vAcc></extensions></trkpt>
      <trkpt lon="120.954557" lat="23.468033"><ele>3646.853577</ele><time>2026-09-14T23:06:32Z</time><extensions><speed>0.394766</speed><course>327.661926</course><hAcc>1.651103</hAcc><vAcc>0.690283</vAcc></extensions></trkpt>
      <trkpt lon="120.954554" lat="23.468037"><ele>3646.675658</ele><time>2026-09-14T23:06:33Z</time><extensions><speed>0.503677</speed><course>322.459123</course><hAcc>1.662379</hAcc><vAcc>0.690283</vAcc></extensions></trkpt>
      <trkpt lon="120.954551" lat="23.468040"><ele>3646.504046</ele><time>2026-09-14T23:06:34Z</time><extensions><speed>0.554732</speed><course>312.645644</course><hAcc>1.698779</hAcc><vAcc>0.690283</vAcc></extensions></trkpt>
      <trkpt lon="120.954547" lat="23.468043"><ele>3646.338682</ele><time>2026-09-14T23:06:35Z</time><extensions><speed>0.510127</speed><course>306.249327</course><hAcc>1.726942</hAcc><vAcc>0.690283</vAcc></extensions></trkpt>
      <trkpt lon="120.954543" lat="23.468045"><ele>3646.179434</ele><time>2026-09-14T23:06:36Z</time><extensions><speed>0.399539</speed><course>303.855382</course><hAcc>1.734634</hAcc><vAcc>0.690283</vAcc></extensions></trkpt>
      <trkpt lon="120.954540" lat="23.468047"><ele>3646.025783</ele><time>2026-09-14T23:06:37Z</time><extensions><speed>0.403387</speed><course>295.434785</course><hAcc>1.737068</hAcc><vAcc>0.690283</vAcc></extensions></trkpt>
      <trkpt lon="120.954536" lat="23.468049"><ele>3645.877221</ele><time>2026-09-14T23:06:38Z</time><extensions><speed>0.428947</speed><course>289.942669</course><hAcc>1.737117</hAcc><vAcc>0.690283</vAcc></extensions></trkpt>
      <trkpt lon="120.954532" lat="23.468050"><ele>3645.733874</ele><time>2026-09-14T23:06:39Z</time><extensions><speed>0.489373</speed><course>287.257093</course><hAcc>1.727972</hAcc><vAcc>0.690283</vAcc></extensions></trkpt>
      <trkpt lon="120.954527" lat="23.468051"><ele>3645.596047</ele><time>2026-09-14T23:06:40Z</time><extensions><speed>0.569484</speed><course>285.410384</course><hAcc>1.714150</hAcc><vAcc>0.690283</vAcc></extensions></trkpt>
      <trkpt lon="120.954521" lat="23.468053"><ele>3645.464020</ele><time>2026-09-14T23:06:41Z</time><extensions><speed>0.620115</speed><course>283.316180</course><hAcc>1.709161</hAcc><vAcc>0.690283</vAcc></extensions></trkpt>
      <trkpt lon="120.954515" lat="23.468054"><ele>3645.338024</ele><time>2026-09-14T23:06:42Z</time><extensions><speed>0.614351</speed><course>281.608038</course><hAcc>1.691930</hAcc><vAcc>0.690283</vAcc></extensions></trkpt>
      <trkpt lon="120.954509" lat="23.468055"><ele>3645.217670</ele><time>2026-09-14T23:06:43Z</time><extensions><speed>0.579555</speed><course>279.936259</course><hAcc>1.679734</hAcc><vAcc>0.690283</vAcc></extensions></trkpt>
      <trkpt lon="120.954504" lat="23.468056"><ele>3645.101790</ele><time>2026-09-14T23:06:44Z</time><extensions><speed>0.487472</speed><course>278.208880</course><hAcc>1.699079</hAcc><vAcc>0.690283</vAcc></extensions></trkpt>
      <trkpt lon="120.954499" lat="23.468056"><ele>3644.989133</ele><time>2026-09-14T23:06:45Z</time><extensions><speed>0.462439</speed><course>276.611845</course><hAcc>1.699953</hAcc><vAcc>0.690283</vAcc></extensions></trkpt>
      <trkpt lon="120.954495" lat="23.468056"><ele>3644.879252</ele><time>2026-09-14T23:06:46Z</time><extensions><speed>0.439100</speed><course>274.588878</course><hAcc>1.681735</hAcc><vAcc>0.690283</vAcc></extensions></trkpt>
      <trkpt lon="120.954490" lat="23.468057"><ele>3644.772422</ele><time>2026-09-14T23:06:47Z</time><extensions><speed>0.519039</speed><course>272.744783</course><hAcc>1.669436</hAcc><vAcc>0.690283</vAcc></extensions></trkpt>
      <trkpt lon="120.954485" lat="23.468057"><ele>3644.669390</ele><time>2026-09-14T23:06:48Z</time><extensions><speed>0.513106</speed><course>268.909812</course><hAcc>1.668799</hAcc><vAcc>0.690283</vAcc></extensions></trkpt>
      <trkpt lon="120.954480" lat="23.468057"><ele>3644.570498</ele><time>2026-09-14T23:06:49Z</time><extensions><speed>0.575909</speed><course>266.934216</course><hAcc>1.682138</hAcc><vAcc>0.690283</vAcc></extensions></trkpt>
      <trkpt lon="120.954474" lat="23.468056"><ele>3644.475463</ele><time>2026-09-14T23:06:50Z</time><extensions><speed>0.680891</speed><course>268.393049</course><hAcc>1.704594</hAcc><vAcc>0.690283</vAcc></extensions></trkpt>
      <trkpt lon="120.954467" lat="23.468056"><ele>3644.383521</ele><time>2026-09-14T23:06:51Z</time><extensions><speed>0.692062</speed><course>269.363666</course><hAcc>1.712127</hAcc><vAcc>0.690283</vAcc></extensions></trkpt>
      <trkpt lon="120.954460" lat="23.468056"><ele>3644.293147</ele><time>2026-09-14T23:06:52Z</time><extensions><speed>0.683783</speed><course>269.702687</course><hAcc>1.698203</hAcc><vAcc>0.690283</vAcc></extensions></trkpt>
      <trkpt lon="120.954453" lat="23.468056"><ele>3644.202582</ele><time>2026-09-14T23:06:53Z</time><extensions><speed>0.684619</speed><course>270.622743</course><hAcc>1.684898</hAcc><vAcc>0.690283</vAcc></extensions></trkpt>
      <trkpt lon="120.954446" lat="23.468056"><ele>3644.109917</ele><time>2026-09-14T23:06:54Z</time><extensions><speed>0.717094</speed><course>271.857852</course><hAcc>1.672004</hAcc><vAcc>0.690283</vAcc></extensions></trkpt>
      <trkpt lon="120.954439" lat="23.468057"><ele>3644.013214</ele><time>2026-09-14T23:06:55Z</time><extensions><speed>0.686035</speed><course>272.444312</course><hAcc>1.663769</hAcc><vAcc>0.690283</vAcc></extensions></trkpt>
      <trkpt lon="120.954433" lat="23.468057"><ele>3643.910909</ele><time>2026-09-14T23:06:56Z</time><extensions><speed>0.650170</speed><course>273.030271</course><hAcc>1.660056</hAcc><vAcc>0.690283</vAcc></extensions></trkpt>
      <trkpt lon="120.954427" lat="23.468057"><ele>3643.801568</ele><time>2026-09-14T23:06:57Z</time><extensions><speed>0.598840</speed><course>273.614095</course><hAcc>1.659092</hAcc><vAcc>0.690283</vAcc></extensions></trkpt>
      <trkpt lon="120.954421" lat="23.468058"><ele>3643.684134</ele><time>2026-09-14T23:06:58Z</time><extensions><speed>0.611104</speed><course>274.734644</course><hAcc>1.651230</hAcc><vAcc>0.690283</vAcc></extensions></trkpt>
      <trkpt lon="120.954415" lat="23.468058"><ele>3643.557908</ele><time>2026-09-14T23:06:59Z</time><extensions><speed>0.647975</speed><course>276.920878</course><hAcc>1.649599</hAcc><vAcc>0.690283</vAcc></extensions></trkpt>
      <trkpt lon="120.954409" lat="23.468059"><ele>3643.422490</ele><time>2026-09-14T23:07:00Z</time><extensions><speed>0.667874</speed><course>279.747777</course><hAcc>1.659557</hAcc><vAcc>0.690283</vAcc></extensions></trkpt>
      <trkpt lon="120.954402" lat="23.468061"><ele>3643.277731</ele><time>2026-09-14T23:07:01Z</time><extensions><speed>0.639133</speed><course>283.485132</course><hAcc>1.661445</hAcc><vAcc>0.690283</vAcc></extensions></trkpt>
      <trkpt lon="120.954397" lat="23.468062"><ele>3643.123820</ele><time>2026-09-14T23:07:02Z</time><extensions><speed>0.546370</speed><course>288.174206</course><hAcc>1.678388</hAcc><vAcc>0.690283</vAcc></extensions></trkpt>
      <trkpt lon="120.954391" lat="23.468064"><ele>3642.961187</ele><time>2026-09-14T23:07:03Z</time><extensions><speed>0.725642</speed><course>293.148939</course><hAcc>1.652605</hAcc><vAcc>0.690283</vAcc></extensions></trkpt>
      <trkpt lon="120.954384" lat="23.468067"><ele>3642.790479</ele><time>2026-09-14T23:07:04Z</time><extensions><speed>0.780088</speed><course>296.250661</course><hAcc>1.648651</hAcc><vAcc>0.690283</vAcc></extensions></trkpt>
      <trkpt lon="120.954378" lat="23.468070"><ele>3642.612561</ele><time>2026-09-14T23:07:05Z</time><extensions><speed>0.747059</speed><course>298.906191</course><hAcc>1.659618</hAcc><vAcc>0.690284</vAcc></extensions></trkpt>
      <trkpt lon="120.954372" lat="23.468073"><ele>3642.428484</ele><time>2026-09-14T23:07:06Z</time><extensions><speed>0.688768</speed><course>300.471852</course><hAcc>1.668613</hAcc><vAcc>0.690283</vAcc></extensions></trkpt>
      <trkpt lon="120.954366" lat="23.468077"><ele>3642.239475</ele><time>2026-09-14T23:07:07Z</time><extensions><speed>0.756684</speed><course>297.939160</course><hAcc>1.661421</hAcc><vAcc>0.690283</vAcc></extensions></trkpt>
      <trkpt lon="120.954359" lat="23.468080"><ele>3642.046784</ele><time>2026-09-14T23:07:08Z</time><extensions><speed>0.731774</speed><course>299.513477</course><hAcc>1.626608</hAcc><vAcc>0.690283</vAcc></extensions></trkpt>
      <trkpt lon="120.954353" lat="23.468083"><ele>3641.851605</ele><time>2026-09-14T23:07:09Z</time><extensions><speed>0.691137</speed><course>298.644264</course><hAcc>1.611282</hAcc><vAcc>0.690283</vAcc></extensions></trkpt>
      <trkpt lon="120.954348" lat="23.468085"><ele>3641.654993</ele><time>2026-09-14T23:07:10Z</time><extensions><speed>0.520069</speed><course>300.623997</course><hAcc>1.592973</hAcc><vAcc>0.690283</vAcc></extensions></trkpt>
      <trkpt lon="120.954344" lat="23.468087"><ele>3641.457817</ele><time>2026-09-14T23:07:11Z</time><extensions><speed>0.391843</speed><course>297.790190</course><hAcc>1.611586</hAcc><vAcc>0.690283</vAcc></extensions></trkpt>
      <trkpt lon="120.954341" lat="23.468089"><ele>3641.260604</ele><time>2026-09-14T23:07:12Z</time><extensions><speed>0.315283</speed><course>292.958592</course><hAcc>1.623366</hAcc><vAcc>0.690283</vAcc></extensions></trkpt>
      <trkpt lon="120.954338" lat="23.468090"><ele>3641.063584</ele><time>2026-09-14T23:07:13Z</time><extensions><speed>0.372440</speed><course>287.952712</course><hAcc>1.571874</hAcc><vAcc>0.690283</vAcc></extensions></trkpt>
      <trkpt lon="120.954334" lat="23.468090"><ele>3640.866812</ele><time>2026-09-14T23:07:14Z</time><extensions><speed>0.422415</speed><course>281.636353</course><hAcc>1.537462</hAcc><vAcc>0.690283</vAcc></extensions></trkpt>
      <trkpt lon="120.954330" lat="23.468091"><ele>3640.670165</ele><time>2026-09-14T23:07:15Z</time><extensions><speed>0.415461</speed><course>276.881587</course><hAcc>1.543473</hAcc><vAcc>0.690283</vAcc></extensions></trkpt>
      <trkpt lon="120.954326" lat="23.468092"><ele>3640.473459</ele><time>2026-09-14T23:07:16Z</time><extensions><speed>0.408500</speed><course>275.716028</course><hAcc>1.567030</hAcc><vAcc>0.690283</vAcc></extensions></trkpt>
      <trkpt lon="120.954321" lat="23.468092"><ele>3640.276403</ele><time>2026-09-14T23:07:17Z</time><extensions><speed>0.427759</speed><course>275.636335</course><hAcc>1.575874</hAcc><vAcc>0.690283</vAcc></extensions></trkpt>
      <trkpt lon="120.954317" lat="23.468092"><ele>3640.078597</ele><time>2026-09-14T23:07:18Z</time><extensions><speed>0.411092</speed><course>275.480273</course><hAcc>1.579027</hAcc><vAcc>0.690283</vAcc></extensions></trkpt>
      <trkpt lon="120.954313" lat="23.468093"><ele>3639.879584</ele><time>2026-09-14T23:07:19Z</time><extensions><speed>0.462908</speed><course>275.380431</course><hAcc>1.563118</hAcc><vAcc>0.690283</vAcc></extensions></trkpt>
      <trkpt lon="120.954308" lat="23.468093"><ele>3639.678898</ele><time>2026-09-14T23:07:20Z</time><extensions><speed>0.498437</speed><course>275.967885</course><hAcc>1.545358</hAcc><vAcc>0.690283</vAcc></extensions></trkpt>
      <trkpt lon="120.954303" lat="23.468094"><ele>3639.476121</ele><time>2026-09-14T23:07:21Z</time><extensions><speed>0.537592</speed><course>279.142211</course><hAcc>1.547796</hAcc><vAcc>0.690283</vAcc></extensions></trkpt>
      <trkpt lon="120.954298" lat="23.468095"><ele>3639.270975</ele><time>2026-09-14T23:07:22Z</time><extensions><speed>0.548847</speed><course>282.720679</course><hAcc>1.567696</hAcc><vAcc>0.690283</vAcc></extensions></trkpt>
      <trkpt lon="120.954293" lat="23.468096"><ele>3639.063350</ele><time>2026-09-14T23:07:23Z</time><extensions><speed>0.591652</speed><course>286.217324</course><hAcc>1.595347</hAcc><vAcc>0.690283</vAcc></extensions></trkpt>
      <trkpt lon="120.954287" lat="23.468098"><ele>3638.853221</ele><time>2026-09-14T23:07:24Z</time><extensions><speed>0.677462</speed><course>288.055583</course><hAcc>1.581004</hAcc><vAcc>0.690282</vAcc></extensions></trkpt>
      <trkpt lon="120.954281" lat="23.468100"><ele>3638.640725</ele><time>2026-09-14T23:07:25Z</time><extensions><speed>0.701661</speed><course>289.345730</course><hAcc>1.564139</hAcc><vAcc>0.690282</vAcc></extensions></trkpt>
      <trkpt lon="120.954274" lat="23.468102"><ele>3638.426108</ele><time>2026-09-14T23:07:26Z</time><extensions><speed>0.718836</speed><course>290.087769</course><hAcc>1.579733</hAcc><vAcc>0.690282</vAcc></extensions></trkpt>
      <trkpt lon="120.954268" lat="23.468104"><ele>3638.209745</ele><time>2026-09-14T23:07:27Z</time><extensions><speed>0.702101</speed><course>290.720906</course><hAcc>1.601005</hAcc><vAcc>0.690281</vAcc></extensions></trkpt>
      <trkpt lon="120.954261" lat="23.468106"><ele>3637.992224</ele><time>2026-09-14T23:07:28Z</time><extensions><speed>0.700068</speed><course>291.695697</course><hAcc>1.617657</hAcc><vAcc>0.690281</vAcc></extensions></trkpt>
      <trkpt lon="120.954255" lat="23.468109"><ele>3637.774178</ele><time>2026-09-14T23:07:29Z</time><extensions><speed>0.685392</speed><course>291.893165</course><hAcc>1.625413</hAcc><vAcc>0.690282</vAcc></extensions></trkpt>
      <trkpt lon="120.954249" lat="23.468111"><ele>3637.556223</ele><time>2026-09-14T23:07:30Z</time><extensions><speed>0.525651</speed><course>292.649360</course><hAcc>1.632425</hAcc><vAcc>0.690282</vAcc></extensions></trkpt>
      <trkpt lon="120.954246" lat="23.468112"><ele>3637.338898</ele><time>2026-09-14T23:07:31Z</time><extensions><speed>0.357336</speed><course>293.784357</course><hAcc>1.664334</hAcc><vAcc>0.690282</vAcc></extensions></trkpt>
      <trkpt lon="120.954243" lat="23.468113"><ele>3637.122650</ele><time>2026-09-14T23:07:32Z</time><extensions><speed>0.234376</speed><course>296.440241</course><hAcc>1.683292</hAcc><vAcc>0.690283</vAcc></extensions></trkpt>
      <trkpt lon="120.954241" lat="23.468114"><ele>3636.907912</ele><time>2026-09-14T23:07:33Z</time><extensions><speed>0.149860</speed><course>300.581935</course><hAcc>1.700956</hAcc><vAcc>0.690283</vAcc></extensions></trkpt>
      <trkpt lon="120.954240" lat="23.468115"><ele>3636.694956</ele><time>2026-09-14T23:07:34Z</time><extensions><speed>0.157355</speed><course>299.194652</course><hAcc>1.720258</hAcc><vAcc>0.690283</vAcc></extensions></trkpt>
      <trkpt lon="120.954239" lat="23.468116"><ele>3636.483992</ele><time>2026-09-14T23:07:35Z</time><extensions><speed>0.125103</speed><course>299.567850</course><hAcc>1.741319</hAcc><vAcc>0.690283</vAcc></extensions></trkpt>
      <trkpt lon="120.954238" lat="23.468116"><ele>3636.275112</ele><time>2026-09-14T23:07:36Z</time><extensions><speed>0.076184</speed><course>301.427766</course><hAcc>1.756179</hAcc><vAcc>0.690283</vAcc></extensions></trkpt>
      <trkpt lon="120.954237" lat="23.468116"><ele>3636.067944</ele><time>2026-09-14T23:07:37Z</time><extensions><speed>0.067032</speed><course>294.582364</course><hAcc>1.763119</hAcc><vAcc>0.690283</vAcc></extensions></trkpt>
      <trkpt lon="120.954236" lat="23.468117"><ele>3635.863059</ele><time>2026-09-14T23:07:38Z</time><extensions><speed>0.106512</speed><course>285.224510</course><hAcc>1.764695</hAcc><vAcc>0.690283</vAcc></extensions></trkpt>
      <trkpt lon="120.954235" lat="23.468117"><ele>3635.661451</ele><time>2026-09-14T23:07:39Z</time><extensions><speed>0.196641</speed><course>282.134023</course><hAcc>1.757924</hAcc><vAcc>0.690283</vAcc></extensions></trkpt>
      <trkpt lon="120.954232" lat="23.468117"><ele>3635.463965</ele><time>2026-09-14T23:07:40Z</time><extensions><speed>0.355228</speed><course>282.009045</course><hAcc>1.736875</hAcc><vAcc>0.690282</vAcc></extensions></trkpt>
      <trkpt lon="120.954228" lat="23.468118"><ele>3635.271108</ele><time>2026-09-14T23:07:41Z</time><extensions><speed>0.458959</speed><course>281.259506</course><hAcc>1.710560</hAcc><vAcc>0.690282</vAcc></extensions></trkpt>
      <trkpt lon="120.954224" lat="23.468119"><ele>3635.083492</ele><time>2026-09-14T23:07:42Z</time><extensions><speed>0.484535</speed><course>280.249464</course><hAcc>1.693187</hAcc><vAcc>0.690282</vAcc></extensions></trkpt>
      <trkpt lon="120.954219" lat="23.468120"><ele>3634.901732</ele><time>2026-09-14T23:07:43Z</time><extensions><speed>0.471250</speed><course>280.451618</course><hAcc>1.701158</hAcc><vAcc>0.690282</vAcc></extensions></trkpt>
      <trkpt lon="120.954215" lat="23.468120"><ele>3634.726215</ele><time>2026-09-14T23:07:44Z</time><extensions><speed>0.363844</speed><course>279.104041</course><hAcc>1.714299</hAcc><vAcc>0.690282</vAcc></extensions></trkpt>
      <trkpt lon="120.954212" lat="23.468120"><ele>3634.556871</ele><time>2026-09-14T23:07:45Z</time><extensions><speed>0.347120</speed><course>273.635426</course><hAcc>1.678160</hAcc><vAcc>0.690282</vAcc></extensions></trkpt>
      <trkpt lon="120.954208" lat="23.468121"><ele>3634.392889</ele><time>2026-09-14T23:07:46Z</time><extensions><speed>0.407942</speed><course>272.269915</course><hAcc>1.646368</hAcc><vAcc>0.690282</vAcc></extensions></trkpt>
      <trkpt lon="120.954203" lat="23.468121"><ele>3634.232328</ele><time>2026-09-14T23:07:47Z</time><extensions><speed>0.459914</speed><course>272.089153</course><hAcc>1.638228</hAcc><vAcc>0.690282</vAcc></extensions></trkpt>
      <trkpt lon="120.954199" lat="23.468121"><ele>3634.072307</ele><time>2026-09-14T23:07:48Z</time><extensions><speed>0.521918</speed><course>274.828492</course><hAcc>1.653021</hAcc><vAcc>0.690282</vAcc></extensions></trkpt>
      <trkpt lon="120.954193" lat="23.468121"><ele>3633.909903</ele><time>2026-09-14T23:07:49Z</time><extensions><speed>0.574582</speed><course>278.253429</course><hAcc>1.668876</hAcc><vAcc>0.690282</vAcc></extensions></trkpt>
      <trkpt lon="120.954187" lat="23.468122"><ele>3633.743244</ele><time>2026-09-14T23:07:50Z</time><extensions><speed>0.602927</speed><course>276.211035</course><hAcc>1.640839</hAcc><vAcc>0.690282</vAcc></extensions></trkpt>
      <trkpt lon="120.954181" lat="23.468123"><ele>3633.571811</ele><time>2026-09-14T23:07:51Z</time><extensions><speed>0.674746</speed><course>274.365470</course><hAcc>1.601665</hAcc><vAcc>0.690282</vAcc></extensions></trkpt>
      <trkpt lon="120.954174" lat="23.468123"><ele>3633.396042</ele><time>2026-09-14T23:07:52Z</time><extensions><speed>0.777275</speed><course>276.234993</course><hAcc>1.596133</hAcc><vAcc>0.690282</vAcc></extensions></trkpt>
      <trkpt lon="120.954166" lat="23.468124"><ele>3633.216818</ele><time>2026-09-14T23:07:53Z</time><extensions><speed>0.825091</speed><course>278.127077</course><hAcc>1.610654</hAcc><vAcc>0.690282</vAcc></extensions></trkpt>
      <trkpt lon="120.954158" lat="23.468125"><ele>3633.035172</ele><time>2026-09-14T23:07:54Z</time><extensions><speed>0.842849</speed><course>279.233821</course><hAcc>1.610116</hAcc><vAcc>0.690282</vAcc></extensions></trkpt>
      <trkpt lon="120.954150" lat="23.468127"><ele>3632.852098</ele><time>2026-09-14T23:07:55Z</time><extensions><speed>0.885021</speed><course>280.322001</course><hAcc>1.598926</hAcc><vAcc>0.690283</vAcc></extensions></trkpt>
      <trkpt lon="120.954141" lat="23.468128"><ele>3632.668450</ele><time>2026-09-14T23:07:56Z</time><extensions><speed>0.907704</speed><course>281.284059</course><hAcc>1.588561</hAcc><vAcc>0.690283</vAcc></extensions></trkpt>
      <trkpt lon="120.954133" lat="23.468130"><ele>3632.484860</ele><time>2026-09-14T23:07:57Z</time><extensions><speed>0.833310</speed><course>281.897100</course><hAcc>1.587051</hAcc><vAcc>0.690283</vAcc></extensions></trkpt>
      <trkpt lon="120.954125" lat="23.468132"><ele>3632.301692</ele><time>2026-09-14T23:07:58Z</time><extensions><speed>0.818040</speed><course>282.322603</course><hAcc>1.592704</hAcc><vAcc>0.690283</vAcc></extensions></trkpt>
      <trkpt lon="120.954117" lat="23.468133"><ele>3632.119091</ele><time>2026-09-14T23:07:59Z</time><extensions><speed>0.817369</speed><course>283.257033</course><hAcc>1.601820</hAcc><vAcc>0.690283</vAcc></extensions></trkpt>
      <trkpt lon="120.954109" lat="23.468135"><ele>3631.937087</ele><time>2026-09-14T23:08:00Z</time><extensions><speed>0.779937</speed><course>283.947573</course><hAcc>1.610569</hAcc><vAcc>0.690283</vAcc></extensions></trkpt>
      <trkpt lon="120.954102" lat="23.468137"><ele>3631.755544</ele><time>2026-09-14T23:08:01Z</time><extensions><speed>0.698126</speed><course>283.917356</course><hAcc>1.606549</hAcc><vAcc>0.690283</vAcc></extensions></trkpt>
      <trkpt lon="120.954096" lat="23.468138"><ele>3631.574317</ele><time>2026-09-14T23:08:02Z</time><extensions><speed>0.683876</speed><course>286.047554</course><hAcc>1.611857</hAcc><vAcc>0.690283</vAcc></extensions></trkpt>
      <trkpt lon="120.954090" lat="23.468140"><ele>3631.393214</ele><time>2026-09-14T23:08:03Z</time><extensions><speed>0.595317</speed><course>286.463996</course><hAcc>1.634190</hAcc><vAcc>0.690283</vAcc></extensions></trkpt>
      <trkpt lon="120.954084" lat="23.468141"><ele>3631.211984</ele><time>2026-09-14T23:08:04Z</time><extensions><speed>0.542793</speed><course>287.408496</course><hAcc>1.643436</hAcc><vAcc>0.690283</vAcc></extensions></trkpt>
      <trkpt lon="120.954079" lat="23.468143"><ele>3631.030387</ele><time>2026-09-14T23:08:05Z</time><extensions><speed>0.537707</speed><course>282.895555</course><hAcc>1.646238</hAcc><vAcc>0.690283</vAcc></extensions></trkpt>
      <trkpt lon="120.954074" lat="23.468144"><ele>3630.848066</ele><time>2026-09-14T23:08:06Z</time><extensions><speed>0.515973</speed><course>284.242122</course><hAcc>1.672815</hAcc><vAcc>0.690283</vAcc></extensions></trkpt>
      <trkpt lon="120.954069" lat="23.468145"><ele>3630.664617</ele><time>2026-09-14T23:08:07Z</time><extensions><speed>0.539870</speed><course>283.383521</course><hAcc>1.692891</hAcc><vAcc>0.690283</vAcc></extensions></trkpt>
      <trkpt lon="120.954064" lat="23.468146"><ele>3630.479638</ele><time>2026-09-14T23:08:08Z</time><extensions><speed>0.565000</speed><course>284.562205</course><hAcc>1.688656</hAcc><vAcc>0.690283</vAcc></extensions></trkpt>
      <trkpt lon="120.954059" lat="23.468147"><ele>3630.292809</ele><time>2026-09-14T23:08:09Z</time><extensions><speed>0.455980</speed><course>285.929949</course><hAcc>1.702767</hAcc><vAcc>0.690283</vAcc></extensions></trkpt>
      <trkpt lon="120.954056" lat="23.468148"><ele>3630.103876</ele><time>2026-09-14T23:08:10Z</time><extensions><speed>0.356161</speed><course>285.952114</course><hAcc>1.713898</hAcc><vAcc>0.690283</vAcc></extensions></trkpt>
      <trkpt lon="120.954052" lat="23.468149"><ele>3629.912723</ele><time>2026-09-14T23:08:11Z</time><extensions><speed>0.316606</speed><course>276.697345</course><hAcc>1.724714</hAcc><vAcc>0.690283</vAcc></extensions></trkpt>
      <trkpt lon="120.954050" lat="23.468149"><ele>3629.719373</ele><time>2026-09-14T23:08:12Z</time><extensions><speed>0.291334</speed><course>260.985764</course><hAcc>1.728261</hAcc><vAcc>0.690283</vAcc></extensions></trkpt>
      <trkpt lon="120.954047" lat="23.468148"><ele>3629.524008</ele><time>2026-09-14T23:08:13Z</time><extensions><speed>0.315886</speed><course>241.571709</course><hAcc>1.717387</hAcc><vAcc>0.690283</vAcc></extensions></trkpt>
      <trkpt lon="120.954045" lat="23.468146"><ele>3629.326971</ele><time>2026-09-14T23:08:14Z</time><extensions><speed>0.344619</speed><course>221.610209</course><hAcc>1.706605</hAcc><vAcc>0.690283</vAcc></extensions></trkpt>
      <trkpt lon="120.954043" lat="23.468143"><ele>3629.128684</ele><time>2026-09-14T23:08:15Z</time><extensions><speed>0.400595</speed><course>201.875305</course><hAcc>1.707863</hAcc><vAcc>0.690283</vAcc></extensions></trkpt>
      <trkpt lon="120.954042" lat="23.468140"><ele>3628.929722</ele><time>2026-09-14T23:08:16Z</time><extensions><speed>0.284900</speed><course>203.093758</course><hAcc>1.706627</hAcc><vAcc>0.690283</vAcc></extensions></trkpt>
      <trkpt lon="120.954041" lat="23.468138"><ele>3628.730659</ele><time>2026-09-14T23:08:17Z</time><extensions><speed>0.217033</speed><course>196.093956</course><hAcc>1.700369</hAcc><vAcc>0.690283</vAcc></extensions></trkpt>
      <trkpt lon="120.954041" lat="23.468136"><ele>3628.531950</ele><time>2026-09-14T23:08:18Z</time><extensions><speed>0.260610</speed><course>171.771768</course><hAcc>1.667384</hAcc><vAcc>0.690283</vAcc></extensions></trkpt>
      <trkpt lon="120.954042" lat="23.468133"><ele>3628.334065</ele><time>2026-09-14T23:08:19Z</time><extensions><speed>0.362343</speed><course>163.564212</course><hAcc>1.649292</hAcc><vAcc>0.690283</vAcc></extensions></trkpt>
      <trkpt lon="120.954044" lat="23.468129"><ele>3628.137369</ele><time>2026-09-14T23:08:20Z</time><extensions><speed>0.597462</speed><course>148.485542</course><hAcc>1.648962</hAcc><vAcc>0.690283</vAcc></extensions></trkpt>
      <trkpt lon="120.954047" lat="23.468125"><ele>3627.942237</ele><time>2026-09-14T23:08:21Z</time><extensions><speed>0.521808</speed><course>143.791578</course><hAcc>1.647741</hAcc><vAcc>0.690283</vAcc></extensions></trkpt>
      <trkpt lon="120.954049" lat="23.468122"><ele>3627.749077</ele><time>2026-09-14T23:08:22Z</time><extensions><speed>0.222502</speed><course>166.580941</course><hAcc>1.645709</hAcc><vAcc>0.690283</vAcc></extensions></trkpt>
      <trkpt lon="120.954049" lat="23.468119"><ele>3627.558333</ele><time>2026-09-14T23:08:23Z</time><extensions><speed>0.236870</speed><course>188.586815</course><hAcc>1.642249</hAcc><vAcc>0.690283</vAcc></extensions></trkpt>
      <trkpt lon="120.954049" lat="23.468117"><ele>3627.370374</ele><time>2026-09-14T23:08:24Z</time><extensions><speed>0.373326</speed><course>179.151315</course><hAcc>1.646859</hAcc><vAcc>0.690283</vAcc></extensions></trkpt>
      <trkpt lon="120.954050" lat="23.468112"><ele>3627.185493</ele><time>2026-09-14T23:08:25Z</time><extensions><speed>0.683018</speed><course>157.790818</course><hAcc>1.654734</hAcc><vAcc>0.690283</vAcc></extensions></trkpt>
      <trkpt lon="120.954053" lat="23.468105"><ele>3627.003896</ele><time>2026-09-14T23:08:26Z</time><extensions><speed>0.910089</speed><course>153.967072</course><hAcc>1.639171</hAcc><vAcc>0.690283</vAcc></extensions></trkpt>
      <trkpt lon="120.954058" lat="23.468098"><ele>3626.825665</ele><time>2026-09-14T23:08:27Z</time><extensions><speed>0.960323</speed><course>151.133096</course><hAcc>1.639022</hAcc><vAcc>0.690283</vAcc></extensions></trkpt>
      <trkpt lon="120.954062" lat="23.468090"><ele>3626.650693</ele><time>2026-09-14T23:08:28Z</time><extensions><speed>0.992119</speed><course>150.311999</course><hAcc>1.642621</hAcc><vAcc>0.690283</vAcc></extensions></trkpt>
      <trkpt lon="120.954067" lat="23.468082"><ele>3626.478686</ele><time>2026-09-14T23:08:29Z</time><extensions><speed>0.985005</speed><course>150.549323</course><hAcc>1.643571</hAcc><vAcc>0.690283</vAcc></extensions></trkpt>
      <trkpt lon="120.954072" lat="23.468075"><ele>3626.309220</ele><time>2026-09-14T23:08:30Z</time><extensions><speed>0.906720</speed><course>153.310439</course><hAcc>1.647742</hAcc><vAcc>0.690283</vAcc></extensions></trkpt>
      <trkpt lon="120.954075" lat="23.468068"><ele>3626.141801</ele><time>2026-09-14T23:08:31Z</time><extensions><speed>0.845351</speed><course>155.083882</course><hAcc>1.639723</hAcc><vAcc>0.690283</vAcc></extensions></trkpt>
      <trkpt lon="120.954079" lat="23.468061"><ele>3625.975926</ele><time>2026-09-14T23:08:32Z</time><extensions><speed>0.825821</speed><course>155.510019</course><hAcc>1.621736</hAcc><vAcc>0.690283</vAcc></extensions></trkpt>
      <trkpt lon="120.954082" lat="23.468054"><ele>3625.811193</ele><time>2026-09-14T23:08:33Z</time><extensions><speed>0.766429</speed><course>154.797924</course><hAcc>1.615647</hAcc><vAcc>0.690283</vAcc></extensions></trkpt>
      <trkpt lon="120.954086" lat="23.468048"><ele>3625.647357</ele><time>2026-09-14T23:08:34Z</time><extensions><speed>0.723258</speed><course>154.082914</course><hAcc>1.632222</hAcc><vAcc>0.690283</vAcc></extensions></trkpt>
      <trkpt lon="120.954089" lat="23.468043"><ele>3625.484251</ele><time>2026-09-14T23:08:35Z</time><extensions><speed>0.682104</speed><course>152.553696</course><hAcc>1.639721</hAcc><vAcc>0.690283</vAcc></extensions></trkpt>
      <trkpt lon="120.954092" lat="23.468037"><ele>3625.321722</ele><time>2026-09-14T23:08:36Z</time><extensions><speed>0.755030</speed><course>147.494048</course><hAcc>1.597848</hAcc><vAcc>0.690283</vAcc></extensions></trkpt>
      <trkpt lon="120.954097" lat="23.468031"><ele>3625.159650</ele><time>2026-09-14T23:08:37Z</time><extensions><speed>0.856795</speed><course>143.749032</course><hAcc>1.581902</hAcc><vAcc>0.690283</vAcc></extensions></trkpt>
      <trkpt lon="120.954102" lat="23.468025"><ele>3624.997927</ele><time>2026-09-14T23:08:38Z</time><extensions><speed>0.941440</speed><course>142.992044</course><hAcc>1.593307</hAcc><vAcc>0.690283</vAcc></extensions></trkpt>
      <trkpt lon="120.954108" lat="23.468018"><ele>3624.836437</ele><time>2026-09-14T23:08:39Z</time><extensions><speed>1.003843</speed><course>142.104062</course><hAcc>1.589517</hAcc><vAcc>0.690283</vAcc></extensions></trkpt>
      <trkpt lon="120.954114" lat="23.468011"><ele>3624.675018</ele><time>2026-09-14T23:08:40Z</time><extensions><speed>0.978346</speed><course>141.001160</course><hAcc>1.582691</hAcc><vAcc>0.690283</vAcc></extensions></trkpt>
      <trkpt lon="120.954120" lat="23.468004"><ele>3624.513473</ele><time>2026-09-14T23:08:41Z</time><extensions><speed>0.959472</speed><course>140.881459</course><hAcc>1.579281</hAcc><vAcc>0.690283</vAcc></extensions></trkpt>
      <trkpt lon="120.954126" lat="23.467997"><ele>3624.352345</ele><time>2026-09-14T23:08:42Z</time><extensions><speed>0.968918</speed><course>141.623433</course><hAcc>1.575439</hAcc><vAcc>0.690283</vAcc></extensions></trkpt>
      <trkpt lon="120.954132" lat="23.467991"><ele>3624.192583</ele><time>2026-09-14T23:08:43Z</time><extensions><speed>0.861461</speed><course>141.979732</course><hAcc>1.577844</hAcc><vAcc>0.690283</vAcc></extensions></trkpt>
      <trkpt lon="120.954136" lat="23.467985"><ele>3624.034751</ele><time>2026-09-14T23:08:44Z</time><extensions><speed>0.651401</speed><course>141.580185</course><hAcc>1.585765</hAcc><vAcc>0.690283</vAcc></extensions></trkpt>
      <trkpt lon="120.954140" lat="23.467981"><ele>3623.879156</ele><time>2026-09-14T23:08:45Z</time><extensions><speed>0.538015</speed><course>140.996735</course><hAcc>1.590088</hAcc><vAcc>0.690283</vAcc></extensions></trkpt>
      <trkpt lon="120.954143" lat="23.467977"><ele>3623.726106</ele><time>2026-09-14T23:08:46Z</time><extensions><speed>0.519316</speed><course>142.536424</course><hAcc>1.601052</hAcc><vAcc>0.690283</vAcc></extensions></trkpt>
      <trkpt lon="120.954146" lat="23.467973"><ele>3623.575862</ele><time>2026-09-14T23:08:47Z</time><extensions><speed>0.544940</speed><course>142.557892</course><hAcc>1.595160</hAcc><vAcc>0.690283</vAcc></extensions></trkpt>
      <trkpt lon="120.954149" lat="23.467970"><ele>3623.428565</ele><time>2026-09-14T23:08:48Z</time><extensions><speed>0.465901</speed><course>144.660906</course><hAcc>1.616884</hAcc><vAcc>0.690283</vAcc></extensions></trkpt>
      <trkpt lon="120.954151" lat="23.467967"><ele>3623.284129</ele><time>2026-09-14T23:08:49Z</time><extensions><speed>0.370380</speed><course>148.601782</course><hAcc>1.634981</hAcc><vAcc>0.690283</vAcc></extensions></trkpt>
      <trkpt lon="120.954153" lat="23.467964"><ele>3623.141983</ele><time>2026-09-14T23:08:50Z</time><extensions><speed>0.378622</speed><course>153.532845</course><hAcc>1.640287</hAcc><vAcc>0.690283</vAcc></extensions></trkpt>
      <trkpt lon="120.954155" lat="23.467960"><ele>3623.000708</ele><time>2026-09-14T23:08:51Z</time><extensions><speed>0.405168</speed><course>156.811912</course><hAcc>1.646735</hAcc><vAcc>0.690283</vAcc></extensions></trkpt>
      <trkpt lon="120.954156" lat="23.467957"><ele>3622.858328</ele><time>2026-09-14T23:08:52Z</time><extensions><speed>0.459048</speed><course>158.727142</course><hAcc>1.646436</hAcc><vAcc>0.690283</vAcc></extensions></trkpt>
      <trkpt lon="120.954158" lat="23.467953"><ele>3622.712884</ele><time>2026-09-14T23:08:53Z</time><extensions><speed>0.533313</speed><course>160.030159</course><hAcc>1.638827</hAcc><vAcc>0.690283</vAcc></extensions></trkpt>
      <trkpt lon="120.954160" lat="23.467948"><ele>3622.563335</ele><time>2026-09-14T23:08:54Z</time><extensions><speed>0.614471</speed><course>160.690064</course><hAcc>1.628035</hAcc><vAcc>0.690283</vAcc></extensions></trkpt>
      <trkpt lon="120.954162" lat="23.467943"><ele>3622.409806</ele><time>2026-09-14T23:08:55Z</time><extensions><speed>0.593179</speed><course>161.880990</course><hAcc>1.611722</hAcc><vAcc>0.690283</vAcc></extensions></trkpt>
      <trkpt lon="120.954163" lat="23.467937"><ele>3622.253010</ele><time>2026-09-14T23:08:56Z</time><extensions><speed>0.573178</speed><course>162.441138</course><hAcc>1.593807</hAcc><vAcc>0.690283</vAcc></extensions></trkpt>
      <trkpt lon="120.954165" lat="23.467933"><ele>3622.094239</ele><time>2026-09-14T23:08:57Z</time><extensions><speed>0.546274</speed><course>160.743504</course><hAcc>1.596785</hAcc><vAcc>0.690283</vAcc></extensions></trkpt>
      <trkpt lon="120.954167" lat="23.467928"><ele>3621.934975</ele><time>2026-09-14T23:08:58Z</time><extensions><speed>0.532680</speed><course>160.212322</course><hAcc>1.586661</hAcc><vAcc>0.690283</vAcc></extensions></trkpt>
      <trkpt lon="120.954168" lat="23.467924"><ele>3621.776737</ele><time>2026-09-14T23:08:59Z</time><extensions><speed>0.487141</speed><course>159.305719</course><hAcc>1.586731</hAcc><vAcc>0.690283</vAcc></extensions></trkpt>
      <trkpt lon="120.954170" lat="23.467920"><ele>3621.620972</ele><time>2026-09-14T23:09:00Z</time><extensions><speed>0.419081</speed><course>157.881994</course><hAcc>1.604180</hAcc><vAcc>0.690283</vAcc></extensions></trkpt>
      <trkpt lon="120.954171" lat="23.467917"><ele>3621.468969</ele><time>2026-09-14T23:09:01Z</time><extensions><speed>0.353572</speed><course>158.548579</course><hAcc>1.608337</hAcc><vAcc>0.690283</vAcc></extensions></trkpt>
      <trkpt lon="120.954172" lat="23.467914"><ele>3621.321744</ele><time>2026-09-14T23:09:02Z</time><extensions><speed>0.312667</speed><course>161.958672</course><hAcc>1.600083</hAcc><vAcc>0.690283</vAcc></extensions></trkpt>
      <trkpt lon="120.954173" lat="23.467911"><ele>3621.179992</ele><time>2026-09-14T23:09:03Z</time><extensions><speed>0.358088</speed><course>162.644667</course><hAcc>1.624161</hAcc><vAcc>0.690283</vAcc></extensions></trkpt>
      <trkpt lon="120.954174" lat="23.467908"><ele>3621.044023</ele><time>2026-09-14T23:09:04Z</time><extensions><speed>0.381967</speed><course>165.619114</course><hAcc>1.661529</hAcc><vAcc>0.690283</vAcc></extensions></trkpt>
      <trkpt lon="120.954175" lat="23.467904"><ele>3620.913768</ele><time>2026-09-14T23:09:05Z</time><extensions><speed>0.469699</speed><course>167.858316</course><hAcc>1.696882</hAcc><vAcc>0.690283</vAcc></extensions></trkpt>
      <trkpt lon="120.954176" lat="23.467900"><ele>3620.788771</ele><time>2026-09-14T23:09:06Z</time><extensions><speed>0.440607</speed><course>173.681519</course><hAcc>1.730690</hAcc><vAcc>0.690283</vAcc></extensions></trkpt>
      <trkpt lon="120.954176" lat="23.467896"><ele>3620.668291</ele><time>2026-09-14T23:09:07Z</time><extensions><speed>0.449358</speed><course>179.466052</course><hAcc>1.732628</hAcc><vAcc>0.690283</vAcc></extensions></trkpt>
      <trkpt lon="120.954176" lat="23.467892"><ele>3620.551436</ele><time>2026-09-14T23:09:08Z</time><extensions><speed>0.449350</speed><course>179.038947</course><hAcc>1.735601</hAcc><vAcc>0.690283</vAcc></extensions></trkpt>
      <trkpt lon="120.954177" lat="23.467888"><ele>3620.437324</ele><time>2026-09-14T23:09:09Z</time><extensions><speed>0.452805</speed><course>173.689884</course><hAcc>1.738371</hAcc><vAcc>0.690283</vAcc></extensions></trkpt>
      <trkpt lon="120.954178" lat="23.467884"><ele>3620.325248</ele><time>2026-09-14T23:09:10Z</time><extensions><speed>0.469920</speed><course>165.584374</course><hAcc>1.738296</hAcc><vAcc>0.690283</vAcc></extensions></trkpt>
      <trkpt lon="120.954179" lat="23.467880"><ele>3620.214664</ele><time>2026-09-14T23:09:11Z</time><extensions><speed>0.507837</speed><course>157.395482</course><hAcc>1.741693</hAcc><vAcc>0.690283</vAcc></extensions></trkpt>
      <trkpt lon="120.954181" lat="23.467875"><ele>3620.105235</ele><time>2026-09-14T23:09:12Z</time><extensions><speed>0.537942</speed><course>151.618501</course><hAcc>1.739864</hAcc><vAcc>0.690283</vAcc></extensions></trkpt>
      <trkpt lon="120.954184" lat="23.467871"><ele>3619.996808</ele><time>2026-09-14T23:09:13Z</time><extensions><speed>0.565572</speed><course>148.366743</course><hAcc>1.730670</hAcc><vAcc>0.690283</vAcc></extensions></trkpt>
      <trkpt lon="120.954187" lat="23.467867"><ele>3619.889341</ele><time>2026-09-14T23:09:14Z</time><extensions><speed>0.572356</speed><course>146.596652</course><hAcc>1.713849</hAcc><vAcc>0.690283</vAcc></extensions></trkpt>
      <trkpt lon="120.954190" lat="23.467863"><ele>3619.782899</ele><time>2026-09-14T23:09:15Z</time><extensions><speed>0.537412</speed><course>145.261031</course><hAcc>1.702727</hAcc><vAcc>0.690283</vAcc></extensions></trkpt>
      <trkpt lon="120.954193" lat="23.467859"><ele>3619.677613</ele><time>2026-09-14T23:09:16Z</time><extensions><speed>0.501683</speed><course>144.318169</course><hAcc>1.711919</hAcc><vAcc>0.690283</vAcc></extensions></trkpt>
      <trkpt lon="120.954196" lat="23.467855"><ele>3619.573598</ele><time>2026-09-14T23:09:17Z</time><extensions><speed>0.441799</speed><course>143.786920</course><hAcc>1.727441</hAcc><vAcc>0.690283</vAcc></extensions></trkpt>
      <trkpt lon="120.954198" lat="23.467852"><ele>3619.470883</ele><time>2026-09-14T23:09:18Z</time><extensions><speed>0.422118</speed><course>144.117004</course><hAcc>1.729441</hAcc><vAcc>0.690283</vAcc></extensions></trkpt>
      <trkpt lon="120.954200" lat="23.467849"><ele>3619.369500</ele><time>2026-09-14T23:09:19Z</time><extensions><speed>0.420701</speed><course>146.083737</course><hAcc>1.726744</hAcc><vAcc>0.690283</vAcc></extensions></trkpt>
      <trkpt lon="120.954202" lat="23.467846"><ele>3619.269292</ele><time>2026-09-14T23:09:20Z</time><extensions><speed>0.305456</speed><course>153.702062</course><hAcc>1.734244</hAcc><vAcc>0.690283</vAcc></extensions></trkpt>
      <trkpt lon="120.954203" lat="23.467844"><ele>3619.170014</ele><time>2026-09-14T23:09:21Z</time><extensions><speed>0.317146</speed><course>158.890959</course><hAcc>1.738446</hAcc><vAcc>0.690283</vAcc></extensions></trkpt>
      <trkpt lon="120.954205" lat="23.467840"><ele>3619.071309</ele><time>2026-09-14T23:09:22Z</time><extensions><speed>0.436130</speed><course>158.057269</course><hAcc>1.735593</hAcc><vAcc>0.690283</vAcc></extensions></trkpt>
      <trkpt lon="120.954207" lat="23.467836"><ele>3618.972598</ele><time>2026-09-14T23:09:23Z</time><extensions><speed>0.536836</speed><course>156.284421</course><hAcc>1.733340</hAcc><vAcc>0.690283</vAcc></extensions></trkpt>
      <trkpt lon="120.954209" lat="23.467832"><ele>3618.873244</ele><time>2026-09-14T23:09:24Z</time><extensions><speed>0.556825</speed><course>153.907101</course><hAcc>1.745711</hAcc><vAcc>0.690283</vAcc></extensions></trkpt>
      <trkpt lon="120.954211" lat="23.467828"><ele>3618.772473</ele><time>2026-09-14T23:09:25Z</time><extensions><speed>0.524164</speed><course>150.849665</course><hAcc>1.758794</hAcc><vAcc>0.690283</vAcc></extensions></trkpt>
      <trkpt lon="120.954214" lat="23.467824"><ele>3618.669488</ele><time>2026-09-14T23:09:26Z</time><extensions><speed>0.425290</speed><course>148.313205</course><hAcc>1.760375</hAcc><vAcc>0.690283</vAcc></extensions></trkpt>
      <trkpt lon="120.954216" lat="23.467821"><ele>3618.563569</ele><time>2026-09-14T23:09:27Z</time><extensions><speed>0.400580</speed><course>145.983950</course><hAcc>1.728532</hAcc><vAcc>0.690283</vAcc></extensions></trkpt>
      <trkpt lon="120.954218" lat="23.467818"><ele>3618.454157</ele><time>2026-09-14T23:09:28Z</time><extensions><speed>0.366358</speed><course>144.889460</course><hAcc>1.710379</hAcc><vAcc>0.690283</vAcc></extensions></trkpt>
      <trkpt lon="120.954220" lat="23.467815"><ele>3618.340866</ele><time>2026-09-14T23:09:29Z</time><extensions><speed>0.375221</speed><course>146.180872</course><hAcc>1.708011</hAcc><vAcc>0.690283</vAcc></extensions></trkpt>
      <trkpt lon="120.954222" lat="23.467812"><ele>3618.223494</ele><time>2026-09-14T23:09:30Z</time><extensions><speed>0.465139</speed><course>147.897672</course><hAcc>1.706102</hAcc><vAcc>0.690283</vAcc></extensions></trkpt>
      <trkpt lon="120.954225" lat="23.467808"><ele>3618.102031</ele><time>2026-09-14T23:09:31Z</time><extensions><speed>0.542249</speed><course>150.073456</course><hAcc>1.693639</hAcc><vAcc>0.690282</vAcc></extensions></trkpt>
      <trkpt lon="120.954227" lat="23.467803"><ele>3617.976689</ele><time>2026-09-14T23:09:32Z</time><extensions><speed>0.576296</speed><course>152.585958</course><hAcc>1.666354</hAcc><vAcc>0.690282</vAcc></extensions></trkpt>
      <trkpt lon="120.954229" lat="23.467799"><ele>3617.847792</ele><time>2026-09-14T23:09:33Z</time><extensions><speed>0.564503</speed><course>155.133863</course><hAcc>1.639350</hAcc><vAcc>0.690281</vAcc></extensions></trkpt>
      <trkpt lon="120.954232" lat="23.467794"><ele>3617.715826</ele><time>2026-09-14T23:09:34Z</time><extensions><speed>0.527483</speed><course>156.578310</course><hAcc>1.628424</hAcc><vAcc>0.690281</vAcc></extensions></trkpt>
      <trkpt lon="120.954234" lat="23.467790"><ele>3617.581280</ele><time>2026-09-14T23:09:35Z</time><extensions><speed>0.505345</speed><course>155.137359</course><hAcc>1.630964</hAcc><vAcc>0.690282</vAcc></extensions></trkpt>
      <trkpt lon="120.954236" lat="23.467785"><ele>3617.444593</ele><time>2026-09-14T23:09:36Z</time><extensions><speed>0.611398</speed><course>156.667176</course><hAcc>1.590655</hAcc><vAcc>0.690283</vAcc></extensions></trkpt>
      <trkpt lon="120.954238" lat="23.467780"><ele>3617.306137</ele><time>2026-09-14T23:09:37Z</time><extensions><speed>0.639067</speed><course>154.017753</course><hAcc>1.593277</hAcc><vAcc>0.690283</vAcc></extensions></trkpt>
      <trkpt lon="120.954241" lat="23.467774"><ele>3617.166016</ele><time>2026-09-14T23:09:38Z</time><extensions><speed>0.722789</speed><course>153.267305</course><hAcc>1.592198</hAcc><vAcc>0.690283</vAcc></extensions></trkpt>
      <trkpt lon="120.954245" lat="23.467769"><ele>3617.024207</ele><time>2026-09-14T23:09:39Z</time><extensions><speed>0.738797</speed><course>152.788075</course><hAcc>1.599095</hAcc><vAcc>0.690283</vAcc></extensions></trkpt>
      <trkpt lon="120.954248" lat="23.467763"><ele>3616.880557</ele><time>2026-09-14T23:09:40Z</time><extensions><speed>0.726958</speed><course>152.244612</course><hAcc>1.604700</hAcc><vAcc>0.690283</vAcc></extensions></trkpt>
      <trkpt lon="120.954251" lat="23.467757"><ele>3616.734797</ele><time>2026-09-14T23:09:41Z</time><extensions><speed>0.768555</speed><course>150.263173</course><hAcc>1.608801</hAcc><vAcc>0.690283</vAcc></extensions></trkpt>
      <trkpt lon="120.954255" lat="23.467751"><ele>3616.586658</ele><time>2026-09-14T23:09:42Z</time><extensions><speed>0.664180</speed><course>149.407225</course><hAcc>1.612104</hAcc><vAcc>0.690283</vAcc></extensions></trkpt>
      <trkpt lon="120.954258" lat="23.467746"><ele>3616.435831</ele><time>2026-09-14T23:09:43Z</time><extensions><speed>0.621520</speed><course>146.790953</course><hAcc>1.623498</hAcc><vAcc>0.690283</vAcc></extensions></trkpt>
      <trkpt lon="120.954262" lat="23.467742"><ele>3616.281905</ele><time>2026-09-14T23:09:44Z</time><extensions><speed>0.597841</speed><course>143.903097</course><hAcc>1.638125</hAcc><vAcc>0.690284</vAcc></extensions></trkpt>
      <trkpt lon="120.954265" lat="23.467738"><ele>3616.124589</ele><time>2026-09-14T23:09:45Z</time><extensions><speed>0.580348</speed><course>141.530172</course><hAcc>1.648759</hAcc><vAcc>0.690283</vAcc></extensions></trkpt>
      <trkpt lon="120.954269" lat="23.467734"><ele>3615.964265</ele><time>2026-09-14T23:09:46Z</time><extensions><speed>0.531155</speed><course>140.142832</course><hAcc>1.655611</hAcc><vAcc>0.690283</vAcc></extensions></trkpt>
      <trkpt lon="120.954272" lat="23.467730"><ele>3615.801795</ele><time>2026-09-14T23:09:47Z</time><extensions><speed>0.509204</speed><course>139.511416</course><hAcc>1.657324</hAcc><vAcc>0.690283</vAcc></extensions></trkpt>
      <trkpt lon="120.954275" lat="23.467727"><ele>3615.637714</ele><time>2026-09-14T23:09:48Z</time><extensions><speed>0.443613</speed><course>138.257587</course><hAcc>1.668330</hAcc><vAcc>0.690284</vAcc></extensions></trkpt>
      <trkpt lon="120.954278" lat="23.467724"><ele>3615.472600</ele><time>2026-09-14T23:09:49Z</time><extensions><speed>0.409105</speed><course>134.220161</course><hAcc>1.680407</hAcc><vAcc>0.690284</vAcc></extensions></trkpt>
      <trkpt lon="120.954281" lat="23.467722"><ele>3615.307195</ele><time>2026-09-14T23:09:50Z</time><extensions><speed>0.430717</speed><course>129.890892</course><hAcc>1.683534</hAcc><vAcc>0.690284</vAcc></extensions></trkpt>
      <trkpt lon="120.954284" lat="23.467719"><ele>3615.142433</ele><time>2026-09-14T23:09:51Z</time><extensions><speed>0.451313</speed><course>125.186191</course><hAcc>1.692430</hAcc><vAcc>0.690284</vAcc></extensions></trkpt>
      <trkpt lon="120.954288" lat="23.467717"><ele>3614.979155</ele><time>2026-09-14T23:09:52Z</time><extensions><speed>0.424719</speed><course>119.313715</course><hAcc>1.707697</hAcc><vAcc>0.690284</vAcc></extensions></trkpt>
      <trkpt lon="120.954292" lat="23.467715"><ele>3614.818114</ele><time>2026-09-14T23:09:53Z</time><extensions><speed>0.421473</speed><course>113.554250</course><hAcc>1.709399</hAcc><vAcc>0.690284</vAcc></extensions></trkpt>
      <trkpt lon="120.954296" lat="23.467714"><ele>3614.659589</ele><time>2026-09-14T23:09:54Z</time><extensions><speed>0.419476</speed><course>108.936918</course><hAcc>1.700953</hAcc><vAcc>0.690284</vAcc></extensions></trkpt>
      <trkpt lon="120.954300" lat="23.467712"><ele>3614.502942</ele><time>2026-09-14T23:09:55Z</time><extensions><speed>0.529485</speed><course>113.737263</course><hAcc>1.693319</hAcc><vAcc>0.690284</vAcc></extensions></trkpt>
      <trkpt lon="120.954305" lat="23.467710"><ele>3614.347069</ele><time>2026-09-14T23:09:56Z</time><extensions><speed>0.667620</speed><course>120.571978</course><hAcc>1.702264</hAcc><vAcc>0.690284</vAcc></extensions></trkpt>
      <trkpt lon="120.954311" lat="23.467706"><ele>3614.190866</ele><time>2026-09-14T23:09:57Z</time><extensions><speed>0.756649</speed><course>125.997992</course><hAcc>1.726375</hAcc><vAcc>0.690284</vAcc></extensions></trkpt>
      <trkpt lon="120.954317" lat="23.467702"><ele>3614.034108</ele><time>2026-09-14T23:09:58Z</time><extensions><speed>0.733375</speed><course>125.859533</course><hAcc>1.720426</hAcc><vAcc>0.690284</vAcc></extensions></trkpt>
      <trkpt lon="120.954322" lat="23.467699"><ele>3613.877505</ele><time>2026-09-14T23:09:59Z</time><extensions><speed>0.613924</speed><course>125.817895</course><hAcc>1.704391</hAcc><vAcc>0.690284</vAcc></extensions></trkpt>
      <trkpt lon="120.954327" lat="23.467696"><ele>3613.722151</ele><time>2026-09-14T23:10:00Z</time><extensions><speed>0.515862</speed><course>127.181175</course><hAcc>1.708486</hAcc><vAcc>0.690283</vAcc></extensions></trkpt>
      <trkpt lon="120.954331" lat="23.467693"><ele>3613.569570</ele><time>2026-09-14T23:10:01Z</time><extensions><speed>0.582994</speed><course>129.437035</course><hAcc>1.689922</hAcc><vAcc>0.690283</vAcc></extensions></trkpt>
      <trkpt lon="120.954336" lat="23.467689"><ele>3613.421203</ele><time>2026-09-14T23:10:02Z</time><extensions><speed>0.706258</speed><course>131.245778</course><hAcc>1.682360</hAcc><vAcc>0.690283</vAcc></extensions></trkpt>
      <trkpt lon="120.954341" lat="23.467685"><ele>3613.278321</ele><time>2026-09-14T23:10:03Z</time><extensions><speed>0.708019</speed><course>132.430551</course><hAcc>1.695134</hAcc><vAcc>0.690283</vAcc></extensions></trkpt>
      <trkpt lon="120.954346" lat="23.467680"><ele>3613.142026</ele><time>2026-09-14T23:10:04Z</time><extensions><speed>0.710458</speed><course>132.336468</course><hAcc>1.700170</hAcc><vAcc>0.690283</vAcc></extensions></trkpt>
      <trkpt lon="120.954351" lat="23.467676"><ele>3613.013124</ele><time>2026-09-14T23:10:05Z</time><extensions><speed>0.702539</speed><course>130.662685</course><hAcc>1.715065</hAcc><vAcc>0.690283</vAcc></extensions></trkpt>
      <trkpt lon="120.954356" lat="23.467672"><ele>3612.892097</ele><time>2026-09-14T23:10:06Z</time><extensions><speed>0.608201</speed><course>129.184821</course><hAcc>1.750697</hAcc><vAcc>0.690283</vAcc></extensions></trkpt>
      <trkpt lon="120.954360" lat="23.467669"><ele>3612.779158</ele><time>2026-09-14T23:10:07Z</time><extensions><speed>0.476297</speed><course>131.037267</course><hAcc>1.731334</hAcc><vAcc>0.690283</vAcc></extensions></trkpt>
      <trkpt lon="120.954363" lat="23.467667"><ele>3612.674271</ele><time>2026-09-14T23:10:08Z</time><extensions><speed>0.267838</speed><course>136.670290</course><hAcc>1.724029</hAcc><vAcc>0.690283</vAcc></extensions></trkpt>
      <trkpt lon="120.954364" lat="23.467665"><ele>3612.577150</ele><time>2026-09-14T23:10:09Z</time><extensions><speed>0.252164</speed><course>140.357242</course><hAcc>1.730127</hAcc><vAcc>0.690283</vAcc></extensions></trkpt>
      <trkpt lon="120.954366" lat="23.467663"><ele>3612.487314</ele><time>2026-09-14T23:10:10Z</time><extensions><speed>0.293537</speed><course>141.362159</course><hAcc>1.742655</hAcc><vAcc>0.690283</vAcc></extensions></trkpt>
      <trkpt lon="120.954368" lat="23.467661"><ele>3612.403960</ele><time>2026-09-14T23:10:11Z</time><extensions><speed>0.299927</speed><course>143.182580</course><hAcc>1.761058</hAcc><vAcc>0.690283</vAcc></extensions></trkpt>
      <trkpt lon="120.954370" lat="23.467659"><ele>3612.326092</ele><time>2026-09-14T23:10:12Z</time><extensions><speed>0.377023</speed><course>140.846954</course><hAcc>1.775604</hAcc><vAcc>0.690283</vAcc></extensions></trkpt>
      <trkpt lon="120.954373" lat="23.467656"><ele>3612.252611</ele><time>2026-09-14T23:10:13Z</time><extensions><speed>0.514381</speed><course>136.231291</course><hAcc>1.784423</hAcc><vAcc>0.690283</vAcc></extensions></trkpt>
      <trkpt lon="120.954376" lat="23.467652"><ele>3612.182172</ele><time>2026-09-14T23:10:14Z</time><extensions><speed>0.498056</speed><course>136.268290</course><hAcc>1.783589</hAcc><vAcc>0.690283</vAcc></extensions></trkpt>
      <trkpt lon="120.954380" lat="23.467649"><ele>3612.113531</ele><time>2026-09-14T23:10:15Z</time><extensions><speed>0.478610</speed><course>136.732556</course><hAcc>1.769597</hAcc><vAcc>0.690283</vAcc></extensions></trkpt>
      <trkpt lon="120.954383" lat="23.467646"><ele>3612.045399</ele><time>2026-09-14T23:10:16Z</time><extensions><speed>0.443294</speed><course>136.116466</course><hAcc>1.768622</hAcc><vAcc>0.690283</vAcc></extensions></trkpt>
      <trkpt lon="120.954386" lat="23.467643"><ele>3611.976528</ele><time>2026-09-14T23:10:17Z</time><extensions><speed>0.521754</speed><course>133.442054</course><hAcc>1.760677</hAcc><vAcc>0.690283</vAcc></extensions></trkpt>
      <trkpt lon="120.954390" lat="23.467639"><ele>3611.905836</ele><time>2026-09-14T23:10:18Z</time><extensions><speed>0.658059</speed><course>130.514271</course><hAcc>1.747525</hAcc><vAcc>0.690283</vAcc></extensions></trkpt>
      <trkpt lon="120.954396" lat="23.467635"><ele>3611.832153</ele><time>2026-09-14T23:10:19Z</time><extensions><speed>0.741977</speed><course>128.018681</course><hAcc>1.745726</hAcc><vAcc>0.690283</vAcc></extensions></trkpt>
      <trkpt lon="120.954401" lat="23.467631"><ele>3611.754486</ele><time>2026-09-14T23:10:20Z</time><extensions><speed>0.750965</speed><course>126.321589</course><hAcc>1.750588</hAcc><vAcc>0.690283</vAcc></extensions></trkpt>
      <trkpt lon="120.954407" lat="23.467627"><ele>3611.671874</ele><time>2026-09-14T23:10:21Z</time><extensions><speed>0.773158</speed><course>125.679342</course><hAcc>1.743101</hAcc><vAcc>0.690283</vAcc></extensions></trkpt>
      <trkpt lon="120.954414" lat="23.467623"><ele>3611.583394</ele><time>2026-09-14T23:10:22Z</time><extensions><speed>0.834624</speed><course>125.691640</course><hAcc>1.723797</hAcc><vAcc>0.690283</vAcc></extensions></trkpt>
      <trkpt lon="120.954420" lat="23.467619"><ele>3611.488383</ele><time>2026-09-14T23:10:23Z</time><extensions><speed>0.822326</speed><course>126.137780</course><hAcc>1.713082</hAcc><vAcc>0.690283</vAcc></extensions></trkpt>
      <trkpt lon="120.954427" lat="23.467614"><ele>3611.386222</ele><time>2026-09-14T23:10:24Z</time><extensions><speed>0.752838</speed><course>126.882571</course><hAcc>1.718761</hAcc><vAcc>0.690283</vAcc></extensions></trkpt>
      <trkpt lon="120.954432" lat="23.467611"><ele>3611.276495</ele><time>2026-09-14T23:10:25Z</time><extensions><speed>0.626900</speed><course>128.372456</course><hAcc>1.733574</hAcc><vAcc>0.690283</vAcc></extensions></trkpt>
      <trkpt lon="120.954436" lat="23.467607"><ele>3611.158977</ele><time>2026-09-14T23:10:26Z</time><extensions><speed>0.522017</speed><course>130.267258</course><hAcc>1.743078</hAcc><vAcc>0.690283</vAcc></extensions></trkpt>
      <trkpt lon="120.954440" lat="23.467604"><ele>3611.033603</ele><time>2026-09-14T23:10:27Z</time><extensions><speed>0.512901</speed><course>131.779623</course><hAcc>1.728060</hAcc><vAcc>0.690283</vAcc></extensions></trkpt>
      <trkpt lon="120.954444" lat="23.467601"><ele>3610.900463</ele><time>2026-09-14T23:10:28Z</time><extensions><speed>0.496859</speed><course>130.743698</course><hAcc>1.727125</hAcc><vAcc>0.690283</vAcc></extensions></trkpt>
      <trkpt lon="120.954448" lat="23.467598"><ele>3610.759781</ele><time>2026-09-14T23:10:29Z</time><extensions><speed>0.470324</speed><course>128.380341</course><hAcc>1.731777</hAcc><vAcc>0.690283</vAcc></extensions></trkpt>
      <trkpt lon="120.954451" lat="23.467596"><ele>3610.611919</ele><time>2026-09-14T23:10:30Z</time><extensions><speed>0.496887</speed><course>124.897271</course><hAcc>1.725460</hAcc><vAcc>0.690283</vAcc></extensions></trkpt>
      <trkpt lon="120.954456" lat="23.467593"><ele>3610.457420</ele><time>2026-09-14T23:10:31Z</time><extensions><speed>0.564409</speed><course>121.955944</course><hAcc>1.711056</hAcc><vAcc>0.690283</vAcc></extensions></trkpt>
      <trkpt lon="120.954461" lat="23.467590"><ele>3610.297053</ele><time>2026-09-14T23:10:32Z</time><extensions><speed>0.629992</speed><course>120.923727</course><hAcc>1.701771</hAcc><vAcc>0.690283</vAcc></extensions></trkpt>
      <trkpt lon="120.954466" lat="23.467587"><ele>3610.131663</ele><time>2026-09-14T23:10:33Z</time><extensions><speed>0.626162</speed><course>121.317878</course><hAcc>1.702376</hAcc><vAcc>0.690283</vAcc></extensions></trkpt>
      <trkpt lon="120.954472" lat="23.467584"><ele>3609.962303</ele><time>2026-09-14T23:10:34Z</time><extensions><speed>0.679767</speed><course>122.482886</course><hAcc>1.699891</hAcc><vAcc>0.690283</vAcc></extensions></trkpt>
      <trkpt lon="120.954478" lat="23.467581"><ele>3609.790070</ele><time>2026-09-14T23:10:35Z</time><extensions><speed>0.747085</speed><course>124.371089</course><hAcc>1.676344</hAcc><vAcc>0.690283</vAcc></extensions></trkpt>
      <trkpt lon="120.954484" lat="23.467577"><ele>3609.615992</ele><time>2026-09-14T23:10:36Z</time><extensions><speed>0.819618</speed><course>124.983299</course><hAcc>1.667590</hAcc><vAcc>0.690283</vAcc></extensions></trkpt>
      <trkpt lon="120.954491" lat="23.467572"><ele>3609.441067</ele><time>2026-09-14T23:10:37Z</time><extensions><speed>0.840853</speed><course>125.275822</course><hAcc>1.642069</hAcc><vAcc>0.690283</vAcc></extensions></trkpt>
      <trkpt lon="120.954497" lat="23.467568"><ele>3609.266203</ele><time>2026-09-14T23:10:38Z</time><extensions><speed>0.833972</speed><course>125.197527</course><hAcc>1.620826</hAcc><vAcc>0.690283</vAcc></extensions></trkpt>
      <trkpt lon="120.954504" lat="23.467564"><ele>3609.092266</ele><time>2026-09-14T23:10:39Z</time><extensions><speed>0.759123</speed><course>125.454718</course><hAcc>1.622542</hAcc><vAcc>0.690283</vAcc></extensions></trkpt>
      <trkpt lon="120.954509" lat="23.467560"><ele>3608.920037</ele><time>2026-09-14T23:10:40Z</time><extensions><speed>0.674453</speed><course>127.301235</course><hAcc>1.644827</hAcc><vAcc>0.690283</vAcc></extensions></trkpt>
      <trkpt lon="120.954514" lat="23.467557"><ele>3608.750147</ele><time>2026-09-14T23:10:41Z</time><extensions><speed>0.511582</speed><course>128.240970</course><hAcc>1.666303</hAcc><vAcc>0.690283</vAcc></extensions></trkpt>
      <trkpt lon="120.954518" lat="23.467554"><ele>3608.583040</ele><time>2026-09-14T23:10:42Z</time><extensions><speed>0.492220</speed><course>128.523806</course><hAcc>1.646695</hAcc><vAcc>0.690283</vAcc></extensions></trkpt>
      <trkpt lon="120.954522" lat="23.467551"><ele>3608.418953</ele><time>2026-09-14T23:10:43Z</time><extensions><speed>0.531130</speed><course>128.500115</course><hAcc>1.629481</hAcc><vAcc>0.690283</vAcc></extensions></trkpt>
      <trkpt lon="120.954526" lat="23.467548"><ele>3608.257880</ele><time>2026-09-14T23:10:44Z</time><extensions><speed>0.553195</speed><course>127.931656</course><hAcc>1.641036</hAcc><vAcc>0.690283</vAcc></extensions></trkpt>
      <trkpt lon="120.954530" lat="23.467545"><ele>3608.099603</ele><time>2026-09-14T23:10:45Z</time><extensions><speed>0.557467</speed><course>126.801587</course><hAcc>1.662500</hAcc><vAcc>0.690283</vAcc></extensions></trkpt>
      <trkpt lon="120.954535" lat="23.467542"><ele>3607.943769</ele><time>2026-09-14T23:10:46Z</time><extensions><speed>0.533048</speed><course>124.716209</course><hAcc>1.679429</hAcc><vAcc>0.690283</vAcc></extensions></trkpt>
      <trkpt lon="120.954539" lat="23.467539"><ele>3607.789979</ele><time>2026-09-14T23:10:47Z</time><extensions><speed>0.489448</speed><course>121.200494</course><hAcc>1.689674</hAcc><vAcc>0.690283</vAcc></extensions></trkpt>
      <trkpt lon="120.954544" lat="23.467537"><ele>3607.637600</ele><time>2026-09-14T23:10:48Z</time><extensions><speed>0.494905</speed><course>117.445266</course><hAcc>1.693880</hAcc><vAcc>0.690283</vAcc></extensions></trkpt>
      <trkpt lon="120.954548" lat="23.467535"><ele>3607.486222</ele><time>2026-09-14T23:10:49Z</time><extensions><speed>0.498905</speed><course>114.399544</course><hAcc>1.696796</hAcc><vAcc>0.690283</vAcc></extensions></trkpt>
      <trkpt lon="120.954553" lat="23.467533"><ele>3607.335998</ele><time>2026-09-14T23:10:50Z</time><extensions><speed>0.516633</speed><course>112.608098</course><hAcc>1.701465</hAcc><vAcc>0.690283</vAcc></extensions></trkpt>
      <trkpt lon="120.954558" lat="23.467532"><ele>3607.187641</ele><time>2026-09-14T23:10:51Z</time><extensions><speed>0.609371</speed><course>113.822039</course><hAcc>1.706554</hAcc><vAcc>0.690283</vAcc></extensions></trkpt>
      <trkpt lon="120.954564" lat="23.467529"><ele>3607.041262</ele><time>2026-09-14T23:10:52Z</time><extensions><speed>0.678937</speed><course>117.135106</course><hAcc>1.711397</hAcc><vAcc>0.690283</vAcc></extensions></trkpt>
      <trkpt lon="120.954570" lat="23.467526"><ele>3606.897110</ele><time>2026-09-14T23:10:53Z</time><extensions><speed>0.686365</speed><course>117.554524</course><hAcc>1.715736</hAcc><vAcc>0.690283</vAcc></extensions></trkpt>
      <trkpt lon="120.954576" lat="23.467523"><ele>3606.755652</ele><time>2026-09-14T23:10:54Z</time><extensions><speed>0.754176</speed><course>124.401834</course><hAcc>1.717786</hAcc><vAcc>0.690283</vAcc></extensions></trkpt>
      <trkpt lon="120.954581" lat="23.467519"><ele>3606.617549</ele><time>2026-09-14T23:10:55Z</time><extensions><speed>0.663478</speed><course>138.751704</course><hAcc>1.720566</hAcc><vAcc>0.690283</vAcc></extensions></trkpt>
      <trkpt lon="120.954585" lat="23.467515"><ele>3606.483351</ele><time>2026-09-14T23:10:56Z</time><extensions><speed>0.557979</speed><course>143.454121</course><hAcc>1.725907</hAcc><vAcc>0.690283</vAcc></extensions></trkpt>
      <trkpt lon="120.954588" lat="23.467511"><ele>3606.353324</ele><time>2026-09-14T23:10:57Z</time><extensions><speed>0.517162</speed><course>137.158214</course><hAcc>1.737167</hAcc><vAcc>0.690283</vAcc></extensions></trkpt>
      <trkpt lon="120.954592" lat="23.467508"><ele>3606.227095</ele><time>2026-09-14T23:10:58Z</time><extensions><speed>0.480103</speed><course>129.331318</course><hAcc>1.742842</hAcc><vAcc>0.690283</vAcc></extensions></trkpt>
      <trkpt lon="120.954595" lat="23.467505"><ele>3606.103377</ele><time>2026-09-14T23:10:59Z</time><extensions><speed>0.451004</speed><course>117.605368</course><hAcc>1.738250</hAcc><vAcc>0.690283</vAcc></extensions></trkpt>
      <trkpt lon="120.954599" lat="23.467504"><ele>3605.980053</ele><time>2026-09-14T23:11:00Z</time><extensions><speed>0.450456</speed><course>110.880141</course><hAcc>1.722905</hAcc><vAcc>0.690283</vAcc></extensions></trkpt>
      <trkpt lon="120.954603" lat="23.467502"><ele>3605.855306</ele><time>2026-09-14T23:11:01Z</time><extensions><speed>0.381749</speed><course>121.532078</course><hAcc>1.720110</hAcc><vAcc>0.690283</vAcc></extensions></trkpt>
      <trkpt lon="120.954606" lat="23.467500"><ele>3605.728083</ele><time>2026-09-14T23:11:02Z</time><extensions><speed>0.309508</speed><course>141.505047</course><hAcc>1.723852</hAcc><vAcc>0.690283</vAcc></extensions></trkpt>
      <trkpt lon="120.954607" lat="23.467498"><ele>3605.598059</ele><time>2026-09-14T23:11:03Z</time><extensions><speed>0.261129</speed><course>161.944166</course><hAcc>1.729406</hAcc><vAcc>0.690283</vAcc></extensions></trkpt>
      <trkpt lon="120.954607" lat="23.467496"><ele>3605.465281</ele><time>2026-09-14T23:11:04Z</time><extensions><speed>0.254944</speed><course>179.917980</course><hAcc>1.728686</hAcc><vAcc>0.690283</vAcc></extensions></trkpt>
      <trkpt lon="120.954607" lat="23.467493"><ele>3605.329581</ele><time>2026-09-14T23:11:05Z</time><extensions><speed>0.269423</speed><course>190.453285</course><hAcc>1.717436</hAcc><vAcc>0.690283</vAcc></extensions></trkpt>
      <trkpt lon="120.954607" lat="23.467491"><ele>3605.190630</ele><time>2026-09-14T23:11:06Z</time><extensions><speed>0.164226</speed><course>192.310638</course><hAcc>1.723287</hAcc><vAcc>0.690283</vAcc></extensions></trkpt>
      <trkpt lon="120.954606" lat="23.467490"><ele>3605.047818</ele><time>2026-09-14T23:11:07Z</time><extensions><speed>0.123664</speed><course>204.267926</course><hAcc>1.745910</hAcc><vAcc>0.690283</vAcc></extensions></trkpt>
      <trkpt lon="120.954605" lat="23.467489"><ele>3604.900329</ele><time>2026-09-14T23:11:08Z</time><extensions><speed>0.219364</speed><course>215.997645</course><hAcc>1.734667</hAcc><vAcc>0.690283</vAcc></extensions></trkpt>
      <trkpt lon="120.954604" lat="23.467487"><ele>3604.747351</ele><time>2026-09-14T23:11:09Z</time><extensions><speed>0.328124</speed><course>222.271109</course><hAcc>1.737311</hAcc><vAcc>0.690283</vAcc></extensions></trkpt>
      <trkpt lon="120.954601" lat="23.467485"><ele>3604.588270</ele><time>2026-09-14T23:11:10Z</time><extensions><speed>0.369589</speed><course>224.688555</course><hAcc>1.753349</hAcc><vAcc>0.690283</vAcc></extensions></trkpt>
      <trkpt lon="120.954599" lat="23.467482"><ele>3604.422653</ele><time>2026-09-14T23:11:11Z</time><extensions><speed>0.373614</speed><course>226.378390</course><hAcc>1.770697</hAcc><vAcc>0.690283</vAcc></extensions></trkpt>
      <trkpt lon="120.954596" lat="23.467480"><ele>3604.250426</ele><time>2026-09-14T23:11:12Z</time><extensions><speed>0.369473</speed><course>228.041629</course><hAcc>1.780206</hAcc><vAcc>0.690283</vAcc></extensions></trkpt>
      <trkpt lon="120.954593" lat="23.467478"><ele>3604.071950</ele><time>2026-09-14T23:11:13Z</time><extensions><speed>0.388553</speed><course>229.656263</course><hAcc>1.784883</hAcc><vAcc>0.690283</vAcc></extensions></trkpt>
      <trkpt lon="120.954590" lat="23.467475"><ele>3603.887663</ele><time>2026-09-14T23:11:14Z</time><extensions><speed>0.381053</speed><course>231.640325</course><hAcc>1.790723</hAcc><vAcc>0.690283</vAcc></extensions></trkpt>
      <trkpt lon="120.954587" lat="23.467473"><ele>3603.698763</ele><time>2026-09-14T23:11:15Z</time><extensions><speed>0.385791</speed><course>233.117424</course><hAcc>1.794129</hAcc><vAcc>0.690283</vAcc></extensions></trkpt>
      <trkpt lon="120.954584" lat="23.467471"><ele>3603.506681</ele><time>2026-09-14T23:11:16Z</time><extensions><speed>0.372448</speed><course>234.095784</course><hAcc>1.796503</hAcc><vAcc>0.690283</vAcc></extensions></trkpt>
      <trkpt lon="120.954581" lat="23.467469"><ele>3603.313084</ele><time>2026-09-14T23:11:17Z</time><extensions><speed>0.394416</speed><course>234.959250</course><hAcc>1.797966</hAcc><vAcc>0.690283</vAcc></extensions></trkpt>
      <trkpt lon="120.954578" lat="23.467467"><ele>3603.120014</ele><time>2026-09-14T23:11:18Z</time><extensions><speed>0.404166</speed><course>235.708933</course><hAcc>1.801699</hAcc><vAcc>0.690283</vAcc></extensions></trkpt>
      <trkpt lon="120.954574" lat="23.467465"><ele>3602.929459</ele><time>2026-09-14T23:11:19Z</time><extensions><speed>0.447791</speed><course>236.388056</course><hAcc>1.804001</hAcc><vAcc>0.690283</vAcc></extensions></trkpt>
      <trkpt lon="120.954571" lat="23.467463"><ele>3602.743649</ele><time>2026-09-14T23:11:20Z</time><extensions><speed>0.443739</speed><course>237.295214</course><hAcc>1.807317</hAcc><vAcc>0.690283</vAcc></extensions></trkpt>
      <trkpt lon="120.954567" lat="23.467461"><ele>3602.564733</ele><time>2026-09-14T23:11:21Z</time><extensions><speed>0.440707</speed><course>238.495331</course><hAcc>1.812652</hAcc><vAcc>0.690283</vAcc></extensions></trkpt>
      <trkpt lon="120.954564" lat="23.467459"><ele>3602.394597</ele><time>2026-09-14T23:11:22Z</time><extensions><speed>0.395453</speed><course>240.377300</course><hAcc>1.819498</hAcc><vAcc>0.690283</vAcc></extensions></trkpt>
      <trkpt lon="120.954560" lat="23.467457"><ele>3602.234998</ele><time>2026-09-14T23:11:23Z</time><extensions><speed>0.380160</speed><course>241.823901</course><hAcc>1.813708</hAcc><vAcc>0.690283</vAcc></extensions></trkpt>
      <trkpt lon="120.954557" lat="23.467456"><ele>3602.087138</ele><time>2026-09-14T23:11:24Z</time><extensions><speed>0.386196</speed><course>242.827716</course><hAcc>1.801470</hAcc><vAcc>0.690283</vAcc></extensions></trkpt>
      <trkpt lon="120.954554" lat="23.467454"><ele>3601.951773</ele><time>2026-09-14T23:11:25Z</time><extensions><speed>0.329893</speed><course>243.206391</course><hAcc>1.792929</hAcc><vAcc>0.690283</vAcc></extensions></trkpt>
      <trkpt lon="120.954552" lat="23.467453"><ele>3601.829245</ele><time>2026-09-14T23:11:26Z</time><extensions><speed>0.227972</speed><course>243.096585</course><hAcc>1.788592</hAcc><vAcc>0.690283</vAcc></extensions></trkpt>
      <trkpt lon="120.954550" lat="23.467452"><ele>3601.719526</ele><time>2026-09-14T23:11:27Z</time><extensions><speed>0.094360</speed><course>241.704010</course><hAcc>1.799819</hAcc><vAcc>0.690283</vAcc></extensions></trkpt>
      <trkpt lon="120.954550" lat="23.467452"><ele>3601.622415</ele><time>2026-09-14T23:11:28Z</time><extensions><speed>0.019713</speed><course>72.936198</course><hAcc>1.823150</hAcc><vAcc>0.690283</vAcc></extensions></trkpt>
      <trkpt lon="120.954550" lat="23.467452"><ele>3601.537506</ele><time>2026-09-14T23:11:29Z</time><extensions><speed>0.076745</speed><course>64.531951</course><hAcc>1.795918</hAcc><vAcc>0.690283</vAcc></extensions></trkpt>
      <trkpt lon="120.954551" lat="23.467453"><ele>3601.464185</ele><time>2026-09-14T23:11:30Z</time><extensions><speed>0.073189</speed><course>62.050463</course><hAcc>1.777696</hAcc><vAcc>0.690283</vAcc></extensions></trkpt>
      <trkpt lon="120.954551" lat="23.467453"><ele>3601.401679</ele><time>2026-09-14T23:11:31Z</time><extensions><speed>0.005921</speed><course>287.935724</course><hAcc>1.781168</hAcc><vAcc>0.690283</vAcc></extensions></trkpt>
      <trkpt lon="120.954550" lat="23.467452"><ele>3601.349154</ele><time>2026-09-14T23:11:32Z</time><extensions><speed>0.163476</speed><course>245.950362</course><hAcc>1.789438</hAcc><vAcc>0.690283</vAcc></extensions></trkpt>
      <trkpt lon="120.954549" lat="23.467452"><ele>3601.305477</ele><time>2026-09-14T23:11:33Z</time><extensions><speed>0.167455</speed><course>245.767374</course><hAcc>1.792931</hAcc><vAcc>0.690283</vAcc></extensions></trkpt>
      <trkpt lon="120.954547" lat="23.467451"><ele>3601.269479</ele><time>2026-09-14T23:11:34Z</time><extensions><speed>0.190588</speed><course>245.691831</course><hAcc>1.787687</hAcc><vAcc>0.690283</vAcc></extensions></trkpt>
      <trkpt lon="120.954545" lat="23.467450"><ele>3601.239808</ele><time>2026-09-14T23:11:35Z</time><extensions><speed>0.266063</speed><course>245.597887</course><hAcc>1.784822</hAcc><vAcc>0.690283</vAcc></extensions></trkpt>
      <trkpt lon="120.954542" lat="23.467449"><ele>3601.214855</ele><time>2026-09-14T23:11:36Z</time><extensions><speed>0.335899</speed><course>245.735434</course><hAcc>1.785576</hAcc><vAcc>0.690282</vAcc></extensions></trkpt>
      <trkpt lon="120.954539" lat="23.467448"><ele>3601.193080</ele><time>2026-09-14T23:11:37Z</time><extensions><speed>0.397151</speed><course>246.138424</course><hAcc>1.784122</hAcc><vAcc>0.690282</vAcc></extensions></trkpt>
      <trkpt lon="120.954535" lat="23.467446"><ele>3601.172691</ele><time>2026-09-14T23:11:38Z</time><extensions><speed>0.436402</speed><course>246.816480</course><hAcc>1.786143</hAcc><vAcc>0.690281</vAcc></extensions></trkpt>
      <trkpt lon="120.954531" lat="23.467445"><ele>3601.151944</ele><time>2026-09-14T23:11:39Z</time><extensions><speed>0.466982</speed><course>247.918229</course><hAcc>1.785209</hAcc><vAcc>0.690280</vAcc></extensions></trkpt>
      <trkpt lon="120.954527" lat="23.467443"><ele>3601.129149</ele><time>2026-09-14T23:11:40Z</time><extensions><speed>0.483423</speed><course>248.636868</course><hAcc>1.785346</hAcc><vAcc>0.690280</vAcc></extensions></trkpt>
      <trkpt lon="120.954523" lat="23.467442"><ele>3601.102573</ele><time>2026-09-14T23:11:41Z</time><extensions><speed>0.462224</speed><course>249.132781</course><hAcc>1.790173</hAcc><vAcc>0.690281</vAcc></extensions></trkpt>
      <trkpt lon="120.954518" lat="23.467440"><ele>3601.070768</ele><time>2026-09-14T23:11:42Z</time><extensions><speed>0.494206</speed><course>249.509381</course><hAcc>1.790114</hAcc><vAcc>0.690281</vAcc></extensions></trkpt>
      <trkpt lon="120.954514" lat="23.467439"><ele>3601.032374</ele><time>2026-09-14T23:11:43Z</time><extensions><speed>0.443668</speed><course>249.529571</course><hAcc>1.792416</hAcc><vAcc>0.690282</vAcc></extensions></trkpt>
      <trkpt lon="120.954510" lat="23.467437"><ele>3600.986300</ele><time>2026-09-14T23:11:44Z</time><extensions><speed>0.346135</speed><course>249.190754</course><hAcc>1.794380</hAcc><vAcc>0.690282</vAcc></extensions></trkpt>
      <trkpt lon="120.954508" lat="23.467436"><ele>3600.931816</ele><time>2026-09-14T23:11:45Z</time><extensions><speed>0.264071</speed><course>248.522291</course><hAcc>1.792397</hAcc><vAcc>0.690283</vAcc></extensions></trkpt>
      <trkpt lon="120.954506" lat="23.467436"><ele>3600.868475</ele><time>2026-09-14T23:11:46Z</time><extensions><speed>0.177181</speed><course>247.215207</course><hAcc>1.790422</hAcc><vAcc>0.690283</vAcc></extensions></trkpt>
      <trkpt lon="120.954505" lat="23.467435"><ele>3600.796080</ele><time>2026-09-14T23:11:47Z</time><extensions><speed>0.077841</speed><course>243.812100</course><hAcc>1.790819</hAcc><vAcc>0.690283</vAcc></extensions></trkpt>
      <trkpt lon="120.954504" lat="23.467435"><ele>3600.714755</ele><time>2026-09-14T23:11:48Z</time><extensions><speed>0.014208</speed><course>239.804045</course><hAcc>1.790361</hAcc><vAcc>0.690283</vAcc></extensions></trkpt>
      <trkpt lon="120.954504" lat="23.467435"><ele>3600.624846</ele><time>2026-09-14T23:11:49Z</time><extensions><speed>0.025054</speed><course>44.337241</course><hAcc>1.791528</hAcc><vAcc>0.690283</vAcc></extensions></trkpt>
      <trkpt lon="120.954504" lat="23.467435"><ele>3600.526849</ele><time>2026-09-14T23:11:50Z</time><extensions><speed>0.041203</speed><course>29.195763</course><hAcc>1.795777</hAcc><vAcc>0.690283</vAcc></extensions></trkpt>
      <trkpt lon="120.954504" lat="23.467436"><ele>3600.421590</ele><time>2026-09-14T23:11:51Z</time><extensions><speed>0.031016</speed><course>332.995559</course><hAcc>1.798378</hAcc><vAcc>0.690283</vAcc></extensions></trkpt>
      <trkpt lon="120.954504" lat="23.467436"><ele>3600.309765</ele><time>2026-09-14T23:11:52Z</time><extensions><speed>0.084718</speed><course>267.164596</course><hAcc>1.798678</hAcc><vAcc>0.690283</vAcc></extensions></trkpt>
      <trkpt lon="120.954503" lat="23.467436"><ele>3600.192802</ele><time>2026-09-14T23:11:53Z</time><extensions><speed>0.155637</speed><course>258.215939</course><hAcc>1.803714</hAcc><vAcc>0.690283</vAcc></extensions></trkpt>
      <trkpt lon="120.954501" lat="23.467435"><ele>3600.072841</ele><time>2026-09-14T23:11:54Z</time><extensions><speed>0.249007</speed><course>256.086288</course><hAcc>1.804671</hAcc><vAcc>0.690283</vAcc></extensions></trkpt>
      <trkpt lon="120.954498" lat="23.467434"><ele>3599.952557</ele><time>2026-09-14T23:11:55Z</time><extensions><speed>0.348290</speed><course>256.119452</course><hAcc>1.801823</hAcc><vAcc>0.690283</vAcc></extensions></trkpt>
      <trkpt lon="120.954494" lat="23.467434"><ele>3599.833907</ele><time>2026-09-14T23:11:56Z</time><extensions><speed>0.431787</speed><course>256.742246</course><hAcc>1.802001</hAcc><vAcc>0.690283</vAcc></extensions></trkpt>
      <trkpt lon="120.954490" lat="23.467433"><ele>3599.718830</ele><time>2026-09-14T23:11:57Z</time><extensions><speed>0.468119</speed><course>257.677690</course><hAcc>1.807527</hAcc><vAcc>0.690283</vAcc></extensions></trkpt>
      <trkpt lon="120.954485" lat="23.467432"><ele>3599.609189</ele><time>2026-09-14T23:11:58Z</time><extensions><speed>0.487427</speed><course>258.684505</course><hAcc>1.807833</hAcc><vAcc>0.690283</vAcc></extensions></trkpt>
      <trkpt lon="120.954480" lat="23.467431"><ele>3599.506690</ele><time>2026-09-14T23:11:59Z</time><extensions><speed>0.507346</speed><course>258.648118</course><hAcc>1.801299</hAcc><vAcc>0.690283</vAcc></extensions></trkpt>
      <trkpt lon="120.954475" lat="23.467430"><ele>3599.412604</ele><time>2026-09-14T23:12:00Z</time><extensions><speed>0.541748</speed><course>257.178296</course><hAcc>1.794994</hAcc><vAcc>0.690283</vAcc></extensions></trkpt>
      <trkpt lon="120.954470" lat="23.467429"><ele>3599.327520</ele><time>2026-09-14T23:12:01Z</time><extensions><speed>0.581083</speed><course>255.626740</course><hAcc>1.792026</hAcc><vAcc>0.690283</vAcc></extensions></trkpt>
      <trkpt lon="120.954464" lat="23.467427"><ele>3599.250999</ele><time>2026-09-14T23:12:02Z</time><extensions><speed>0.646379</speed><course>255.046798</course><hAcc>1.790004</hAcc><vAcc>0.690283</vAcc></extensions></trkpt>
      <trkpt lon="120.954458" lat="23.467426"><ele>3599.181287</ele><time>2026-09-14T23:12:03Z</time><extensions><speed>0.669299</speed><course>252.177207</course><hAcc>1.790136</hAcc><vAcc>0.690283</vAcc></extensions></trkpt>
      <trkpt lon="120.954452" lat="23.467424"><ele>3599.115640</ele><time>2026-09-14T23:12:04Z</time><extensions><speed>0.678830</speed><course>248.289501</course><hAcc>1.791288</hAcc><vAcc>0.690283</vAcc></extensions></trkpt>
      <trkpt lon="120.954446" lat="23.467421"><ele>3599.051625</ele><time>2026-09-14T23:12:05Z</time><extensions><speed>0.674241</speed><course>243.769658</course><hAcc>1.793217</hAcc><vAcc>0.690283</vAcc></extensions></trkpt>
      <trkpt lon="120.954440" lat="23.467418"><ele>3598.987489</ele><time>2026-09-14T23:12:06Z</time><extensions><speed>0.678377</speed><course>240.056708</course><hAcc>1.794347</hAcc><vAcc>0.690283</vAcc></extensions></trkpt>
      <trkpt lon="120.954434" lat="23.467415"><ele>3598.922228</ele><time>2026-09-14T23:12:07Z</time><extensions><speed>0.720715</speed><course>238.887529</course><hAcc>1.790735</hAcc><vAcc>0.690283</vAcc></extensions></trkpt>
      <trkpt lon="120.954428" lat="23.467412"><ele>3598.855169</ele><time>2026-09-14T23:12:08Z</time><extensions><speed>0.681451</speed><course>238.435279</course><hAcc>1.789443</hAcc><vAcc>0.690283</vAcc></extensions></trkpt>
      <trkpt lon="120.954422" lat="23.467408"><ele>3598.785602</ele><time>2026-09-14T23:12:09Z</time><extensions><speed>0.661620</speed><course>238.512789</course><hAcc>1.790002</hAcc><vAcc>0.690283</vAcc></extensions></trkpt>
      <trkpt lon="120.954417" lat="23.467405"><ele>3598.712776</ele><time>2026-09-14T23:12:10Z</time><extensions><speed>0.632001</speed><course>238.065484</course><hAcc>1.790328</hAcc><vAcc>0.690283</vAcc></extensions></trkpt>
      <trkpt lon="120.954412" lat="23.467402"><ele>3598.635846</ele><time>2026-09-14T23:12:11Z</time><extensions><speed>0.635010</speed><course>237.467103</course><hAcc>1.787201</hAcc><vAcc>0.690283</vAcc></extensions></trkpt>
      <trkpt lon="120.954407" lat="23.467399"><ele>3598.553966</ele><time>2026-09-14T23:12:12Z</time><extensions><speed>0.602582</speed><course>236.700347</course><hAcc>1.787000</hAcc><vAcc>0.690283</vAcc></extensions></trkpt>
      <trkpt lon="120.954402" lat="23.467396"><ele>3598.466431</ele><time>2026-09-14T23:12:13Z</time><extensions><speed>0.583404</speed><course>237.219557</course><hAcc>1.786909</hAcc><vAcc>0.690283</vAcc></extensions></trkpt>
      <trkpt lon="120.954397" lat="23.467394"><ele>3598.372830</ele><time>2026-09-14T23:12:14Z</time><extensions><speed>0.570277</speed><course>239.256087</course><hAcc>1.783519</hAcc><vAcc>0.690283</vAcc></extensions></trkpt>
      <trkpt lon="120.954392" lat="23.467391"><ele>3598.273048</ele><time>2026-09-14T23:12:15Z</time><extensions><speed>0.548762</speed><course>242.785532</course><hAcc>1.780291</hAcc><vAcc>0.690283</vAcc></extensions></trkpt>
      <trkpt lon="120.954387" lat="23.467389"><ele>3598.167415</ele><time>2026-09-14T23:12:16Z</time><extensions><speed>0.499310</speed><course>247.639268</course><hAcc>1.781040</hAcc><vAcc>0.690283</vAcc></extensions></trkpt>
      <trkpt lon="120.954383" lat="23.467388"><ele>3598.056628</ele><time>2026-09-14T23:12:17Z</time><extensions><speed>0.450780</speed><course>254.102499</course><hAcc>1.783115</hAcc><vAcc>0.690283</vAcc></extensions></trkpt>
      <trkpt lon="120.954379" lat="23.467387"><ele>3597.941547</ele><time>2026-09-14T23:12:18Z</time><extensions><speed>0.428977</speed><course>261.329021</course><hAcc>1.786992</hAcc><vAcc>0.690283</vAcc></extensions></trkpt>
      <trkpt lon="120.954375" lat="23.467387"><ele>3597.823235</ele><time>2026-09-14T23:12:19Z</time><extensions><speed>0.443713</speed><course>269.130267</course><hAcc>1.789565</hAcc><vAcc>0.690283</vAcc></extensions></trkpt>
      <trkpt lon="120.954370" lat="23.467387"><ele>3597.702851</ele><time>2026-09-14T23:12:20Z</time><extensions><speed>0.507545</speed><course>273.830145</course><hAcc>1.789108</hAcc><vAcc>0.690283</vAcc></extensions></trkpt>
      <trkpt lon="120.954364" lat="23.467387"><ele>3597.581481</ele><time>2026-09-14T23:12:21Z</time><extensions><speed>0.606982</speed><course>275.792336</course><hAcc>1.788308</hAcc><vAcc>0.690283</vAcc></extensions></trkpt>
      <trkpt lon="120.954358" lat="23.467388"><ele>3597.460034</ele><time>2026-09-14T23:12:22Z</time><extensions><speed>0.691215</speed><course>276.529592</course><hAcc>1.789742</hAcc><vAcc>0.690283</vAcc></extensions></trkpt>
      <trkpt lon="120.954351" lat="23.467388"><ele>3597.339371</ele><time>2026-09-14T23:12:23Z</time><extensions><speed>0.752116</speed><course>274.068799</course><hAcc>1.791811</hAcc><vAcc>0.690283</vAcc></extensions></trkpt>
      <trkpt lon="120.954344" lat="23.467389"><ele>3597.219926</ele><time>2026-09-14T23:12:24Z</time><extensions><speed>0.765698</speed><course>271.377255</course><hAcc>1.791907</hAcc><vAcc>0.690283</vAcc></extensions></trkpt>
      <trkpt lon="120.954336" lat="23.467389"><ele>3597.101892</ele><time>2026-09-14T23:12:25Z</time><extensions><speed>0.746129</speed><course>268.417372</course><hAcc>1.789996</hAcc><vAcc>0.690283</vAcc></extensions></trkpt>
      <trkpt lon="120.954329" lat="23.467388"><ele>3596.985069</ele><time>2026-09-14T23:12:26Z</time><extensions><speed>0.721327</speed><course>264.079846</course><hAcc>1.789280</hAcc><vAcc>0.690283</vAcc></extensions></trkpt>
      <trkpt lon="120.954322" lat="23.467387"><ele>3596.868685</ele><time>2026-09-14T23:12:27Z</time><extensions><speed>0.687905</speed><course>259.126408</course><hAcc>1.787511</hAcc><vAcc>0.690283</vAcc></extensions></trkpt>
      <trkpt lon="120.954316" lat="23.467386"><ele>3596.751740</ele><time>2026-09-14T23:12:28Z</time><extensions><speed>0.642583</speed><course>252.560325</course><hAcc>1.785119</hAcc><vAcc>0.690283</vAcc></extensions></trkpt>
      <trkpt lon="120.954310" lat="23.467384"><ele>3596.632819</ele><time>2026-09-14T23:12:29Z</time><extensions><speed>0.588841</speed><course>244.871536</course><hAcc>1.780603</hAcc><vAcc>0.690283</vAcc></extensions></trkpt>
      <trkpt lon="120.954305" lat="23.467381"><ele>3596.510401</ele><time>2026-09-14T23:12:30Z</time><extensions><speed>0.541213</speed><course>237.339864</course><hAcc>1.774387</hAcc><vAcc>0.690283</vAcc></extensions></trkpt>
      <trkpt lon="120.954302" lat="23.467379"><ele>3596.383075</ele><time>2026-09-14T23:12:31Z</time><extensions><speed>0.462215</speed><course>228.464705</course><hAcc>1.771577</hAcc><vAcc>0.690283</vAcc></extensions></trkpt>
      <trkpt lon="120.954299" lat="23.467376"><ele>3596.249550</ele><time>2026-09-14T23:12:32Z</time><extensions><speed>0.400432</speed><course>211.039529</course><hAcc>1.760295</hAcc><vAcc>0.690283</vAcc></extensions></trkpt>
      <trkpt lon="120.954298" lat="23.467373"><ele>3596.108784</ele><time>2026-09-14T23:12:33Z</time><extensions><speed>0.404580</speed><course>186.204725</course><hAcc>1.739193</hAcc><vAcc>0.690283</vAcc></extensions></trkpt>
      <trkpt lon="120.954298" lat="23.467369"><ele>3595.960069</ele><time>2026-09-14T23:12:34Z</time><extensions><speed>0.485781</speed><course>164.258038</course><hAcc>1.718328</hAcc><vAcc>0.690283</vAcc></extensions></trkpt>
      <trkpt lon="120.954301" lat="23.467365"><ele>3595.803028</ele><time>2026-09-14T23:12:35Z</time><extensions><speed>0.565644</speed><course>146.713291</course><hAcc>1.710945</hAcc><vAcc>0.690283</vAcc></extensions></trkpt>
      <trkpt lon="120.954304" lat="23.467361"><ele>3595.637626</ele><time>2026-09-14T23:12:36Z</time><extensions><speed>0.594820</speed><course>136.358676</course><hAcc>1.690752</hAcc><vAcc>0.690283</vAcc></extensions></trkpt>
      <trkpt lon="120.954309" lat="23.467357"><ele>3595.464309</ele><time>2026-09-14T23:12:37Z</time><extensions><speed>0.613990</speed><course>129.402905</course><hAcc>1.662208</hAcc><vAcc>0.690283</vAcc></extensions></trkpt>
      <trkpt lon="120.954314" lat="23.467354"><ele>3595.283809</ele><time>2026-09-14T23:12:38Z</time><extensions><speed>0.618704</speed><course>124.531524</course><hAcc>1.638676</hAcc><vAcc>0.690283</vAcc></extensions></trkpt>
      <trkpt lon="120.954319" lat="23.467351"><ele>3595.097193</ele><time>2026-09-14T23:12:39Z</time><extensions><speed>0.625605</speed><course>123.895936</course><hAcc>1.634372</hAcc><vAcc>0.690283</vAcc></extensions></trkpt>
      <trkpt lon="120.954324" lat="23.467348"><ele>3594.905762</ele><time>2026-09-14T23:12:40Z</time><extensions><speed>0.618510</speed><course>121.969547</course><hAcc>1.629646</hAcc><vAcc>0.690283</vAcc></extensions></trkpt>
      <trkpt lon="120.954329" lat="23.467345"><ele>3594.710816</ele><time>2026-09-14T23:12:41Z</time><extensions><speed>0.592408</speed><course>116.668674</course><hAcc>1.621167</hAcc><vAcc>0.690283</vAcc></extensions></trkpt>
      <trkpt lon="120.954335" lat="23.467343"><ele>3594.513911</ele><time>2026-09-14T23:12:42Z</time><extensions><speed>0.654961</speed><course>112.744817</course><hAcc>1.611758</hAcc><vAcc>0.690283</vAcc></extensions></trkpt>
      <trkpt lon="120.954341" lat="23.467341"><ele>3594.316499</ele><time>2026-09-14T23:12:43Z</time><extensions><speed>0.718154</speed><course>109.746495</course><hAcc>1.600565</hAcc><vAcc>0.690283</vAcc></extensions></trkpt>
      <trkpt lon="120.954348" lat="23.467338"><ele>3594.119958</ele><time>2026-09-14T23:12:44Z</time><extensions><speed>0.807906</speed><course>114.552751</course><hAcc>1.614939</hAcc><vAcc>0.690283</vAcc></extensions></trkpt>
      <trkpt lon="120.954356" lat="23.467335"><ele>3593.925601</ele><time>2026-09-14T23:12:45Z</time><extensions><speed>0.887463</speed><course>117.757027</course><hAcc>1.626418</hAcc><vAcc>0.690283</vAcc></extensions></trkpt>
      <trkpt lon="120.954364" lat="23.467331"><ele>3593.734470</ele><time>2026-09-14T23:12:46Z</time><extensions><speed>0.944612</speed><course>117.691441</course><hAcc>1.620962</hAcc><vAcc>0.690283</vAcc></extensions></trkpt>
      <trkpt lon="120.954372" lat="23.467327"><ele>3593.547569</ele><time>2026-09-14T23:12:47Z</time><extensions><speed>0.836748</speed><course>113.322117</course><hAcc>1.622337</hAcc><vAcc>0.690283</vAcc></extensions></trkpt>
      <trkpt lon="120.954378" lat="23.467325"><ele>3593.365709</ele><time>2026-09-14T23:12:48Z</time><extensions><speed>0.677880</speed><course>113.219390</course><hAcc>1.653131</hAcc><vAcc>0.690283</vAcc></extensions></trkpt>
      <trkpt lon="120.954384" lat="23.467323"><ele>3593.189540</ele><time>2026-09-14T23:12:49Z</time><extensions><speed>0.604555</speed><course>110.666096</course><hAcc>1.656342</hAcc><vAcc>0.690283</vAcc></extensions></trkpt>
      <trkpt lon="120.954390" lat="23.467321"><ele>3593.019603</ele><time>2026-09-14T23:12:50Z</time><extensions><speed>0.662859</speed><course>112.374339</course><hAcc>1.646121</hAcc><vAcc>0.690283</vAcc></extensions></trkpt>
      <trkpt lon="120.954396" lat="23.467318"><ele>3592.856233</ele><time>2026-09-14T23:12:51Z</time><extensions><speed>0.748792</speed><course>115.905814</course><hAcc>1.641222</hAcc><vAcc>0.690283</vAcc></extensions></trkpt>
      <trkpt lon="120.954403" lat="23.467315"><ele>3592.699517</ele><time>2026-09-14T23:12:52Z</time><extensions><speed>0.775036</speed><course>119.446082</course><hAcc>1.655372</hAcc><vAcc>0.690283</vAcc></extensions></trkpt>
      <trkpt lon="120.954409" lat="23.467311"><ele>3592.549343</ele><time>2026-09-14T23:12:53Z</time><extensions><speed>0.777819</speed><course>124.351427</course><hAcc>1.689857</hAcc><vAcc>0.690283</vAcc></extensions></trkpt>
      <trkpt lon="120.954415" lat="23.467307"><ele>3592.405432</ele><time>2026-09-14T23:12:54Z</time><extensions><speed>0.649272</speed><course>125.946829</course><hAcc>1.707204</hAcc><vAcc>0.690283</vAcc></extensions></trkpt>
      <trkpt lon="120.954419" lat="23.467304"><ele>3592.267339</ele><time>2026-09-14T23:12:55Z</time><extensions><speed>0.481030</speed><course>124.478686</course><hAcc>1.700263</hAcc><vAcc>0.690283</vAcc></extensions></trkpt>
      <trkpt lon="120.954423" lat="23.467302"><ele>3592.134198</ele><time>2026-09-14T23:12:56Z</time><extensions><speed>0.354032</speed><course>124.454021</course><hAcc>1.702595</hAcc><vAcc>0.690283</vAcc></extensions></trkpt>
      <trkpt lon="120.954425" lat="23.467300"><ele>3592.005554</ele><time>2026-09-14T23:12:57Z</time><extensions><speed>0.264491</speed><course>129.977914</course><hAcc>1.717188</hAcc><vAcc>0.690283</vAcc></extensions></trkpt>
      <trkpt lon="120.954427" lat="23.467299"><ele>3591.881249</ele><time>2026-09-14T23:12:58Z</time><extensions><speed>0.279934</speed><course>141.796809</course><hAcc>1.739255</hAcc><vAcc>0.690283</vAcc></extensions></trkpt>
      <trkpt lon="120.954429" lat="23.467296"><ele>3591.761408</ele><time>2026-09-14T23:12:59Z</time><extensions><speed>0.323449</speed><course>149.975811</course><hAcc>1.757237</hAcc><vAcc>0.690283</vAcc></extensions></trkpt>
      <trkpt lon="120.954431" lat="23.467294"><ele>3591.645465</ele><time>2026-09-14T23:13:00Z</time><extensions><speed>0.386454</speed><course>151.608055</course><hAcc>1.767051</hAcc><vAcc>0.690283</vAcc></extensions></trkpt>
      <trkpt lon="120.954433" lat="23.467290"><ele>3591.533015</ele><time>2026-09-14T23:13:01Z</time><extensions><speed>0.435185</speed><course>150.707470</course><hAcc>1.768367</hAcc><vAcc>0.690283</vAcc></extensions></trkpt>
      <trkpt lon="120.954435" lat="23.467287"><ele>3591.423872</ele><time>2026-09-14T23:13:02Z</time><extensions><speed>0.492065</speed><course>147.577763</course><hAcc>1.764100</hAcc><vAcc>0.690283</vAcc></extensions></trkpt>
      <trkpt lon="120.954438" lat="23.467283"><ele>3591.317991</ele><time>2026-09-14T23:13:03Z</time><extensions><speed>0.513661</speed><course>143.355072</course><hAcc>1.763737</hAcc><vAcc>0.690283</vAcc></extensions></trkpt>
      <trkpt lon="120.954441" lat="23.467279"><ele>3591.215234</ele><time>2026-09-14T23:13:04Z</time><extensions><speed>0.610425</speed><course>137.233220</course><hAcc>1.766421</hAcc><vAcc>0.690283</vAcc></extensions></trkpt>
      <trkpt lon="120.954445" lat="23.467275"><ele>3591.115355</ele><time>2026-09-14T23:13:05Z</time><extensions><speed>0.569616</speed><course>136.242695</course><hAcc>1.773667</hAcc><vAcc>0.690283</vAcc></extensions></trkpt>
      <trkpt lon="120.954449" lat="23.467272"><ele>3591.017441</ele><time>2026-09-14T23:13:06Z</time><extensions><speed>0.434665</speed><course>132.993927</course><hAcc>1.769960</hAcc><vAcc>0.690283</vAcc></extensions></trkpt>
      <trkpt lon="120.954452" lat="23.467269"><ele>3590.919834</ele><time>2026-09-14T23:13:07Z</time><extensions><speed>0.465159</speed><course>131.807526</course><hAcc>1.747962</hAcc><vAcc>0.690283</vAcc></extensions></trkpt>
      <trkpt lon="120.954456" lat="23.467266"><ele>3590.820641</ele><time>2026-09-14T23:13:08Z</time><extensions><speed>0.489380</speed><course>135.541167</course><hAcc>1.730557</hAcc><vAcc>0.690283</vAcc></extensions></trkpt>
      <trkpt lon="120.954458" lat="23.467263"><ele>3590.718547</ele><time>2026-09-14T23:13:09Z</time><extensions><speed>0.431387</speed><course>148.734606</course><hAcc>1.724613</hAcc><vAcc>0.690283</vAcc></extensions></trkpt>
      <trkpt lon="120.954460" lat="23.467260"><ele>3590.613449</ele><time>2026-09-14T23:13:10Z</time><extensions><speed>0.329310</speed><course>170.187579</course><hAcc>1.735843</hAcc><vAcc>0.690283</vAcc></extensions></trkpt>
      <trkpt lon="120.954460" lat="23.467257"><ele>3590.506149</ele><time>2026-09-14T23:13:11Z</time><extensions><speed>0.280462</speed><course>184.691891</course><hAcc>1.747312</hAcc><vAcc>0.690283</vAcc></extensions></trkpt>
      <trkpt lon="120.954460" lat="23.467255"><ele>3590.397855</ele><time>2026-09-14T23:13:12Z</time><extensions><speed>0.275267</speed><course>193.130427</course><hAcc>1.758246</hAcc><vAcc>0.690283</vAcc></extensions></trkpt>
      <trkpt lon="120.954460" lat="23.467253"><ele>3590.289862</ele><time>2026-09-14T23:13:13Z</time><extensions><speed>0.153481</speed><course>156.768373</course><hAcc>1.741851</hAcc><vAcc>0.690283</vAcc></extensions></trkpt>
      <trkpt lon="120.954461" lat="23.467252"><ele>3590.183285</ele><time>2026-09-14T23:13:14Z</time><extensions><speed>0.205086</speed><course>89.628918</course><hAcc>1.726224</hAcc><vAcc>0.690283</vAcc></extensions></trkpt>
      <trkpt lon="120.954463" lat="23.467253"><ele>3590.078985</ele><time>2026-09-14T23:13:15Z</time><extensions><speed>0.280827</speed><course>74.789582</course><hAcc>1.728477</hAcc><vAcc>0.690283</vAcc></extensions></trkpt>
      <trkpt lon="120.954466" lat="23.467254"><ele>3589.977493</ele><time>2026-09-14T23:13:16Z</time><extensions><speed>0.279943</speed><course>70.687100</course><hAcc>1.738841</hAcc><vAcc>0.690283</vAcc></extensions></trkpt>
      <trkpt lon="120.954468" lat="23.467254"><ele>3589.879031</ele><time>2026-09-14T23:13:17Z</time><extensions><speed>0.266813</speed><course>66.851845</course><hAcc>1.754429</hAcc><vAcc>0.690283</vAcc></extensions></trkpt>
      <trkpt lon="120.954471" lat="23.467255"><ele>3589.783619</ele><time>2026-09-14T23:13:18Z</time><extensions><speed>0.246826</speed><course>62.982532</course><hAcc>1.772330</hAcc><vAcc>0.690283</vAcc></extensions></trkpt>
      <trkpt lon="120.954473" lat="23.467256"><ele>3589.691055</ele><time>2026-09-14T23:13:19Z</time><extensions><speed>0.230932</speed><course>60.933039</course><hAcc>1.778619</hAcc><vAcc>0.690283</vAcc></extensions></trkpt>
      <trkpt lon="120.954475" lat="23.467258"><ele>3589.601126</ele><time>2026-09-14T23:13:20Z</time><extensions><speed>0.261945</speed><course>59.863116</course><hAcc>1.756752</hAcc><vAcc>0.690283</vAcc></extensions></trkpt>
      <trkpt lon="120.954477" lat="23.467259"><ele>3589.513644</ele><time>2026-09-14T23:13:21Z</time><extensions><speed>0.256351</speed><course>58.520073</course><hAcc>1.751560</hAcc><vAcc>0.690283</vAcc></extensions></trkpt>
      <trkpt lon="120.954479" lat="23.467260"><ele>3589.428472</ele><time>2026-09-14T23:13:22Z</time><extensions><speed>0.233760</speed><course>57.053527</course><hAcc>1.764224</hAcc><vAcc>0.690283</vAcc></extensions></trkpt>
      <trkpt lon="120.954481" lat="23.467261"><ele>3589.345601</ele><time>2026-09-14T23:13:23Z</time><extensions><speed>0.227585</speed><course>57.568192</course><hAcc>1.773274</hAcc><vAcc>0.690283</vAcc></extensions></trkpt>
      <trkpt lon="120.954483" lat="23.467262"><ele>3589.265089</ele><time>2026-09-14T23:13:24Z</time><extensions><speed>0.230604</speed><course>62.098869</course><hAcc>1.779763</hAcc><vAcc>0.690283</vAcc></extensions></trkpt>
      <trkpt lon="120.954485" lat="23.467263"><ele>3589.187060</ele><time>2026-09-14T23:13:25Z</time><extensions><speed>0.232125</speed><course>73.634159</course><hAcc>1.784638</hAcc><vAcc>0.690283</vAcc></extensions></trkpt>
      <trkpt lon="120.954487" lat="23.467263"><ele>3589.111674</ele><time>2026-09-14T23:13:26Z</time><extensions><speed>0.245270</speed><course>89.230506</course><hAcc>1.785106</hAcc><vAcc>0.690283</vAcc></extensions></trkpt>
      <trkpt lon="120.954490" lat="23.467263"><ele>3589.039029</ele><time>2026-09-14T23:13:27Z</time><extensions><speed>0.289926</speed><course>105.419173</course><hAcc>1.786149</hAcc><vAcc>0.690283</vAcc></extensions></trkpt>
      <trkpt lon="120.954493" lat="23.467262"><ele>3588.969274</ele><time>2026-09-14T23:13:28Z</time><extensions><speed>0.377603</speed><course>119.644168</course><hAcc>1.789139</hAcc><vAcc>0.690283</vAcc></extensions></trkpt>
      <trkpt lon="120.954496" lat="23.467260"><ele>3588.902466</ele><time>2026-09-14T23:13:29Z</time><extensions><speed>0.406541</speed><course>128.244268</course><hAcc>1.797213</hAcc><vAcc>0.690283</vAcc></extensions></trkpt>
      <trkpt lon="120.954499" lat="23.467257"><ele>3588.838565</ele><time>2026-09-14T23:13:30Z</time><extensions><speed>0.417869</speed><course>138.587135</course><hAcc>1.804054</hAcc><vAcc>0.690283</vAcc></extensions></trkpt>
      <trkpt lon="120.954502" lat="23.467254"><ele>3588.777478</ele><time>2026-09-14T23:13:31Z</time><extensions><speed>0.424396</speed><course>147.082302</course><hAcc>1.807262</hAcc><vAcc>0.690283</vAcc></extensions></trkpt>
      <trkpt lon="120.954504" lat="23.467251"><ele>3588.719124</ele><time>2026-09-14T23:13:32Z</time><extensions><speed>0.485860</speed><course>155.159817</course><hAcc>1.802326</hAcc><vAcc>0.690283</vAcc></extensions></trkpt>
      <trkpt lon="120.954506" lat="23.467246"><ele>3588.663350</ele><time>2026-09-14T23:13:33Z</time><extensions><speed>0.501752</speed><course>157.107729</course><hAcc>1.800248</hAcc><vAcc>0.690283</vAcc></extensions></trkpt>
      <trkpt lon="120.954508" lat="23.467242"><ele>3588.610039</ele><time>2026-09-14T23:13:34Z</time><extensions><speed>0.472051</speed><course>155.733717</course><hAcc>1.802315</hAcc><vAcc>0.690283</vAcc></extensions></trkpt>
      <trkpt lon="120.954509" lat="23.467239"><ele>3588.559058</ele><time>2026-09-14T23:13:35Z</time><extensions><speed>0.468886</speed><course>154.599219</course><hAcc>1.801755</hAcc><vAcc>0.690283</vAcc></extensions></trkpt>
      <trkpt lon="120.954511" lat="23.467235"><ele>3588.510184</ele><time>2026-09-14T23:13:36Z</time><extensions><speed>0.482228</speed><course>156.033752</course><hAcc>1.799260</hAcc><vAcc>0.690283</vAcc></extensions></trkpt>
      <trkpt lon="120.954513" lat="23.467231"><ele>3588.463160</ele><time>2026-09-14T23:13:37Z</time><extensions><speed>0.466193</speed><course>161.206818</course><hAcc>1.797381</hAcc><vAcc>0.690283</vAcc></extensions></trkpt>
      <trkpt lon="120.954514" lat="23.467227"><ele>3588.417482</ele><time>2026-09-14T23:13:38Z</time><extensions><speed>0.459613</speed><course>166.748546</course><hAcc>1.790701</hAcc><vAcc>0.690283</vAcc></extensions></trkpt>
      <trkpt lon="120.954515" lat="23.467223"><ele>3588.372521</ele><time>2026-09-14T23:13:39Z</time><extensions><speed>0.432679</speed><course>172.111159</course><hAcc>1.783432</hAcc><vAcc>0.690283</vAcc></extensions></trkpt>
      <trkpt lon="120.954515" lat="23.467219"><ele>3588.327573</ele><time>2026-09-14T23:13:40Z</time><extensions><speed>0.410189</speed><course>178.302979</course><hAcc>1.779314</hAcc><vAcc>0.690283</vAcc></extensions></trkpt>
      <trkpt lon="120.954515" lat="23.467216"><ele>3588.281839</ele><time>2026-09-14T23:13:41Z</time><extensions><speed>0.311977</speed><course>185.975941</course><hAcc>1.778253</hAcc><vAcc>0.690283</vAcc></extensions></trkpt>
      <trkpt lon="120.954515" lat="23.467213"><ele>3588.234593</ele><time>2026-09-14T23:13:42Z</time><extensions><speed>0.262165</speed><course>195.706378</course><hAcc>1.769215</hAcc><vAcc>0.690282</vAcc></extensions></trkpt>
      <trkpt lon="120.954514" lat="23.467211"><ele>3588.185147</ele><time>2026-09-14T23:13:43Z</time><extensions><speed>0.231115</speed><course>207.685483</course><hAcc>1.755413</hAcc><vAcc>0.690282</vAcc></extensions></trkpt>
      <trkpt lon="120.954513" lat="23.467209"><ele>3588.132909</ele><time>2026-09-14T23:13:44Z</time><extensions><speed>0.212080</speed><course>223.398391</course><hAcc>1.744621</hAcc><vAcc>0.690282</vAcc></extensions></trkpt>
      <trkpt lon="120.954511" lat="23.467208"><ele>3588.077440</ele><time>2026-09-14T23:13:45Z</time><extensions><speed>0.145406</speed><course>244.275380</course><hAcc>1.746186</hAcc><vAcc>0.690281</vAcc></extensions></trkpt>
      <trkpt lon="120.954510" lat="23.467208"><ele>3588.018355</ele><time>2026-09-14T23:13:46Z</time><extensions><speed>0.140155</speed><course>263.743874</course><hAcc>1.745243</hAcc><vAcc>0.690281</vAcc></extensions></trkpt>
      <trkpt lon="120.954508" lat="23.467208"><ele>3587.955356</ele><time>2026-09-14T23:13:47Z</time><extensions><speed>0.164931</speed><course>268.581650</course><hAcc>1.748428</hAcc><vAcc>0.690282</vAcc></extensions></trkpt>
      <trkpt lon="120.954507" lat="23.467208"><ele>3587.888381</ele><time>2026-09-14T23:13:48Z</time><extensions><speed>0.203904</speed><course>258.083957</course><hAcc>1.755839</hAcc><vAcc>0.690283</vAcc></extensions></trkpt>
      <trkpt lon="120.954504" lat="23.467207"><ele>3587.817542</ele><time>2026-09-14T23:13:49Z</time><extensions><speed>0.312330</speed><course>244.312095</course><hAcc>1.745739</hAcc><vAcc>0.690283</vAcc></extensions></trkpt>
      <trkpt lon="120.954501" lat="23.467205"><ele>3587.743019</ele><time>2026-09-14T23:13:50Z</time><extensions><speed>0.431253</speed><course>236.884059</course><hAcc>1.748979</hAcc><vAcc>0.690283</vAcc></extensions></trkpt>
      <trkpt lon="120.954497" lat="23.467203"><ele>3587.665173</ele><time>2026-09-14T23:13:51Z</time><extensions><speed>0.537029</speed><course>231.995683</course><hAcc>1.760196</hAcc><vAcc>0.690284</vAcc></extensions></trkpt>
      <trkpt lon="120.954493" lat="23.467199"><ele>3587.584473</ele><time>2026-09-14T23:13:52Z</time><extensions><speed>0.627892</speed><course>230.526396</course><hAcc>1.768503</hAcc><vAcc>0.690283</vAcc></extensions></trkpt>
      <trkpt lon="120.954488" lat="23.467196"><ele>3587.501504</ele><time>2026-09-14T23:13:53Z</time><extensions><speed>0.610529</speed><course>233.394193</course><hAcc>1.780147</hAcc><vAcc>0.690283</vAcc></extensions></trkpt>
      <trkpt lon="120.954483" lat="23.467193"><ele>3587.416949</ele><time>2026-09-14T23:13:54Z</time><extensions><speed>0.561688</speed><course>236.242476</course><hAcc>1.787776</hAcc><vAcc>0.690283</vAcc></extensions></trkpt>
      <trkpt lon="120.954479" lat="23.467190"><ele>3587.331663</ele><time>2026-09-14T23:13:55Z</time><extensions><speed>0.560330</speed><course>239.000727</course><hAcc>1.787620</hAcc><vAcc>0.690283</vAcc></extensions></trkpt>
      <trkpt lon="120.954474" lat="23.467187"><ele>3587.246375</ele><time>2026-09-14T23:13:56Z</time><extensions><speed>0.608248</speed><course>241.223442</course><hAcc>1.782586</hAcc><vAcc>0.690283</vAcc></extensions></trkpt>
      <trkpt lon="120.954468" lat="23.467185"><ele>3587.161750</ele><time>2026-09-14T23:13:57Z</time><extensions><speed>0.595631</speed><course>244.085767</course><hAcc>1.783259</hAcc><vAcc>0.690283</vAcc></extensions></trkpt>
      <trkpt lon="120.954463" lat="23.467183"><ele>3587.078161</ele><time>2026-09-14T23:13:58Z</time><extensions><speed>0.542376</speed><course>245.097180</course><hAcc>1.787335</hAcc><vAcc>0.690283</vAcc></extensions></trkpt>
      <trkpt lon="120.954459" lat="23.467181"><ele>3586.995519</ele><time>2026-09-14T23:13:59Z</time><extensions><speed>0.517617</speed><course>244.224550</course><hAcc>1.784186</hAcc><vAcc>0.690283</vAcc></extensions></trkpt>
      <trkpt lon="120.954454" lat="23.467179"><ele>3586.913486</ele><time>2026-09-14T23:14:00Z</time><extensions><speed>0.528751</speed><course>243.345617</course><hAcc>1.775516</hAcc><vAcc>0.690283</vAcc></extensions></trkpt>
      <trkpt lon="120.954449" lat="23.467176"><ele>3586.831338</ele><time>2026-09-14T23:14:01Z</time><extensions><speed>0.546705</speed><course>243.985157</course><hAcc>1.768483</hAcc><vAcc>0.690283</vAcc></extensions></trkpt>
      <trkpt lon="120.954445" lat="23.467174"><ele>3586.748223</ele><time>2026-09-14T23:14:02Z</time><extensions><speed>0.480809</speed><course>245.310396</course><hAcc>1.769747</hAcc><vAcc>0.690283</vAcc></extensions></trkpt>
      <trkpt lon="120.954441" lat="23.467173"><ele>3586.663203</ele><time>2026-09-14T23:14:03Z</time><extensions><speed>0.397241</speed><course>246.184918</course><hAcc>1.774912</hAcc><vAcc>0.690283</vAcc></extensions></trkpt>
      <trkpt lon="120.954437" lat="23.467171"><ele>3586.574937</ele><time>2026-09-14T23:14:04Z</time><extensions><speed>0.349023</speed><course>247.160417</course><hAcc>1.776469</hAcc><vAcc>0.690283</vAcc></extensions></trkpt>
      <trkpt lon="120.954434" lat="23.467170"><ele>3586.482194</ele><time>2026-09-14T23:14:05Z</time><extensions><speed>0.335236</speed><course>246.983558</course><hAcc>1.769824</hAcc><vAcc>0.690283</vAcc></extensions></trkpt>
      <trkpt lon="120.954431" lat="23.467169"><ele>3586.383797</ele><time>2026-09-14T23:14:06Z</time><extensions><speed>0.326976</speed><course>246.865501</course><hAcc>1.765595</hAcc><vAcc>0.690283</vAcc></extensions></trkpt>
      <trkpt lon="120.954428" lat="23.467168"><ele>3586.278674</ele><time>2026-09-14T23:14:07Z</time><extensions><speed>0.326117</speed><course>249.729747</course><hAcc>1.767843</hAcc><vAcc>0.690283</vAcc></extensions></trkpt>
      <trkpt lon="120.954425" lat="23.467167"><ele>3586.165901</ele><time>2026-09-14T23:14:08Z</time><extensions><speed>0.315752</speed><course>253.893047</course><hAcc>1.772868</hAcc><vAcc>0.690283</vAcc></extensions></trkpt>
      <trkpt lon="120.954422" lat="23.467167"><ele>3586.044843</ele><time>2026-09-14T23:14:09Z</time><extensions><speed>0.323525</speed><course>259.543138</course><hAcc>1.776860</hAcc><vAcc>0.690283</vAcc></extensions></trkpt>
      <trkpt lon="120.954419" lat="23.467166"><ele>3585.914982</ele><time>2026-09-14T23:14:10Z</time><extensions><speed>0.355138</speed><course>266.934112</course><hAcc>1.778047</hAcc><vAcc>0.690283</vAcc></extensions></trkpt>
      <trkpt lon="120.954415" lat="23.467166"><ele>3585.776059</ele><time>2026-09-14T23:14:11Z</time><extensions><speed>0.405252</speed><course>274.847466</course><hAcc>1.778660</hAcc><vAcc>0.690283</vAcc></extensions></trkpt>
      <trkpt lon="120.954411" lat="23.467167"><ele>3585.628189</ele><time>2026-09-14T23:14:12Z</time><extensions><speed>0.433156</speed><course>282.214311</course><hAcc>1.781391</hAcc><vAcc>0.690283</vAcc></extensions></trkpt>
      <trkpt lon="120.954407" lat="23.467168"><ele>3585.471993</ele><time>2026-09-14T23:14:13Z</time><extensions><speed>0.480163</speed><course>285.826919</course><hAcc>1.782380</hAcc><vAcc>0.690283</vAcc></extensions></trkpt>
      <trkpt lon="120.954402" lat="23.467169"><ele>3585.308711</ele><time>2026-09-14T23:14:14Z</time><extensions><speed>0.511091</speed><course>287.215130</course><hAcc>1.781342</hAcc><vAcc>0.690283</vAcc></extensions></trkpt>
      <trkpt lon="120.954397" lat="23.467171"><ele>3585.139971</ele><time>2026-09-14T23:14:15Z</time><extensions><speed>0.500723</speed><course>288.647612</course><hAcc>1.782619</hAcc><vAcc>0.690283</vAcc></extensions></trkpt>
      <trkpt lon="120.954393" lat="23.467172"><ele>3584.967588</ele><time>2026-09-14T23:14:16Z</time><extensions><speed>0.488205</speed><course>289.720371</course><hAcc>1.783928</hAcc><vAcc>0.690283</vAcc></extensions></trkpt>
      <trkpt lon="120.954388" lat="23.467174"><ele>3584.793353</ele><time>2026-09-14T23:14:17Z</time><extensions><speed>0.505853</speed><course>288.894221</course><hAcc>1.784490</hAcc><vAcc>0.690283</vAcc></extensions></trkpt>
      <trkpt lon="120.954383" lat="23.467175"><ele>3584.618766</ele><time>2026-09-14T23:14:18Z</time><extensions><speed>0.530582</speed><course>288.490554</course><hAcc>1.785686</hAcc><vAcc>0.690283</vAcc></extensions></trkpt>
      <trkpt lon="120.954378" lat="23.467177"><ele>3584.445031</ele><time>2026-09-14T23:14:19Z</time><extensions><speed>0.536793</speed><course>290.224560</course><hAcc>1.786071</hAcc><vAcc>0.690283</vAcc></extensions></trkpt>
      <trkpt lon="120.954373" lat="23.467178"><ele>3584.272957</ele><time>2026-09-14T23:14:20Z</time><extensions><speed>0.558299</speed><course>292.776663</course><hAcc>1.783549</hAcc><vAcc>0.690283</vAcc></extensions></trkpt>
      <trkpt lon="120.954369" lat="23.467180"><ele>3584.103025</ele><time>2026-09-14T23:14:21Z</time><extensions><speed>0.540719</speed><course>296.227857</course><hAcc>1.783339</hAcc><vAcc>0.690283</vAcc></extensions></trkpt>
      <trkpt lon="120.954364" lat="23.467183"><ele>3583.935497</ele><time>2026-09-14T23:14:22Z</time><extensions><speed>0.525713</speed><course>296.046786</course><hAcc>1.783533</hAcc><vAcc>0.690283</vAcc></extensions></trkpt>
      <trkpt lon="120.954359" lat="23.467184"><ele>3583.770404</ele><time>2026-09-14T23:14:23Z</time><extensions><speed>0.467866</speed><course>292.701068</course><hAcc>1.785139</hAcc><vAcc>0.690283</vAcc></extensions></trkpt>
      <trkpt lon="120.954355" lat="23.467186"><ele>3583.607824</ele><time>2026-09-14T23:14:24Z</time><extensions><speed>0.441712</speed><course>285.754388</course><hAcc>1.782794</hAcc><vAcc>0.690283</vAcc></extensions></trkpt>
      <trkpt lon="120.954351" lat="23.467187"><ele>3583.447801</ele><time>2026-09-14T23:14:25Z</time><extensions><speed>0.429109</speed><course>279.757732</course><hAcc>1.779798</hAcc><vAcc>0.690283</vAcc></extensions></trkpt>
      <trkpt lon="120.954347" lat="23.467187"><ele>3583.290378</ele><time>2026-09-14T23:14:26Z</time><extensions><speed>0.414624</speed><course>276.359377</course><hAcc>1.779295</hAcc><vAcc>0.690283</vAcc></extensions></trkpt>
      <trkpt lon="120.954343" lat="23.467188"><ele>3583.135769</ele><time>2026-09-14T23:14:27Z</time><extensions><speed>0.390321</speed><course>274.448411</course><hAcc>1.781341</hAcc><vAcc>0.690283</vAcc></extensions></trkpt>
      <trkpt lon="120.954339" lat="23.467188"><ele>3582.984179</ele><time>2026-09-14T23:14:28Z</time><extensions><speed>0.404139</speed><course>273.132236</course><hAcc>1.779561</hAcc><vAcc>0.690283</vAcc></extensions></trkpt>
      <trkpt lon="120.954335" lat="23.467188"><ele>3582.835892</ele><time>2026-09-14T23:14:29Z</time><extensions><speed>0.415638</speed><course>272.413893</course><hAcc>1.779076</hAcc><vAcc>0.690283</vAcc></extensions></trkpt>
      <trkpt lon="120.954331" lat="23.467188"><ele>3582.691253</ele><time>2026-09-14T23:14:30Z</time><extensions><speed>0.446220</speed><course>271.004179</course><hAcc>1.778665</hAcc><vAcc>0.690283</vAcc></extensions></trkpt>
      <trkpt lon="120.954326" lat="23.467188"><ele>3582.550655</ele><time>2026-09-14T23:14:31Z</time><extensions><speed>0.468212</speed><course>268.231386</course><hAcc>1.780315</hAcc><vAcc>0.690283</vAcc></extensions></trkpt>
      <trkpt lon="120.954321" lat="23.467188"><ele>3582.414385</ele><time>2026-09-14T23:14:32Z</time><extensions><speed>0.516386</speed><course>263.956672</course><hAcc>1.778387</hAcc><vAcc>0.690283</vAcc></extensions></trkpt>
      <trkpt lon="120.954316" lat="23.467187"><ele>3582.282701</ele><time>2026-09-14T23:14:33Z</time><extensions><speed>0.577828</speed><course>259.146704</course><hAcc>1.775988</hAcc><vAcc>0.690283</vAcc></extensions></trkpt>
      <trkpt lon="120.954311" lat="23.467186"><ele>3582.155616</ele><time>2026-09-14T23:14:34Z</time><extensions><speed>0.597663</speed><course>253.979100</course><hAcc>1.776458</hAcc><vAcc>0.690283</vAcc></extensions></trkpt>
      <trkpt lon="120.954305" lat="23.467184"><ele>3582.032877</ele><time>2026-09-14T23:14:35Z</time><extensions><speed>0.588681</speed><course>248.046221</course><hAcc>1.778103</hAcc><vAcc>0.690283</vAcc></extensions></trkpt>
      <trkpt lon="120.954300" lat="23.467182"><ele>3581.914012</ele><time>2026-09-14T23:14:36Z</time><extensions><speed>0.552981</speed><course>240.744844</course><hAcc>1.781374</hAcc><vAcc>0.690283</vAcc></extensions></trkpt>
      <trkpt lon="120.954295" lat="23.467179"><ele>3581.798166</ele><time>2026-09-14T23:14:37Z</time><extensions><speed>0.548154</speed><course>234.597643</course><hAcc>1.783214</hAcc><vAcc>0.690283</vAcc></extensions></trkpt>
      <trkpt lon="120.954291" lat="23.467176"><ele>3581.684329</ele><time>2026-09-14T23:14:38Z</time><extensions><speed>0.546466</speed><course>229.853916</course><hAcc>1.784926</hAcc><vAcc>0.690283</vAcc></extensions></trkpt>
      <trkpt lon="120.954287" lat="23.467173"><ele>3581.571285</ele><time>2026-09-14T23:14:39Z</time><extensions><speed>0.547681</speed><course>227.351152</course><hAcc>1.783884</hAcc><vAcc>0.690283</vAcc></extensions></trkpt>
      <trkpt lon="120.954283" lat="23.467169"><ele>3581.457683</ele><time>2026-09-14T23:14:40Z</time><extensions><speed>0.574328</speed><course>229.108188</course><hAcc>1.781857</hAcc><vAcc>0.690283</vAcc></extensions></trkpt>
      <trkpt lon="120.954279" lat="23.467166"><ele>3581.342276</ele><time>2026-09-14T23:14:41Z</time><extensions><speed>0.566506</speed><course>231.114850</course><hAcc>1.784346</hAcc><vAcc>0.690283</vAcc></extensions></trkpt>
      <trkpt lon="120.954275" lat="23.467163"><ele>3581.224003</ele><time>2026-09-14T23:14:42Z</time><extensions><speed>0.477038</speed><course>229.125090</course><hAcc>1.790157</hAcc><vAcc>0.690283</vAcc></extensions></trkpt>
      <trkpt lon="120.954271" lat="23.467160"><ele>3581.102050</ele><time>2026-09-14T23:14:43Z</time><extensions><speed>0.469102</speed><course>230.660575</course><hAcc>1.792660</hAcc><vAcc>0.690283</vAcc></extensions></trkpt>
      <trkpt lon="120.954268" lat="23.467158"><ele>3580.975829</ele><time>2026-09-14T23:14:44Z</time><extensions><speed>0.498941</speed><course>234.553559</course><hAcc>1.791273</hAcc><vAcc>0.690283</vAcc></extensions></trkpt>
      <trkpt lon="120.954263" lat="23.467155"><ele>3580.844908</ele><time>2026-09-14T23:14:45Z</time><extensions><speed>0.524768</speed><course>238.654814</course><hAcc>1.790015</hAcc><vAcc>0.690283</vAcc></extensions></trkpt>
      <trkpt lon="120.954259" lat="23.467153"><ele>3580.708987</ele><time>2026-09-14T23:14:46Z</time><extensions><speed>0.506789</speed><course>240.012463</course><hAcc>1.791450</hAcc><vAcc>0.690283</vAcc></extensions></trkpt>
      <trkpt lon="120.954255" lat="23.467150"><ele>3580.568082</ele><time>2026-09-14T23:14:47Z</time><extensions><speed>0.479382</speed><course>240.891782</course><hAcc>1.792793</hAcc><vAcc>0.690283</vAcc></extensions></trkpt>
      <trkpt lon="120.954251" lat="23.467148"><ele>3580.422415</ele><time>2026-09-14T23:14:48Z</time><extensions><speed>0.470687</speed><course>240.153755</course><hAcc>1.792236</hAcc><vAcc>0.690283</vAcc></extensions></trkpt>
      <trkpt lon="120.954247" lat="23.467146"><ele>3580.272428</ele><time>2026-09-14T23:14:49Z</time><extensions><speed>0.530563</speed><course>237.465817</course><hAcc>1.789240</hAcc><vAcc>0.690283</vAcc></extensions></trkpt>
      <trkpt lon="120.954242" lat="23.467143"><ele>3580.118841</ele><time>2026-09-14T23:14:50Z</time><extensions><speed>0.611317</speed><course>233.570963</course><hAcc>1.785648</hAcc><vAcc>0.690283</vAcc></extensions></trkpt>
      <trkpt lon="120.954237" lat="23.467140"><ele>3579.962422</ele><time>2026-09-14T23:14:51Z</time><extensions><speed>0.655097</speed><course>230.535849</course><hAcc>1.780254</hAcc><vAcc>0.690283</vAcc></extensions></trkpt>
      <trkpt lon="120.954232" lat="23.467136"><ele>3579.804057</ele><time>2026-09-14T23:14:52Z</time><extensions><speed>0.642737</speed><course>229.177051</course><hAcc>1.771593</hAcc><vAcc>0.690283</vAcc></extensions></trkpt>
      <trkpt lon="120.954228" lat="23.467132"><ele>3579.644670</ele><time>2026-09-14T23:14:53Z</time><extensions><speed>0.594159</speed><course>227.893063</course><hAcc>1.759302</hAcc><vAcc>0.690283</vAcc></extensions></trkpt>
      <trkpt lon="120.954223" lat="23.467128"><ele>3579.485199</ele><time>2026-09-14T23:14:54Z</time><extensions><speed>0.640414</speed><course>227.269619</course><hAcc>1.746151</hAcc><vAcc>0.690283</vAcc></extensions></trkpt>
      <trkpt lon="120.954218" lat="23.467124"><ele>3579.326825</ele><time>2026-09-14T23:14:55Z</time><extensions><speed>0.674735</speed><course>227.739365</course><hAcc>1.751370</hAcc><vAcc>0.690283</vAcc></extensions></trkpt>
      <trkpt lon="120.954214" lat="23.467120"><ele>3579.170610</ele><time>2026-09-14T23:14:56Z</time><extensions><speed>0.648687</speed><course>228.336681</course><hAcc>1.760197</hAcc><vAcc>0.690283</vAcc></extensions></trkpt>
      <trkpt lon="120.954209" lat="23.467116"><ele>3579.017506</ele><time>2026-09-14T23:14:57Z</time><extensions><speed>0.663018</speed><course>228.996146</course><hAcc>1.750153</hAcc><vAcc>0.690283</vAcc></extensions></trkpt>
      <trkpt lon="120.954204" lat="23.467113"><ele>3578.868329</ele><time>2026-09-14T23:14:58Z</time><extensions><speed>0.614853</speed><course>230.102518</course><hAcc>1.743813</hAcc><vAcc>0.690283</vAcc></extensions></trkpt>
      <trkpt lon="120.954200" lat="23.467109"><ele>3578.723708</ele><time>2026-09-14T23:14:59Z</time><extensions><speed>0.556618</speed><course>232.307398</course><hAcc>1.732384</hAcc><vAcc>0.690283</vAcc></extensions></trkpt>
      <trkpt lon="120.954195" lat="23.467106"><ele>3578.584184</ele><time>2026-09-14T23:15:00Z</time><extensions><speed>0.579292</speed><course>235.732612</course><hAcc>1.720015</hAcc><vAcc>0.690283</vAcc></extensions></trkpt>
      <trkpt lon="120.954190" lat="23.467103"><ele>3578.450235</ele><time>2026-09-14T23:15:01Z</time><extensions><speed>0.608125</speed><course>237.959247</course><hAcc>1.716516</hAcc><vAcc>0.690283</vAcc></extensions></trkpt>
      <trkpt lon="120.954185" lat="23.467100"><ele>3578.322122</ele><time>2026-09-14T23:15:02Z</time><extensions><speed>0.629047</speed><course>239.454956</course><hAcc>1.725744</hAcc><vAcc>0.690283</vAcc></extensions></trkpt>
      <trkpt lon="120.954179" lat="23.467098"><ele>3578.199817</ele><time>2026-09-14T23:15:03Z</time><extensions><speed>0.652684</speed><course>240.731172</course><hAcc>1.727898</hAcc><vAcc>0.690283</vAcc></extensions></trkpt>
      <trkpt lon="120.954174" lat="23.467095"><ele>3578.082915</ele><time>2026-09-14T23:15:04Z</time><extensions><speed>0.672647</speed><course>242.505321</course><hAcc>1.725712</hAcc><vAcc>0.690283</vAcc></extensions></trkpt>
      <trkpt lon="120.954168" lat="23.467092"><ele>3577.970996</ele><time>2026-09-14T23:15:05Z</time><extensions><speed>0.734129</speed><course>245.611601</course><hAcc>1.717150</hAcc><vAcc>0.690283</vAcc></extensions></trkpt>
      <trkpt lon="120.954161" lat="23.467089"><ele>3577.863529</ele><time>2026-09-14T23:15:06Z</time><extensions><speed>0.805718</speed><course>251.362817</course><hAcc>1.709652</hAcc><vAcc>0.690283</vAcc></extensions></trkpt>
      <trkpt lon="120.954153" lat="23.467087"><ele>3577.759740</ele><time>2026-09-14T23:15:07Z</time><extensions><speed>0.818251</speed><course>254.092921</course><hAcc>1.715187</hAcc><vAcc>0.690283</vAcc></extensions></trkpt>
      <trkpt lon="120.954145" lat="23.467085"><ele>3577.658448</ele><time>2026-09-14T23:15:08Z</time><extensions><speed>0.813514</speed><course>256.264207</course><hAcc>1.721644</hAcc><vAcc>0.690283</vAcc></extensions></trkpt>
      <trkpt lon="120.954138" lat="23.467084"><ele>3577.558515</ele><time>2026-09-14T23:15:09Z</time><extensions><speed>0.732346</speed><course>259.985216</course><hAcc>1.728702</hAcc><vAcc>0.690283</vAcc></extensions></trkpt>
      <trkpt lon="120.954132" lat="23.467083"><ele>3577.458730</ele><time>2026-09-14T23:15:10Z</time><extensions><speed>0.504482</speed><course>261.431790</course><hAcc>1.747353</hAcc><vAcc>0.690283</vAcc></extensions></trkpt>
      <trkpt lon="120.954128" lat="23.467082"><ele>3577.358033</ele><time>2026-09-14T23:15:11Z</time><extensions><speed>0.267771</speed><course>261.497791</course><hAcc>1.760256</hAcc><vAcc>0.690283</vAcc></extensions></trkpt>
      <trkpt lon="120.954126" lat="23.467082"><ele>3577.255563</ele><time>2026-09-14T23:15:12Z</time><extensions><speed>0.233679</speed><course>263.492750</course><hAcc>1.755522</hAcc><vAcc>0.690283</vAcc></extensions></trkpt>
      <trkpt lon="120.954123" lat="23.467082"><ele>3577.150444</ele><time>2026-09-14T23:15:13Z</time><extensions><speed>0.253560</speed><course>265.945711</course><hAcc>1.761894</hAcc><vAcc>0.690283</vAcc></extensions></trkpt>
      <trkpt lon="120.954120" lat="23.467082"><ele>3577.041740</ele><time>2026-09-14T23:15:14Z</time><extensions><speed>0.347570</speed><course>268.033345</course><hAcc>1.761409</hAcc><vAcc>0.690283</vAcc></extensions></trkpt>
      <trkpt lon="120.954116" lat="23.467082"><ele>3576.928179</ele><time>2026-09-14T23:15:15Z</time><extensions><speed>0.469403</speed><course>269.581914</course><hAcc>1.749059</hAcc><vAcc>0.690283</vAcc></extensions></trkpt>
      <trkpt lon="120.954111" lat="23.467082"><ele>3576.808466</ele><time>2026-09-14T23:15:16Z</time><extensions><speed>0.546903</speed><course>271.969632</course><hAcc>1.736892</hAcc><vAcc>0.690283</vAcc></extensions></trkpt>
      <trkpt lon="120.954106" lat="23.467082"><ele>3576.681705</ele><time>2026-09-14T23:15:17Z</time><extensions><speed>0.575409</speed><course>275.714272</course><hAcc>1.730479</hAcc><vAcc>0.690283</vAcc></extensions></trkpt>
      <trkpt lon="120.954100" lat="23.467083"><ele>3576.547513</ele><time>2026-09-14T23:15:18Z</time><extensions><speed>0.560164</speed><course>278.000727</course><hAcc>1.719889</hAcc><vAcc>0.690283</vAcc></extensions></trkpt>
      <trkpt lon="120.954095" lat="23.467084"><ele>3576.405891</ele><time>2026-09-14T23:15:19Z</time><extensions><speed>0.571820</speed><course>278.455516</course><hAcc>1.709236</hAcc><vAcc>0.690283</vAcc></extensions></trkpt>
      <trkpt lon="120.954089" lat="23.467084"><ele>3576.257123</ele><time>2026-09-14T23:15:20Z</time><extensions><speed>0.640080</speed><course>277.171877</course><hAcc>1.688257</hAcc><vAcc>0.690283</vAcc></extensions></trkpt>
      <trkpt lon="120.954082" lat="23.467085"><ele>3576.101667</ele><time>2026-09-14T23:15:21Z</time><extensions><speed>0.686783</speed><course>276.293393</course><hAcc>1.680328</hAcc><vAcc>0.690283</vAcc></extensions></trkpt>
      <trkpt lon="120.954076" lat="23.467086"><ele>3575.940072</ele><time>2026-09-14T23:15:22Z</time><extensions><speed>0.720954</speed><course>277.222292</course><hAcc>1.684086</hAcc><vAcc>0.690283</vAcc></extensions></trkpt>
      <trkpt lon="120.954068" lat="23.467087"><ele>3575.773105</ele><time>2026-09-14T23:15:23Z</time><extensions><speed>0.813096</speed><course>280.410610</course><hAcc>1.657410</hAcc><vAcc>0.690283</vAcc></extensions></trkpt>
      <trkpt lon="120.954061" lat="23.467088"><ele>3575.601613</ele><time>2026-09-14T23:15:24Z</time><extensions><speed>0.765948</speed><course>282.173485</course><hAcc>1.664078</hAcc><vAcc>0.690283</vAcc></extensions></trkpt>
      <trkpt lon="120.954054" lat="23.467089"><ele>3575.426614</ele><time>2026-09-14T23:15:25Z</time><extensions><speed>0.605964</speed><course>283.172986</course><hAcc>1.705371</hAcc><vAcc>0.690283</vAcc></extensions></trkpt>
      <trkpt lon="120.954049" lat="23.467091"><ele>3575.249263</ele><time>2026-09-14T23:15:26Z</time><extensions><speed>0.541928</speed><course>282.608514</course><hAcc>1.700799</hAcc><vAcc>0.690283</vAcc></extensions></trkpt>
      <trkpt lon="120.954043" lat="23.467092"><ele>3575.070603</ele><time>2026-09-14T23:15:27Z</time><extensions><speed>0.583091</speed><course>281.009317</course><hAcc>1.695365</hAcc><vAcc>0.690283</vAcc></extensions></trkpt>
      <trkpt lon="120.954037" lat="23.467093"><ele>3574.891827</ele><time>2026-09-14T23:15:28Z</time><extensions><speed>0.643491</speed><course>280.452376</course><hAcc>1.715892</hAcc><vAcc>0.690283</vAcc></extensions></trkpt>
      <trkpt lon="120.954031" lat="23.467094"><ele>3574.714011</ele><time>2026-09-14T23:15:29Z</time><extensions><speed>0.677603</speed><course>280.700137</course><hAcc>1.733702</hAcc><vAcc>0.690283</vAcc></extensions></trkpt>
      <trkpt lon="120.954025" lat="23.467095"><ele>3574.538123</ele><time>2026-09-14T23:15:30Z</time><extensions><speed>0.630099</speed><course>281.103439</course><hAcc>1.761353</hAcc><vAcc>0.690283</vAcc></extensions></trkpt>
      <trkpt lon="120.954019" lat="23.467096"><ele>3574.365064</ele><time>2026-09-14T23:15:31Z</time><extensions><speed>0.577628</speed><course>282.199871</course><hAcc>1.784724</hAcc><vAcc>0.690283</vAcc></extensions></trkpt>
      <trkpt lon="120.954013" lat="23.467097"><ele>3574.195644</ele><time>2026-09-14T23:15:32Z</time><extensions><speed>0.549848</speed><course>283.490211</course><hAcc>1.787934</hAcc><vAcc>0.690283</vAcc></extensions></trkpt>
      <trkpt lon="120.954008" lat="23.467099"><ele>3574.030434</ele><time>2026-09-14T23:15:33Z</time><extensions><speed>0.627700</speed><course>285.679773</course><hAcc>1.789055</hAcc><vAcc>0.690283</vAcc></extensions></trkpt>
      <trkpt lon="120.954002" lat="23.467100"><ele>3573.869820</ele><time>2026-09-14T23:15:34Z</time><extensions><speed>0.732302</speed><course>287.996450</course><hAcc>1.797859</hAcc><vAcc>0.690283</vAcc></extensions></trkpt>
      <trkpt lon="120.953994" lat="23.467103"><ele>3573.713990</ele><time>2026-09-14T23:15:35Z</time><extensions><speed>0.802652</speed><course>290.599118</course><hAcc>1.810821</hAcc><vAcc>0.690283</vAcc></extensions></trkpt>
      <trkpt lon="120.953988" lat="23.467105"><ele>3573.562977</ele><time>2026-09-14T23:15:36Z</time><extensions><speed>0.721728</speed><course>293.316134</course><hAcc>1.808425</hAcc><vAcc>0.690283</vAcc></extensions></trkpt>
      <trkpt lon="120.953982" lat="23.467108"><ele>3573.416556</ele><time>2026-09-14T23:15:37Z</time><extensions><speed>0.607382</speed><course>297.312205</course><hAcc>1.785088</hAcc><vAcc>0.690283</vAcc></extensions></trkpt>
      <trkpt lon="120.953977" lat="23.467111"><ele>3573.274249</ele><time>2026-09-14T23:15:38Z</time><extensions><speed>0.590942</speed><course>300.826128</course><hAcc>1.755405</hAcc><vAcc>0.690283</vAcc></extensions></trkpt>
      <trkpt lon="120.953971" lat="23.467113"><ele>3573.135409</ele><time>2026-09-14T23:15:39Z</time><extensions><speed>0.631583</speed><course>301.717443</course><hAcc>1.731060</hAcc><vAcc>0.690283</vAcc></extensions></trkpt>
      <trkpt lon="120.953966" lat="23.467116"><ele>3572.999329</ele><time>2026-09-14T23:15:40Z</time><extensions><speed>0.622122</speed><course>301.900140</course><hAcc>1.712665</hAcc><vAcc>0.690283</vAcc></extensions></trkpt>
      <trkpt lon="120.953961" lat="23.467119"><ele>3572.865235</ele><time>2026-09-14T23:15:41Z</time><extensions><speed>0.578671</speed><course>302.697840</course><hAcc>1.689585</hAcc><vAcc>0.690283</vAcc></extensions></trkpt>
      <trkpt lon="120.953956" lat="23.467122"><ele>3572.732518</ele><time>2026-09-14T23:15:42Z</time><extensions><speed>0.564463</speed><course>302.369552</course><hAcc>1.683313</hAcc><vAcc>0.690283</vAcc></extensions></trkpt>
      <trkpt lon="120.953952" lat="23.467125"><ele>3572.600709</ele><time>2026-09-14T23:15:43Z</time><extensions><speed>0.574074</speed><course>301.444337</course><hAcc>1.692228</hAcc><vAcc>0.690283</vAcc></extensions></trkpt>
      <trkpt lon="120.953946" lat="23.467128"><ele>3572.469449</ele><time>2026-09-14T23:15:44Z</time><extensions><speed>0.689122</speed><course>301.636349</course><hAcc>1.677691</hAcc><vAcc>0.690283</vAcc></extensions></trkpt>
      <trkpt lon="120.953940" lat="23.467131"><ele>3572.338413</ele><time>2026-09-14T23:15:45Z</time><extensions><speed>0.797015</speed><course>301.827166</course><hAcc>1.665962</hAcc><vAcc>0.690283</vAcc></extensions></trkpt>
      <trkpt lon="120.953934" lat="23.467135"><ele>3572.207218</ele><time>2026-09-14T23:15:46Z</time><extensions><speed>0.769205</speed><course>299.446330</course><hAcc>1.692836</hAcc><vAcc>0.690283</vAcc></extensions></trkpt>
      <trkpt lon="120.953927" lat="23.467138"><ele>3572.075447</ele><time>2026-09-14T23:15:47Z</time><extensions><speed>0.742296</speed><course>297.635465</course><hAcc>1.698112</hAcc><vAcc>0.690283</vAcc></extensions></trkpt>
      <trkpt lon="120.953921" lat="23.467141"><ele>3571.942640</ele><time>2026-09-14T23:15:48Z</time><extensions><speed>0.726509</speed><course>293.760403</course><hAcc>1.706592</hAcc><vAcc>0.690282</vAcc></extensions></trkpt>
      <trkpt lon="120.953914" lat="23.467144"><ele>3571.808338</ele><time>2026-09-14T23:15:49Z</time><extensions><speed>0.715430</speed><course>289.826281</course><hAcc>1.719567</hAcc><vAcc>0.690282</vAcc></extensions></trkpt>
      <trkpt lon="120.953907" lat="23.467146"><ele>3571.672163</ele><time>2026-09-14T23:15:50Z</time><extensions><speed>0.743063</speed><course>287.499345</course><hAcc>1.744600</hAcc><vAcc>0.690282</vAcc></extensions></trkpt>
      <trkpt lon="120.953901" lat="23.467147"><ele>3571.533905</ele><time>2026-09-14T23:15:51Z</time><extensions><speed>0.606652</speed><course>287.140887</course><hAcc>1.777086</hAcc><vAcc>0.690281</vAcc></extensions></trkpt>
      <trkpt lon="120.953896" lat="23.467149"><ele>3571.393502</ele><time>2026-09-14T23:15:52Z</time><extensions><speed>0.388831</speed><course>289.600519</course><hAcc>1.789172</hAcc><vAcc>0.690281</vAcc></extensions></trkpt>
      <trkpt lon="120.953893" lat="23.467150"><ele>3571.251011</ele><time>2026-09-14T23:15:53Z</time><extensions><speed>0.256333</speed><course>292.990907</course><hAcc>1.781136</hAcc><vAcc>0.690282</vAcc></extensions></trkpt>
      <trkpt lon="120.953891" lat="23.467151"><ele>3571.106604</ele><time>2026-09-14T23:15:54Z</time><extensions><speed>0.219484</speed><course>289.591208</course><hAcc>1.778351</hAcc><vAcc>0.690282</vAcc></extensions></trkpt>
      <trkpt lon="120.953889" lat="23.467151"><ele>3570.960483</ele><time>2026-09-14T23:15:55Z</time><extensions><speed>0.210696</speed><course>278.590204</course><hAcc>1.784352</hAcc><vAcc>0.690283</vAcc></extensions></trkpt>
      <trkpt lon="120.953887" lat="23.467151"><ele>3570.812899</ele><time>2026-09-14T23:15:56Z</time><extensions><speed>0.253909</speed><course>267.280031</course><hAcc>1.781746</hAcc><vAcc>0.690283</vAcc></extensions></trkpt>
      <trkpt lon="120.953884" lat="23.467151"><ele>3570.664105</ele><time>2026-09-14T23:15:57Z</time><extensions><speed>0.297545</speed><course>257.834145</course><hAcc>1.768388</hAcc><vAcc>0.690284</vAcc></extensions></trkpt>
      <trkpt lon="120.953882" lat="23.467150"><ele>3570.514383</ele><time>2026-09-14T23:15:58Z</time><extensions><speed>0.281139</speed><course>242.712879</course><hAcc>1.759185</hAcc><vAcc>0.690284</vAcc></extensions></trkpt>
      <trkpt lon="120.953879" lat="23.467149"><ele>3570.364126</ele><time>2026-09-14T23:15:59Z</time><extensions><speed>0.321660</speed><course>245.067782</course><hAcc>1.760406</hAcc><vAcc>0.690284</vAcc></extensions></trkpt>
      <trkpt lon="120.953876" lat="23.467148"><ele>3570.213627</ele><time>2026-09-14T23:16:00Z</time><extensions><speed>0.382176</speed><course>251.737403</course><hAcc>1.747185</hAcc><vAcc>0.690284</vAcc></extensions></trkpt>
      <trkpt lon="120.953872" lat="23.467147"><ele>3570.063331</ele><time>2026-09-14T23:16:01Z</time><extensions><speed>0.397170</speed><course>257.642614</course><hAcc>1.728291</hAcc><vAcc>0.690284</vAcc></extensions></trkpt>
      <trkpt lon="120.953868" lat="23.467147"><ele>3569.913712</ele><time>2026-09-14T23:16:02Z</time><extensions><speed>0.476922</speed><course>268.856900</course><hAcc>1.710552</hAcc><vAcc>0.690284</vAcc></extensions></trkpt>
      <trkpt lon="120.953863" lat="23.467147"><ele>3569.765243</ele><time>2026-09-14T23:16:03Z</time><extensions><speed>0.559531</speed><course>277.492926</course><hAcc>1.705395</hAcc><vAcc>0.690284</vAcc></extensions></trkpt>
      <trkpt lon="120.953857" lat="23.467148"><ele>3569.618615</ele><time>2026-09-14T23:16:04Z</time><extensions><speed>0.596178</speed><course>283.195300</course><hAcc>1.707521</hAcc><vAcc>0.690284</vAcc></extensions></trkpt>
      <trkpt lon="120.953851" lat="23.467149"><ele>3569.474592</ele><time>2026-09-14T23:16:05Z</time><extensions><speed>0.644004</speed><course>287.750120</course><hAcc>1.706477</hAcc><vAcc>0.690284</vAcc></extensions></trkpt>
      <trkpt lon="120.953845" lat="23.467151"><ele>3569.333935</ele><time>2026-09-14T23:16:06Z</time><extensions><speed>0.727418</speed><course>291.609081</course><hAcc>1.704989</hAcc><vAcc>0.690284</vAcc></extensions></trkpt>
      <trkpt lon="120.953838" lat="23.467154"><ele>3569.197391</ele><time>2026-09-14T23:16:07Z</time><extensions><speed>0.867593</speed><course>294.639769</course><hAcc>1.704687</hAcc><vAcc>0.690284</vAcc></extensions></trkpt>
      <trkpt lon="120.953830" lat="23.467158"><ele>3569.065728</ele><time>2026-09-14T23:16:08Z</time><extensions><speed>1.000957</speed><course>297.091226</course><hAcc>1.711492</hAcc><vAcc>0.690284</vAcc></extensions></trkpt>
      <trkpt lon="120.953821" lat="23.467162"><ele>3568.939175</ele><time>2026-09-14T23:16:09Z</time><extensions><speed>1.078253</speed><course>299.559666</course><hAcc>1.733617</hAcc><vAcc>0.690283</vAcc></extensions></trkpt>
      <trkpt lon="120.953812" lat="23.467167"><ele>3568.817798</ele><time>2026-09-14T23:16:10Z</time><extensions><speed>0.983320</speed><course>300.700289</course><hAcc>1.736725</hAcc><vAcc>0.690283</vAcc></extensions></trkpt>
      <trkpt lon="120.953804" lat="23.467171"><ele>3568.701083</ele><time>2026-09-14T23:16:11Z</time><extensions><speed>0.811493</speed><course>299.013906</course><hAcc>1.752029</hAcc><vAcc>0.690283</vAcc></extensions></trkpt>
      <trkpt lon="120.953798" lat="23.467174"><ele>3568.587854</ele><time>2026-09-14T23:16:12Z</time><extensions><speed>0.590331</speed><course>281.814198</course><hAcc>1.772169</hAcc><vAcc>0.690283</vAcc></extensions></trkpt>
      <trkpt lon="120.953793" lat="23.467175"><ele>3568.476632</ele><time>2026-09-14T23:16:13Z</time><extensions><speed>0.486199</speed><course>284.513730</course><hAcc>1.785713</hAcc><vAcc>0.690283</vAcc></extensions></trkpt>
      <trkpt lon="120.953788" lat="23.467176"><ele>3568.365284</ele><time>2026-09-14T23:16:14Z</time><extensions><speed>0.543969</speed><course>289.900929</course><hAcc>1.792525</hAcc><vAcc>0.690283</vAcc></extensions></trkpt>
      <trkpt lon="120.953783" lat="23.467178"><ele>3568.251456</ele><time>2026-09-14T23:16:15Z</time><extensions><speed>0.597834</speed><course>293.432409</course><hAcc>1.802753</hAcc><vAcc>0.690283</vAcc></extensions></trkpt>
      <trkpt lon="120.953777" lat="23.467180"><ele>3568.132761</ele><time>2026-09-14T23:16:16Z</time><extensions><speed>0.614402</speed><course>294.850003</course><hAcc>1.813904</hAcc><vAcc>0.690283</vAcc></extensions></trkpt>
      <trkpt lon="120.953772" lat="23.467182"><ele>3568.006956</ele><time>2026-09-14T23:16:17Z</time><extensions><speed>0.580847</speed><course>292.669553</course><hAcc>1.816970</hAcc><vAcc>0.690283</vAcc></extensions></trkpt>
      <trkpt lon="120.953767" lat="23.467184"><ele>3567.872130</ele><time>2026-09-14T23:16:18Z</time><extensions><speed>0.531183</speed><course>281.814455</course><hAcc>1.805724</hAcc><vAcc>0.690283</vAcc></extensions></trkpt>
      <trkpt lon="120.953762" lat="23.467184"><ele>3567.727103</ele><time>2026-09-14T23:16:19Z</time><extensions><speed>0.463962</speed><course>254.098678</course><hAcc>1.784297</hAcc><vAcc>0.690283</vAcc></extensions></trkpt>
      <trkpt lon="120.953758" lat="23.467181"><ele>3567.571337</ele><time>2026-09-14T23:16:20Z</time><extensions><speed>0.545605</speed><course>224.158406</course><hAcc>1.764960</hAcc><vAcc>0.690283</vAcc></extensions></trkpt>
      <trkpt lon="120.953755" lat="23.467177"><ele>3567.405024</ele><time>2026-09-14T23:16:21Z</time><extensions><speed>0.617525</speed><course>200.619702</course><hAcc>1.751460</hAcc><vAcc>0.690283</vAcc></extensions></trkpt>
      <trkpt lon="120.953754" lat="23.467171"><ele>3567.229235</ele><time>2026-09-14T23:16:22Z</time><extensions><speed>0.632743</speed><course>178.696054</course><hAcc>1.744959</hAcc><vAcc>0.690283</vAcc></extensions></trkpt>
      <trkpt lon="120.953755" lat="23.467165"><ele>3567.045426</ele><time>2026-09-14T23:16:23Z</time><extensions><speed>0.639334</speed><course>165.337564</course><hAcc>1.732304</hAcc><vAcc>0.690283</vAcc></extensions></trkpt>
      <trkpt lon="120.953758" lat="23.467160"><ele>3566.855713</ele><time>2026-09-14T23:16:24Z</time><extensions><speed>0.717666</speed><course>154.716077</course><hAcc>1.701134</hAcc><vAcc>0.690283</vAcc></extensions></trkpt>
      <trkpt lon="120.953761" lat="23.467154"><ele>3566.662503</ele><time>2026-09-14T23:16:25Z</time><extensions><speed>0.689645</speed><course>149.104528</course><hAcc>1.697136</hAcc><vAcc>0.690283</vAcc></extensions></trkpt>
      <trkpt lon="120.953764" lat="23.467149"><ele>3566.468235</ele><time>2026-09-14T23:16:26Z</time><extensions><speed>0.646399</speed><course>147.527623</course><hAcc>1.691521</hAcc><vAcc>0.690283</vAcc></extensions></trkpt>
      <trkpt lon="120.953768" lat="23.467144"><ele>3566.275289</ele><time>2026-09-14T23:16:27Z</time><extensions><speed>0.692049</speed><course>147.372041</course><hAcc>1.681928</hAcc><vAcc>0.690283</vAcc></extensions></trkpt>
      <trkpt lon="120.953772" lat="23.467138"><ele>3566.085865</ele><time>2026-09-14T23:16:28Z</time><extensions><speed>0.748170</speed><course>147.348308</course><hAcc>1.682716</hAcc><vAcc>0.690283</vAcc></extensions></trkpt>
      <trkpt lon="120.953776" lat="23.467132"><ele>3565.901755</ele><time>2026-09-14T23:16:29Z</time><extensions><speed>0.777219</speed><course>147.402868</course><hAcc>1.694091</hAcc><vAcc>0.690283</vAcc></extensions></trkpt>
      <trkpt lon="120.953780" lat="23.467126"><ele>3565.724280</ele><time>2026-09-14T23:16:30Z</time><extensions><speed>0.846823</speed><course>147.325340</course><hAcc>1.694096</hAcc><vAcc>0.690283</vAcc></extensions></trkpt>
      <trkpt lon="120.953785" lat="23.467120"><ele>3565.554225</ele><time>2026-09-14T23:16:31Z</time><extensions><speed>0.882912</speed><course>147.085466</course><hAcc>1.699185</hAcc><vAcc>0.690283</vAcc></extensions></trkpt>
      <trkpt lon="120.953789" lat="23.467113"><ele>3565.391819</ele><time>2026-09-14T23:16:32Z</time><extensions><speed>0.873278</speed><course>146.181563</course><hAcc>1.706904</hAcc><vAcc>0.690283</vAcc></extensions></trkpt>
      <trkpt lon="120.953794" lat="23.467107"><ele>3565.236666</ele><time>2026-09-14T23:16:33Z</time><extensions><speed>0.848629</speed><course>144.902146</course><hAcc>1.712318</hAcc><vAcc>0.690283</vAcc></extensions></trkpt>
      <trkpt lon="120.953799" lat="23.467101"><ele>3565.087884</ele><time>2026-09-14T23:16:34Z</time><extensions><speed>0.787753</speed><course>143.536830</course><hAcc>1.722948</hAcc><vAcc>0.690283</vAcc></extensions></trkpt>
      <trkpt lon="120.953803" lat="23.467095"><ele>3564.944303</ele><time>2026-09-14T23:16:35Z</time><extensions><speed>0.785514</speed><course>143.054323</course><hAcc>1.725263</hAcc><vAcc>0.690283</vAcc></extensions></trkpt>
      <trkpt lon="120.953807" lat="23.467090"><ele>3564.804569</ele><time>2026-09-14T23:16:36Z</time><extensions><speed>0.663180</speed><course>145.024258</course><hAcc>1.729758</hAcc><vAcc>0.690283</vAcc></extensions></trkpt>
      <trkpt lon="120.953811" lat="23.467085"><ele>3564.667659</ele><time>2026-09-14T23:16:37Z</time><extensions><speed>0.634400</speed><course>148.670526</course><hAcc>1.716761</hAcc><vAcc>0.690283</vAcc></extensions></trkpt>
      <trkpt lon="120.953814" lat="23.467080"><ele>3564.532794</ele><time>2026-09-14T23:16:38Z</time><extensions><speed>0.662044</speed><course>150.685031</course><hAcc>1.702824</hAcc><vAcc>0.690283</vAcc></extensions></trkpt>
      <trkpt lon="120.953818" lat="23.467074"><ele>3564.399627</ele><time>2026-09-14T23:16:39Z</time><extensions><speed>0.796192</speed><course>148.368711</course><hAcc>1.712886</hAcc><vAcc>0.690283</vAcc></extensions></trkpt>
      <trkpt lon="120.953822" lat="23.467068"><ele>3564.268317</ele><time>2026-09-14T23:16:40Z</time><extensions><speed>0.865836</speed><course>145.441569</course><hAcc>1.743633</hAcc><vAcc>0.690283</vAcc></extensions></trkpt>
      <trkpt lon="120.953827" lat="23.467061"><ele>3564.139315</ele><time>2026-09-14T23:16:41Z</time><extensions><speed>0.934611</speed><course>144.614338</course><hAcc>1.741545</hAcc><vAcc>0.690283</vAcc></extensions></trkpt>
      <trkpt lon="120.953832" lat="23.467054"><ele>3564.013244</ele><time>2026-09-14T23:16:42Z</time><extensions><speed>0.876337</speed><course>145.102937</course><hAcc>1.726692</hAcc><vAcc>0.690283</vAcc></extensions></trkpt>
      <trkpt lon="120.953837" lat="23.467048"><ele>3563.890826</ele><time>2026-09-14T23:16:43Z</time><extensions><speed>0.836546</speed><course>144.715465</course><hAcc>1.726698</hAcc><vAcc>0.690283</vAcc></extensions></trkpt>
      <trkpt lon="120.953842" lat="23.467042"><ele>3563.772719</ele><time>2026-09-14T23:16:44Z</time><extensions><speed>0.857184</speed><course>143.503946</course><hAcc>1.728673</hAcc><vAcc>0.690283</vAcc></extensions></trkpt>
      <trkpt lon="120.953847" lat="23.467036"><ele>3563.659295</ele><time>2026-09-14T23:16:45Z</time><extensions><speed>0.815137</speed><course>142.102116</course><hAcc>1.739379</hAcc><vAcc>0.690283</vAcc></extensions></trkpt>
      <trkpt lon="120.953852" lat="23.467030"><ele>3563.550733</ele><time>2026-09-14T23:16:46Z</time><extensions><speed>0.745481</speed><course>140.501984</course><hAcc>1.758499</hAcc><vAcc>0.690283</vAcc></extensions></trkpt>
      <trkpt lon="120.953856" lat="23.467026"><ele>3563.446765</ele><time>2026-09-14T23:16:47Z</time><extensions><speed>0.600479</speed><course>138.470423</course><hAcc>1.775138</hAcc><vAcc>0.690283</vAcc></extensions></trkpt>
      <trkpt lon="120.953860" lat="23.467022"><ele>3563.346762</ele><time>2026-09-14T23:16:48Z</time><extensions><speed>0.595981</speed><course>135.963912</course><hAcc>1.758938</hAcc><vAcc>0.690283</vAcc></extensions></trkpt>
      <trkpt lon="120.953865" lat="23.467018"><ele>3563.249786</ele><time>2026-09-14T23:16:49Z</time><extensions><speed>0.689216</speed><course>134.489164</course><hAcc>1.742442</hAcc><vAcc>0.690283</vAcc></extensions></trkpt>
      <trkpt lon="120.953870" lat="23.467013"><ele>3563.154549</ele><time>2026-09-14T23:16:50Z</time><extensions><speed>0.787774</speed><course>134.216123</course><hAcc>1.741337</hAcc><vAcc>0.690283</vAcc></extensions></trkpt>
      <trkpt lon="120.953875" lat="23.467008"><ele>3563.059652</ele><time>2026-09-14T23:16:51Z</time><extensions><speed>0.786681</speed><course>134.306734</course><hAcc>1.743905</hAcc><vAcc>0.690283</vAcc></extensions></trkpt>
      <trkpt lon="120.953881" lat="23.467003"><ele>3562.963703</ele><time>2026-09-14T23:16:52Z</time><extensions><speed>0.742407</speed><course>134.742952</course><hAcc>1.742779</hAcc><vAcc>0.690283</vAcc></extensions></trkpt>
      <trkpt lon="120.953886" lat="23.466999"><ele>3562.865448</ele><time>2026-09-14T23:16:53Z</time><extensions><speed>0.676951</speed><course>135.681661</course><hAcc>1.735709</hAcc><vAcc>0.690283</vAcc></extensions></trkpt>
      <trkpt lon="120.953891" lat="23.466994"><ele>3562.763897</ele><time>2026-09-14T23:16:54Z</time><extensions><speed>0.719639</speed><course>137.184756</course><hAcc>1.721612</hAcc><vAcc>0.690283</vAcc></extensions></trkpt>
      <trkpt lon="120.953896" lat="23.466989"><ele>3562.658485</ele><time>2026-09-14T23:16:55Z</time><extensions><speed>0.741099</speed><course>136.649281</course><hAcc>1.706816</hAcc><vAcc>0.690283</vAcc></extensions></trkpt>
      <trkpt lon="120.953901" lat="23.466985"><ele>3562.548938</ele><time>2026-09-14T23:16:56Z</time><extensions><speed>0.727727</speed><course>134.964772</course><hAcc>1.699443</hAcc><vAcc>0.690283</vAcc></extensions></trkpt>
      <trkpt lon="120.953906" lat="23.466980"><ele>3562.435364</ele><time>2026-09-14T23:16:57Z</time><extensions><speed>0.717395</speed><course>133.277251</course><hAcc>1.700843</hAcc><vAcc>0.690283</vAcc></extensions></trkpt>
      <trkpt lon="120.953911" lat="23.466976"><ele>3562.318212</ele><time>2026-09-14T23:16:58Z</time><extensions><speed>0.715445</speed><course>132.363587</course><hAcc>1.709800</hAcc><vAcc>0.690283</vAcc></extensions></trkpt>
      <trkpt lon="120.953916" lat="23.466972"><ele>3562.198124</ele><time>2026-09-14T23:16:59Z</time><extensions><speed>0.688343</speed><course>128.232503</course><hAcc>1.689325</hAcc><vAcc>0.690283</vAcc></extensions></trkpt>
      <trkpt lon="120.953922" lat="23.466968"><ele>3562.075966</ele><time>2026-09-14T23:17:00Z</time><extensions><speed>0.636371</speed><course>129.599017</course><hAcc>1.669349</hAcc><vAcc>0.690283</vAcc></extensions></trkpt>
      <trkpt lon="120.953926" lat="23.466964"><ele>3561.952711</ele><time>2026-09-14T23:17:01Z</time><extensions><speed>0.534392</speed><course>137.141160</course><hAcc>1.669469</hAcc><vAcc>0.690283</vAcc></extensions></trkpt>
      <trkpt lon="120.953929" lat="23.466961"><ele>3561.829383</ele><time>2026-09-14T23:17:02Z</time><extensions><speed>0.400629</speed><course>136.959356</course><hAcc>1.692568</hAcc><vAcc>0.690283</vAcc></extensions></trkpt>
      <trkpt lon="120.953932" lat="23.466959"><ele>3561.707002</ele><time>2026-09-14T23:17:03Z</time><extensions><speed>0.434095</speed><course>125.805412</course><hAcc>1.684372</hAcc><vAcc>0.690283</vAcc></extensions></trkpt>
      <trkpt lon="120.953937" lat="23.466956"><ele>3561.586436</ele><time>2026-09-14T23:17:04Z</time><extensions><speed>0.594819</speed><course>124.556536</course><hAcc>1.674525</hAcc><vAcc>0.690283</vAcc></extensions></trkpt>
      <trkpt lon="120.953942" lat="23.466953"><ele>3561.468410</ele><time>2026-09-14T23:17:05Z</time><extensions><speed>0.671535</speed><course>126.320043</course><hAcc>1.682002</hAcc><vAcc>0.690283</vAcc></extensions></trkpt>
      <trkpt lon="120.953947" lat="23.466949"><ele>3561.353409</ele><time>2026-09-14T23:17:06Z</time><extensions><speed>0.748153</speed><course>126.453171</course><hAcc>1.681995</hAcc><vAcc>0.690283</vAcc></extensions></trkpt>
      <trkpt lon="120.953953" lat="23.466944"><ele>3561.241641</ele><time>2026-09-14T23:17:07Z</time><extensions><speed>0.808134</speed><course>132.997636</course><hAcc>1.679487</hAcc><vAcc>0.690283</vAcc></extensions></trkpt>
      <trkpt lon="120.953958" lat="23.466939"><ele>3561.133059</ele><time>2026-09-14T23:17:08Z</time><extensions><speed>0.779419</speed><course>143.232486</course><hAcc>1.684651</hAcc><vAcc>0.690283</vAcc></extensions></trkpt>
      <trkpt lon="120.953963" lat="23.466933"><ele>3561.027467</ele><time>2026-09-14T23:17:09Z</time><extensions><speed>0.769635</speed><course>149.308192</course><hAcc>1.688075</hAcc><vAcc>0.690283</vAcc></extensions></trkpt>
      <trkpt lon="120.953966" lat="23.466927"><ele>3560.924568</ele><time>2026-09-14T23:17:10Z</time><extensions><speed>0.731760</speed><course>153.549419</course><hAcc>1.694833</hAcc><vAcc>0.690283</vAcc></extensions></trkpt>
      <trkpt lon="120.953969" lat="23.466922"><ele>3560.824021</ele><time>2026-09-14T23:17:11Z</time><extensions><speed>0.682677</speed><course>154.809692</course><hAcc>1.701089</hAcc><vAcc>0.690283</vAcc></extensions></trkpt>
      <trkpt lon="120.953972" lat="23.466916"><ele>3560.725475</ele><time>2026-09-14T23:17:12Z</time><extensions><speed>0.595672</speed><course>154.512840</course><hAcc>1.710405</hAcc><vAcc>0.690283</vAcc></extensions></trkpt>
      <trkpt lon="120.953974" lat="23.466912"><ele>3560.628638</ele><time>2026-09-14T23:17:13Z</time><extensions><speed>0.591066</speed><course>155.022816</course><hAcc>1.707438</hAcc><vAcc>0.690283</vAcc></extensions></trkpt>
      <trkpt lon="120.953977" lat="23.466907"><ele>3560.533184</ele><time>2026-09-14T23:17:14Z</time><extensions><speed>0.515403</speed><course>155.075241</course><hAcc>1.712371</hAcc><vAcc>0.690283</vAcc></extensions></trkpt>
      <trkpt lon="120.953979" lat="23.466903"><ele>3560.438841</ele><time>2026-09-14T23:17:15Z</time><extensions><speed>0.459429</speed><course>152.508666</course><hAcc>1.699856</hAcc><vAcc>0.690283</vAcc></extensions></trkpt>
      <trkpt lon="120.953981" lat="23.466899"><ele>3560.345408</ele><time>2026-09-14T23:17:16Z</time><extensions><speed>0.449833</speed><course>157.819624</course><hAcc>1.681185</hAcc><vAcc>0.690283</vAcc></extensions></trkpt>
      <trkpt lon="120.953982" lat="23.466896"><ele>3560.252773</ele><time>2026-09-14T23:17:17Z</time><extensions><speed>0.434128</speed><course>167.736193</course><hAcc>1.673917</hAcc><vAcc>0.690283</vAcc></extensions></trkpt>
      <trkpt lon="120.953982" lat="23.466892"><ele>3560.160910</ele><time>2026-09-14T23:17:18Z</time><extensions><speed>0.381410</speed><course>178.095355</course><hAcc>1.681017</hAcc><vAcc>0.690283</vAcc></extensions></trkpt>
      <trkpt lon="120.953982" lat="23.466889"><ele>3560.069915</ele><time>2026-09-14T23:17:19Z</time><extensions><speed>0.339806</speed><course>186.170615</course><hAcc>1.686211</hAcc><vAcc>0.690283</vAcc></extensions></trkpt>
      <trkpt lon="120.953981" lat="23.466886"><ele>3559.979950</ele><time>2026-09-14T23:17:20Z</time><extensions><speed>0.247140</speed><course>194.290796</course><hAcc>1.706932</hAcc><vAcc>0.690283</vAcc></extensions></trkpt>
      <trkpt lon="120.953981" lat="23.466885"><ele>3559.891188</ele><time>2026-09-14T23:17:21Z</time><extensions><speed>0.143466</speed><course>213.777666</course><hAcc>1.679905</hAcc><vAcc>0.690283</vAcc></extensions></trkpt>
      <trkpt lon="120.953980" lat="23.466884"><ele>3559.803793</ele><time>2026-09-14T23:17:22Z</time><extensions><speed>0.174061</speed><course>231.599223</course><hAcc>1.668716</hAcc><vAcc>0.690283</vAcc></extensions></trkpt>
      <trkpt lon="120.953978" lat="23.466883"><ele>3559.717746</ele><time>2026-09-14T23:17:23Z</time><extensions><speed>0.231137</speed><course>245.405244</course><hAcc>1.678324</hAcc><vAcc>0.690283</vAcc></extensions></trkpt>
      <trkpt lon="120.953975" lat="23.466882"><ele>3559.632917</ele><time>2026-09-14T23:17:24Z</time><extensions><speed>0.272909</speed><course>269.295960</course><hAcc>1.696193</hAcc><vAcc>0.690283</vAcc></extensions></trkpt>
      <trkpt lon="120.953972" lat="23.466883"><ele>3559.548993</ele><time>2026-09-14T23:17:25Z</time><extensions><speed>0.368185</speed><course>288.532511</course><hAcc>1.706277</hAcc><vAcc>0.690283</vAcc></extensions></trkpt>
      <trkpt lon="120.953969" lat="23.466884"><ele>3559.465461</ele><time>2026-09-14T23:17:26Z</time><extensions><speed>0.448036</speed><course>298.226201</course><hAcc>1.722846</hAcc><vAcc>0.690283</vAcc></extensions></trkpt>
      <trkpt lon="120.953964" lat="23.466887"><ele>3559.381828</ele><time>2026-09-14T23:17:27Z</time><extensions><speed>0.495584</speed><course>301.834391</course><hAcc>1.738079</hAcc><vAcc>0.690283</vAcc></extensions></trkpt>
      <trkpt lon="120.953960" lat="23.466889"><ele>3559.297464</ele><time>2026-09-14T23:17:28Z</time><extensions><speed>0.594961</speed><course>304.431472</course><hAcc>1.729948</hAcc><vAcc>0.690283</vAcc></extensions></trkpt>
      <trkpt lon="120.953955" lat="23.466892"><ele>3559.211746</ele><time>2026-09-14T23:17:29Z</time><extensions><speed>0.619760</speed><course>302.235328</course><hAcc>1.731830</hAcc><vAcc>0.690283</vAcc></extensions></trkpt>
      <trkpt lon="120.953950" lat="23.466895"><ele>3559.124097</ele><time>2026-09-14T23:17:30Z</time><extensions><speed>0.571146</speed><course>297.326275</course><hAcc>1.747330</hAcc><vAcc>0.690283</vAcc></extensions></trkpt>
      <trkpt lon="120.953945" lat="23.466897"><ele>3559.034008</ele><time>2026-09-14T23:17:31Z</time><extensions><speed>0.536197</speed><course>292.751694</course><hAcc>1.746605</hAcc><vAcc>0.690283</vAcc></extensions></trkpt>
      <trkpt lon="120.953940" lat="23.466899"><ele>3558.940974</ele><time>2026-09-14T23:17:32Z</time><extensions><speed>0.566415</speed><course>289.069364</course><hAcc>1.735644</hAcc><vAcc>0.690283</vAcc></extensions></trkpt>
      <trkpt lon="120.953934" lat="23.466901"><ele>3558.844723</ele><time>2026-09-14T23:17:33Z</time><extensions><speed>0.509122</speed><course>286.935709</course><hAcc>1.738826</hAcc><vAcc>0.690283</vAcc></extensions></trkpt>
      <trkpt lon="120.953929" lat="23.466902"><ele>3558.745143</ele><time>2026-09-14T23:17:34Z</time><extensions><speed>0.539255</speed><course>285.167334</course><hAcc>1.736458</hAcc><vAcc>0.690283</vAcc></extensions></trkpt>
      <trkpt lon="120.953924" lat="23.466903"><ele>3558.642299</ele><time>2026-09-14T23:17:35Z</time><extensions><speed>0.512417</speed><course>284.228343</course><hAcc>1.737977</hAcc><vAcc>0.690283</vAcc></extensions></trkpt>
      <trkpt lon="120.953919" lat="23.466904"><ele>3558.536575</ele><time>2026-09-14T23:17:36Z</time><extensions><speed>0.535695</speed><course>283.567901</course><hAcc>1.735798</hAcc><vAcc>0.690283</vAcc></extensions></trkpt>
      <trkpt lon="120.953914" lat="23.466905"><ele>3558.428589</ele><time>2026-09-14T23:17:37Z</time><extensions><speed>0.565094</speed><course>283.186696</course><hAcc>1.729249</hAcc><vAcc>0.690283</vAcc></extensions></trkpt>
      <trkpt lon="120.953908" lat="23.466907"><ele>3558.319212</ele><time>2026-09-14T23:17:38Z</time><extensions><speed>0.596146</speed><course>282.976486</course><hAcc>1.722335</hAcc><vAcc>0.690283</vAcc></extensions></trkpt>
      <trkpt lon="120.953903" lat="23.466908"><ele>3558.209464</ele><time>2026-09-14T23:17:39Z</time><extensions><speed>0.487184</speed><course>282.879621</course><hAcc>1.731502</hAcc><vAcc>0.690283</vAcc></extensions></trkpt>
      <trkpt lon="120.953899" lat="23.466909"><ele>3558.100391</ele><time>2026-09-14T23:17:40Z</time><extensions><speed>0.396032</speed><course>282.815669</course><hAcc>1.734923</hAcc><vAcc>0.690283</vAcc></extensions></trkpt>
      <trkpt lon="120.953895" lat="23.466909"><ele>3557.992887</ele><time>2026-09-14T23:17:41Z</time><extensions><speed>0.351255</speed><course>282.766527</course><hAcc>1.731612</hAcc><vAcc>0.690283</vAcc></extensions></trkpt>
      <trkpt lon="120.953892" lat="23.466910"><ele>3557.887664</ele><time>2026-09-14T23:17:42Z</time><extensions><speed>0.390235</speed><course>282.722338</course><hAcc>1.728299</hAcc><vAcc>0.690283</vAcc></extensions></trkpt>
      <trkpt lon="120.953887" lat="23.466911"><ele>3557.785079</ele><time>2026-09-14T23:17:43Z</time><extensions><speed>0.449292</speed><course>282.700317</course><hAcc>1.722017</hAcc><vAcc>0.690283</vAcc></extensions></trkpt>
      <trkpt lon="120.953883" lat="23.466912"><ele>3557.685143</ele><time>2026-09-14T23:17:44Z</time><extensions><speed>0.413446</speed><course>282.557916</course><hAcc>1.731743</hAcc><vAcc>0.690283</vAcc></extensions></trkpt>
      <trkpt lon="120.953879" lat="23.466913"><ele>3557.587750</ele><time>2026-09-14T23:17:45Z</time><extensions><speed>0.427468</speed><course>282.283240</course><hAcc>1.731993</hAcc><vAcc>0.690283</vAcc></extensions></trkpt>
      <trkpt lon="120.953874" lat="23.466914"><ele>3557.492207</ele><time>2026-09-14T23:17:46Z</time><extensions><speed>0.501194</speed><course>282.091820</course><hAcc>1.725237</hAcc><vAcc>0.690283</vAcc></extensions></trkpt>
      <trkpt lon="120.953870" lat="23.466915"><ele>3557.397804</ele><time>2026-09-14T23:17:47Z</time><extensions><speed>0.517079</speed><course>281.936610</course><hAcc>1.731560</hAcc><vAcc>0.690283</vAcc></extensions></trkpt>
      <trkpt lon="120.953864" lat="23.466916"><ele>3557.303561</ele><time>2026-09-14T23:17:48Z</time><extensions><speed>0.561862</speed><course>281.609425</course><hAcc>1.724093</hAcc><vAcc>0.690283</vAcc></extensions></trkpt>
      <trkpt lon="120.953859" lat="23.466917"><ele>3557.208049</ele><time>2026-09-14T23:17:49Z</time><extensions><speed>0.562762</speed><course>281.128949</course><hAcc>1.723581</hAcc><vAcc>0.690283</vAcc></extensions></trkpt>
      <trkpt lon="120.953854" lat="23.466917"><ele>3557.109733</ele><time>2026-09-14T23:17:50Z</time><extensions><speed>0.515539</speed><course>280.243486</course><hAcc>1.726721</hAcc><vAcc>0.690283</vAcc></extensions></trkpt>
      <trkpt lon="120.953849" lat="23.466918"><ele>3557.007065</ele><time>2026-09-14T23:17:51Z</time><extensions><speed>0.489102</speed><course>279.032763</course><hAcc>1.723996</hAcc><vAcc>0.690283</vAcc></extensions></trkpt>
      <trkpt lon="120.953844" lat="23.466919"><ele>3556.898450</ele><time>2026-09-14T23:17:52Z</time><extensions><speed>0.466477</speed><course>277.547859</course><hAcc>1.722977</hAcc><vAcc>0.690283</vAcc></extensions></trkpt>
      <trkpt lon="120.953840" lat="23.466919"><ele>3556.782323</ele><time>2026-09-14T23:17:53Z</time><extensions><speed>0.457393</speed><course>276.170579</course><hAcc>1.725958</hAcc><vAcc>0.690283</vAcc></extensions></trkpt>
      <trkpt lon="120.953835" lat="23.466920"><ele>3556.657275</ele><time>2026-09-14T23:17:54Z</time><extensions><speed>0.502354</speed><course>276.292284</course><hAcc>1.730963</hAcc><vAcc>0.690282</vAcc></extensions></trkpt>
      <trkpt lon="120.953830" lat="23.466920"><ele>3556.522133</ele><time>2026-09-14T23:17:55Z</time><extensions><speed>0.476453</speed><course>276.212397</course><hAcc>1.730737</hAcc><vAcc>0.690282</vAcc></extensions></trkpt>
      <trkpt lon="120.953826" lat="23.466921"><ele>3556.376492</ele><time>2026-09-14T23:17:56Z</time><extensions><speed>0.390012</speed><course>274.229582</course><hAcc>1.729200</hAcc><vAcc>0.690281</vAcc></extensions></trkpt>
      <trkpt lon="120.953822" lat="23.466921"><ele>3556.220670</ele><time>2026-09-14T23:17:57Z</time><extensions><speed>0.329124</speed><course>267.708208</course><hAcc>1.724100</hAcc><vAcc>0.690281</vAcc></extensions></trkpt>
      <trkpt lon="120.953819" lat="23.466920"><ele>3556.055771</ele><time>2026-09-14T23:17:58Z</time><extensions><speed>0.293541</speed><course>259.663211</course><hAcc>1.737671</hAcc><vAcc>0.690280</vAcc></extensions></trkpt>
      <trkpt lon="120.953816" lat="23.466920"><ele>3555.883841</ele><time>2026-09-14T23:17:59Z</time><extensions><speed>0.295401</speed><course>251.356712</course><hAcc>1.742425</hAcc><vAcc>0.690281</vAcc></extensions></trkpt>
      <trkpt lon="120.953814" lat="23.466919"><ele>3555.707176</ele><time>2026-09-14T23:18:00Z</time><extensions><speed>0.320434</speed><course>245.049143</course><hAcc>1.739092</hAcc><vAcc>0.690282</vAcc></extensions></trkpt>
      <trkpt lon="120.953811" lat="23.466917"><ele>3555.528288</ele><time>2026-09-14T23:18:01Z</time><extensions><speed>0.361919</speed><course>240.538908</course><hAcc>1.730680</hAcc><vAcc>0.690282</vAcc></extensions></trkpt>
      <trkpt lon="120.953807" lat="23.466915"><ele>3555.349654</ele><time>2026-09-14T23:18:02Z</time><extensions><speed>0.430308</speed><course>238.723210</course><hAcc>1.719531</hAcc><vAcc>0.690282</vAcc></extensions></trkpt>
      <trkpt lon="120.953803" lat="23.466913"><ele>3555.173502</ele><time>2026-09-14T23:18:03Z</time><extensions><speed>0.434030</speed><course>240.875858</course><hAcc>1.730965</hAcc><vAcc>0.690282</vAcc></extensions></trkpt>
      <trkpt lon="120.953799" lat="23.466912"><ele>3555.002059</ele><time>2026-09-14T23:18:04Z</time><extensions><speed>0.500876</speed><course>249.157521</course><hAcc>1.730577</hAcc><vAcc>0.690282</vAcc></extensions></trkpt>
      <trkpt lon="120.953794" lat="23.466910"><ele>3554.837225</ele><time>2026-09-14T23:18:05Z</time><extensions><speed>0.520431</speed><course>255.686926</course><hAcc>1.720523</hAcc><vAcc>0.690283</vAcc></extensions></trkpt>
      <trkpt lon="120.953789" lat="23.466909"><ele>3554.680506</ele><time>2026-09-14T23:18:06Z</time><extensions><speed>0.487950</speed><course>258.392729</course><hAcc>1.709481</hAcc><vAcc>0.690283</vAcc></extensions></trkpt>
      <trkpt lon="120.953785" lat="23.466908"><ele>3554.533001</ele><time>2026-09-14T23:18:07Z</time><extensions><speed>0.477034</speed><course>259.572278</course><hAcc>1.706365</hAcc><vAcc>0.690283</vAcc></extensions></trkpt>
      <trkpt lon="120.953780" lat="23.466907"><ele>3554.395376</ele><time>2026-09-14T23:18:08Z</time><extensions><speed>0.475864</speed><course>259.820202</course><hAcc>1.711317</hAcc><vAcc>0.690283</vAcc></extensions></trkpt>
      <trkpt lon="120.953775" lat="23.466907"><ele>3554.267852</ele><time>2026-09-14T23:18:09Z</time><extensions><speed>0.493141</speed><course>259.307641</course><hAcc>1.713764</hAcc><vAcc>0.690283</vAcc></extensions></trkpt>
      <trkpt lon="120.953770" lat="23.466906"><ele>3554.150258</ele><time>2026-09-14T23:18:10Z</time><extensions><speed>0.539993</speed><course>259.328586</course><hAcc>1.714916</hAcc><vAcc>0.690283</vAcc></extensions></trkpt>
      <trkpt lon="120.953765" lat="23.466905"><ele>3554.042000</ele><time>2026-09-14T23:18:11Z</time><extensions><speed>0.588193</speed><course>260.174677</course><hAcc>1.716698</hAcc><vAcc>0.690283</vAcc></extensions></trkpt>
      <trkpt lon="120.953759" lat="23.466904"><ele>3553.942081</ele><time>2026-09-14T23:18:12Z</time><extensions><speed>0.576154</speed><course>260.987287</course><hAcc>1.720311</hAcc><vAcc>0.690283</vAcc></extensions></trkpt>
      <trkpt lon="120.953754" lat="23.466903"><ele>3553.849293</ele><time>2026-09-14T23:18:13Z</time><extensions><speed>0.543876</speed><course>261.631082</course><hAcc>1.719327</hAcc><vAcc>0.690283</vAcc></extensions></trkpt>
      <trkpt lon="120.953749" lat="23.466903"><ele>3553.762131</ele><time>2026-09-14T23:18:14Z</time><extensions><speed>0.510658</speed><course>262.981225</course><hAcc>1.720730</hAcc><vAcc>0.690283</vAcc></extensions></trkpt>
      <trkpt lon="120.953744" lat="23.466902"><ele>3553.679059</ele><time>2026-09-14T23:18:15Z</time><extensions><speed>0.468472</speed><course>264.360643</course><hAcc>1.717454</hAcc><vAcc>0.690283</vAcc></extensions></trkpt>
      <trkpt lon="120.953740" lat="23.466902"><ele>3553.598605</ele><time>2026-09-14T23:18:16Z</time><extensions><speed>0.386557</speed><course>266.325742</course><hAcc>1.722509</hAcc><vAcc>0.690283</vAcc></extensions></trkpt>
      <trkpt lon="120.953736" lat="23.466902"><ele>3553.519351</ele><time>2026-09-14T23:18:17Z</time><extensions><speed>0.310355</speed><course>268.725535</course><hAcc>1.733556</hAcc><vAcc>0.690283</vAcc></extensions></trkpt>
      <trkpt lon="120.953734" lat="23.466902"><ele>3553.440125</ele><time>2026-09-14T23:18:18Z</time><extensions><speed>0.206954</speed><course>270.424544</course><hAcc>1.756789</hAcc><vAcc>0.690283</vAcc></extensions></trkpt>
      <trkpt lon="120.953732" lat="23.466902"><ele>3553.359761</ele><time>2026-09-14T23:18:19Z</time><extensions><speed>0.220075</speed><course>269.915962</course><hAcc>1.735863</hAcc><vAcc>0.690283</vAcc></extensions></trkpt>
      <trkpt lon="120.953729" lat="23.466901"><ele>3553.277259</ele><time>2026-09-14T23:18:20Z</time><extensions><speed>0.228798</speed><course>265.154481</course><hAcc>1.723278</hAcc><vAcc>0.690283</vAcc></extensions></trkpt>
      <trkpt lon="120.953727" lat="23.466901"><ele>3553.191832</ele><time>2026-09-14T23:18:21Z</time><extensions><speed>0.221934</speed><course>254.645132</course><hAcc>1.734156</hAcc><vAcc>0.690283</vAcc></extensions></trkpt>
      <trkpt lon="120.953725" lat="23.466900"><ele>3553.102696</ele><time>2026-09-14T23:18:22Z</time><extensions><speed>0.186081</speed><course>238.517381</course><hAcc>1.750097</hAcc><vAcc>0.690283</vAcc></extensions></trkpt>
      <trkpt lon="120.953723" lat="23.466899"><ele>3553.009176</ele><time>2026-09-14T23:18:23Z</time><extensions><speed>0.258052</speed><course>238.044646</course><hAcc>1.740209</hAcc><vAcc>0.690283</vAcc></extensions></trkpt>
      <trkpt lon="120.953721" lat="23.466898"><ele>3552.910767</ele><time>2026-09-14T23:18:24Z</time><extensions><speed>0.344559</speed><course>242.006681</course><hAcc>1.736172</hAcc><vAcc>0.690283</vAcc></extensions></trkpt>
      <trkpt lon="120.953718" lat="23.466897"><ele>3552.807094</ele><time>2026-09-14T23:18:25Z</time><extensions><speed>0.381353</speed><course>243.992823</course><hAcc>1.745333</hAcc><vAcc>0.690283</vAcc></extensions></trkpt>
      <trkpt lon="120.953714" lat="23.466895"><ele>3552.697900</ele><time>2026-09-14T23:18:26Z</time><extensions><speed>0.379142</speed><course>246.292537</course><hAcc>1.757400</hAcc><vAcc>0.690283</vAcc></extensions></trkpt>
      <trkpt lon="120.953711" lat="23.466894"><ele>3552.583016</ele><time>2026-09-14T23:18:27Z</time><extensions><speed>0.357378</speed><course>245.946254</course><hAcc>1.750110</hAcc><vAcc>0.690283</vAcc></extensions></trkpt>
      <trkpt lon="120.953707" lat="23.466893"><ele>3552.462480</ele><time>2026-09-14T23:18:28Z</time><extensions><speed>0.358393</speed><course>250.539240</course><hAcc>1.743706</hAcc><vAcc>0.690283</vAcc></extensions></trkpt>
      <trkpt lon="120.953704" lat="23.466892"><ele>3552.336550</ele><time>2026-09-14T23:18:29Z</time><extensions><speed>0.317427</speed><course>255.230268</course><hAcc>1.738950</hAcc><vAcc>0.690283</vAcc></extensions></trkpt>
      <trkpt lon="120.953701" lat="23.466891"><ele>3552.205698</ele><time>2026-09-14T23:18:30Z</time><extensions><speed>0.288415</speed><course>262.046285</course><hAcc>1.744081</hAcc><vAcc>0.690283</vAcc></extensions></trkpt>
      <trkpt lon="120.953698" lat="23.466891"><ele>3552.070640</ele><time>2026-09-14T23:18:31Z</time><extensions><speed>0.276458</speed><course>266.746367</course><hAcc>1.752401</hAcc><vAcc>0.690283</vAcc></extensions></trkpt>
      <trkpt lon="120.953695" lat="23.466891"><ele>3551.932134</ele><time>2026-09-14T23:18:32Z</time><extensions><speed>0.387533</speed><course>269.059393</course><hAcc>1.741414</hAcc><vAcc>0.690283</vAcc></extensions></trkpt>
      <trkpt lon="120.953691" lat="23.466891"><ele>3551.790917</ele><time>2026-09-14T23:18:33Z</time><extensions><speed>0.448458</speed><course>268.388416</course><hAcc>1.739016</hAcc><vAcc>0.690283</vAcc></extensions></trkpt>
      <trkpt lon="120.953686" lat="23.466890"><ele>3551.647490</ele><time>2026-09-14T23:18:34Z</time><extensions><speed>0.486522</speed><course>266.207585</course><hAcc>1.734973</hAcc><vAcc>0.690283</vAcc></extensions></trkpt>
      <trkpt lon="120.953682" lat="23.466890"><ele>3551.502066</ele><time>2026-09-14T23:18:35Z</time><extensions><speed>0.422205</speed><course>263.558368</course><hAcc>1.743119</hAcc><vAcc>0.690283</vAcc></extensions></trkpt>
      <trkpt lon="120.953678" lat="23.466890"><ele>3551.354752</ele><time>2026-09-14T23:18:36Z</time><extensions><speed>0.356518</speed><course>263.446453</course><hAcc>1.740527</hAcc><vAcc>0.690283</vAcc></extensions></trkpt>
      <trkpt lon="120.953674" lat="23.466890"><ele>3551.205393</ele><time>2026-09-14T23:18:37Z</time><extensions><speed>0.371712</speed><course>269.470784</course><hAcc>1.732359</hAcc><vAcc>0.690283</vAcc></extensions></trkpt>
      <trkpt lon="120.953671" lat="23.466890"><ele>3551.053779</ele><time>2026-09-14T23:18:38Z</time><extensions><speed>0.407567</speed><course>274.504932</course><hAcc>1.719020</hAcc><vAcc>0.690283</vAcc></extensions></trkpt>
      <trkpt lon="120.953667" lat="23.466890"><ele>3550.899646</ele><time>2026-09-14T23:18:39Z</time><extensions><speed>0.381769</speed><course>277.219552</course><hAcc>1.721546</hAcc><vAcc>0.690283</vAcc></extensions></trkpt>
      <trkpt lon="120.953663" lat="23.466891"><ele>3550.742621</ele><time>2026-09-14T23:18:40Z</time><extensions><speed>0.304374</speed><course>279.373151</course><hAcc>1.734627</hAcc><vAcc>0.690283</vAcc></extensions></trkpt>
      <trkpt lon="120.953660" lat="23.466891"><ele>3550.582332</ele><time>2026-09-14T23:18:41Z</time><extensions><speed>0.259815</speed><course>284.035263</course><hAcc>1.736867</hAcc><vAcc>0.690283</vAcc></extensions></trkpt>
      <trkpt lon="120.953658" lat="23.466892"><ele>3550.418448</ele><time>2026-09-14T23:18:42Z</time><extensions><speed>0.286672</speed><course>291.310521</course><hAcc>1.732997</hAcc><vAcc>0.690283</vAcc></extensions></trkpt>
      <trkpt lon="120.953655" lat="23.466893"><ele>3550.250702</ele><time>2026-09-14T23:18:43Z</time><extensions><speed>0.380479</speed><course>296.158851</course><hAcc>1.729221</hAcc><vAcc>0.690283</vAcc></extensions></trkpt>
      <trkpt lon="120.953651" lat="23.466895"><ele>3550.078902</ele><time>2026-09-14T23:18:44Z</time><extensions><speed>0.440997</speed><course>299.548045</course><hAcc>1.734986</hAcc><vAcc>0.690283</vAcc></extensions></trkpt>
      <trkpt lon="120.953647" lat="23.466897"><ele>3549.902844</ele><time>2026-09-14T23:18:45Z</time><extensions><speed>0.502057</speed><course>300.342705</course><hAcc>1.734541</hAcc><vAcc>0.690283</vAcc></extensions></trkpt>
      <trkpt lon="120.953642" lat="23.466900"><ele>3549.722414</ele><time>2026-09-14T23:18:46Z</time><extensions><speed>0.551325</speed><course>299.212010</course><hAcc>1.726534</hAcc><vAcc>0.690283</vAcc></extensions></trkpt>
      <trkpt lon="120.953637" lat="23.466902"><ele>3549.537735</ele><time>2026-09-14T23:18:47Z</time><extensions><speed>0.542439</speed><course>296.972056</course><hAcc>1.727530</hAcc><vAcc>0.690283</vAcc></extensions></trkpt>
      <trkpt lon="120.953633" lat="23.466904"><ele>3549.349104</ele><time>2026-09-14T23:18:48Z</time><extensions><speed>0.511151</speed><course>294.114748</course><hAcc>1.730564</hAcc><vAcc>0.690283</vAcc></extensions></trkpt>
      <trkpt lon="120.953628" lat="23.466906"><ele>3549.156904</ele><time>2026-09-14T23:18:49Z</time><extensions><speed>0.539478</speed><course>290.187678</course><hAcc>1.715824</hAcc><vAcc>0.690283</vAcc></extensions></trkpt>
      <trkpt lon="120.953622" lat="23.466907"><ele>3548.961725</ele><time>2026-09-14T23:18:50Z</time><extensions><speed>0.609737</speed><course>287.115710</course><hAcc>1.684931</hAcc><vAcc>0.690283</vAcc></extensions></trkpt>
      <trkpt lon="120.953617" lat="23.466909"><ele>3548.764117</ele><time>2026-09-14T23:18:51Z</time><extensions><speed>0.550992</speed><course>285.378419</course><hAcc>1.666152</hAcc><vAcc>0.690283</vAcc></extensions></trkpt>
      <trkpt lon="120.953612" lat="23.466910"><ele>3548.564712</ele><time>2026-09-14T23:18:52Z</time><extensions><speed>0.432459</speed><course>283.390914</course><hAcc>1.652767</hAcc><vAcc>0.690283</vAcc></extensions></trkpt>
      <trkpt lon="120.953607" lat="23.466911"><ele>3548.364251</ele><time>2026-09-14T23:18:53Z</time><extensions><speed>0.576558</speed><course>278.007242</course><hAcc>1.646398</hAcc><vAcc>0.690283</vAcc></extensions></trkpt>
      <trkpt lon="120.953601" lat="23.466911"><ele>3548.163405</ele><time>2026-09-14T23:18:54Z</time><extensions><speed>0.824521</speed><course>275.193627</course><hAcc>1.671808</hAcc><vAcc>0.690283</vAcc></extensions></trkpt>
      <trkpt lon="120.953592" lat="23.466912"><ele>3547.963375</ele><time>2026-09-14T23:18:55Z</time><extensions><speed>1.006292</speed><course>275.130762</course><hAcc>1.629390</hAcc><vAcc>0.690283</vAcc></extensions></trkpt>
      <trkpt lon="120.953583" lat="23.466913"><ele>3547.765337</ele><time>2026-09-14T23:18:56Z</time><extensions><speed>0.844134</speed><course>274.632407</course><hAcc>1.635249</hAcc><vAcc>0.690283</vAcc></extensions></trkpt>
      <trkpt lon="120.953575" lat="23.466913"><ele>3547.570516</ele><time>2026-09-14T23:18:57Z</time><extensions><speed>0.788535</speed><course>273.024166</course><hAcc>1.653586</hAcc><vAcc>0.690283</vAcc></extensions></trkpt>
      <trkpt lon="120.953568" lat="23.466913"><ele>3547.380252</ele><time>2026-09-14T23:18:58Z</time><extensions><speed>0.671298</speed><course>270.019116</course><hAcc>1.660707</hAcc><vAcc>0.690283</vAcc></extensions></trkpt>
      <trkpt lon="120.953562" lat="23.466913"><ele>3547.195758</ele><time>2026-09-14T23:18:59Z</time><extensions><speed>0.469544</speed><course>265.930283</course><hAcc>1.683595</hAcc><vAcc>0.690283</vAcc></extensions></trkpt>
      <trkpt lon="120.953558" lat="23.466913"><ele>3547.018273</ele><time>2026-09-14T23:19:00Z</time><extensions><speed>0.401331</speed><course>260.167354</course><hAcc>1.684267</hAcc><vAcc>0.690283</vAcc></extensions></trkpt>
      <trkpt lon="120.953554" lat="23.466912"><ele>3546.848912</ele><time>2026-09-14T23:19:01Z</time><extensions><speed>0.443830</speed><course>257.583918</course><hAcc>1.693183</hAcc><vAcc>0.690283</vAcc></extensions></trkpt>
      <trkpt lon="120.953549" lat="23.466911"><ele>3546.688639</ele><time>2026-09-14T23:19:02Z</time><extensions><speed>0.519842</speed><course>256.658076</course><hAcc>1.706686</hAcc><vAcc>0.690283</vAcc></extensions></trkpt>
      <trkpt lon="120.953544" lat="23.466910"><ele>3546.538268</ele><time>2026-09-14T23:19:03Z</time><extensions><speed>0.580275</speed><course>257.709479</course><hAcc>1.726345</hAcc><vAcc>0.690283</vAcc></extensions></trkpt>
      <trkpt lon="120.953538" lat="23.466909"><ele>3546.398240</ele><time>2026-09-14T23:19:04Z</time><extensions><speed>0.548347</speed><course>257.307610</course><hAcc>1.747825</hAcc><vAcc>0.690283</vAcc></extensions></trkpt>
      <trkpt lon="120.953533" lat="23.466908"><ele>3546.268566</ele><time>2026-09-14T23:19:05Z</time><extensions><speed>0.550705</speed><course>256.354473</course><hAcc>1.751047</hAcc><vAcc>0.690283</vAcc></extensions></trkpt>
      <trkpt lon="120.953528" lat="23.466906"><ele>3546.148855</ele><time>2026-09-14T23:19:06Z</time><extensions><speed>0.556619</speed><course>253.925524</course><hAcc>1.741012</hAcc><vAcc>0.690283</vAcc></extensions></trkpt>
      <trkpt lon="120.953522" lat="23.466905"><ele>3546.038384</ele><time>2026-09-14T23:19:07Z</time><extensions><speed>0.595525</speed><course>255.137339</course><hAcc>1.745514</hAcc><vAcc>0.690283</vAcc></extensions></trkpt>
      <trkpt lon="120.953517" lat="23.466904"><ele>3545.936175</ele><time>2026-09-14T23:19:08Z</time><extensions><speed>0.505481</speed><course>255.565649</course><hAcc>1.766063</hAcc><vAcc>0.690283</vAcc></extensions></trkpt>
      <trkpt lon="120.953513" lat="23.466903"><ele>3545.841190</ele><time>2026-09-14T23:19:09Z</time><extensions><speed>0.453403</speed><course>255.243737</course><hAcc>1.763257</hAcc><vAcc>0.690283</vAcc></extensions></trkpt>
      <trkpt lon="120.953509" lat="23.466902"><ele>3545.752296</ele><time>2026-09-14T23:19:10Z</time><extensions><speed>0.420797</speed><course>257.852752</course><hAcc>1.768438</hAcc><vAcc>0.690283</vAcc></extensions></trkpt>
      <trkpt lon="120.953504" lat="23.466901"><ele>3545.668374</ele><time>2026-09-14T23:19:11Z</time><extensions><speed>0.423582</speed><course>262.196423</course><hAcc>1.783232</hAcc><vAcc>0.690283</vAcc></extensions></trkpt>
      <trkpt lon="120.953500" lat="23.466901"><ele>3545.588389</ele><time>2026-09-14T23:19:12Z</time><extensions><speed>0.445411</speed><course>266.993154</course><hAcc>1.795413</hAcc><vAcc>0.690283</vAcc></extensions></trkpt>
      <trkpt lon="120.953496" lat="23.466901"><ele>3545.511176</ele><time>2026-09-14T23:19:13Z</time><extensions><speed>0.443461</speed><course>272.488627</course><hAcc>1.802226</hAcc><vAcc>0.690283</vAcc></extensions></trkpt>
      <trkpt lon="120.953492" lat="23.466901"><ele>3545.435598</ele><time>2026-09-14T23:19:14Z</time><extensions><speed>0.452292</speed><course>278.067732</course><hAcc>1.804933</hAcc><vAcc>0.690283</vAcc></extensions></trkpt>
      <trkpt lon="120.953487" lat="23.466902"><ele>3545.360593</ele><time>2026-09-14T23:19:15Z</time><extensions><speed>0.492945</speed><course>282.192660</course><hAcc>1.802838</hAcc><vAcc>0.690283</vAcc></extensions></trkpt>
      <trkpt lon="120.953482" lat="23.466903"><ele>3545.285189</ele><time>2026-09-14T23:19:16Z</time><extensions><speed>0.493740</speed><course>286.525944</course><hAcc>1.797099</hAcc><vAcc>0.690283</vAcc></extensions></trkpt>
      <trkpt lon="120.953478" lat="23.466904"><ele>3545.208472</ele><time>2026-09-14T23:19:17Z</time><extensions><speed>0.467344</speed><course>291.846957</course><hAcc>1.784639</hAcc><vAcc>0.690283</vAcc></extensions></trkpt>
      <trkpt lon="120.953474" lat="23.466906"><ele>3545.129756</ele><time>2026-09-14T23:19:18Z</time><extensions><speed>0.420145</speed><course>298.225585</course><hAcc>1.765704</hAcc><vAcc>0.690283</vAcc></extensions></trkpt>
      <trkpt lon="120.953470" lat="23.466908"><ele>3545.048551</ele><time>2026-09-14T23:19:19Z</time><extensions><speed>0.517194</speed><course>299.075581</course><hAcc>1.741081</hAcc><vAcc>0.690283</vAcc></extensions></trkpt>
      <trkpt lon="120.953465" lat="23.466911"><ele>3544.964629</ele><time>2026-09-14T23:19:20Z</time><extensions><speed>0.614644</speed><course>298.585150</course><hAcc>1.732810</hAcc><vAcc>0.690283</vAcc></extensions></trkpt>
      <trkpt lon="120.953460" lat="23.466914"><ele>3544.878046</ele><time>2026-09-14T23:19:21Z</time><extensions><speed>0.579891</speed><course>299.303178</course><hAcc>1.742145</hAcc><vAcc>0.690283</vAcc></extensions></trkpt>
      <trkpt lon="120.953455" lat="23.466916"><ele>3544.789103</ele><time>2026-09-14T23:19:22Z</time><extensions><speed>0.624766</speed><course>299.749739</course><hAcc>1.723799</hAcc><vAcc>0.690283</vAcc></extensions></trkpt>
      <trkpt lon="120.953449" lat="23.466919"><ele>3544.698479</ele><time>2026-09-14T23:19:23Z</time><extensions><speed>0.714037</speed><course>298.129300</course><hAcc>1.699265</hAcc><vAcc>0.690283</vAcc></extensions></trkpt>
      <trkpt lon="120.953443" lat="23.466922"><ele>3544.606943</ele><time>2026-09-14T23:19:24Z</time><extensions><speed>0.725963</speed><course>297.165064</course><hAcc>1.694033</hAcc><vAcc>0.690283</vAcc></extensions></trkpt>
      <trkpt lon="120.953437" lat="23.466925"><ele>3544.515265</ele><time>2026-09-14T23:19:25Z</time><extensions><speed>0.764533</speed><course>296.510735</course><hAcc>1.700619</hAcc><vAcc>0.690283</vAcc></extensions></trkpt>
      <trkpt lon="120.953430" lat="23.466928"><ele>3544.424257</ele><time>2026-09-14T23:19:26Z</time><extensions><speed>0.817489</speed><course>295.259247</course><hAcc>1.713043</hAcc><vAcc>0.690283</vAcc></extensions></trkpt>
      <trkpt lon="120.953423" lat="23.466931"><ele>3544.334488</ele><time>2026-09-14T23:19:27Z</time><extensions><speed>0.825560</speed><course>298.951456</course><hAcc>1.696634</hAcc><vAcc>0.690283</vAcc></extensions></trkpt>
      <trkpt lon="120.953416" lat="23.466935"><ele>3544.246604</ele><time>2026-09-14T23:19:28Z</time><extensions><speed>0.712919</speed><course>301.028943</course><hAcc>1.699036</hAcc><vAcc>0.690283</vAcc></extensions></trkpt>
      <trkpt lon="120.953411" lat="23.466938"><ele>3544.161214</ele><time>2026-09-14T23:19:29Z</time><extensions><speed>0.570379</speed><course>300.811840</course><hAcc>1.709368</hAcc><vAcc>0.690283</vAcc></extensions></trkpt>
      <trkpt lon="120.953406" lat="23.466940"><ele>3544.078935</ele><time>2026-09-14T23:19:30Z</time><extensions><speed>0.392327</speed><course>295.881502</course><hAcc>1.726387</hAcc><vAcc>0.690283</vAcc></extensions></trkpt>
      <trkpt lon="120.953404" lat="23.466941"><ele>3544.000608</ele><time>2026-09-14T23:19:31Z</time><extensions><speed>0.216727</speed><course>280.154935</course><hAcc>1.732955</hAcc><vAcc>0.690283</vAcc></extensions></trkpt>
      <trkpt lon="120.953402" lat="23.466941"><ele>3543.927073</ele><time>2026-09-14T23:19:32Z</time><extensions><speed>0.123749</speed><course>215.024613</course><hAcc>1.725377</hAcc><vAcc>0.690283</vAcc></extensions></trkpt>
      <trkpt lon="120.953402" lat="23.466939"><ele>3543.859142</ele><time>2026-09-14T23:19:33Z</time><extensions><speed>0.209934</speed><course>175.983168</course><hAcc>1.721039</hAcc><vAcc>0.690283</vAcc></extensions></trkpt>
      <trkpt lon="120.953402" lat="23.466937"><ele>3543.797529</ele><time>2026-09-14T23:19:34Z</time><extensions><speed>0.267238</speed><course>173.944188</course><hAcc>1.721061</hAcc><vAcc>0.690283</vAcc></extensions></trkpt>
      <trkpt lon="120.953402" lat="23.466935"><ele>3543.742778</ele><time>2026-09-14T23:19:35Z</time><extensions><speed>0.263160</speed><course>176.562364</course><hAcc>1.723677</hAcc><vAcc>0.690283</vAcc></extensions></trkpt>
      <trkpt lon="120.953402" lat="23.466932"><ele>3543.695207</ele><time>2026-09-14T23:19:36Z</time><extensions><speed>0.222869</speed><course>184.880781</course><hAcc>1.725533</hAcc><vAcc>0.690283</vAcc></extensions></trkpt>
      <trkpt lon="120.953402" lat="23.466931"><ele>3543.654868</ele><time>2026-09-14T23:19:37Z</time><extensions><speed>0.165403</speed><course>196.306710</course><hAcc>1.734422</hAcc><vAcc>0.690283</vAcc></extensions></trkpt>
      <trkpt lon="120.953402" lat="23.466929"><ele>3543.621505</ele><time>2026-09-14T23:19:38Z</time><extensions><speed>0.138831</speed><course>203.818121</course><hAcc>1.728147</hAcc><vAcc>0.690283</vAcc></extensions></trkpt>
      <trkpt lon="120.953401" lat="23.466928"><ele>3543.594585</ele><time>2026-09-14T23:19:39Z</time><extensions><speed>0.125229</speed><course>214.801306</course><hAcc>1.723298</hAcc><vAcc>0.690283</vAcc></extensions></trkpt>
      <trkpt lon="120.953400" lat="23.466928"><ele>3543.573367</ele><time>2026-09-14T23:19:40Z</time><extensions><speed>0.104482</speed><course>222.894423</course><hAcc>1.721002</hAcc><vAcc>0.690283</vAcc></extensions></trkpt>
      <trkpt lon="120.953400" lat="23.466927"><ele>3543.556883</ele><time>2026-09-14T23:19:41Z</time><extensions><speed>0.069515</speed><course>229.820052</course><hAcc>1.719806</hAcc><vAcc>0.690283</vAcc></extensions></trkpt>
      <trkpt lon="120.953399" lat="23.466927"><ele>3543.544127</ele><time>2026-09-14T23:19:42Z</time><extensions><speed>0.057909</speed><course>249.536104</course><hAcc>1.716617</hAcc><vAcc>0.690283</vAcc></extensions></trkpt>
      <trkpt lon="120.953398" lat="23.466927"><ele>3543.534116</ele><time>2026-09-14T23:19:43Z</time><extensions><speed>0.097273</speed><course>270.048714</course><hAcc>1.707220</hAcc><vAcc>0.690283</vAcc></extensions></trkpt>
      <trkpt lon="120.953398" lat="23.466927"><ele>3543.525926</ele><time>2026-09-14T23:19:44Z</time><extensions><speed>0.048319</speed><course>278.785989</course><hAcc>1.698599</hAcc><vAcc>0.690283</vAcc></extensions></trkpt>
      <trkpt lon="120.953397" lat="23.466927"><ele>3543.518796</ele><time>2026-09-14T23:19:45Z</time><extensions><speed>0.022431</speed><course>321.249524</course><hAcc>1.682979</hAcc><vAcc>0.690283</vAcc></extensions></trkpt>
      <trkpt lon="120.953397" lat="23.466927"><ele>3543.511984</ele><time>2026-09-14T23:19:46Z</time><extensions><speed>0.027378</speed><course>6.183249</course><hAcc>1.669478</hAcc><vAcc>0.690283</vAcc></extensions></trkpt>
      <trkpt lon="120.953397" lat="23.466927"><ele>3543.504865</ele><time>2026-09-14T23:19:47Z</time><extensions><speed>0.038986</speed><course>343.375648</course><hAcc>1.648750</hAcc><vAcc>0.690283</vAcc></extensions></trkpt>
      <trkpt lon="120.953397" lat="23.466928"><ele>3543.496882</ele><time>2026-09-14T23:19:48Z</time><extensions><speed>0.027170</speed><course>10.102510</course><hAcc>1.660168</hAcc><vAcc>0.690283</vAcc></extensions></trkpt>
      <trkpt lon="120.953397" lat="23.466928"><ele>3543.487477</ele><time>2026-09-14T23:19:49Z</time><extensions><speed>0.021461</speed><course>22.980702</course><hAcc>1.659818</hAcc><vAcc>0.690283</vAcc></extensions></trkpt>
      <trkpt lon="120.953397" lat="23.466928"><ele>3543.476222</ele><time>2026-09-14T23:19:50Z</time><extensions><speed>0.017912</speed><course>28.551336</course><hAcc>1.654129</hAcc><vAcc>0.690283</vAcc></extensions></trkpt>
      <trkpt lon="120.953398" lat="23.466928"><ele>3543.462644</ele><time>2026-09-14T23:19:51Z</time><extensions><speed>0.013442</speed><course>31.090347</course><hAcc>1.660217</hAcc><vAcc>0.690283</vAcc></extensions></trkpt>
      <trkpt lon="120.953398" lat="23.466928"><ele>3543.446340</ele><time>2026-09-14T23:19:52Z</time><extensions><speed>0.012465</speed><course>32.317302</course><hAcc>1.649431</hAcc><vAcc>0.690283</vAcc></extensions></trkpt>
      <trkpt lon="120.953398" lat="23.466928"><ele>3543.426978</ele><time>2026-09-14T23:19:53Z</time><extensions><speed>0.008622</speed><course>40.143641</course><hAcc>1.657947</hAcc><vAcc>0.690283</vAcc></extensions></trkpt>
      <trkpt lon="120.953398" lat="23.466928"><ele>3543.404148</ele><time>2026-09-14T23:19:54Z</time><extensions><speed>0.005511</speed><course>65.818674</course><hAcc>1.675277</hAcc><vAcc>0.690283</vAcc></extensions></trkpt>
      <trkpt lon="120.953398" lat="23.466928"><ele>3543.377522</ele><time>2026-09-14T23:19:55Z</time><extensions><speed>0.005129</speed><course>88.643729</course><hAcc>1.688849</hAcc><vAcc>0.690283</vAcc></extensions></trkpt>
      <trkpt lon="120.953398" lat="23.466928"><ele>3543.346779</ele><time>2026-09-14T23:19:56Z</time><extensions><speed>0.006619</speed><course>104.365443</course><hAcc>1.695997</hAcc><vAcc>0.690283</vAcc></extensions></trkpt>
      <trkpt lon="120.953398" lat="23.466928"><ele>3543.311620</ele><time>2026-09-14T23:19:57Z</time><extensions><speed>0.009177</speed><course>115.337861</course><hAcc>1.698533</hAcc><vAcc>0.690283</vAcc></extensions></trkpt>
      <trkpt lon="120.953398" lat="23.466928"><ele>3543.271779</ele><time>2026-09-14T23:19:58Z</time><extensions><speed>0.013597</speed><course>116.755945</course><hAcc>1.700096</hAcc><vAcc>0.690283</vAcc></extensions></trkpt>
      <trkpt lon="120.953398" lat="23.466928"><ele>3543.227126</ele><time>2026-09-14T23:19:59Z</time><extensions><speed>0.020786</speed><course>106.619146</course><hAcc>1.697924</hAcc><vAcc>0.690283</vAcc></extensions></trkpt>
      <trkpt lon="120.953399" lat="23.466928"><ele>3543.177581</ele><time>2026-09-14T23:20:00Z</time><extensions><speed>0.029678</speed><course>93.105298</course><hAcc>1.695328</hAcc><vAcc>0.690283</vAcc></extensions></trkpt>
      <trkpt lon="120.953399" lat="23.466929"><ele>3543.123285</ele><time>2026-09-14T23:20:01Z</time><extensions><speed>0.035602</speed><course>82.020420</course><hAcc>1.698125</hAcc><vAcc>0.690282</vAcc></extensions></trkpt>
      <trkpt lon="120.953400" lat="23.466929"><ele>3543.064609</ele><time>2026-09-14T23:20:02Z</time><extensions><speed>0.035917</speed><course>62.215914</course><hAcc>1.697655</hAcc><vAcc>0.690282</vAcc></extensions></trkpt>
      <trkpt lon="120.953400" lat="23.466929"><ele>3543.002075</ele><time>2026-09-14T23:20:03Z</time><extensions><speed>0.035437</speed><course>355.986022</course><hAcc>1.687919</hAcc><vAcc>0.690281</vAcc></extensions></trkpt>
      <trkpt lon="120.953400" lat="23.466930"><ele>3542.936556</ele><time>2026-09-14T23:20:04Z</time><extensions><speed>0.039199</speed><course>323.855449</course><hAcc>1.659760</hAcc><vAcc>0.690281</vAcc></extensions></trkpt>
      <trkpt lon="120.953399" lat="23.466930"><ele>3542.869083</ele><time>2026-09-14T23:20:05Z</time><extensions><speed>0.103415</speed><course>246.502829</course><hAcc>1.636445</hAcc><vAcc>0.690282</vAcc></extensions></trkpt>
      <trkpt lon="120.953398" lat="23.466928"><ele>3542.800803</ele><time>2026-09-14T23:20:06Z</time><extensions><speed>0.283755</speed><course>215.331378</course><hAcc>1.632114</hAcc><vAcc>0.690283</vAcc></extensions></trkpt>
      <trkpt lon="120.953396" lat="23.466925"><ele>3542.732889</ele><time>2026-09-14T23:20:07Z</time><extensions><speed>0.517090</speed><course>205.559238</course><hAcc>1.647759</hAcc><vAcc>0.690283</vAcc></extensions></trkpt>
      <trkpt lon="120.953395" lat="23.466922"><ele>3542.666602</ele><time>2026-09-14T23:20:08Z</time><extensions><speed>0.253913</speed><course>163.293856</course><hAcc>1.668481</hAcc><vAcc>0.690283</vAcc></extensions></trkpt>
      <trkpt lon="120.953396" lat="23.466921"><ele>3542.602629</ele><time>2026-09-14T23:20:09Z</time><extensions><speed>0.232329</speed><course>77.895119</course><hAcc>1.621781</hAcc><vAcc>0.690283</vAcc></extensions></trkpt>
      <trkpt lon="120.953399" lat="23.466922"><ele>3542.541391</ele><time>2026-09-14T23:20:10Z</time><extensions><speed>0.258513</speed><course>69.606289</course><hAcc>1.618679</hAcc><vAcc>0.690283</vAcc></extensions></trkpt>
      <trkpt lon="120.953401" lat="23.466922"><ele>3542.482934</ele><time>2026-09-14T23:20:11Z</time><extensions><speed>0.208046</speed><course>66.743511</course><hAcc>1.631006</hAcc><vAcc>0.690283</vAcc></extensions></trkpt>
      <trkpt lon="120.953402" lat="23.466923"><ele>3542.426828</ele><time>2026-09-14T23:20:12Z</time><extensions><speed>0.135638</speed><course>64.184476</course><hAcc>1.631616</hAcc><vAcc>0.690283</vAcc></extensions></trkpt>
      <trkpt lon="120.953403" lat="23.466923"><ele>3542.372296</ele><time>2026-09-14T23:20:13Z</time><extensions><speed>0.063039</speed><course>55.654435</course><hAcc>1.618398</hAcc><vAcc>0.690283</vAcc></extensions></trkpt>
      <trkpt lon="120.953403" lat="23.466923"><ele>3542.318169</ele><time>2026-09-14T23:20:14Z</time><extensions><speed>0.029776</speed><course>168.511667</course><hAcc>1.636101</hAcc><vAcc>0.690283</vAcc></extensions></trkpt>
      <trkpt lon="120.953403" lat="23.466922"><ele>3542.263063</ele><time>2026-09-14T23:20:15Z</time><extensions><speed>0.133281</speed><course>170.749728</course><hAcc>1.647775</hAcc><vAcc>0.690283</vAcc></extensions></trkpt>
      <trkpt lon="120.953404" lat="23.466921"><ele>3542.205527</ele><time>2026-09-14T23:20:16Z</time><extensions><speed>0.231325</speed><course>167.092554</course><hAcc>1.638625</hAcc><vAcc>0.690283</vAcc></extensions></trkpt>
      <trkpt lon="120.953404" lat="23.466918"><ele>3542.144077</ele><time>2026-09-14T23:20:17Z</time><extensions><speed>0.281933</speed><course>167.309871</course><hAcc>1.620648</hAcc><vAcc>0.690283</vAcc></extensions></trkpt>
      <trkpt lon="120.953405" lat="23.466915"><ele>3542.077636</ele><time>2026-09-14T23:20:18Z</time><extensions><speed>0.452315</speed><course>158.947766</course><hAcc>1.605284</hAcc><vAcc>0.690283</vAcc></extensions></trkpt>
      <trkpt lon="120.953407" lat="23.466911"><ele>3542.005553</ele><time>2026-09-14T23:20:19Z</time><extensions><speed>0.538070</speed><course>163.584917</course><hAcc>1.594591</hAcc><vAcc>0.690283</vAcc></extensions></trkpt>
      <trkpt lon="120.953408" lat="23.466906"><ele>3541.927575</ele><time>2026-09-14T23:20:20Z</time><extensions><speed>0.592670</speed><course>163.857818</course><hAcc>1.581470</hAcc><vAcc>0.690283</vAcc></extensions></trkpt>
      <trkpt lon="120.953410" lat="23.466902"><ele>3541.843723</ele><time>2026-09-14T23:20:21Z</time><extensions><speed>0.567172</speed><course>163.746960</course><hAcc>1.586077</hAcc><vAcc>0.690283</vAcc></extensions></trkpt>
      <trkpt lon="120.953411" lat="23.466897"><ele>3541.754218</ele><time>2026-09-14T23:20:22Z</time><extensions><speed>0.542954</speed><course>166.194708</course><hAcc>1.588507</hAcc><vAcc>0.690283</vAcc></extensions></trkpt>
      <trkpt lon="120.953412" lat="23.466893"><ele>3541.659279</ele><time>2026-09-14T23:20:23Z</time><extensions><speed>0.575732</speed><course>171.236092</course><hAcc>1.582747</hAcc><vAcc>0.690283</vAcc></extensions></trkpt>
      <trkpt lon="120.953413" lat="23.466888"><ele>3541.559209</ele><time>2026-09-14T23:20:24Z</time><extensions><speed>0.620236</speed><course>171.605281</course><hAcc>1.567324</hAcc><vAcc>0.690283</vAcc></extensions></trkpt>
      <trkpt lon="120.953414" lat="23.466883"><ele>3541.454392</ele><time>2026-09-14T23:20:25Z</time><extensions><speed>0.589981</speed><course>167.462562</course><hAcc>1.548000</hAcc><vAcc>0.690283</vAcc></extensions></trkpt>
      <trkpt lon="120.953416" lat="23.466878"><ele>3541.345213</ele><time>2026-09-14T23:20:26Z</time><extensions><speed>0.516053</speed><course>163.221765</course><hAcc>1.557740</hAcc><vAcc>0.690283</vAcc></extensions></trkpt>
      <trkpt lon="120.953416" lat="23.466875"><ele>3541.232450</ele><time>2026-09-14T23:20:27Z</time><extensions><speed>0.182100</speed><course>182.634516</course><hAcc>1.565764</hAcc><vAcc>0.690283</vAcc></extensions></trkpt>
      <trkpt lon="120.953415" lat="23.466875"><ele>3541.117035</ele><time>2026-09-14T23:20:28Z</time><extensions><speed>0.245652</speed><course>286.610962</course><hAcc>1.591946</hAcc><vAcc>0.690283</vAcc></extensions></trkpt>
      <trkpt lon="120.953412" lat="23.466877"><ele>3541.000134</ele><time>2026-09-14T23:20:29Z</time><extensions><speed>0.522052</speed><course>308.776196</course><hAcc>1.596075</hAcc><vAcc>0.690283</vAcc></extensions></trkpt>
      <trkpt lon="120.953408" lat="23.466881"><ele>3540.883109</ele><time>2026-09-14T23:20:30Z</time><extensions><speed>0.714743</speed><course>317.657559</course><hAcc>1.600326</hAcc><vAcc>0.690283</vAcc></extensions></trkpt>
      <trkpt lon="120.953403" lat="23.466886"><ele>3540.767305</ele><time>2026-09-14T23:20:31Z</time><extensions><speed>0.886988</speed><course>325.690362</course><hAcc>1.587646</hAcc><vAcc>0.690283</vAcc></extensions></trkpt>
      <trkpt lon="120.953398" lat="23.466894"><ele>3540.654050</ele><time>2026-09-14T23:20:32Z</time><extensions><speed>0.952818</speed><course>327.007397</course><hAcc>1.591542</hAcc><vAcc>0.690283</vAcc></extensions></trkpt>
      <trkpt lon="120.953393" lat="23.466901"><ele>3540.544483</ele><time>2026-09-14T23:20:33Z</time><extensions><speed>0.911017</speed><course>326.147864</course><hAcc>1.613771</hAcc><vAcc>0.690283</vAcc></extensions></trkpt>
      <trkpt lon="120.953388" lat="23.466907"><ele>3540.439490</ele><time>2026-09-14T23:20:34Z</time><extensions><speed>0.828687</speed><course>320.978406</course><hAcc>1.639978</hAcc><vAcc>0.690283</vAcc></extensions></trkpt>
      <trkpt lon="120.953383" lat="23.466913"><ele>3540.339687</ele><time>2026-09-14T23:20:35Z</time><extensions><speed>0.787456</speed><course>324.659339</course><hAcc>1.635917</hAcc><vAcc>0.690283</vAcc></extensions></trkpt>
      <trkpt lon="120.953379" lat="23.466919"><ele>3540.245351</ele><time>2026-09-14T23:20:36Z</time><extensions><speed>0.786252</speed><course>325.620222</course><hAcc>1.626742</hAcc><vAcc>0.690283</vAcc></extensions></trkpt>
      <trkpt lon="120.953374" lat="23.466925"><ele>3540.156437</ele><time>2026-09-14T23:20:37Z</time><extensions><speed>0.794149</speed><course>323.761711</course><hAcc>1.617757</hAcc><vAcc>0.690283</vAcc></extensions></trkpt>
      <trkpt lon="120.953370" lat="23.466930"><ele>3540.072665</ele><time>2026-09-14T23:20:38Z</time><extensions><speed>0.732294</speed><course>321.613419</course><hAcc>1.618281</hAcc><vAcc>0.690283</vAcc></extensions></trkpt>
      <trkpt lon="120.953365" lat="23.466935"><ele>3539.993600</ele><time>2026-09-14T23:20:39Z</time><extensions><speed>0.726119</speed><course>315.207043</course><hAcc>1.616138</hAcc><vAcc>0.690283</vAcc></extensions></trkpt>
      <trkpt lon="120.953360" lat="23.466940"><ele>3539.918664</ele><time>2026-09-14T23:20:40Z</time><extensions><speed>0.729951</speed><course>318.350280</course><hAcc>1.581796</hAcc><vAcc>0.690283</vAcc></extensions></trkpt>
      <trkpt lon="120.953356" lat="23.466945"><ele>3539.847300</ele><time>2026-09-14T23:20:41Z</time><extensions><speed>0.627819</speed><course>319.943528</course><hAcc>1.558305</hAcc><vAcc>0.690283</vAcc></extensions></trkpt>
      <trkpt lon="120.953352" lat="23.466949"><ele>3539.778853</ele><time>2026-09-14T23:20:42Z</time><extensions><speed>0.546491</speed><course>318.329727</course><hAcc>1.554315</hAcc><vAcc>0.690283</vAcc></extensions></trkpt>
      <trkpt lon="120.953349" lat="23.466952"><ele>3539.712636</ele><time>2026-09-14T23:20:43Z</time><extensions><speed>0.394567</speed><course>311.572255</course><hAcc>1.582837</hAcc><vAcc>0.690283</vAcc></extensions></trkpt>
      <trkpt lon="120.953346" lat="23.466954"><ele>3539.647980</ele><time>2026-09-14T23:20:44Z</time><extensions><speed>0.488116</speed><course>310.145784</course><hAcc>1.568356</hAcc><vAcc>0.690283</vAcc></extensions></trkpt>
      <trkpt lon="120.953341" lat="23.466957"><ele>3539.584154</ele><time>2026-09-14T23:20:45Z</time><extensions><speed>0.572129</speed><course>303.891483</course><hAcc>1.544891</hAcc><vAcc>0.690283</vAcc></extensions></trkpt>
      <trkpt lon="120.953337" lat="23.466960"><ele>3539.520453</ele><time>2026-09-14T23:20:46Z</time><extensions><speed>0.515043</speed><course>303.363381</course><hAcc>1.546523</hAcc><vAcc>0.690283</vAcc></extensions></trkpt>
      <trkpt lon="120.953333" lat="23.466962"><ele>3539.456131</ele><time>2026-09-14T23:20:47Z</time><extensions><speed>0.392604</speed><course>306.994536</course><hAcc>1.585321</hAcc><vAcc>0.690283</vAcc></extensions></trkpt>
      <trkpt lon="120.953331" lat="23.466964"><ele>3539.390455</ele><time>2026-09-14T23:20:48Z</time><extensions><speed>0.297188</speed><course>308.088882</course><hAcc>1.579637</hAcc><vAcc>0.690283</vAcc></extensions></trkpt>
      <trkpt lon="120.953329" lat="23.466966"><ele>3539.322827</ele><time>2026-09-14T23:20:49Z</time><extensions><speed>0.258349</speed><course>310.145082</course><hAcc>1.566661</hAcc><vAcc>0.690283</vAcc></extensions></trkpt>
      <trkpt lon="120.953327" lat="23.466968"><ele>3539.252648</ele><time>2026-09-14T23:20:50Z</time><extensions><speed>0.285911</speed><course>312.662775</course><hAcc>1.587369</hAcc><vAcc>0.690283</vAcc></extensions></trkpt>
      <trkpt lon="120.953324" lat="23.466970"><ele>3539.179511</ele><time>2026-09-14T23:20:51Z</time><extensions><speed>0.327220</speed><course>315.930380</course><hAcc>1.596099</hAcc><vAcc>0.690283</vAcc></extensions></trkpt>
      <trkpt lon="120.953322" lat="23.466972"><ele>3539.103142</ele><time>2026-09-14T23:20:52Z</time><extensions><speed>0.346818</speed><course>319.497585</course><hAcc>1.597291</hAcc><vAcc>0.690283</vAcc></extensions></trkpt>
      <trkpt lon="120.953320" lat="23.466975"><ele>3539.023337</ele><time>2026-09-14T23:20:53Z</time><extensions><speed>0.340979</speed><course>323.754089</course><hAcc>1.601769</hAcc><vAcc>0.690283</vAcc></extensions></trkpt>
      <trkpt lon="120.953318" lat="23.466977"><ele>3538.939942</ele><time>2026-09-14T23:20:54Z</time><extensions><speed>0.320450</speed><course>331.842005</course><hAcc>1.599566</hAcc><vAcc>0.690283</vAcc></extensions></trkpt>
      <trkpt lon="120.953317" lat="23.466980"><ele>3538.852887</ele><time>2026-09-14T23:20:55Z</time><extensions><speed>0.391573</speed><course>336.358749</course><hAcc>1.599944</hAcc><vAcc>0.690283</vAcc></extensions></trkpt>
      <trkpt lon="120.953315" lat="23.466984"><ele>3538.762064</ele><time>2026-09-14T23:20:56Z</time><extensions><speed>0.450045</speed><course>336.107207</course><hAcc>1.603792</hAcc><vAcc>0.690283</vAcc></extensions></trkpt>
      <trkpt lon="120.953313" lat="23.466988"><ele>3538.667457</ele><time>2026-09-14T23:20:57Z</time><extensions><speed>0.514679</speed><course>333.453035</course><hAcc>1.605081</hAcc><vAcc>0.690283</vAcc></extensions></trkpt>
      <trkpt lon="120.953310" lat="23.466992"><ele>3538.569331</ele><time>2026-09-14T23:20:58Z</time><extensions><speed>0.650829</speed><course>327.716331</course><hAcc>1.598717</hAcc><vAcc>0.690283</vAcc></extensions></trkpt>
      <trkpt lon="120.953306" lat="23.466997"><ele>3538.468021</ele><time>2026-09-14T23:20:59Z</time><extensions><speed>0.627529</speed><course>324.916866</course><hAcc>1.616827</hAcc><vAcc>0.690283</vAcc></extensions></trkpt>
      <trkpt lon="120.953303" lat="23.467001"><ele>3538.364200</ele><time>2026-09-14T23:21:00Z</time><extensions><speed>0.570738</speed><course>322.085018</course><hAcc>1.635197</hAcc><vAcc>0.690283</vAcc></extensions></trkpt>
      <trkpt lon="120.953299" lat="23.467005"><ele>3538.258769</ele><time>2026-09-14T23:21:01Z</time><extensions><speed>0.550213</speed><course>319.825765</course><hAcc>1.631365</hAcc><vAcc>0.690283</vAcc></extensions></trkpt>
      <trkpt lon="120.953296" lat="23.467009"><ele>3538.152838</ele><time>2026-09-14T23:21:02Z</time><extensions><speed>0.451240</speed><course>321.191031</course><hAcc>1.611310</hAcc><vAcc>0.690283</vAcc></extensions></trkpt>
      <trkpt lon="120.953293" lat="23.467013"><ele>3538.047755</ele><time>2026-09-14T23:21:03Z</time><extensions><speed>0.572949</speed><course>322.268611</course><hAcc>1.588403</hAcc><vAcc>0.690283</vAcc></extensions></trkpt>
      <trkpt lon="120.953290" lat="23.467017"><ele>3537.944896</ele><time>2026-09-14T23:21:04Z</time><extensions><speed>0.591909</speed><course>323.535955</course><hAcc>1.613111</hAcc><vAcc>0.690283</vAcc></extensions></trkpt>
      <trkpt lon="120.953287" lat="23.467021"><ele>3537.845582</ele><time>2026-09-14T23:21:05Z</time><extensions><speed>0.555693</speed><course>324.780619</course><hAcc>1.646127</hAcc><vAcc>0.690283</vAcc></extensions></trkpt>
      <trkpt lon="120.953283" lat="23.467025"><ele>3537.750915</ele><time>2026-09-14T23:21:06Z</time><extensions><speed>0.628068</speed><course>323.362381</course><hAcc>1.636104</hAcc><vAcc>0.690283</vAcc></extensions></trkpt>
      <trkpt lon="120.953279" lat="23.467030"><ele>3537.661602</ele><time>2026-09-14T23:21:07Z</time><extensions><speed>0.626172</speed><course>318.755130</course><hAcc>1.623618</hAcc><vAcc>0.690283</vAcc></extensions></trkpt>
      <trkpt lon="120.953275" lat="23.467034"><ele>3537.577938</ele><time>2026-09-14T23:21:08Z</time><extensions><speed>0.570675</speed><course>317.745928</course><hAcc>1.653075</hAcc><vAcc>0.690283</vAcc></extensions></trkpt>
      <trkpt lon="120.953272" lat="23.467037"><ele>3537.499883</ele><time>2026-09-14T23:21:09Z</time><extensions><speed>0.518825</speed><course>308.699070</course><hAcc>1.655158</hAcc><vAcc>0.690283</vAcc></extensions></trkpt>
      <trkpt lon="120.953268" lat="23.467040"><ele>3537.427070</ele><time>2026-09-14T23:21:10Z</time><extensions><speed>0.350802</speed><course>309.428529</course><hAcc>1.665992</hAcc><vAcc>0.690283</vAcc></extensions></trkpt>
      <trkpt lon="120.953266" lat="23.467041"><ele>3537.358923</ele><time>2026-09-14T23:21:11Z</time><extensions><speed>0.275610</speed><course>314.646109</course><hAcc>1.685603</hAcc><vAcc>0.690283</vAcc></extensions></trkpt>
      <trkpt lon="120.953264" lat="23.467043"><ele>3537.294837</ele><time>2026-09-14T23:21:12Z</time><extensions><speed>0.196041</speed><course>319.961917</course><hAcc>1.710969</hAcc><vAcc>0.690283</vAcc></extensions></trkpt>
      <trkpt lon="120.953264" lat="23.467044"><ele>3537.233960</ele><time>2026-09-14T23:21:13Z</time><extensions><speed>0.090741</speed><course>340.923868</course><hAcc>1.734275</hAcc><vAcc>0.690283</vAcc></extensions></trkpt>
      <trkpt lon="120.953263" lat="23.467045"><ele>3537.175442</ele><time>2026-09-14T23:21:14Z</time><extensions><speed>0.059053</speed><course>350.669644</course><hAcc>1.741465</hAcc><vAcc>0.690283</vAcc></extensions></trkpt>
      <trkpt lon="120.953263" lat="23.467045"><ele>3537.118375</ele><time>2026-09-14T23:21:15Z</time><extensions><speed>0.059339</speed><course>332.224398</course><hAcc>1.737949</hAcc><vAcc>0.690283</vAcc></extensions></trkpt>
      <trkpt lon="120.953263" lat="23.467046"><ele>3537.061768</ele><time>2026-09-14T23:21:16Z</time><extensions><speed>0.089334</speed><course>312.709874</course><hAcc>1.729289</hAcc><vAcc>0.690283</vAcc></extensions></trkpt>
      <trkpt lon="120.953262" lat="23.467046"><ele>3537.004709</ele><time>2026-09-14T23:21:17Z</time><extensions><speed>0.135312</speed><course>305.858909</course><hAcc>1.720046</hAcc><vAcc>0.690283</vAcc></extensions></trkpt>
      <trkpt lon="120.953261" lat="23.467047"><ele>3536.946122</ele><time>2026-09-14T23:21:18Z</time><extensions><speed>0.183963</speed><course>303.513125</course><hAcc>1.714495</hAcc><vAcc>0.690283</vAcc></extensions></trkpt>
      <trkpt lon="120.953259" lat="23.467048"><ele>3536.884991</ele><time>2026-09-14T23:21:19Z</time><extensions><speed>0.215180</speed><course>303.570629</course><hAcc>1.721596</hAcc><vAcc>0.690283</vAcc></extensions></trkpt>
      <trkpt lon="120.953257" lat="23.467049"><ele>3536.820407</ele><time>2026-09-14T23:21:20Z</time><extensions><speed>0.187071</speed><course>306.857179</course><hAcc>1.736937</hAcc><vAcc>0.690283</vAcc></extensions></trkpt>
      <trkpt lon="120.953256" lat="23.467050"><ele>3536.751579</ele><time>2026-09-14T23:21:21Z</time><extensions><speed>0.179525</speed><course>315.352867</course><hAcc>1.717064</hAcc><vAcc>0.690283</vAcc></extensions></trkpt>
      <trkpt lon="120.953255" lat="23.467052"><ele>3536.677904</ele><time>2026-09-14T23:21:22Z</time><extensions><speed>0.145737</speed><course>329.324461</course><hAcc>1.710786</hAcc><vAcc>0.690283</vAcc></extensions></trkpt>
      <trkpt lon="120.953255" lat="23.467053"><ele>3536.599090</ele><time>2026-09-14T23:21:23Z</time><extensions><speed>0.119699</speed><course>352.447223</course><hAcc>1.718439</hAcc><vAcc>0.690283</vAcc></extensions></trkpt>
      <trkpt lon="120.953255" lat="23.467054"><ele>3536.515013</ele><time>2026-09-14T23:21:24Z</time><extensions><speed>0.125755</speed><course>20.093631</course><hAcc>1.729826</hAcc><vAcc>0.690283</vAcc></extensions></trkpt>
      <trkpt lon="120.953256" lat="23.467055"><ele>3536.425732</ele><time>2026-09-14T23:21:25Z</time><extensions><speed>0.160258</speed><course>38.061067</course><hAcc>1.742344</hAcc><vAcc>0.690283</vAcc></extensions></trkpt>
      <trkpt lon="120.953257" lat="23.467056"><ele>3536.331821</ele><time>2026-09-14T23:21:26Z</time><extensions><speed>0.198803</speed><course>44.683875</course><hAcc>1.752935</hAcc><vAcc>0.690283</vAcc></extensions></trkpt>
      <trkpt lon="120.953258" lat="23.467057"><ele>3536.233864</ele><time>2026-09-14T23:21:27Z</time><extensions><speed>0.216103</speed><course>42.367599</course><hAcc>1.754678</hAcc><vAcc>0.690283</vAcc></extensions></trkpt>
      <trkpt lon="120.953260" lat="23.467059"><ele>3536.133116</ele><time>2026-09-14T23:21:28Z</time><extensions><speed>0.205902</speed><course>47.478319</course><hAcc>1.756750</hAcc><vAcc>0.690283</vAcc></extensions></trkpt>
      <trkpt lon="120.953261" lat="23.467060"><ele>3536.031209</ele><time>2026-09-14T23:21:29Z</time><extensions><speed>0.211736</speed><course>65.967583</course><hAcc>1.763349</hAcc><vAcc>0.690283</vAcc></extensions></trkpt>
      <trkpt lon="120.953263" lat="23.467060"><ele>3535.929922</ele><time>2026-09-14T23:21:30Z</time><extensions><speed>0.229324</speed><course>73.484696</course><hAcc>1.770182</hAcc><vAcc>0.690283</vAcc></extensions></trkpt>
      <trkpt lon="120.953266" lat="23.467061"><ele>3535.831570</ele><time>2026-09-14T23:21:31Z</time><extensions><speed>0.239663</speed><course>68.413004</course><hAcc>1.773792</hAcc><vAcc>0.690283</vAcc></extensions></trkpt>
      <trkpt lon="120.953268" lat="23.467062"><ele>3535.738609</ele><time>2026-09-14T23:21:32Z</time><extensions><speed>0.236154</speed><course>54.271233</course><hAcc>1.779447</hAcc><vAcc>0.690283</vAcc></extensions></trkpt>
      <trkpt lon="120.953269" lat="23.467064"><ele>3535.653460</ele><time>2026-09-14T23:21:33Z</time><extensions><speed>0.237631</speed><course>44.996837</course><hAcc>1.786097</hAcc><vAcc>0.690283</vAcc></extensions></trkpt>
      <trkpt lon="120.953271" lat="23.467065"><ele>3535.578358</ele><time>2026-09-14T23:21:34Z</time><extensions><speed>0.229443</speed><course>34.375638</course><hAcc>1.786918</hAcc><vAcc>0.690283</vAcc></extensions></trkpt>
      <trkpt lon="120.953272" lat="23.467067"><ele>3535.515181</ele><time>2026-09-14T23:21:35Z</time><extensions><speed>0.209692</speed><course>15.761070</course><hAcc>1.781999</hAcc><vAcc>0.690283</vAcc></extensions></trkpt>
      <trkpt lon="120.953272" lat="23.467069"><ele>3535.465004</ele><time>2026-09-14T23:21:36Z</time><extensions><speed>0.193415</speed><course>349.856316</course><hAcc>1.782037</hAcc><vAcc>0.690283</vAcc></extensions></trkpt>
      <trkpt lon="120.953271" lat="23.467070"><ele>3535.428194</ele><time>2026-09-14T23:21:37Z</time><extensions><speed>0.209745</speed><course>324.322290</course><hAcc>1.786872</hAcc><vAcc>0.690283</vAcc></extensions></trkpt>
      <trkpt lon="120.953269" lat="23.467072"><ele>3535.404173</ele><time>2026-09-14T23:21:38Z</time><extensions><speed>0.371748</speed><course>308.082122</course><hAcc>1.780826</hAcc><vAcc>0.690283</vAcc></extensions></trkpt>
      <trkpt lon="120.953265" lat="23.467074"><ele>3535.391441</ele><time>2026-09-14T23:21:39Z</time><extensions><speed>0.547791</speed><course>301.987358</course><hAcc>1.768581</hAcc><vAcc>0.690283</vAcc></extensions></trkpt>
      <trkpt lon="120.953260" lat="23.467077"><ele>3535.387978</ele><time>2026-09-14T23:21:40Z</time><extensions><speed>0.751900</speed><course>299.202532</course><hAcc>1.753597</hAcc><vAcc>0.690283</vAcc></extensions></trkpt>
      <trkpt lon="120.953253" lat="23.467081"><ele>3535.391054</ele><time>2026-09-14T23:21:41Z</time><extensions><speed>0.876105</speed><course>296.780763</course><hAcc>1.744816</hAcc><vAcc>0.690283</vAcc></extensions></trkpt>
      <trkpt lon="120.953245" lat="23.467084"><ele>3535.397837</ele><time>2026-09-14T23:21:42Z</time><extensions><speed>0.893373</speed><course>295.592840</course><hAcc>1.739566</hAcc><vAcc>0.690283</vAcc></extensions></trkpt>
      <trkpt lon="120.953237" lat="23.467088"><ele>3535.405610</ele><time>2026-09-14T23:21:43Z</time><extensions><speed>0.875745</speed><course>293.995294</course><hAcc>1.729555</hAcc><vAcc>0.690283</vAcc></extensions></trkpt>
      <trkpt lon="120.953230" lat="23.467091"><ele>3535.411811</ele><time>2026-09-14T23:21:44Z</time><extensions><speed>0.755739</speed><course>291.675753</course><hAcc>1.738487</hAcc><vAcc>0.690283</vAcc></extensions></trkpt>
      <trkpt lon="120.953224" lat="23.467093"><ele>3535.414398</ele><time>2026-09-14T23:21:45Z</time><extensions><speed>0.489327</speed><course>286.139528</course><hAcc>1.739268</hAcc><vAcc>0.690283</vAcc></extensions></trkpt>
      <trkpt lon="120.953220" lat="23.467093"><ele>3535.411584</ele><time>2026-09-14T23:21:46Z</time><extensions><speed>0.364145</speed><course>277.466995</course><hAcc>1.716741</hAcc><vAcc>0.690283</vAcc></extensions></trkpt>
      <trkpt lon="120.953216" lat="23.467094"><ele>3535.402009</ele><time>2026-09-14T23:21:47Z</time><extensions><speed>0.456776</speed><course>280.613283</course><hAcc>1.700263</hAcc><vAcc>0.690283</vAcc></extensions></trkpt>
      <trkpt lon="120.953211" lat="23.467095"><ele>3535.384710</ele><time>2026-09-14T23:21:48Z</time><extensions><speed>0.567173</speed><course>286.436210</course><hAcc>1.703485</hAcc><vAcc>0.690283</vAcc></extensions></trkpt>
      <trkpt lon="120.953206" lat="23.467097"><ele>3535.358921</ele><time>2026-09-14T23:21:49Z</time><extensions><speed>0.618521</speed><course>291.923075</course><hAcc>1.722524</hAcc><vAcc>0.690283</vAcc></extensions></trkpt>
      <trkpt lon="120.953200" lat="23.467099"><ele>3535.324233</ele><time>2026-09-14T23:21:50Z</time><extensions><speed>0.581997</speed><course>296.945276</course><hAcc>1.730784</hAcc><vAcc>0.690283</vAcc></extensions></trkpt>
      <trkpt lon="120.953195" lat="23.467101"><ele>3535.280382</ele><time>2026-09-14T23:21:51Z</time><extensions><speed>0.586540</speed><course>300.607479</course><hAcc>1.708389</hAcc><vAcc>0.690283</vAcc></extensions></trkpt>
      <trkpt lon="120.953190" lat="23.467104"><ele>3535.227263</ele><time>2026-09-14T23:21:52Z</time><extensions><speed>0.662704</speed><course>300.025141</course><hAcc>1.690872</hAcc><vAcc>0.690283</vAcc></extensions></trkpt>
      <trkpt lon="120.953184" lat="23.467107"><ele>3535.164953</ele><time>2026-09-14T23:21:53Z</time><extensions><speed>0.715164</speed><course>296.015679</course><hAcc>1.689750</hAcc><vAcc>0.690283</vAcc></extensions></trkpt>
      <trkpt lon="120.953178" lat="23.467109"><ele>3535.093618</ele><time>2026-09-14T23:21:54Z</time><extensions><speed>0.722244</speed><course>291.241683</course><hAcc>1.697980</hAcc><vAcc>0.690283</vAcc></extensions></trkpt>
      <trkpt lon="120.953171" lat="23.467111"><ele>3535.013580</ele><time>2026-09-14T23:21:55Z</time><extensions><speed>0.743518</speed><course>286.120868</course><hAcc>1.708437</hAcc><vAcc>0.690283</vAcc></extensions></trkpt>
      <trkpt lon="120.953165" lat="23.467113"><ele>3534.925254</ele><time>2026-09-14T23:21:56Z</time><extensions><speed>0.635668</speed><course>276.958005</course><hAcc>1.697942</hAcc><vAcc>0.690283</vAcc></extensions></trkpt>
      <trkpt lon="120.953159" lat="23.467113"><ele>3534.829112</ele><time>2026-09-14T23:21:57Z</time><extensions><speed>0.494416</speed><course>261.029686</course><hAcc>1.705145</hAcc><vAcc>0.690283</vAcc></extensions></trkpt>
      <trkpt lon="120.953155" lat="23.467111"><ele>3534.725715</ele><time>2026-09-14T23:21:58Z</time><extensions><speed>0.383210</speed><course>227.541620</course><hAcc>1.717431</hAcc><vAcc>0.690283</vAcc></extensions></trkpt>
      <trkpt lon="120.953154" lat="23.467108"><ele>3534.615622</ele><time>2026-09-14T23:21:59Z</time><extensions><speed>0.479507</speed><course>187.676544</course><hAcc>1.715227</hAcc><vAcc>0.690283</vAcc></extensions></trkpt>
      <trkpt lon="120.953154" lat="23.467103"><ele>3534.499451</ele><time>2026-09-14T23:22:00Z</time><extensions><speed>0.621568</speed><course>165.108819</course><hAcc>1.729024</hAcc><vAcc>0.690283</vAcc></extensions></trkpt>
      <trkpt lon="120.953157" lat="23.467097"><ele>3534.377855</ele><time>2026-09-14T23:22:01Z</time><extensions><speed>0.722250</speed><course>154.437774</course><hAcc>1.745923</hAcc><vAcc>0.690283</vAcc></extensions></trkpt>
      <trkpt lon="120.953160" lat="23.467091"><ele>3534.251468</ele><time>2026-09-14T23:22:02Z</time><extensions><speed>0.757518</speed><course>149.203858</course><hAcc>1.756606</hAcc><vAcc>0.690283</vAcc></extensions></trkpt>
      <trkpt lon="120.953164" lat="23.467085"><ele>3534.120862</ele><time>2026-09-14T23:22:03Z</time><extensions><speed>0.763200</speed><course>145.742800</course><hAcc>1.762539</hAcc><vAcc>0.690283</vAcc></extensions></trkpt>
      <trkpt lon="120.953169" lat="23.467080"><ele>3533.986585</ele><time>2026-09-14T23:22:04Z</time><extensions><speed>0.772583</speed><course>140.476346</course><hAcc>1.770543</hAcc><vAcc>0.690283</vAcc></extensions></trkpt>
      <trkpt lon="120.953174" lat="23.467075"><ele>3533.849115</ele><time>2026-09-14T23:22:05Z</time><extensions><speed>0.778006</speed><course>136.642013</course><hAcc>1.775871</hAcc><vAcc>0.690283</vAcc></extensions></trkpt>
      <trkpt lon="120.953179" lat="23.467069"><ele>3533.708892</ele><time>2026-09-14T23:22:06Z</time><extensions><speed>0.768298</speed><course>135.811640</course><hAcc>1.777011</hAcc><vAcc>0.690283</vAcc></extensions></trkpt>
      <trkpt lon="120.953184" lat="23.467065"><ele>3533.566352</ele><time>2026-09-14T23:22:07Z</time><extensions><speed>0.715263</speed><course>137.304849</course><hAcc>1.778373</hAcc><vAcc>0.690282</vAcc></extensions></trkpt>
      <trkpt lon="120.953188" lat="23.467060"><ele>3533.421894</ele><time>2026-09-14T23:22:08Z</time><extensions><speed>0.643542</speed><course>140.562229</course><hAcc>1.779386</hAcc><vAcc>0.690282</vAcc></extensions></trkpt>
      <trkpt lon="120.953192" lat="23.467056"><ele>3533.275980</ele><time>2026-09-14T23:22:09Z</time><extensions><speed>0.568788</speed><course>145.223767</course><hAcc>1.779240</hAcc><vAcc>0.690281</vAcc></extensions></trkpt>
      <trkpt lon="120.953195" lat="23.467052"><ele>3533.129031</ele><time>2026-09-14T23:22:10Z</time><extensions><speed>0.516591</speed><course>148.182593</course><hAcc>1.781795</hAcc><vAcc>0.690281</vAcc></extensions></trkpt>
      <trkpt lon="120.953197" lat="23.467048"><ele>3532.981460</ele><time>2026-09-14T23:22:11Z</time><extensions><speed>0.460192</speed><course>148.411842</course><hAcc>1.785928</hAcc><vAcc>0.690282</vAcc></extensions></trkpt>
      <trkpt lon="120.953200" lat="23.467044"><ele>3532.833996</ele><time>2026-09-14T23:22:12Z</time><extensions><speed>0.421782</speed><course>144.113303</course><hAcc>1.785637</hAcc><vAcc>0.690283</vAcc></extensions></trkpt>
      <trkpt lon="120.953202" lat="23.467042"><ele>3532.687311</ele><time>2026-09-14T23:22:13Z</time><extensions><speed>0.371303</speed><course>139.346200</course><hAcc>1.783625</hAcc><vAcc>0.690283</vAcc></extensions></trkpt>
      <trkpt lon="120.953204" lat="23.467039"><ele>3532.542155</ele><time>2026-09-14T23:22:14Z</time><extensions><speed>0.269297</speed><course>137.849944</course><hAcc>1.786061</hAcc><vAcc>0.690283</vAcc></extensions></trkpt>
      <trkpt lon="120.953206" lat="23.467038"><ele>3532.399318</ele><time>2026-09-14T23:22:15Z</time><extensions><speed>0.182875</speed><course>136.957209</course><hAcc>1.787456</hAcc><vAcc>0.690283</vAcc></extensions></trkpt>
      <trkpt lon="120.953207" lat="23.467037"><ele>3532.259617</ele><time>2026-09-14T23:22:16Z</time><extensions><speed>0.076332</speed><course>149.517928</course><hAcc>1.786797</hAcc><vAcc>0.690283</vAcc></extensions></trkpt>
      <trkpt lon="120.953206" lat="23.467037"><ele>3532.123948</ele><time>2026-09-14T23:22:17Z</time><extensions><speed>0.051645</speed><course>264.748428</course><hAcc>1.787202</hAcc><vAcc>0.690283</vAcc></extensions></trkpt>
      <trkpt lon="120.953206" lat="23.467037"><ele>3531.993220</ele><time>2026-09-14T23:22:18Z</time><extensions><speed>0.149025</speed><course>289.241024</course><hAcc>1.788031</hAcc><vAcc>0.690283</vAcc></extensions></trkpt>
      <trkpt lon="120.953204" lat="23.467038"><ele>3531.868247</ele><time>2026-09-14T23:22:19Z</time><extensions><speed>0.201475</speed><course>292.721114</course><hAcc>1.791211</hAcc><vAcc>0.690283</vAcc></extensions></trkpt>
      <trkpt lon="120.953202" lat="23.467038"><ele>3531.749619</ele><time>2026-09-14T23:22:20Z</time><extensions><speed>0.260213</speed><course>294.106283</course><hAcc>1.789334</hAcc><vAcc>0.690283</vAcc></extensions></trkpt>
      <trkpt lon="120.953199" lat="23.467040"><ele>3531.637574</ele><time>2026-09-14T23:22:21Z</time><extensions><speed>0.394932</speed><course>294.738333</course><hAcc>1.778626</hAcc><vAcc>0.690283</vAcc></extensions></trkpt>
      <trkpt lon="120.953195" lat="23.467041"><ele>3531.531732</ele><time>2026-09-14T23:22:22Z</time><extensions><speed>0.482928</speed><course>294.897157</course><hAcc>1.767713</hAcc><vAcc>0.690284</vAcc></extensions></trkpt>
      <trkpt lon="120.953190" lat="23.467043"><ele>3531.431377</ele><time>2026-09-14T23:22:23Z</time><extensions><speed>0.643480</speed><course>294.924417</course><hAcc>1.756699</hAcc><vAcc>0.690284</vAcc></extensions></trkpt>
      <trkpt lon="120.953183" lat="23.467046"><ele>3531.335514</ele><time>2026-09-14T23:22:24Z</time><extensions><speed>0.833885</speed><course>294.896266</course><hAcc>1.762909</hAcc><vAcc>0.690284</vAcc></extensions></trkpt>
      <trkpt lon="120.953176" lat="23.467050"><ele>3531.242962</ele><time>2026-09-14T23:22:25Z</time><extensions><speed>0.901588</speed><course>294.784931</course><hAcc>1.783308</hAcc><vAcc>0.690284</vAcc></extensions></trkpt>
      <trkpt lon="120.953168" lat="23.467053"><ele>3531.152516</ele><time>2026-09-14T23:22:26Z</time><extensions><speed>0.759604</speed><course>294.305685</course><hAcc>1.778185</hAcc><vAcc>0.690284</vAcc></extensions></trkpt>
      <trkpt lon="120.953162" lat="23.467055"><ele>3531.062944</ele><time>2026-09-14T23:22:27Z</time><extensions><speed>0.673465</speed><course>293.347323</course><hAcc>1.762556</hAcc><vAcc>0.690284</vAcc></extensions></trkpt>
      <trkpt lon="120.953156" lat="23.467058"><ele>3530.973051</ele><time>2026-09-14T23:22:28Z</time><extensions><speed>0.718093</speed><course>292.346366</course><hAcc>1.758623</hAcc><vAcc>0.690284</vAcc></extensions></trkpt>
      <trkpt lon="120.953149" lat="23.467060"><ele>3530.881807</ele><time>2026-09-14T23:22:29Z</time><extensions><speed>0.689406</speed><course>292.088490</course><hAcc>1.761179</hAcc><vAcc>0.690284</vAcc></extensions></trkpt>
      <trkpt lon="120.953143" lat="23.467062"><ele>3530.788485</ele><time>2026-09-14T23:22:30Z</time><extensions><speed>0.657937</speed><course>292.253131</course><hAcc>1.766115</hAcc><vAcc>0.690284</vAcc></extensions></trkpt>
      <trkpt lon="120.953137" lat="23.467065"><ele>3530.692638</ele><time>2026-09-14T23:22:31Z</time><extensions><speed>0.660427</speed><course>292.666023</course><hAcc>1.772795</hAcc><vAcc>0.690284</vAcc></extensions></trkpt>
      <trkpt lon="120.953131" lat="23.467067"><ele>3530.594113</ele><time>2026-09-14T23:22:32Z</time><extensions><speed>0.668390</speed><course>293.357771</course><hAcc>1.785989</hAcc><vAcc>0.690284</vAcc></extensions></trkpt>
      <trkpt lon="120.953125" lat="23.467070"><ele>3530.493093</ele><time>2026-09-14T23:22:33Z</time><extensions><speed>0.589111</speed><course>296.038613</course><hAcc>1.795993</hAcc><vAcc>0.690284</vAcc></extensions></trkpt>
      <trkpt lon="120.953121" lat="23.467072"><ele>3530.390021</ele><time>2026-09-14T23:22:34Z</time><extensions><speed>0.553229</speed><course>301.457493</course><hAcc>1.785820</hAcc><vAcc>0.690284</vAcc></extensions></trkpt>
      <trkpt lon="120.953116" lat="23.467075"><ele>3530.285389</ele><time>2026-09-14T23:22:35Z</time><extensions><speed>0.646848</speed><course>305.200957</course><hAcc>1.774191</hAcc><vAcc>0.690284</vAcc></extensions></trkpt>
      <trkpt lon="120.953110" lat="23.467079"><ele>3530.179874</ele><time>2026-09-14T23:22:36Z</time><extensions><speed>0.738770</speed><course>308.448606</course><hAcc>1.771383</hAcc><vAcc>0.690284</vAcc></extensions></trkpt>
      <trkpt lon="120.953104" lat="23.467083"><ele>3530.073916</ele><time>2026-09-14T23:22:37Z</time><extensions><speed>0.825339</speed><course>311.396593</course><hAcc>1.766933</hAcc><vAcc>0.690284</vAcc></extensions></trkpt>
      <trkpt lon="120.953098" lat="23.467089"><ele>3529.967705</ele><time>2026-09-14T23:22:38Z</time><extensions><speed>0.890603</speed><course>314.396945</course><hAcc>1.761374</hAcc><vAcc>0.690284</vAcc></extensions></trkpt>
      <trkpt lon="120.953091" lat="23.467095"><ele>3529.861124</ele><time>2026-09-14T23:22:39Z</time><extensions><speed>1.021742</speed><course>314.688329</course><hAcc>1.768591</hAcc><vAcc>0.690284</vAcc></extensions></trkpt>
      <trkpt lon="120.953085" lat="23.467101"><ele>3529.753471</ele><time>2026-09-14T23:22:40Z</time><extensions><speed>0.972694</speed><course>316.565728</course><hAcc>1.781418</hAcc><vAcc>0.690284</vAcc></extensions></trkpt>
      <trkpt lon="120.953079" lat="23.467107"><ele>3529.643830</ele><time>2026-09-14T23:22:41Z</time><extensions><speed>0.848377</speed><course>319.033357</course><hAcc>1.779157</hAcc><vAcc>0.690284</vAcc></extensions></trkpt>
      <trkpt lon="120.953074" lat="23.467112"><ele>3529.531000</ele><time>2026-09-14T23:22:42Z</time><extensions><speed>0.669933</speed><course>319.326235</course><hAcc>1.762101</hAcc><vAcc>0.690284</vAcc></extensions></trkpt>
      <trkpt lon="120.953070" lat="23.467117"><ele>3529.413664</ele><time>2026-09-14T23:22:43Z</time><extensions><speed>0.541619</speed><course>317.323231</course><hAcc>1.759757</hAcc><vAcc>0.690284</vAcc></extensions></trkpt>
      <trkpt lon="120.953066" lat="23.467120"><ele>3529.290655</ele><time>2026-09-14T23:22:44Z</time><extensions><speed>0.499208</speed><course>316.962028</course><hAcc>1.764077</hAcc><vAcc>0.690284</vAcc></extensions></trkpt>
      <trkpt lon="120.953063" lat="23.467123"><ele>3529.160888</ele><time>2026-09-14T23:22:45Z</time><extensions><speed>0.473056</speed><course>315.563656</course><hAcc>1.761272</hAcc><vAcc>0.690283</vAcc></extensions></trkpt>
      <trkpt lon="120.953060" lat="23.467126"><ele>3529.023521</ele><time>2026-09-14T23:22:46Z</time><extensions><speed>0.452161</speed><course>314.752222</course><hAcc>1.749004</hAcc><vAcc>0.690283</vAcc></extensions></trkpt>
      <trkpt lon="120.953057" lat="23.467128"><ele>3528.878063</ele><time>2026-09-14T23:22:47Z</time><extensions><speed>0.440822</speed><course>314.189035</course><hAcc>1.731170</hAcc><vAcc>0.690283</vAcc></extensions></trkpt>
      <trkpt lon="120.953054" lat="23.467131"><ele>3528.724371</ele><time>2026-09-14T23:22:48Z</time><extensions><speed>0.481692</speed><course>313.160625</course><hAcc>1.717894</hAcc><vAcc>0.690283</vAcc></extensions></trkpt>
      <trkpt lon="120.953051" lat="23.467133"><ele>3528.562453</ele><time>2026-09-14T23:22:49Z</time><extensions><speed>0.405238</speed><course>309.524118</course><hAcc>1.700781</hAcc><vAcc>0.690283</vAcc></extensions></trkpt>
      <trkpt lon="120.953048" lat="23.467134"><ele>3528.392875</ele><time>2026-09-14T23:22:50Z</time><extensions><speed>0.211746</speed><course>289.564389</course><hAcc>1.663494</hAcc><vAcc>0.690283</vAcc></extensions></trkpt>
      <trkpt lon="120.953047" lat="23.467133"><ele>3528.216413</ele><time>2026-09-14T23:22:51Z</time><extensions><speed>0.238796</speed><course>209.911810</course><hAcc>1.597707</hAcc><vAcc>0.690283</vAcc></extensions></trkpt>
      <trkpt lon="120.953047" lat="23.467131"><ele>3528.034176</ele><time>2026-09-14T23:22:52Z</time><extensions><speed>0.249401</speed><course>164.567916</course><hAcc>1.582389</hAcc><vAcc>0.690283</vAcc></extensions></trkpt>
      <trkpt lon="120.953047" lat="23.467128"><ele>3527.847709</ele><time>2026-09-14T23:22:53Z</time><extensions><speed>0.319618</speed><course>189.305592</course><hAcc>1.593504</hAcc><vAcc>0.690283</vAcc></extensions></trkpt>
      <trkpt lon="120.953047" lat="23.467124"><ele>3527.658624</ele><time>2026-09-14T23:22:54Z</time><extensions><speed>0.450315</speed><course>186.806150</course><hAcc>1.567302</hAcc><vAcc>0.690283</vAcc></extensions></trkpt>
      <trkpt lon="120.953047" lat="23.467119"><ele>3527.468952</ele><time>2026-09-14T23:22:55Z</time><extensions><speed>0.501243</speed><course>178.248540</course><hAcc>1.553967</hAcc><vAcc>0.690283</vAcc></extensions></trkpt>
      <trkpt lon="120.953047" lat="23.467115"><ele>3527.280758</ele><time>2026-09-14T23:22:56Z</time><extensions><speed>0.545274</speed><course>174.027285</course><hAcc>1.551788</hAcc><vAcc>0.690283</vAcc></extensions></trkpt>
      <trkpt lon="120.953048" lat="23.467109"><ele>3527.096009</ele><time>2026-09-14T23:22:57Z</time><extensions><speed>0.636429</speed><course>171.243226</course><hAcc>1.544086</hAcc><vAcc>0.690283</vAcc></extensions></trkpt>
      <trkpt lon="120.953049" lat="23.467103"><ele>3526.916663</ele><time>2026-09-14T23:22:58Z</time><extensions><speed>0.767068</speed><course>164.644346</course><hAcc>1.525534</hAcc><vAcc>0.690283</vAcc></extensions></trkpt>
      <trkpt lon="120.953051" lat="23.467097"><ele>3526.744381</ele><time>2026-09-14T23:22:59Z</time><extensions><speed>0.561115</speed><course>162.211392</course><hAcc>1.561699</hAcc><vAcc>0.690283</vAcc></extensions></trkpt>
      <trkpt lon="120.953053" lat="23.467091"><ele>3526.580435</ele><time>2026-09-14T23:23:00Z</time><extensions><speed>0.606034</speed><course>161.510098</course><hAcc>1.565740</hAcc><vAcc>0.690283</vAcc></extensions></trkpt>
      <trkpt lon="120.953054" lat="23.467086"><ele>3526.425691</ele><time>2026-09-14T23:23:01Z</time><extensions><speed>0.495788</speed><course>162.887995</course><hAcc>1.588838</hAcc><vAcc>0.690283</vAcc></extensions></trkpt>
      <trkpt lon="120.953056" lat="23.467081"><ele>3526.280609</ele><time>2026-09-14T23:23:02Z</time><extensions><speed>0.596581</speed><course>166.542930</course><hAcc>1.585108</hAcc><vAcc>0.690283</vAcc></extensions></trkpt>
      <trkpt lon="120.953057" lat="23.467076"><ele>3526.145353</ele><time>2026-09-14T23:23:03Z</time><extensions><speed>0.507605</speed><course>174.091378</course><hAcc>1.606323</hAcc><vAcc>0.690283</vAcc></extensions></trkpt>
      <trkpt lon="120.953058" lat="23.467070"><ele>3526.019753</ele><time>2026-09-14T23:23:04Z</time><extensions><speed>0.719788</speed><course>174.138371</course><hAcc>1.570257</hAcc><vAcc>0.690283</vAcc></extensions></trkpt>
      <trkpt lon="120.953058" lat="23.467063"><ele>3525.903210</ele><time>2026-09-14T23:23:05Z</time><extensions><speed>0.752030</speed><course>176.568541</course><hAcc>1.564143</hAcc><vAcc>0.690283</vAcc></extensions></trkpt>
      <trkpt lon="120.953059" lat="23.467056"><ele>3525.794805</ele><time>2026-09-14T23:23:06Z</time><extensions><speed>0.582146</speed><course>181.952176</course><hAcc>1.590492</hAcc><vAcc>0.690283</vAcc></extensions></trkpt>
      <trkpt lon="120.953059" lat="23.467050"><ele>3525.693470</ele><time>2026-09-14T23:23:07Z</time><extensions><speed>0.759117</speed><course>178.730882</course><hAcc>1.560117</hAcc><vAcc>0.690283</vAcc></extensions></trkpt>
      <trkpt lon="120.953059" lat="23.467043"><ele>3525.597833</ele><time>2026-09-14T23:23:08Z</time><extensions><speed>0.623615</speed><course>176.749997</course><hAcc>1.572000</hAcc><vAcc>0.690283</vAcc></extensions></trkpt>
      <trkpt lon="120.953060" lat="23.467037"><ele>3525.506562</ele><time>2026-09-14T23:23:09Z</time><extensions><speed>0.628640</speed><course>174.410398</course><hAcc>1.573295</hAcc><vAcc>0.690283</vAcc></extensions></trkpt>
      <trkpt lon="120.953061" lat="23.467031"><ele>3525.418373</ele><time>2026-09-14T23:23:10Z</time><extensions><speed>0.662230</speed><course>171.248980</course><hAcc>1.572143</hAcc><vAcc>0.690283</vAcc></extensions></trkpt>
      <trkpt lon="120.953062" lat="23.467025"><ele>3525.332008</ele><time>2026-09-14T23:23:11Z</time><extensions><speed>0.752549</speed><course>167.879563</course><hAcc>1.566529</hAcc><vAcc>0.690283</vAcc></extensions></trkpt>
      <trkpt lon="120.953065" lat="23.467017"><ele>3525.246300</ele><time>2026-09-14T23:23:12Z</time><extensions><speed>1.034013</speed><course>164.845502</course><hAcc>1.541256</hAcc><vAcc>0.690283</vAcc></extensions></trkpt>
      <trkpt lon="120.953068" lat="23.467007"><ele>3525.159959</ele><time>2026-09-14T23:23:13Z</time><extensions><speed>1.050183</speed><course>162.036337</course><hAcc>1.551052</hAcc><vAcc>0.690283</vAcc></extensions></trkpt>
      <trkpt lon="120.953071" lat="23.466999"><ele>3525.071798</ele><time>2026-09-14T23:23:14Z</time><extensions><speed>0.777292</speed><course>158.564718</course><hAcc>1.587764</hAcc><vAcc>0.690283</vAcc></extensions></trkpt>
      <trkpt lon="120.953074" lat="23.466992"><ele>3524.980769</ele><time>2026-09-14T23:23:15Z</time><extensions><speed>0.902570</speed><course>155.269783</course><hAcc>1.574681</hAcc><vAcc>0.690283</vAcc></extensions></trkpt>
      <trkpt lon="120.953078" lat="23.466985"><ele>3524.885952</ele><time>2026-09-14T23:23:16Z</time><extensions><speed>0.725719</speed><course>152.931007</course><hAcc>1.594856</hAcc><vAcc>0.690283</vAcc></extensions></trkpt>
      <trkpt lon="120.953082" lat="23.466979"><ele>3524.786685</ele><time>2026-09-14T23:23:17Z</time><extensions><speed>0.820795</speed><course>150.106527</course><hAcc>1.571462</hAcc><vAcc>0.690283</vAcc></extensions></trkpt>
      <trkpt lon="120.953086" lat="23.466972"><ele>3524.682571</ele><time>2026-09-14T23:23:18Z</time><extensions><speed>0.849200</speed><course>148.216771</course><hAcc>1.562918</hAcc><vAcc>0.690283</vAcc></extensions></trkpt>
      <trkpt lon="120.953090" lat="23.466966"><ele>3524.573398</ele><time>2026-09-14T23:23:19Z</time><extensions><speed>0.600244</speed><course>147.689258</course><hAcc>1.602713</hAcc><vAcc>0.690283</vAcc></extensions></trkpt>
      <trkpt lon="120.953093" lat="23.466962"><ele>3524.459129</ele><time>2026-09-14T23:23:20Z</time><extensions><speed>0.632404</speed><course>148.026009</course><hAcc>1.598120</hAcc><vAcc>0.690283</vAcc></extensions></trkpt>
      <trkpt lon="120.953097" lat="23.466956"><ele>3524.340039</ele><time>2026-09-14T23:23:21Z</time><extensions><speed>0.841182</speed><course>147.679480</course><hAcc>1.548312</hAcc><vAcc>0.690283</vAcc></extensions></trkpt>
      <trkpt lon="120.953102" lat="23.466950"><ele>3524.216468</ele><time>2026-09-14T23:23:22Z</time><extensions><speed>0.786137</speed><course>148.045928</course><hAcc>1.545992</hAcc><vAcc>0.690283</vAcc></extensions></trkpt>
      <trkpt lon="120.953105" lat="23.466944"><ele>3524.089040</ele><time>2026-09-14T23:23:23Z</time><extensions><speed>0.545834</speed><course>149.153417</course><hAcc>1.588592</hAcc><vAcc>0.690283</vAcc></extensions></trkpt>
      <trkpt lon="120.953108" lat="23.466940"><ele>3523.958593</ele><time>2026-09-14T23:23:24Z</time><extensions><speed>0.525933</speed><course>150.244922</course><hAcc>1.600769</hAcc><vAcc>0.690283</vAcc></extensions></trkpt>
      <trkpt lon="120.953110" lat="23.466936"><ele>3523.826143</ele><time>2026-09-14T23:23:25Z</time><extensions><speed>0.544811</speed><course>150.530549</course><hAcc>1.600891</hAcc><vAcc>0.690283</vAcc></extensions></trkpt>
      <trkpt lon="120.953113" lat="23.466931"><ele>3523.692889</ele><time>2026-09-14T23:23:26Z</time><extensions><speed>0.653419</speed><course>148.523808</course><hAcc>1.573033</hAcc><vAcc>0.690283</vAcc></extensions></trkpt>
      <trkpt lon="120.953117" lat="23.466926"><ele>3523.560131</ele><time>2026-09-14T23:23:27Z</time><extensions><speed>0.643232</speed><course>149.181778</course><hAcc>1.600777</hAcc><vAcc>0.690283</vAcc></extensions></trkpt>
      <trkpt lon="120.953120" lat="23.466921"><ele>3523.429104</ele><time>2026-09-14T23:23:28Z</time><extensions><speed>0.699788</speed><course>150.061619</course><hAcc>1.625562</hAcc><vAcc>0.690283</vAcc></extensions></trkpt>
      <trkpt lon="120.953124" lat="23.466915"><ele>3523.300857</ele><time>2026-09-14T23:23:29Z</time><extensions><speed>0.856050</speed><course>151.640141</course><hAcc>1.635718</hAcc><vAcc>0.690283</vAcc></extensions></trkpt>
      <trkpt lon="120.953128" lat="23.466907"><ele>3523.176117</ele><time>2026-09-14T23:23:30Z</time><extensions><speed>0.938176</speed><course>153.045584</course><hAcc>1.646113</hAcc><vAcc>0.690283</vAcc></extensions></trkpt>
      <trkpt lon="120.953132" lat="23.466900"><ele>3523.055188</ele><time>2026-09-14T23:23:31Z</time><extensions><speed>0.985057</speed><course>155.350291</course><hAcc>1.656471</hAcc><vAcc>0.690283</vAcc></extensions></trkpt>
      <trkpt lon="120.953136" lat="23.466891"><ele>3522.937971</ele><time>2026-09-14T23:23:32Z</time><extensions><speed>1.028760</speed><course>158.193608</course><hAcc>1.660739</hAcc><vAcc>0.690283</vAcc></extensions></trkpt>
      <trkpt lon="120.953139" lat="23.466883"><ele>3522.824034</ele><time>2026-09-14T23:23:33Z</time><extensions><speed>0.978864</speed><course>160.925121</course><hAcc>1.665571</hAcc><vAcc>0.690283</vAcc></extensions></trkpt>
      <trkpt lon="120.953142" lat="23.466875"><ele>3522.712726</ele><time>2026-09-14T23:23:34Z</time><extensions><speed>0.852895</speed><course>163.994419</course><hAcc>1.674262</hAcc><vAcc>0.690283</vAcc></extensions></trkpt>
      <trkpt lon="120.953144" lat="23.466868"><ele>3522.603418</ele><time>2026-09-14T23:23:35Z</time><extensions><speed>0.718397</speed><course>166.170415</course><hAcc>1.688096</hAcc><vAcc>0.690283</vAcc></extensions></trkpt>
      <trkpt lon="120.953145" lat="23.466862"><ele>3522.495277</ele><time>2026-09-14T23:23:36Z</time><extensions><speed>0.601566</speed><course>166.524367</course><hAcc>1.703637</hAcc><vAcc>0.690283</vAcc></extensions></trkpt>
      <trkpt lon="120.953147" lat="23.466857"><ele>3522.387587</ele><time>2026-09-14T23:23:37Z</time><extensions><speed>0.572054</speed><course>166.230387</course><hAcc>1.699023</hAcc><vAcc>0.690283</vAcc></extensions></trkpt>
      <trkpt lon="120.953148" lat="23.466852"><ele>3522.279747</ele><time>2026-09-14T23:23:38Z</time><extensions><speed>0.506642</speed><course>168.388025</course><hAcc>1.684190</hAcc><vAcc>0.690283</vAcc></extensions></trkpt>
      <trkpt lon="120.953149" lat="23.466847"><ele>3522.171214</ele><time>2026-09-14T23:23:39Z</time><extensions><speed>0.552830</speed><course>169.361236</course><hAcc>1.685455</hAcc><vAcc>0.690283</vAcc></extensions></trkpt>
      <trkpt lon="120.953150" lat="23.466842"><ele>3522.061522</ele><time>2026-09-14T23:23:40Z</time><extensions><speed>0.568056</speed><course>170.760197</course><hAcc>1.700420</hAcc><vAcc>0.690283</vAcc></extensions></trkpt>
      <trkpt lon="120.953150" lat="23.466837"><ele>3521.950211</ele><time>2026-09-14T23:23:41Z</time><extensions><speed>0.617195</speed><course>173.864150</course><hAcc>1.696696</hAcc><vAcc>0.690283</vAcc></extensions></trkpt>
      <trkpt lon="120.953151" lat="23.466832"><ele>3521.836800</ele><time>2026-09-14T23:23:42Z</time><extensions><speed>0.620677</speed><course>174.065536</course><hAcc>1.707132</hAcc><vAcc>0.690283</vAcc></extensions></trkpt>
      <trkpt lon="120.953152" lat="23.466826"><ele>3521.720784</ele><time>2026-09-14T23:23:43Z</time><extensions><speed>0.622501</speed><course>173.063347</course><hAcc>1.704930</hAcc><vAcc>0.690283</vAcc></extensions></trkpt>
      <trkpt lon="120.953153" lat="23.466820"><ele>3521.601714</ele><time>2026-09-14T23:23:44Z</time><extensions><speed>0.677284</speed><course>169.739152</course><hAcc>1.687264</hAcc><vAcc>0.690283</vAcc></extensions></trkpt>
      <trkpt lon="120.953154" lat="23.466814"><ele>3521.479281</ele><time>2026-09-14T23:23:45Z</time><extensions><speed>0.652213</speed><course>165.692022</course><hAcc>1.677919</hAcc><vAcc>0.690283</vAcc></extensions></trkpt>
      <trkpt lon="120.953156" lat="23.466808"><ele>3521.353497</ele><time>2026-09-14T23:23:46Z</time><extensions><speed>0.667703</speed><course>162.540940</course><hAcc>1.667464</hAcc><vAcc>0.690283</vAcc></extensions></trkpt>
      <trkpt lon="120.953158" lat="23.466802"><ele>3521.224617</ele><time>2026-09-14T23:23:47Z</time><extensions><speed>0.687959</speed><course>161.043167</course><hAcc>1.649982</hAcc><vAcc>0.690283</vAcc></extensions></trkpt>
      <trkpt lon="120.953160" lat="23.466797"><ele>3521.093061</ele><time>2026-09-14T23:23:48Z</time><extensions><speed>0.669845</speed><course>161.345227</course><hAcc>1.627106</hAcc><vAcc>0.690283</vAcc></extensions></trkpt>
      <trkpt lon="120.953162" lat="23.466791"><ele>3520.959499</ele><time>2026-09-14T23:23:49Z</time><extensions><speed>0.623565</speed><course>163.056218</course><hAcc>1.599169</hAcc><vAcc>0.690283</vAcc></extensions></trkpt>
      <trkpt lon="120.953163" lat="23.466786"><ele>3520.824582</ele><time>2026-09-14T23:23:50Z</time><extensions><speed>0.570857</speed><course>164.661623</course><hAcc>1.584971</hAcc><vAcc>0.690283</vAcc></extensions></trkpt>
      <trkpt lon="120.953165" lat="23.466781"><ele>3520.689115</ele><time>2026-09-14T23:23:51Z</time><extensions><speed>0.575289</speed><course>164.229094</course><hAcc>1.589479</hAcc><vAcc>0.690283</vAcc></extensions></trkpt>
      <trkpt lon="120.953166" lat="23.466777"><ele>3520.553984</ele><time>2026-09-14T23:23:52Z</time><extensions><speed>0.433427</speed><course>163.710768</course><hAcc>1.614725</hAcc><vAcc>0.690283</vAcc></extensions></trkpt>
      <trkpt lon="120.953167" lat="23.466773"><ele>3520.420045</ele><time>2026-09-14T23:23:53Z</time><extensions><speed>0.430112</speed><course>165.283921</course><hAcc>1.596868</hAcc><vAcc>0.690283</vAcc></extensions></trkpt>
      <trkpt lon="120.953169" lat="23.466769"><ele>3520.288106</ele><time>2026-09-14T23:23:54Z</time><extensions><speed>0.510877</speed><course>165.798420</course><hAcc>1.564494</hAcc><vAcc>0.690283</vAcc></extensions></trkpt>
      <trkpt lon="120.953170" lat="23.466764"><ele>3520.158903</ele><time>2026-09-14T23:23:55Z</time><extensions><speed>0.638474</speed><course>163.552425</course><hAcc>1.564551</hAcc><vAcc>0.690283</vAcc></extensions></trkpt>
      <trkpt lon="120.953172" lat="23.466758"><ele>3520.033122</ele><time>2026-09-14T23:23:56Z</time><extensions><speed>0.675650</speed><course>160.823910</course><hAcc>1.594522</hAcc><vAcc>0.690283</vAcc></extensions></trkpt>
      <trkpt lon="120.953174" lat="23.466753"><ele>3519.911366</ele><time>2026-09-14T23:23:57Z</time><extensions><speed>0.507508</speed><course>160.029448</course><hAcc>1.606438</hAcc><vAcc>0.690283</vAcc></extensions></trkpt>
      <trkpt lon="120.953176" lat="23.466749"><ele>3519.794067</ele><time>2026-09-14T23:23:58Z</time><extensions><speed>0.496622</speed><course>159.941704</course><hAcc>1.612716</hAcc><vAcc>0.690283</vAcc></extensions></trkpt>
      <trkpt lon="120.953177" lat="23.466744"><ele>3519.681440</ele><time>2026-09-14T23:23:59Z</time><extensions><speed>0.523614</speed><course>161.506331</course><hAcc>1.637225</hAcc><vAcc>0.690283</vAcc></extensions></trkpt>
      <trkpt lon="120.953179" lat="23.466740"><ele>3519.573459</ele><time>2026-09-14T23:24:00Z</time><extensions><speed>0.573199</speed><course>162.898639</course><hAcc>1.659288</hAcc><vAcc>0.690283</vAcc></extensions></trkpt>
      <trkpt lon="120.953180" lat="23.466735"><ele>3519.469792</ele><time>2026-09-14T23:24:01Z</time><extensions><speed>0.515889</speed><course>166.041191</course><hAcc>1.658841</hAcc><vAcc>0.690283</vAcc></extensions></trkpt>
      <trkpt lon="120.953181" lat="23.466730"><ele>3519.369834</ele><time>2026-09-14T23:24:02Z</time><extensions><speed>0.491442</speed><course>169.894452</course><hAcc>1.660800</hAcc><vAcc>0.690283</vAcc></extensions></trkpt>
      <trkpt lon="120.953182" lat="23.466726"><ele>3519.272967</ele><time>2026-09-14T23:24:03Z</time><extensions><speed>0.494192</speed><course>174.423400</course><hAcc>1.659394</hAcc><vAcc>0.690283</vAcc></extensions></trkpt>
      <trkpt lon="120.953182" lat="23.466721"><ele>3519.178483</ele><time>2026-09-14T23:24:04Z</time><extensions><speed>0.585060</speed><course>174.638060</course><hAcc>1.668954</hAcc><vAcc>0.690283</vAcc></extensions></trkpt>
      <trkpt lon="120.953183" lat="23.466715"><ele>3519.085698</ele><time>2026-09-14T23:24:05Z</time><extensions><speed>0.671731</speed><course>171.734902</course><hAcc>1.694574</hAcc><vAcc>0.690283</vAcc></extensions></trkpt>
      <trkpt lon="120.953184" lat="23.466709"><ele>3518.993923</ele><time>2026-09-14T23:24:06Z</time><extensions><speed>0.726010</speed><course>169.905522</course><hAcc>1.701825</hAcc><vAcc>0.690283</vAcc></extensions></trkpt>
      <trkpt lon="120.953186" lat="23.466702"><ele>3518.902416</ele><time>2026-09-14T23:24:07Z</time><extensions><speed>0.768757</speed><course>168.807115</course><hAcc>1.692227</hAcc><vAcc>0.690283</vAcc></extensions></trkpt>
      <trkpt lon="120.953187" lat="23.466696"><ele>3518.810506</ele><time>2026-09-14T23:24:08Z</time><extensions><speed>0.766193</speed><course>168.277901</course><hAcc>1.686880</hAcc><vAcc>0.690283</vAcc></extensions></trkpt>
      <trkpt lon="120.953189" lat="23.466689"><ele>3518.717416</ele><time>2026-09-14T23:24:09Z</time><extensions><speed>0.674529</speed><course>168.728694</course><hAcc>1.688108</hAcc><vAcc>0.690283</vAcc></extensions></trkpt>
      <trkpt lon="120.953190" lat="23.466683"><ele>3518.622413</ele><time>2026-09-14T23:24:10Z</time><extensions><speed>0.719110</speed><course>168.615111</course><hAcc>1.669765</hAcc><vAcc>0.690283</vAcc></extensions></trkpt>
      <trkpt lon="120.953191" lat="23.466677"><ele>3518.524907</ele><time>2026-09-14T23:24:11Z</time><extensions><speed>0.720546</speed><course>167.930985</course><hAcc>1.666618</hAcc><vAcc>0.690283</vAcc></extensions></trkpt>
      <trkpt lon="120.953193" lat="23.466671"><ele>3518.424358</ele><time>2026-09-14T23:24:12Z</time><extensions><speed>0.634802</speed><course>165.618380</course><hAcc>1.676998</hAcc><vAcc>0.690282</vAcc></extensions></trkpt>
      <trkpt lon="120.953195" lat="23.466665"><ele>3518.320464</ele><time>2026-09-14T23:24:13Z</time><extensions><speed>0.664741</speed><course>161.087765</course><hAcc>1.674059</hAcc><vAcc>0.690282</vAcc></extensions></trkpt>
      <trkpt lon="120.953198" lat="23.466659"><ele>3518.212876</ele><time>2026-09-14T23:24:14Z</time><extensions><speed>0.752622</speed><course>154.001204</course><hAcc>1.659683</hAcc><vAcc>0.690282</vAcc></extensions></trkpt>
      <trkpt lon="120.953201" lat="23.466653"><ele>3518.101204</ele><time>2026-09-14T23:24:15Z</time><extensions><speed>0.746096</speed><course>150.233752</course><hAcc>1.653215</hAcc><vAcc>0.690281</vAcc></extensions></trkpt>
      <trkpt lon="120.953205" lat="23.466647"><ele>3517.985104</ele><time>2026-09-14T23:24:16Z</time><extensions><speed>0.746550</speed><course>148.202514</course><hAcc>1.653007</hAcc><vAcc>0.690281</vAcc></extensions></trkpt>
      <trkpt lon="120.953210" lat="23.466641"><ele>3517.864092</ele><time>2026-09-14T23:24:17Z</time><extensions><speed>0.856583</speed><course>146.915538</course><hAcc>1.650305</hAcc><vAcc>0.690281</vAcc></extensions></trkpt>
      <trkpt lon="120.953215" lat="23.466635"><ele>3517.737704</ele><time>2026-09-14T23:24:18Z</time><extensions><speed>0.888853</speed><course>145.049478</course><hAcc>1.658980</hAcc><vAcc>0.690282</vAcc></extensions></trkpt>
      <trkpt lon="120.953220" lat="23.466629"><ele>3517.605569</ele><time>2026-09-14T23:24:19Z</time><extensions><speed>0.861942</speed><course>140.820072</course><hAcc>1.650642</hAcc><vAcc>0.690282</vAcc></extensions></trkpt>
      <trkpt lon="120.953226" lat="23.466623"><ele>3517.467410</ele><time>2026-09-14T23:24:20Z</time><extensions><speed>0.828101</speed><course>140.661809</course><hAcc>1.654492</hAcc><vAcc>0.690282</vAcc></extensions></trkpt>
      <trkpt lon="120.953230" lat="23.466618"><ele>3517.322986</ele><time>2026-09-14T23:24:21Z</time><extensions><speed>0.679843</speed><course>149.038119</course><hAcc>1.634654</hAcc><vAcc>0.690282</vAcc></extensions></trkpt>
      <trkpt lon="120.953234" lat="23.466613"><ele>3517.172275</ele><time>2026-09-14T23:24:22Z</time><extensions><speed>0.543511</speed><course>147.342521</course><hAcc>1.628489</hAcc><vAcc>0.690282</vAcc></extensions></trkpt>
      <trkpt lon="120.953236" lat="23.466610"><ele>3517.015446</ele><time>2026-09-14T23:24:23Z</time><extensions><speed>0.392081</speed><course>144.281295</course><hAcc>1.636696</hAcc><vAcc>0.690282</vAcc></extensions></trkpt>
      <trkpt lon="120.953238" lat="23.466607"><ele>3516.852996</ele><time>2026-09-14T23:24:24Z</time><extensions><speed>0.358849</speed><course>153.846857</course><hAcc>1.634534</hAcc><vAcc>0.690283</vAcc></extensions></trkpt>
      <trkpt lon="120.953241" lat="23.466604"><ele>3516.685763</ele><time>2026-09-14T23:24:25Z</time><extensions><speed>0.417536</speed><course>135.192283</course><hAcc>1.608549</hAcc><vAcc>0.690283</vAcc></extensions></trkpt>
      <trkpt lon="120.953244" lat="23.466602"><ele>3516.514813</ele><time>2026-09-14T23:24:26Z</time><extensions><speed>0.410992</speed><course>131.376958</course><hAcc>1.598278</hAcc><vAcc>0.690283</vAcc></extensions></trkpt>
      <trkpt lon="120.953246" lat="23.466599"><ele>3516.341303</ele><time>2026-09-14T23:24:27Z</time><extensions><speed>0.381337</speed><course>146.970783</course><hAcc>1.605597</hAcc><vAcc>0.690283</vAcc></extensions></trkpt>
      <trkpt lon="120.953248" lat="23.466596"><ele>3516.166348</ele><time>2026-09-14T23:24:28Z</time><extensions><speed>0.389544</speed><course>161.614039</course><hAcc>1.605354</hAcc><vAcc>0.690283</vAcc></extensions></trkpt>
      <trkpt lon="120.953249" lat="23.466593"><ele>3515.990945</ele><time>2026-09-14T23:24:29Z</time><extensions><speed>0.384022</speed><course>170.340780</course><hAcc>1.596341</hAcc><vAcc>0.690283</vAcc></extensions></trkpt>
      <trkpt lon="120.953249" lat="23.466590"><ele>3515.816029</ele><time>2026-09-14T23:24:30Z</time><extensions><speed>0.337447</speed><course>178.070266</course><hAcc>1.580449</hAcc><vAcc>0.690282</vAcc></extensions></trkpt>
      <trkpt lon="120.953249" lat="23.466588"><ele>3515.642253</ele><time>2026-09-14T23:24:31Z</time><extensions><speed>0.224627</speed><course>196.108690</course><hAcc>1.558038</hAcc><vAcc>0.690282</vAcc></extensions></trkpt>
      <trkpt lon="120.953248" lat="23.466586"><ele>3515.470158</ele><time>2026-09-14T23:24:32Z</time><extensions><speed>0.269406</speed><course>221.061087</course><hAcc>1.562361</hAcc><vAcc>0.690282</vAcc></extensions></trkpt>
      <trkpt lon="120.953246" lat="23.466586"><ele>3515.300136</ele><time>2026-09-14T23:24:33Z</time><extensions><speed>0.174646</speed><course>237.517609</course><hAcc>1.555461</hAcc><vAcc>0.690282</vAcc></extensions></trkpt>
      <trkpt lon="120.953245" lat="23.466586"><ele>3515.132446</ele><time>2026-09-14T23:24:34Z</time><extensions><speed>0.158974</speed><course>253.949566</course><hAcc>1.560325</hAcc><vAcc>0.690282</vAcc></extensions></trkpt>
      <trkpt lon="120.953243" lat="23.466586"><ele>3514.967344</ele><time>2026-09-14T23:24:35Z</time><extensions><speed>0.186745</speed><course>265.964910</course><hAcc>1.558697</hAcc><vAcc>0.690282</vAcc></extensions></trkpt>
      <trkpt lon="120.953241" lat="23.466586"><ele>3514.805128</ele><time>2026-09-14T23:24:36Z</time><extensions><speed>0.244503</speed><course>273.214730</course><hAcc>1.556034</hAcc><vAcc>0.690282</vAcc></extensions></trkpt>
      <trkpt lon="120.953237" lat="23.466587"><ele>3514.646146</ele><time>2026-09-14T23:24:37Z</time><extensions><speed>0.383296</speed><course>270.671808</course><hAcc>1.554308</hAcc><vAcc>0.690282</vAcc></extensions></trkpt>
      <trkpt lon="120.953233" lat="23.466587"><ele>3514.490741</ele><time>2026-09-14T23:24:38Z</time><extensions><speed>0.479435</speed><course>276.827470</course><hAcc>1.563964</hAcc><vAcc>0.690282</vAcc></extensions></trkpt>
      <trkpt lon="120.953228" lat="23.466588"><ele>3514.339165</ele><time>2026-09-14T23:24:39Z</time><extensions><speed>0.634255</speed><course>284.981723</course><hAcc>1.572295</hAcc><vAcc>0.690282</vAcc></extensions></trkpt>
      <trkpt lon="120.953221" lat="23.466591"><ele>3514.191422</ele><time>2026-09-14T23:24:40Z</time><extensions><speed>0.827257</speed><course>294.487003</course><hAcc>1.588273</hAcc><vAcc>0.690282</vAcc></extensions></trkpt>
      <trkpt lon="120.953214" lat="23.466595"><ele>3514.047288</ele><time>2026-09-14T23:24:41Z</time><extensions><speed>0.911203</speed><course>300.779811</course><hAcc>1.603169</hAcc><vAcc>0.690282</vAcc></extensions></trkpt>
      <trkpt lon="120.953206" lat="23.466600"><ele>3513.906328</ele><time>2026-09-14T23:24:42Z</time><extensions><speed>0.968406</speed><course>309.051332</course><hAcc>1.603863</hAcc><vAcc>0.690283</vAcc></extensions></trkpt>
      <trkpt lon="120.953199" lat="23.466605"><ele>3513.767948</ele><time>2026-09-14T23:24:43Z</time><extensions><speed>0.815074</speed><course>308.886072</course><hAcc>1.613601</hAcc><vAcc>0.690283</vAcc></extensions></trkpt>
      <trkpt lon="120.953193" lat="23.466609"><ele>3513.631418</ele><time>2026-09-14T23:24:44Z</time><extensions><speed>0.638430</speed><course>304.275885</course><hAcc>1.631520</hAcc><vAcc>0.690283</vAcc></extensions></trkpt>
      <trkpt lon="120.953188" lat="23.466611"><ele>3513.496094</ele><time>2026-09-14T23:24:45Z</time><extensions><speed>0.510424</speed><course>280.835810</course><hAcc>1.664563</hAcc><vAcc>0.690283</vAcc></extensions></trkpt>
      <trkpt lon="120.953184" lat="23.466611"><ele>3513.361404</ele><time>2026-09-14T23:24:46Z</time><extensions><speed>0.327440</speed><course>269.933725</course><hAcc>1.679979</hAcc><vAcc>0.690283</vAcc></extensions></trkpt>
      <trkpt lon="120.953181" lat="23.466612"><ele>3513.226914</ele><time>2026-09-14T23:24:47Z</time><extensions><speed>0.363192</speed><course>289.974461</course><hAcc>1.675849</hAcc><vAcc>0.690283</vAcc></extensions></trkpt>
      <trkpt lon="120.953178" lat="23.466613"><ele>3513.092353</ele><time>2026-09-14T23:24:48Z</time><extensions><speed>0.380918</speed><course>303.748730</course><hAcc>1.687048</hAcc><vAcc>0.690283</vAcc></extensions></trkpt>
      <trkpt lon="120.953175" lat="23.466616"><ele>3512.957555</ele><time>2026-09-14T23:24:49Z</time><extensions><speed>0.461403</speed><course>314.449452</course><hAcc>1.678720</hAcc><vAcc>0.690283</vAcc></extensions></trkpt>
      <trkpt lon="120.953171" lat="23.466619"><ele>3512.822699</ele><time>2026-09-14T23:24:50Z</time><extensions><speed>0.529058</speed><course>310.075011</course><hAcc>1.672796</hAcc><vAcc>0.690283</vAcc></extensions></trkpt>
      <trkpt lon="120.953166" lat="23.466622"><ele>3512.688080</ele><time>2026-09-14T23:24:51Z</time><extensions><speed>0.655645</speed><course>306.688991</course><hAcc>1.671772</hAcc><vAcc>0.690283</vAcc></extensions></trkpt>
      <trkpt lon="120.953160" lat="23.466626"><ele>3512.554060</ele><time>2026-09-14T23:24:52Z</time><extensions><speed>0.830221</speed><course>300.131457</course><hAcc>1.677214</hAcc><vAcc>0.690283</vAcc></extensions></trkpt>
      <trkpt lon="120.953152" lat="23.466630"><ele>3512.421124</ele><time>2026-09-14T23:24:53Z</time><extensions><speed>0.929265</speed><course>298.610651</course><hAcc>1.671316</hAcc><vAcc>0.690283</vAcc></extensions></trkpt>
      <trkpt lon="120.953144" lat="23.466634"><ele>3512.289711</ele><time>2026-09-14T23:24:54Z</time><extensions><speed>1.025453</speed><course>298.401090</course><hAcc>1.663939</hAcc><vAcc>0.690283</vAcc></extensions></trkpt>
      <trkpt lon="120.953135" lat="23.466639"><ele>3512.160235</ele><time>2026-09-14T23:24:55Z</time><extensions><speed>1.061173</speed><course>301.728556</course><hAcc>1.640907</hAcc><vAcc>0.690283</vAcc></extensions></trkpt>
      <trkpt lon="120.953126" lat="23.466644"><ele>3512.033117</ele><time>2026-09-14T23:24:56Z</time><extensions><speed>1.049111</speed><course>305.374771</course><hAcc>1.607085</hAcc><vAcc>0.690283</vAcc></extensions></trkpt>
      <trkpt lon="120.953118" lat="23.466649"><ele>3511.908821</ele><time>2026-09-14T23:24:57Z</time><extensions><speed>0.959025</speed><course>305.185608</course><hAcc>1.599896</hAcc><vAcc>0.690283</vAcc></extensions></trkpt>
      <trkpt lon="120.953110" lat="23.466654"><ele>3511.787802</ele><time>2026-09-14T23:24:58Z</time><extensions><speed>0.978762</speed><course>300.092038</course><hAcc>1.583980</hAcc><vAcc>0.690283</vAcc></extensions></trkpt>
      <trkpt lon="120.953102" lat="23.466658"><ele>3511.670417</ele><time>2026-09-14T23:24:59Z</time><extensions><speed>0.913879</speed><course>295.276152</course><hAcc>1.603185</hAcc><vAcc>0.690283</vAcc></extensions></trkpt>
      <trkpt lon="120.953093" lat="23.466662"><ele>3511.556822</ele><time>2026-09-14T23:25:00Z</time><extensions><speed>1.037843</speed><course>295.059365</course><hAcc>1.588353</hAcc><vAcc>0.690283</vAcc></extensions></trkpt>
      <trkpt lon="120.953084" lat="23.466666"><ele>3511.446938</ele><time>2026-09-14T23:25:01Z</time><extensions><speed>1.047010</speed><course>294.275972</course><hAcc>1.583549</hAcc><vAcc>0.690283</vAcc></extensions></trkpt>
      <trkpt lon="120.953075" lat="23.466669"><ele>3511.340459</ele><time>2026-09-14T23:25:02Z</time><extensions><speed>0.963218</speed><course>293.574455</course><hAcc>1.605225</hAcc><vAcc>0.690283</vAcc></extensions></trkpt>
      <trkpt lon="120.953068" lat="23.466672"><ele>3511.236931</ele><time>2026-09-14T23:25:03Z</time><extensions><speed>0.639042</speed><course>292.750588</course><hAcc>1.625052</hAcc><vAcc>0.690283</vAcc></extensions></trkpt>
      <trkpt lon="120.953063" lat="23.466674"><ele>3511.135762</ele><time>2026-09-14T23:25:04Z</time><extensions><speed>0.545246</speed><course>291.794102</course><hAcc>1.608175</hAcc><vAcc>0.690283</vAcc></extensions></trkpt>
      <trkpt lon="120.953058" lat="23.466676"><ele>3511.036414</ele><time>2026-09-14T23:25:05Z</time><extensions><speed>0.555829</speed><course>291.626945</course><hAcc>1.606560</hAcc><vAcc>0.690283</vAcc></extensions></trkpt>
      <trkpt lon="120.953053" lat="23.466678"><ele>3510.938481</ele><time>2026-09-14T23:25:06Z</time><extensions><speed>0.548242</speed><course>291.789277</course><hAcc>1.626825</hAcc><vAcc>0.690283</vAcc></extensions></trkpt>
      <trkpt lon="120.953048" lat="23.466679"><ele>3510.841584</ele><time>2026-09-14T23:25:07Z</time><extensions><speed>0.522244</speed><course>291.780504</course><hAcc>1.643300</hAcc><vAcc>0.690283</vAcc></extensions></trkpt>
      <trkpt lon="120.953044" lat="23.466681"><ele>3510.745744</ele><time>2026-09-14T23:25:08Z</time><extensions><speed>0.476379</speed><course>291.301646</course><hAcc>1.649720</hAcc><vAcc>0.690283</vAcc></extensions></trkpt>
      <trkpt lon="120.953040" lat="23.466682"><ele>3510.651109</ele><time>2026-09-14T23:25:09Z</time><extensions><speed>0.404968</speed><course>290.171194</course><hAcc>1.659195</hAcc><vAcc>0.690283</vAcc></extensions></trkpt>
      <trkpt lon="120.953037" lat="23.466683"><ele>3510.558026</ele><time>2026-09-14T23:25:10Z</time><extensions><speed>0.319504</speed><course>288.216003</course><hAcc>1.681238</hAcc><vAcc>0.690283</vAcc></extensions></trkpt>
      <trkpt lon="120.953035" lat="23.466684"><ele>3510.467094</ele><time>2026-09-14T23:25:11Z</time><extensions><speed>0.099644</speed><course>259.141799</course><hAcc>1.674921</hAcc><vAcc>0.690283</vAcc></extensions></trkpt>
      <trkpt lon="120.953035" lat="23.466683"><ele>3510.378989</ele><time>2026-09-14T23:25:12Z</time><extensions><speed>0.241964</speed><course>137.888724</course><hAcc>1.665236</hAcc><vAcc>0.690283</vAcc></extensions></trkpt>
      <trkpt lon="120.953037" lat="23.466681"><ele>3510.294493</ele><time>2026-09-14T23:25:13Z</time><extensions><speed>0.383247</speed><course>135.626162</course><hAcc>1.674921</hAcc><vAcc>0.690283</vAcc></extensions></trkpt>
      <trkpt lon="120.953040" lat="23.466678"><ele>3510.214416</ele><time>2026-09-14T23:25:14Z</time><extensions><speed>0.492223</speed><course>137.674522</course><hAcc>1.685397</hAcc><vAcc>0.690283</vAcc></extensions></trkpt>
      <trkpt lon="120.953043" lat="23.466674"><ele>3510.139453</ele><time>2026-09-14T23:25:15Z</time><extensions><speed>0.522812</speed><course>140.610040</course><hAcc>1.700167</hAcc><vAcc>0.690283</vAcc></extensions></trkpt>
      <trkpt lon="120.953047" lat="23.466670"><ele>3510.069987</ele><time>2026-09-14T23:25:16Z</time><extensions><speed>0.495045</speed><course>144.652383</course><hAcc>1.708218</hAcc><vAcc>0.690283</vAcc></extensions></trkpt>
      <trkpt lon="120.953049" lat="23.466667"><ele>3510.006318</ele><time>2026-09-14T23:25:17Z</time><extensions><speed>0.486552</speed><course>148.996848</course><hAcc>1.696073</hAcc><vAcc>0.690283</vAcc></extensions></trkpt>
      <trkpt lon="120.953052" lat="23.466663"><ele>3509.948046</ele><time>2026-09-14T23:25:18Z</time><extensions><speed>0.441271</speed><course>153.631997</course><hAcc>1.684414</hAcc><vAcc>0.690283</vAcc></extensions></trkpt>
      <trkpt lon="120.953053" lat="23.466659"><ele>3509.894347</ele><time>2026-09-14T23:25:19Z</time><extensions><speed>0.377649</speed><course>155.361621</course><hAcc>1.686625</hAcc><vAcc>0.690283</vAcc></extensions></trkpt>
      <trkpt lon="120.953055" lat="23.466656"><ele>3509.844076</ele><time>2026-09-14T23:25:20Z</time><extensions><speed>0.350851</speed><course>157.205811</course><hAcc>1.681261</hAcc><vAcc>0.690283</vAcc></extensions></trkpt>
      <trkpt lon="120.953056" lat="23.466653"><ele>3509.795504</ele><time>2026-09-14T23:25:21Z</time><extensions><speed>0.340880</speed><course>157.550453</course><hAcc>1.676485</hAcc><vAcc>0.690283</vAcc></extensions></trkpt>
      <trkpt lon="120.953058" lat="23.466650"><ele>3509.746757</ele><time>2026-09-14T23:25:22Z</time><extensions><speed>0.348729</speed><course>156.241429</course><hAcc>1.678985</hAcc><vAcc>0.690283</vAcc></extensions></trkpt>
      <trkpt lon="120.953059" lat="23.466647"><ele>3509.695603</ele><time>2026-09-14T23:25:23Z</time><extensions><speed>0.362940</speed><course>154.350932</course><hAcc>1.688302</hAcc><vAcc>0.690283</vAcc></extensions></trkpt>
      <trkpt lon="120.953061" lat="23.466644"><ele>3509.639694</ele><time>2026-09-14T23:25:24Z</time><extensions><speed>0.450894</speed><course>152.734245</course><hAcc>1.678714</hAcc><vAcc>0.690283</vAcc></extensions></trkpt>
      <trkpt lon="120.953063" lat="23.466640"><ele>3509.576899</ele><time>2026-09-14T23:25:25Z</time><extensions><speed>0.508471</speed><course>150.879738</course><hAcc>1.680933</hAcc><vAcc>0.690283</vAcc></extensions></trkpt>
      <trkpt lon="120.953066" lat="23.466636"><ele>3509.505226</ele><time>2026-09-14T23:25:26Z</time><extensions><speed>0.516931</speed><course>150.053555</course><hAcc>1.700815</hAcc><vAcc>0.690283</vAcc></extensions></trkpt>
      <trkpt lon="120.953068" lat="23.466632"><ele>3509.423146</ele><time>2026-09-14T23:25:27Z</time><extensions><speed>0.541501</speed><course>149.696961</course><hAcc>1.714184</hAcc><vAcc>0.690283</vAcc></extensions></trkpt>
      <trkpt lon="120.953071" lat="23.466627"><ele>3509.329733</ele><time>2026-09-14T23:25:28Z</time><extensions><speed>0.574843</speed><course>150.850283</course><hAcc>1.717764</hAcc><vAcc>0.690283</vAcc></extensions></trkpt>
      <trkpt lon="120.953074" lat="23.466623"><ele>3509.224610</ele><time>2026-09-14T23:25:29Z</time><extensions><speed>0.582786</speed><course>152.468273</course><hAcc>1.726138</hAcc><vAcc>0.690283</vAcc></extensions></trkpt>
      <trkpt lon="120.953076" lat="23.466618"><ele>3509.107778</ele><time>2026-09-14T23:25:30Z</time><extensions><speed>0.580781</speed><course>156.459338</course><hAcc>1.736977</hAcc><vAcc>0.690283</vAcc></extensions></trkpt>
      <trkpt lon="120.953078" lat="23.466613"><ele>3508.979792</ele><time>2026-09-14T23:25:31Z</time><extensions><speed>0.561543</speed><course>160.597664</course><hAcc>1.747191</hAcc><vAcc>0.690283</vAcc></extensions></trkpt>
      <trkpt lon="120.953080" lat="23.466608"><ele>3508.841525</ele><time>2026-09-14T23:25:32Z</time><extensions><speed>0.585988</speed><course>160.548429</course><hAcc>1.742703</hAcc><vAcc>0.690283</vAcc></extensions></trkpt>
      <trkpt lon="120.953082" lat="23.466603"><ele>3508.694206</ele><time>2026-09-14T23:25:33Z</time><extensions><speed>0.558255</speed><course>159.892572</course><hAcc>1.741063</hAcc><vAcc>0.690283</vAcc></extensions></trkpt>
      <trkpt lon="120.953084" lat="23.466599"><ele>3508.539398</ele><time>2026-09-14T23:25:34Z</time><extensions><speed>0.488191</speed><course>159.412749</course><hAcc>1.742152</hAcc><vAcc>0.690283</vAcc></extensions></trkpt>
      <trkpt lon="120.953085" lat="23.466595"><ele>3508.378751</ele><time>2026-09-14T23:25:35Z</time><extensions><speed>0.396332</speed><course>158.358582</course><hAcc>1.739448</hAcc><vAcc>0.690283</vAcc></extensions></trkpt>
      <trkpt lon="120.953087" lat="23.466593"><ele>3508.214210</ele><time>2026-09-14T23:25:36Z</time><extensions><speed>0.277900</speed><course>160.761564</course><hAcc>1.732250</hAcc><vAcc>0.690283</vAcc></extensions></trkpt>
      <trkpt lon="120.953087" lat="23.466591"><ele>3508.047682</ele><time>2026-09-14T23:25:37Z</time><extensions><speed>0.139197</speed><course>182.236299</course><hAcc>1.725573</hAcc><vAcc>0.690283</vAcc></extensions></trkpt>
      <trkpt lon="120.953086" lat="23.466590"><ele>3507.880938</ele><time>2026-09-14T23:25:38Z</time><extensions><speed>0.122906</speed><course>266.214496</course><hAcc>1.717413</hAcc><vAcc>0.690283</vAcc></extensions></trkpt>
      <trkpt lon="120.953085" lat="23.466591"><ele>3507.715621</ele><time>2026-09-14T23:25:39Z</time><extensions><speed>0.181528</speed><course>301.869779</course><hAcc>1.703593</hAcc><vAcc>0.690283</vAcc></extensions></trkpt>
      <trkpt lon="120.953082" lat="23.466593"><ele>3507.553033</ele><time>2026-09-14T23:25:40Z</time><extensions><speed>0.483491</speed><course>303.917718</course><hAcc>1.690023</hAcc><vAcc>0.690283</vAcc></extensions></trkpt>
      <trkpt lon="120.953078" lat="23.466596"><ele>3507.394238</ele><time>2026-09-14T23:25:41Z</time><extensions><speed>0.629753</speed><course>307.128840</course><hAcc>1.681030</hAcc><vAcc>0.690283</vAcc></extensions></trkpt>
      <trkpt lon="120.953073" lat="23.466599"><ele>3507.240053</ele><time>2026-09-14T23:25:42Z</time><extensions><speed>0.629369</speed><course>310.755917</course><hAcc>1.675365</hAcc><vAcc>0.690283</vAcc></extensions></trkpt>
      <trkpt lon="120.953068" lat="23.466603"><ele>3507.091066</ele><time>2026-09-14T23:25:43Z</time><extensions><speed>0.685285</speed><course>312.619246</course><hAcc>1.652838</hAcc><vAcc>0.690283</vAcc></extensions></trkpt>
      <trkpt lon="120.953063" lat="23.466608"><ele>3506.947611</ele><time>2026-09-14T23:25:44Z</time><extensions><speed>0.702007</speed><course>313.036060</course><hAcc>1.633004</hAcc><vAcc>0.690283</vAcc></extensions></trkpt>
      <trkpt lon="120.953058" lat="23.466612"><ele>3506.809856</ele><time>2026-09-14T23:25:45Z</time><extensions><speed>0.706704</speed><course>313.620731</course><hAcc>1.613109</hAcc><vAcc>0.690283</vAcc></extensions></trkpt>
      <trkpt lon="120.953053" lat="23.466617"><ele>3506.677619</ele><time>2026-09-14T23:25:46Z</time><extensions><speed>0.700638</speed><course>312.530937</course><hAcc>1.599644</hAcc><vAcc>0.690283</vAcc></extensions></trkpt>
      <trkpt lon="120.953048" lat="23.466621"><ele>3506.550452</ele><time>2026-09-14T23:25:47Z</time><extensions><speed>0.605257</speed><course>309.589705</course><hAcc>1.618287</hAcc><vAcc>0.690283</vAcc></extensions></trkpt>
      <trkpt lon="120.953044" lat="23.466624"><ele>3506.427753</ele><time>2026-09-14T23:25:48Z</time><extensions><speed>0.469062</speed><course>308.551127</course><hAcc>1.638252</hAcc><vAcc>0.690283</vAcc></extensions></trkpt>
      <trkpt lon="120.953040" lat="23.466627"><ele>3506.308613</ele><time>2026-09-14T23:25:49Z</time><extensions><speed>0.543667</speed><course>309.595890</course><hAcc>1.622531</hAcc><vAcc>0.690283</vAcc></extensions></trkpt>
      <trkpt lon="120.953035" lat="23.466630"><ele>3506.191963</ele><time>2026-09-14T23:25:50Z</time><extensions><speed>0.662571</speed><course>308.441439</course><hAcc>1.618257</hAcc><vAcc>0.690283</vAcc></extensions></trkpt>
      <trkpt lon="120.953029" lat="23.466634"><ele>3506.076622</ele><time>2026-09-14T23:25:51Z</time><extensions><speed>0.879674</speed><course>307.123968</course><hAcc>1.612185</hAcc><vAcc>0.690283</vAcc></extensions></trkpt>
      <trkpt lon="120.953022" lat="23.466639"><ele>3505.961376</ele><time>2026-09-14T23:25:52Z</time><extensions><speed>1.002416</speed><course>306.073061</course><hAcc>1.614535</hAcc><vAcc>0.690283</vAcc></extensions></trkpt>
      <trkpt lon="120.953014" lat="23.466644"><ele>3505.845026</ele><time>2026-09-14T23:25:53Z</time><extensions><speed>1.014639</speed><course>305.221958</course><hAcc>1.612431</hAcc><vAcc>0.690283</vAcc></extensions></trkpt>
      <trkpt lon="120.953006" lat="23.466649"><ele>3505.726701</ele><time>2026-09-14T23:25:54Z</time><extensions><speed>0.931086</speed><course>303.819407</course><hAcc>1.607890</hAcc><vAcc>0.690283</vAcc></extensions></trkpt>
      <trkpt lon="120.952998" lat="23.466653"><ele>3505.605792</ele><time>2026-09-14T23:25:55Z</time><extensions><speed>0.795176</speed><course>302.181362</course><hAcc>1.609696</hAcc><vAcc>0.690283</vAcc></extensions></trkpt>
      <trkpt lon="120.952992" lat="23.466657"><ele>3505.482048</ele><time>2026-09-14T23:25:56Z</time><extensions><speed>0.586583</speed><course>297.201623</course><hAcc>1.597821</hAcc><vAcc>0.690283</vAcc></extensions></trkpt>
      <trkpt lon="120.952987" lat="23.466659"><ele>3505.355592</ele><time>2026-09-14T23:25:57Z</time><extensions><speed>0.544545</speed><course>292.356092</course><hAcc>1.592903</hAcc><vAcc>0.690283</vAcc></extensions></trkpt>
      <trkpt lon="120.952982" lat="23.466661"><ele>3505.226790</ele><time>2026-09-14T23:25:58Z</time><extensions><speed>0.657090</speed><course>290.262634</course><hAcc>1.579011</hAcc><vAcc>0.690283</vAcc></extensions></trkpt>
      <trkpt lon="120.952975" lat="23.466663"><ele>3505.096429</ele><time>2026-09-14T23:25:59Z</time><extensions><speed>0.748357</speed><course>292.169218</course><hAcc>1.572280</hAcc><vAcc>0.690283</vAcc></extensions></trkpt>
      <trkpt lon="120.952968" lat="23.466666"><ele>3504.965420</ele><time>2026-09-14T23:26:00Z</time><extensions><speed>0.885727</speed><course>295.501003</course><hAcc>1.572796</hAcc><vAcc>0.690283</vAcc></extensions></trkpt>
      <trkpt lon="120.952960" lat="23.466670"><ele>3504.834716</ele><time>2026-09-14T23:26:01Z</time><extensions><speed>1.011976</speed><course>296.579023</course><hAcc>1.569630</hAcc><vAcc>0.690283</vAcc></extensions></trkpt>
      <trkpt lon="120.952951" lat="23.466675"><ele>3504.705337</ele><time>2026-09-14T23:26:02Z</time><extensions><speed>1.072405</speed><course>298.751274</course><hAcc>1.578709</hAcc><vAcc>0.690283</vAcc></extensions></trkpt>
      <trkpt lon="120.952942" lat="23.466680"><ele>3504.578109</ele><time>2026-09-14T23:26:03Z</time><extensions><speed>1.102093</speed><course>301.978474</course><hAcc>1.590501</hAcc><vAcc>0.690283</vAcc></extensions></trkpt>
      <trkpt lon="120.952933" lat="23.466685"><ele>3504.453774</ele><time>2026-09-14T23:26:04Z</time><extensions><speed>1.014025</speed><course>306.572943</course><hAcc>1.591861</hAcc><vAcc>0.690283</vAcc></extensions></trkpt>
      <trkpt lon="120.952926" lat="23.466690"><ele>3504.332960</ele><time>2026-09-14T23:26:05Z</time><extensions><speed>0.884595</speed><course>310.911595</course><hAcc>1.583654</hAcc><vAcc>0.690283</vAcc></extensions></trkpt>
      <trkpt lon="120.952920" lat="23.466696"><ele>3504.216215</ele><time>2026-09-14T23:26:06Z</time><extensions><speed>0.789258</speed><course>314.975037</course><hAcc>1.594741</hAcc><vAcc>0.690283</vAcc></extensions></trkpt>
      <trkpt lon="120.952914" lat="23.466701"><ele>3504.104125</ele><time>2026-09-14T23:26:07Z</time><extensions><speed>0.762972</speed><course>317.957446</course><hAcc>1.620827</hAcc><vAcc>0.690283</vAcc></extensions></trkpt>
      <trkpt lon="120.952909" lat="23.466706"><ele>3503.997138</ele><time>2026-09-14T23:26:08Z</time><extensions><speed>0.812954</speed><course>320.328382</course><hAcc>1.615037</hAcc><vAcc>0.690283</vAcc></extensions></trkpt>
      <trkpt lon="120.952904" lat="23.466712"><ele>3503.895629</ele><time>2026-09-14T23:26:09Z</time><extensions><speed>0.815240</speed><course>322.545712</course><hAcc>1.602037</hAcc><vAcc>0.690283</vAcc></extensions></trkpt>
      <trkpt lon="120.952900" lat="23.466718"><ele>3503.799856</ele><time>2026-09-14T23:26:10Z</time><extensions><speed>0.754062</speed><course>325.433328</course><hAcc>1.581741</hAcc><vAcc>0.690283</vAcc></extensions></trkpt>
      <trkpt lon="120.952896" lat="23.466724"><ele>3503.709896</ele><time>2026-09-14T23:26:11Z</time><extensions><speed>0.742802</speed><course>325.624147</course><hAcc>1.575001</hAcc><vAcc>0.690283</vAcc></extensions></trkpt>
      <trkpt lon="120.952892" lat="23.466729"><ele>3503.625700</ele><time>2026-09-14T23:26:12Z</time><extensions><speed>0.726520</speed><course>323.539150</course><hAcc>1.585226</hAcc><vAcc>0.690283</vAcc></extensions></trkpt>
      <trkpt lon="120.952888" lat="23.466734"><ele>3503.547123</ele><time>2026-09-14T23:26:13Z</time><extensions><speed>0.647370</speed><course>322.743886</course><hAcc>1.581167</hAcc><vAcc>0.690283</vAcc></extensions></trkpt>
      <trkpt lon="120.952884" lat="23.466738"><ele>3503.473892</ele><time>2026-09-14T23:26:14Z</time><extensions><speed>0.477617</speed><course>323.370423</course><hAcc>1.584879</hAcc><vAcc>0.690283</vAcc></extensions></trkpt>
      <trkpt lon="120.952882" lat="23.466741"><ele>3503.405636</ele><time>2026-09-14T23:26:15Z</time><extensions><speed>0.323274</speed><course>324.436738</course><hAcc>1.618122</hAcc><vAcc>0.690283</vAcc></extensions></trkpt>
      <trkpt lon="120.952880" lat="23.466744"><ele>3503.341981</ele><time>2026-09-14T23:26:16Z</time><extensions><speed>0.401632</speed><course>327.092611</course><hAcc>1.622530</hAcc><vAcc>0.690283</vAcc></extensions></trkpt>
      <trkpt lon="120.952878" lat="23.466748"><ele>3503.282350</ele><time>2026-09-14T23:26:17Z</time><extensions><speed>0.494235</speed><course>333.546175</course><hAcc>1.615775</hAcc><vAcc>0.690283</vAcc></extensions></trkpt>
      <trkpt lon="120.952876" lat="23.466752"><ele>3503.226110</ele><time>2026-09-14T23:26:18Z</time><extensions><speed>0.572320</speed><course>341.090428</course><hAcc>1.622969</hAcc><vAcc>0.690283</vAcc></extensions></trkpt>
      <trkpt lon="120.952874" lat="23.466757"><ele>3503.172462</ele><time>2026-09-14T23:26:19Z</time><extensions><speed>0.635516</speed><course>345.208006</course><hAcc>1.654782</hAcc><vAcc>0.690282</vAcc></extensions></trkpt>
      <trkpt lon="120.952873" lat="23.466763"><ele>3503.120405</ele><time>2026-09-14T23:26:20Z</time><extensions><speed>0.636152</speed><course>350.196209</course><hAcc>1.688570</hAcc><vAcc>0.690282</vAcc></extensions></trkpt>
      <trkpt lon="120.952872" lat="23.466768"><ele>3503.068969</ele><time>2026-09-14T23:26:21Z</time><extensions><speed>0.601193</speed><course>354.811838</course><hAcc>1.713410</hAcc><vAcc>0.690281</vAcc></extensions></trkpt>
      <trkpt lon="120.952872" lat="23.466774"><ele>3503.016993</ele><time>2026-09-14T23:26:22Z</time><extensions><speed>0.600330</speed><course>354.581842</course><hAcc>1.725156</hAcc><vAcc>0.690281</vAcc></extensions></trkpt>
      <trkpt lon="120.952871" lat="23.466779"><ele>3502.963361</ele><time>2026-09-14T23:26:23Z</time><extensions><speed>0.619494</speed><course>349.040693</course><hAcc>1.737950</hAcc><vAcc>0.690282</vAcc></extensions></trkpt>
      <trkpt lon="120.952869" lat="23.466785"><ele>3502.907069</ele><time>2026-09-14T23:26:24Z</time><extensions><speed>0.612642</speed><course>342.027059</course><hAcc>1.760381</hAcc><vAcc>0.690282</vAcc></extensions></trkpt>
      <trkpt lon="120.952867" lat="23.466790"><ele>3502.847200</ele><time>2026-09-14T23:26:25Z</time><extensions><speed>0.547263</speed><course>338.635386</course><hAcc>1.770447</hAcc><vAcc>0.690282</vAcc></extensions></trkpt>
      <trkpt lon="120.952866" lat="23.466794"><ele>3502.783024</ele><time>2026-09-14T23:26:26Z</time><extensions><speed>0.462444</speed><course>341.528789</course><hAcc>1.753286</hAcc><vAcc>0.690283</vAcc></extensions></trkpt>
      <trkpt lon="120.952864" lat="23.466798"><ele>3502.713968</ele><time>2026-09-14T23:26:27Z</time><extensions><speed>0.444168</speed><course>340.607620</course><hAcc>1.743323</hAcc><vAcc>0.690283</vAcc></extensions></trkpt>
      <trkpt lon="120.952863" lat="23.466801"><ele>3502.639630</ele><time>2026-09-14T23:26:28Z</time><extensions><speed>0.437244</speed><course>335.827640</course><hAcc>1.745913</hAcc><vAcc>0.690283</vAcc></extensions></trkpt>
      <trkpt lon="120.952860" lat="23.466805"><ele>3502.559807</ele><time>2026-09-14T23:26:29Z</time><extensions><speed>0.494021</speed><course>328.843217</course><hAcc>1.748241</hAcc><vAcc>0.690283</vAcc></extensions></trkpt>
      <trkpt lon="120.952858" lat="23.466809"><ele>3502.474641</ele><time>2026-09-14T23:26:30Z</time><extensions><speed>0.506980</speed><course>324.156037</course><hAcc>1.760097</hAcc><vAcc>0.690284</vAcc></extensions></trkpt>
      <trkpt lon="120.952855" lat="23.466813"><ele>3502.384548</ele><time>2026-09-14T23:26:31Z</time><extensions><speed>0.472682</speed><course>322.953807</course><hAcc>1.755334</hAcc><vAcc>0.690284</vAcc></extensions></trkpt>
      <trkpt lon="120.952852" lat="23.466816"><ele>3502.290096</ele><time>2026-09-14T23:26:32Z</time><extensions><speed>0.430834</speed><course>321.460235</course><hAcc>1.722636</hAcc><vAcc>0.690284</vAcc></extensions></trkpt>
      <trkpt lon="120.952849" lat="23.466819"><ele>3502.191988</ele><time>2026-09-14T23:26:33Z</time><extensions><speed>0.448326</speed><course>315.843309</course><hAcc>1.692670</hAcc><vAcc>0.690284</vAcc></extensions></trkpt>
      <trkpt lon="120.952846" lat="23.466821"><ele>3502.091037</ele><time>2026-09-14T23:26:34Z</time><extensions><speed>0.458959</speed><course>308.444097</course><hAcc>1.694179</hAcc><vAcc>0.690284</vAcc></extensions></trkpt>
      <trkpt lon="120.952842" lat="23.466823"><ele>3501.987912</ele><time>2026-09-14T23:26:35Z</time><extensions><speed>0.385538</speed><course>299.822269</course><hAcc>1.708640</hAcc><vAcc>0.690284</vAcc></extensions></trkpt>
      <trkpt lon="120.952839" lat="23.466825"><ele>3501.883274</ele><time>2026-09-14T23:26:36Z</time><extensions><speed>0.407302</speed><course>293.178590</course><hAcc>1.702786</hAcc><vAcc>0.690284</vAcc></extensions></trkpt>
      <trkpt lon="120.952835" lat="23.466826"><ele>3501.777581</ele><time>2026-09-14T23:26:37Z</time><extensions><speed>0.482897</speed><course>290.018231</course><hAcc>1.699795</hAcc><vAcc>0.690284</vAcc></extensions></trkpt>
      <trkpt lon="120.952830" lat="23.466828"><ele>3501.671006</ele><time>2026-09-14T23:26:38Z</time><extensions><speed>0.566614</speed><course>284.740982</course><hAcc>1.700841</hAcc><vAcc>0.690284</vAcc></extensions></trkpt>
      <trkpt lon="120.952824" lat="23.466829"><ele>3501.563529</ele><time>2026-09-14T23:26:39Z</time><extensions><speed>0.693025</speed><course>278.020736</course><hAcc>1.698841</hAcc><vAcc>0.690284</vAcc></extensions></trkpt>
      <trkpt lon="120.952817" lat="23.466829"><ele>3501.454502</ele><time>2026-09-14T23:26:40Z</time><extensions><speed>0.689057</speed><course>269.298083</course><hAcc>1.709007</hAcc><vAcc>0.690284</vAcc></extensions></trkpt>
      <trkpt lon="120.952811" lat="23.466828"><ele>3501.343185</ele><time>2026-09-14T23:26:41Z</time><extensions><speed>0.595292</speed><course>255.071934</course><hAcc>1.722188</hAcc><vAcc>0.690284</vAcc></extensions></trkpt>
      <trkpt lon="120.952806" lat="23.466827"><ele>3501.228653</ele><time>2026-09-14T23:26:42Z</time><extensions><speed>0.506150</speed><course>240.791834</course><hAcc>1.740857</hAcc><vAcc>0.690284</vAcc></extensions></trkpt>
      <trkpt lon="120.952802" lat="23.466824"><ele>3501.109750</ele><time>2026-09-14T23:26:43Z</time><extensions><speed>0.385042</speed><course>221.293454</course><hAcc>1.771662</hAcc><vAcc>0.690284</vAcc></extensions></trkpt>
      <trkpt lon="120.952800" lat="23.466821"><ele>3500.985470</ele><time>2026-09-14T23:26:44Z</time><extensions><speed>0.400985</speed><course>214.814479</course><hAcc>1.771015</hAcc><vAcc>0.690284</vAcc></extensions></trkpt>
      <trkpt lon="120.952798" lat="23.466818"><ele>3500.854719</ele><time>2026-09-14T23:26:45Z</time><extensions><speed>0.413213</speed><course>224.565556</course><hAcc>1.771909</hAcc><vAcc>0.690284</vAcc></extensions></trkpt>
      <trkpt lon="120.952795" lat="23.466816"><ele>3500.716488</ele><time>2026-09-14T23:26:46Z</time><extensions><speed>0.406947</speed><course>230.533661</course><hAcc>1.783491</hAcc><vAcc>0.690284</vAcc></extensions></trkpt>
      <trkpt lon="120.952791" lat="23.466814"><ele>3500.569822</ele><time>2026-09-14T23:26:47Z</time><extensions><speed>0.430562</speed><course>242.045409</course><hAcc>1.792996</hAcc><vAcc>0.690284</vAcc></extensions></trkpt>
      <trkpt lon="120.952787" lat="23.466812"><ele>3500.413746</ele><time>2026-09-14T23:26:48Z</time><extensions><speed>0.432982</speed><course>247.140264</course><hAcc>1.801595</hAcc><vAcc>0.690284</vAcc></extensions></trkpt>
      <trkpt lon="120.952784" lat="23.466811"><ele>3500.247486</ele><time>2026-09-14T23:26:49Z</time><extensions><speed>0.407777</speed><course>251.019464</course><hAcc>1.809597</hAcc><vAcc>0.690284</vAcc></extensions></trkpt>
      <trkpt lon="120.952780" lat="23.466810"><ele>3500.070550</ele><time>2026-09-14T23:26:50Z</time><extensions><speed>0.390975</speed><course>254.655882</course><hAcc>1.813510</hAcc><vAcc>0.690284</vAcc></extensions></trkpt>
      <trkpt lon="120.952776" lat="23.466809"><ele>3499.882785</ele><time>2026-09-14T23:26:51Z</time><extensions><speed>0.423296</speed><course>260.573818</course><hAcc>1.813776</hAcc><vAcc>0.690284</vAcc></extensions></trkpt>
      <trkpt lon="120.952772" lat="23.466809"><ele>3499.684460</ele><time>2026-09-14T23:26:52Z</time><extensions><speed>0.483585</speed><course>266.173275</course><hAcc>1.817399</hAcc><vAcc>0.690284</vAcc></extensions></trkpt>
      <trkpt lon="120.952767" lat="23.466808"><ele>3499.476378</ele><time>2026-09-14T23:26:53Z</time><extensions><speed>0.528934</speed><course>270.264340</course><hAcc>1.817727</hAcc><vAcc>0.690284</vAcc></extensions></trkpt>
      <trkpt lon="120.952761" lat="23.466809"><ele>3499.259518</ele><time>2026-09-14T23:26:54Z</time><extensions><speed>0.543392</speed><course>274.716502</course><hAcc>1.806803</hAcc><vAcc>0.690284</vAcc></extensions></trkpt>
      <trkpt lon="120.952756" lat="23.466809"><ele>3499.035243</ele><time>2026-09-14T23:26:55Z</time><extensions><speed>0.474227</speed><course>276.373818</course><hAcc>1.793275</hAcc><vAcc>0.690284</vAcc></extensions></trkpt>
      <trkpt lon="120.952752" lat="23.466810"><ele>3498.805118</ele><time>2026-09-14T23:26:56Z</time><extensions><speed>0.467043</speed><course>279.839432</course><hAcc>1.783198</hAcc><vAcc>0.690284</vAcc></extensions></trkpt>
      <trkpt lon="120.952748" lat="23.466811"><ele>3498.570747</ele><time>2026-09-14T23:26:57Z</time><extensions><speed>0.418365</speed><course>282.895998</course><hAcc>1.777093</hAcc><vAcc>0.690284</vAcc></extensions></trkpt>
      <trkpt lon="120.952744" lat="23.466811"><ele>3498.334037</ele><time>2026-09-14T23:26:58Z</time><extensions><speed>0.399355</speed><course>276.771368</course><hAcc>1.780399</hAcc><vAcc>0.690283</vAcc></extensions></trkpt>
      <trkpt lon="120.952740" lat="23.466812"><ele>3498.096880</ele><time>2026-09-14T23:26:59Z</time><extensions><speed>0.280767</speed><course>273.147648</course><hAcc>1.783522</hAcc><vAcc>0.690283</vAcc></extensions></trkpt>
      <trkpt lon="120.952738" lat="23.466812"><ele>3497.861203</ele><time>2026-09-14T23:27:00Z</time><extensions><speed>0.155223</speed><course>281.214319</course><hAcc>1.758149</hAcc><vAcc>0.690283</vAcc></extensions></trkpt>
      <trkpt lon="120.952737" lat="23.466812"><ele>3497.628879</ele><time>2026-09-14T23:27:01Z</time><extensions><speed>0.117939</speed><course>297.594030</course><hAcc>1.743442</hAcc><vAcc>0.690283</vAcc></extensions></trkpt>
      <trkpt lon="120.952736" lat="23.466813"><ele>3497.401432</ele><time>2026-09-14T23:27:02Z</time><extensions><speed>0.176461</speed><course>299.784870</course><hAcc>1.745811</hAcc><vAcc>0.690283</vAcc></extensions></trkpt>
      <trkpt lon="120.952734" lat="23.466814"><ele>3497.180381</ele><time>2026-09-14T23:27:03Z</time><extensions><speed>0.222491</speed><course>306.837004</course><hAcc>1.761998</hAcc><vAcc>0.690283</vAcc></extensions></trkpt>
      <trkpt lon="120.952732" lat="23.466815"><ele>3496.966818</ele><time>2026-09-14T23:27:04Z</time><extensions><speed>0.239608</speed><course>308.484876</course><hAcc>1.756003</hAcc><vAcc>0.690283</vAcc></extensions></trkpt>
      <trkpt lon="120.952730" lat="23.466816"><ele>3496.761480</ele><time>2026-09-14T23:27:05Z</time><extensions><speed>0.301677</speed><course>299.109266</course><hAcc>1.749026</hAcc><vAcc>0.690283</vAcc></extensions></trkpt>
      <trkpt lon="120.952727" lat="23.466818"><ele>3496.564854</ele><time>2026-09-14T23:27:06Z</time><extensions><speed>0.370965</speed><course>291.882402</course><hAcc>1.747307</hAcc><vAcc>0.690283</vAcc></extensions></trkpt>
      <trkpt lon="120.952724" lat="23.466819"><ele>3496.377177</ele><time>2026-09-14T23:27:07Z</time><extensions><speed>0.394208</speed><course>284.211108</course><hAcc>1.747439</hAcc><vAcc>0.690283</vAcc></extensions></trkpt>
      <trkpt lon="120.952720" lat="23.466820"><ele>3496.198409</ele><time>2026-09-14T23:27:08Z</time><extensions><speed>0.400939</speed><course>275.891416</course><hAcc>1.745862</hAcc><vAcc>0.690283</vAcc></extensions></trkpt>
      <trkpt lon="120.952715" lat="23.466820"><ele>3496.028425</ele><time>2026-09-14T23:27:09Z</time><extensions><speed>0.470697</speed><course>268.114226</course><hAcc>1.738288</hAcc><vAcc>0.690283</vAcc></extensions></trkpt>
      <trkpt lon="120.952710" lat="23.466819"><ele>3495.867006</ele><time>2026-09-14T23:27:10Z</time><extensions><speed>0.573430</speed><course>262.490698</course><hAcc>1.729180</hAcc><vAcc>0.690283</vAcc></extensions></trkpt>
      <trkpt lon="120.952704" lat="23.466819"><ele>3495.713700</ele><time>2026-09-14T23:27:11Z</time><extensions><speed>0.665860</speed><course>261.008792</course><hAcc>1.728117</hAcc><vAcc>0.690283</vAcc></extensions></trkpt>
      <trkpt lon="120.952698" lat="23.466818"><ele>3495.567873</ele><time>2026-09-14T23:27:12Z</time><extensions><speed>0.661902</speed><course>262.587867</course><hAcc>1.734099</hAcc><vAcc>0.690283</vAcc></extensions></trkpt>
      <trkpt lon="120.952691" lat="23.466817"><ele>3495.428528</ele><time>2026-09-14T23:27:13Z</time><extensions><speed>0.688668</speed><course>261.055141</course><hAcc>1.731733</hAcc><vAcc>0.690283</vAcc></extensions></trkpt>
      <trkpt lon="120.952685" lat="23.466816"><ele>3495.294354</ele><time>2026-09-14T23:27:14Z</time><extensions><speed>0.698039</speed><course>264.344143</course><hAcc>1.732066</hAcc><vAcc>0.690283</vAcc></extensions></trkpt>
      <trkpt lon="120.952678" lat="23.466816"><ele>3495.163814</ele><time>2026-09-14T23:27:15Z</time><extensions><speed>0.602178</speed><course>266.233799</course><hAcc>1.745225</hAcc><vAcc>0.690283</vAcc></extensions></trkpt>
      <trkpt lon="120.952673" lat="23.466816"><ele>3495.035307</ele><time>2026-09-14T23:27:16Z</time><extensions><speed>0.481704</speed><course>272.771518</course><hAcc>1.757339</hAcc><vAcc>0.690283</vAcc></extensions></trkpt>
      <trkpt lon="120.952669" lat="23.466816"><ele>3494.907315</ele><time>2026-09-14T23:27:17Z</time><extensions><speed>0.386872</speed><course>287.736782</course><hAcc>1.760216</hAcc><vAcc>0.690283</vAcc></extensions></trkpt>
      <trkpt lon="120.952665" lat="23.466817"><ele>3494.778543</ele><time>2026-09-14T23:27:18Z</time><extensions><speed>0.368609</speed><course>288.954296</course><hAcc>1.766022</hAcc><vAcc>0.690283</vAcc></extensions></trkpt>
      <trkpt lon="120.952662" lat="23.466818"><ele>3494.648037</ele><time>2026-09-14T23:27:19Z</time><extensions><speed>0.315610</speed><course>281.011797</course><hAcc>1.780301</hAcc><vAcc>0.690283</vAcc></extensions></trkpt>
      <trkpt lon="120.952660" lat="23.466818"><ele>3494.515242</ele><time>2026-09-14T23:27:20Z</time><extensions><speed>0.249020</speed><course>258.128534</course><hAcc>1.794452</hAcc><vAcc>0.690283</vAcc></extensions></trkpt>
      <trkpt lon="120.952658" lat="23.466817"><ele>3494.380126</ele><time>2026-09-14T23:27:21Z</time><extensions><speed>0.225948</speed><course>219.840487</course><hAcc>1.798435</hAcc><vAcc>0.690283</vAcc></extensions></trkpt>
      <trkpt lon="120.952657" lat="23.466815"><ele>3494.242922</ele><time>2026-09-14T23:27:22Z</time><extensions><speed>0.308054</speed><course>185.642665</course><hAcc>1.799006</hAcc><vAcc>0.690283</vAcc></extensions></trkpt>
      <trkpt lon="120.952657" lat="23.466812"><ele>3494.104176</ele><time>2026-09-14T23:27:23Z</time><extensions><speed>0.433128</speed><course>166.103229</course><hAcc>1.798340</hAcc><vAcc>0.690283</vAcc></extensions></trkpt>
      <trkpt lon="120.952659" lat="23.466808"><ele>3493.964618</ele><time>2026-09-14T23:27:24Z</time><extensions><speed>0.521684</speed><course>148.749041</course><hAcc>1.800074</hAcc><vAcc>0.690283</vAcc></extensions></trkpt>
      <trkpt lon="120.952662" lat="23.466804"><ele>3493.824883</ele><time>2026-09-14T23:27:25Z</time><extensions><speed>0.592707</speed><course>137.991619</course><hAcc>1.799646</hAcc><vAcc>0.690283</vAcc></extensions></trkpt>
      <trkpt lon="120.952667" lat="23.466800"><ele>3493.685785</ele><time>2026-09-14T23:27:26Z</time><extensions><speed>0.638669</speed><course>129.158910</course><hAcc>1.794606</hAcc><vAcc>0.690283</vAcc></extensions></trkpt>
      <trkpt lon="120.952672" lat="23.466797"><ele>3493.548066</ele><time>2026-09-14T23:27:27Z</time><extensions><speed>0.672149</speed><course>120.369740</course><hAcc>1.789654</hAcc><vAcc>0.690283</vAcc></extensions></trkpt>
      <trkpt lon="120.952678" lat="23.466794"><ele>3493.412577</ele><time>2026-09-14T23:27:28Z</time><extensions><speed>0.692058</speed><course>113.039991</course><hAcc>1.790053</hAcc><vAcc>0.690283</vAcc></extensions></trkpt>
      <trkpt lon="120.952685" lat="23.466792"><ele>3493.280339</ele><time>2026-09-14T23:27:29Z</time><extensions><speed>0.718061</speed><course>106.881025</course><hAcc>1.792751</hAcc><vAcc>0.690283</vAcc></extensions></trkpt>
      <trkpt lon="120.952692" lat="23.466790"><ele>3493.152241</ele><time>2026-09-14T23:27:30Z</time><extensions><speed>0.759364</speed><course>100.288380</course><hAcc>1.797111</hAcc><vAcc>0.690283</vAcc></extensions></trkpt>
      <trkpt lon="120.952699" lat="23.466789"><ele>3493.029329</ele><time>2026-09-14T23:27:31Z</time><extensions><speed>0.828988</speed><course>95.859189</course><hAcc>1.796797</hAcc><vAcc>0.690283</vAcc></extensions></trkpt>
      <trkpt lon="120.952708" lat="23.466788"><ele>3492.912520</ele><time>2026-09-14T23:27:32Z</time><extensions><speed>0.893426</speed><course>93.491023</course><hAcc>1.795842</hAcc><vAcc>0.690283</vAcc></extensions></trkpt>
      <trkpt lon="120.952717" lat="23.466788"><ele>3492.802569</ele><time>2026-09-14T23:27:33Z</time><extensions><speed>0.958610</speed><course>93.351800</course><hAcc>1.794548</hAcc><vAcc>0.690283</vAcc></extensions></trkpt>
      <trkpt lon="120.952727" lat="23.466787"><ele>3492.700107</ele><time>2026-09-14T23:27:34Z</time><extensions><speed>0.999713</speed><course>95.676907</course><hAcc>1.794800</hAcc><vAcc>0.690283</vAcc></extensions></trkpt>
      <trkpt lon="120.952736" lat="23.466786"><ele>3492.605602</ele><time>2026-09-14T23:27:35Z</time><extensions><speed>1.015783</speed><course>100.446279</course><hAcc>1.792490</hAcc><vAcc>0.690283</vAcc></extensions></trkpt>
      <trkpt lon="120.952746" lat="23.466784"><ele>3492.519238</ele><time>2026-09-14T23:27:36Z</time><extensions><speed>1.033792</speed><course>105.117379</course><hAcc>1.788216</hAcc><vAcc>0.690283</vAcc></extensions></trkpt>
      <trkpt lon="120.952755" lat="23.466781"><ele>3492.440997</ele><time>2026-09-14T23:27:37Z</time><extensions><speed>0.977769</speed><course>109.898588</course><hAcc>1.783137</hAcc><vAcc>0.690283</vAcc></extensions></trkpt>
      <trkpt lon="120.952764" lat="23.466778"><ele>3492.370640</ele><time>2026-09-14T23:27:38Z</time><extensions><speed>0.871419</speed><course>114.377697</course><hAcc>1.778145</hAcc><vAcc>0.690283</vAcc></extensions></trkpt>
      <trkpt lon="120.952771" lat="23.466775"><ele>3492.307507</ele><time>2026-09-14T23:27:39Z</time><extensions><speed>0.742070</speed><course>118.338041</course><hAcc>1.774945</hAcc><vAcc>0.690283</vAcc></extensions></trkpt>
      <trkpt lon="120.952777" lat="23.466771"><ele>3492.250750</ele><time>2026-09-14T23:27:40Z</time><extensions><speed>0.645008</speed><course>122.513977</course><hAcc>1.776585</hAcc><vAcc>0.690283</vAcc></extensions></trkpt>
      <trkpt lon="120.952782" lat="23.466768"><ele>3492.199116</ele><time>2026-09-14T23:27:41Z</time><extensions><speed>0.580757</speed><course>126.479969</course><hAcc>1.780349</hAcc><vAcc>0.690283</vAcc></extensions></trkpt>
      <trkpt lon="120.952786" lat="23.466765"><ele>3492.151110</ele><time>2026-09-14T23:27:42Z</time><extensions><speed>0.604895</speed><course>129.119034</course><hAcc>1.767980</hAcc><vAcc>0.690283</vAcc></extensions></trkpt>
      <trkpt lon="120.952791" lat="23.466762"><ele>3492.105161</ele><time>2026-09-14T23:27:43Z</time><extensions><speed>0.569038</speed><course>130.012153</course><hAcc>1.769213</hAcc><vAcc>0.690283</vAcc></extensions></trkpt>
      <trkpt lon="120.952795" lat="23.466758"><ele>3492.059520</ele><time>2026-09-14T23:27:44Z</time><extensions><speed>0.562123</speed><course>130.531135</course><hAcc>1.772575</hAcc><vAcc>0.690283</vAcc></extensions></trkpt>
      <trkpt lon="120.952799" lat="23.466755"><ele>3492.012508</ele><time>2026-09-14T23:27:45Z</time><extensions><speed>0.565520</speed><course>131.860350</course><hAcc>1.771902</hAcc><vAcc>0.690283</vAcc></extensions></trkpt>
      <trkpt lon="120.952803" lat="23.466751"><ele>3491.962628</ele><time>2026-09-14T23:27:46Z</time><extensions><speed>0.564203</speed><course>133.362019</course><hAcc>1.769991</hAcc><vAcc>0.690283</vAcc></extensions></trkpt>
      <trkpt lon="120.952807" lat="23.466748"><ele>3491.908631</ele><time>2026-09-14T23:27:47Z</time><extensions><speed>0.522408</speed><course>135.041213</course><hAcc>1.771675</hAcc><vAcc>0.690283</vAcc></extensions></trkpt>
      <trkpt lon="120.952810" lat="23.466745"><ele>3491.849530</ele><time>2026-09-14T23:27:48Z</time><extensions><speed>0.446190</speed><course>137.130804</course><hAcc>1.774334</hAcc><vAcc>0.690283</vAcc></extensions></trkpt>
      <trkpt lon="120.952813" lat="23.466742"><ele>3491.784908</ele><time>2026-09-14T23:27:49Z</time><extensions><speed>0.367479</speed><course>140.469986</course><hAcc>1.777087</hAcc><vAcc>0.690283</vAcc></extensions></trkpt>
      <trkpt lon="120.952815" lat="23.466740"><ele>3491.714686</ele><time>2026-09-14T23:27:50Z</time><extensions><speed>0.315850</speed><course>145.608826</course><hAcc>1.778723</hAcc><vAcc>0.690283</vAcc></extensions></trkpt>
      <trkpt lon="120.952816" lat="23.466738"><ele>3491.639209</ele><time>2026-09-14T23:27:51Z</time><extensions><speed>0.267877</speed><course>154.734880</course><hAcc>1.779397</hAcc><vAcc>0.690283</vAcc></extensions></trkpt>
      <trkpt lon="120.952817" lat="23.466736"><ele>3491.559252</ele><time>2026-09-14T23:27:52Z</time><extensions><speed>0.209274</speed><course>175.219774</course><hAcc>1.778819</hAcc><vAcc>0.690283</vAcc></extensions></trkpt>
      <trkpt lon="120.952817" lat="23.466734"><ele>3491.475864</ele><time>2026-09-14T23:27:53Z</time><extensions><speed>0.203465</speed><course>205.305019</course><hAcc>1.779168</hAcc><vAcc>0.690283</vAcc></extensions></trkpt>
      <trkpt lon="120.952815" lat="23.466733"><ele>3491.390354</ele><time>2026-09-14T23:27:54Z</time><extensions><speed>0.271902</speed><course>254.788661</course><hAcc>1.786282</hAcc><vAcc>0.690283</vAcc></extensions></trkpt>
      <trkpt lon="120.952811" lat="23.466733"><ele>3491.304153</ele><time>2026-09-14T23:27:55Z</time><extensions><speed>0.434543</speed><course>279.178761</course><hAcc>1.788122</hAcc><vAcc>0.690283</vAcc></extensions></trkpt>
      <trkpt lon="120.952807" lat="23.466734"><ele>3491.218656</ele><time>2026-09-14T23:27:56Z</time><extensions><speed>0.587542</speed><course>293.156395</course><hAcc>1.786168</hAcc><vAcc>0.690283</vAcc></extensions></trkpt>
      <trkpt lon="120.952801" lat="23.466737"><ele>3491.135059</ele><time>2026-09-14T23:27:57Z</time><extensions><speed>0.728118</speed><course>303.506945</course><hAcc>1.781263</hAcc><vAcc>0.690283</vAcc></extensions></trkpt>
      <trkpt lon="120.952795" lat="23.466741"><ele>3491.054283</ele><time>2026-09-14T23:27:58Z</time><extensions><speed>0.840631</speed><course>308.291336</course><hAcc>1.777158</hAcc><vAcc>0.690283</vAcc></extensions></trkpt>
      <trkpt lon="120.952788" lat="23.466746"><ele>3490.976822</ele><time>2026-09-14T23:27:59Z</time><extensions><speed>0.900018</speed><course>306.244105</course><hAcc>1.782989</hAcc><vAcc>0.690283</vAcc></extensions></trkpt>
      <trkpt lon="120.952779" lat="23.466751"><ele>3490.902791</ele><time>2026-09-14T23:28:00Z</time><extensions><speed>1.157514</speed><course>300.588503</course><hAcc>1.790876</hAcc><vAcc>0.690283</vAcc></extensions></trkpt>
      <trkpt lon="120.952769" lat="23.466755"><ele>3490.831949</ele><time>2026-09-14T23:28:01Z</time><extensions><speed>1.214510</speed><course>290.423061</course><hAcc>1.792041</hAcc><vAcc>0.690283</vAcc></extensions></trkpt>
      <trkpt lon="120.952758" lat="23.466758"><ele>3490.763652</ele><time>2026-09-14T23:28:02Z</time><extensions><speed>1.102355</speed><course>276.796572</course><hAcc>1.791391</hAcc><vAcc>0.690283</vAcc></extensions></trkpt>
      <trkpt lon="120.952748" lat="23.466757"><ele>3490.697148</ele><time>2026-09-14T23:28:03Z</time><extensions><speed>0.996608</speed><course>259.497444</course><hAcc>1.783868</hAcc><vAcc>0.690283</vAcc></extensions></trkpt>
      <trkpt lon="120.952738" lat="23.466755"><ele>3490.631497</ele><time>2026-09-14T23:28:04Z</time><extensions><speed>1.046677</speed><course>248.750864</course><hAcc>1.777209</hAcc><vAcc>0.690283</vAcc></extensions></trkpt>
      <trkpt lon="120.952728" lat="23.466751"><ele>3490.565716</ele><time>2026-09-14T23:28:05Z</time><extensions><speed>1.159377</speed><course>246.212036</course><hAcc>1.767953</hAcc><vAcc>0.690283</vAcc></extensions></trkpt>
      <trkpt lon="120.952717" lat="23.466747"><ele>3490.498896</ele><time>2026-09-14T23:28:06Z</time><extensions><speed>1.252321</speed><course>247.584229</course><hAcc>1.760888</hAcc><vAcc>0.690283</vAcc></extensions></trkpt>
      <trkpt lon="120.952706" lat="23.466743"><ele>3490.430257</ele><time>2026-09-14T23:28:07Z</time><extensions><speed>1.225766</speed><course>250.930498</course><hAcc>1.776798</hAcc><vAcc>0.690283</vAcc></extensions></trkpt>
      <trkpt lon="120.952695" lat="23.466739"><ele>3490.359024</ele><time>2026-09-14T23:28:08Z</time><extensions><speed>1.108807</speed><course>246.999301</course><hAcc>1.798754</hAcc><vAcc>0.690283</vAcc></extensions></trkpt>
      <trkpt lon="120.952685" lat="23.466735"><ele>3490.284681</ele><time>2026-09-14T23:28:09Z</time><extensions><speed>1.122425</speed><course>247.325987</course><hAcc>1.785428</hAcc><vAcc>0.690283</vAcc></extensions></trkpt>
      <trkpt lon="120.952676" lat="23.466731"><ele>3490.207000</ele><time>2026-09-14T23:28:10Z</time><extensions><speed>1.005448</speed><course>247.220413</course><hAcc>1.775316</hAcc><vAcc>0.690283</vAcc></extensions></trkpt>
      <trkpt lon="120.952668" lat="23.466728"><ele>3490.125954</ele><time>2026-09-14T23:28:11Z</time><extensions><speed>0.777377</speed><course>239.953527</course><hAcc>1.772846</hAcc><vAcc>0.690283</vAcc></extensions></trkpt>
      <trkpt lon="120.952662" lat="23.466725"><ele>3490.041905</ele><time>2026-09-14T23:28:12Z</time><extensions><speed>0.600046</speed><course>234.982825</course><hAcc>1.779579</hAcc><vAcc>0.690283</vAcc></extensions></trkpt>
      <trkpt lon="120.952658" lat="23.466722"><ele>3489.955615</ele><time>2026-09-14T23:28:13Z</time><extensions><speed>0.418513</speed><course>232.946826</course><hAcc>1.795533</hAcc><vAcc>0.690283</vAcc></extensions></trkpt>
      <trkpt lon="120.952655" lat="23.466720"><ele>3489.868105</ele><time>2026-09-14T23:28:14Z</time><extensions><speed>0.322640</speed><course>234.205948</course><hAcc>1.806560</hAcc><vAcc>0.690283</vAcc></extensions></trkpt>
      <trkpt lon="120.952653" lat="23.466718"><ele>3489.780497</ele><time>2026-09-14T23:28:15Z</time><extensions><speed>0.312613</speed><course>237.453071</course><hAcc>1.816057</hAcc><vAcc>0.690283</vAcc></extensions></trkpt>
      <trkpt lon="120.952650" lat="23.466717"><ele>3489.693943</ele><time>2026-09-14T23:28:16Z</time><extensions><speed>0.304430</speed><course>243.203472</course><hAcc>1.823912</hAcc><vAcc>0.690283</vAcc></extensions></trkpt>
      <trkpt lon="120.952647" lat="23.466716"><ele>3489.609424</ele><time>2026-09-14T23:28:17Z</time><extensions><speed>0.340618</speed><course>243.292421</course><hAcc>1.825828</hAcc><vAcc>0.690283</vAcc></extensions></trkpt>
      <trkpt lon="120.952644" lat="23.466714"><ele>3489.527587</ele><time>2026-09-14T23:28:18Z</time><extensions><speed>0.321557</speed><course>243.692896</course><hAcc>1.837441</hAcc><vAcc>0.690283</vAcc></extensions></trkpt>
      <trkpt lon="120.952642" lat="23.466713"><ele>3489.448514</ele><time>2026-09-14T23:28:19Z</time><extensions><speed>0.260239</speed><course>246.369337</course><hAcc>1.845889</hAcc><vAcc>0.690283</vAcc></extensions></trkpt>
      <trkpt lon="120.952640" lat="23.466713"><ele>3489.371628</ele><time>2026-09-14T23:28:20Z</time><extensions><speed>0.184903</speed><course>252.498587</course><hAcc>1.845836</hAcc><vAcc>0.690283</vAcc></extensions></trkpt>
      <trkpt lon="120.952638" lat="23.466712"><ele>3489.296132</ele><time>2026-09-14T23:28:21Z</time><extensions><speed>0.127100</speed><course>265.779533</course><hAcc>1.849268</hAcc><vAcc>0.690283</vAcc></extensions></trkpt>
      <trkpt lon="120.952637" lat="23.466712"><ele>3489.220707</ele><time>2026-09-14T23:28:22Z</time><extensions><speed>0.123687</speed><course>269.248371</course><hAcc>1.852479</hAcc><vAcc>0.690283</vAcc></extensions></trkpt>
      <trkpt lon="120.952636" lat="23.466712"><ele>3489.144011</ele><time>2026-09-14T23:28:23Z</time><extensions><speed>0.153630</speed><course>260.660557</course><hAcc>1.847397</hAcc><vAcc>0.690283</vAcc></extensions></trkpt>
      <trkpt lon="120.952634" lat="23.466712"><ele>3489.064884</ele><time>2026-09-14T23:28:24Z</time><extensions><speed>0.215877</speed><course>259.001833</course><hAcc>1.832986</hAcc><vAcc>0.690282</vAcc></extensions></trkpt>
      <trkpt lon="120.952631" lat="23.466711"><ele>3488.982148</ele><time>2026-09-14T23:28:25Z</time><extensions><speed>0.314157</speed><course>260.038054</course><hAcc>1.821983</hAcc><vAcc>0.690282</vAcc></extensions></trkpt>
      <trkpt lon="120.952628" lat="23.466711"><ele>3488.894797</ele><time>2026-09-14T23:28:26Z</time><extensions><speed>0.431359</speed><course>256.921412</course><hAcc>1.816737</hAcc><vAcc>0.690282</vAcc></extensions></trkpt>
      <trkpt lon="120.952623" lat="23.466709"><ele>3488.801672</ele><time>2026-09-14T23:28:27Z</time><extensions><speed>0.593927</speed><course>250.593553</course><hAcc>1.801179</hAcc><vAcc>0.690281</vAcc></extensions></trkpt>
      <trkpt lon="120.952617" lat="23.466707"><ele>3488.701561</ele><time>2026-09-14T23:28:28Z</time><extensions><speed>0.664661</speed><course>246.878587</course><hAcc>1.791752</hAcc><vAcc>0.690280</vAcc></extensions></trkpt>
      <trkpt lon="120.952611" lat="23.466705"><ele>3488.593357</ele><time>2026-09-14T23:28:29Z</time><extensions><speed>0.650713</speed><course>248.364768</course><hAcc>1.787922</hAcc><vAcc>0.690281</vAcc></extensions></trkpt>
      <trkpt lon="120.952605" lat="23.466703"><ele>3488.476092</ele><time>2026-09-14T23:28:30Z</time><extensions><speed>0.612433</speed><course>249.400577</course><hAcc>1.791792</hAcc><vAcc>0.690281</vAcc></extensions></trkpt>
      <trkpt lon="120.952600" lat="23.466702"><ele>3488.349188</ele><time>2026-09-14T23:28:31Z</time><extensions><speed>0.523530</speed><course>259.360931</course><hAcc>1.792090</hAcc><vAcc>0.690282</vAcc></extensions></trkpt>
      <trkpt lon="120.952595" lat="23.466701"><ele>3488.212324</ele><time>2026-09-14T23:28:32Z</time><extensions><speed>0.546186</speed><course>268.720643</course><hAcc>1.767846</hAcc><vAcc>0.690282</vAcc></extensions></trkpt>
      <trkpt lon="120.952589" lat="23.466701"><ele>3488.065409</ele><time>2026-09-14T23:28:33Z</time><extensions><speed>0.562077</speed><course>269.562109</course><hAcc>1.747754</hAcc><vAcc>0.690282</vAcc></extensions></trkpt>
      <trkpt lon="120.952584" lat="23.466701"><ele>3487.908606</ele><time>2026-09-14T23:28:34Z</time><extensions><speed>0.544216</speed><course>267.252753</course><hAcc>1.739539</hAcc><vAcc>0.690283</vAcc></extensions></trkpt>
      <trkpt lon="120.952579" lat="23.466701"><ele>3487.742396</ele><time>2026-09-14T23:28:35Z</time><extensions><speed>0.485668</speed><course>260.134150</course><hAcc>1.740781</hAcc><vAcc>0.690283</vAcc></extensions></trkpt>
      <trkpt lon="120.952575" lat="23.466700"><ele>3487.567299</ele><time>2026-09-14T23:28:36Z</time><extensions><speed>0.440267</speed><course>251.717292</course><hAcc>1.740987</hAcc><vAcc>0.690283</vAcc></extensions></trkpt>
      <trkpt lon="120.952571" lat="23.466699"><ele>3487.384104</ele><time>2026-09-14T23:28:37Z</time><extensions><speed>0.375986</speed><course>246.673370</course><hAcc>1.729262</hAcc><vAcc>0.690283</vAcc></extensions></trkpt>
      <trkpt lon="120.952568" lat="23.466697"><ele>3487.193905</ele><time>2026-09-14T23:28:38Z</time><extensions><speed>0.338626</speed><course>235.758789</course><hAcc>1.713534</hAcc><vAcc>0.690283</vAcc></extensions></trkpt>
      <trkpt lon="120.952566" lat="23.466695"><ele>3486.997592</ele><time>2026-09-14T23:28:39Z</time><extensions><speed>0.303178</speed><course>212.949244</course><hAcc>1.693015</hAcc><vAcc>0.690283</vAcc></extensions></trkpt>
      <trkpt lon="120.952565" lat="23.466693"><ele>3486.796634</ele><time>2026-09-14T23:28:40Z</time><extensions><speed>0.275592</speed><course>185.252431</course><hAcc>1.684707</hAcc><vAcc>0.690283</vAcc></extensions></trkpt>
      <trkpt lon="120.952566" lat="23.466690"><ele>3486.592660</ele><time>2026-09-14T23:28:41Z</time><extensions><speed>0.333050</speed><course>160.348396</course><hAcc>1.689537</hAcc><vAcc>0.690283</vAcc></extensions></trkpt>
      <trkpt lon="120.952568" lat="23.466687"><ele>3486.387723</ele><time>2026-09-14T23:28:42Z</time><extensions><speed>0.362085</speed><course>145.945985</course><hAcc>1.709103</hAcc><vAcc>0.690283</vAcc></extensions></trkpt>
      <trkpt lon="120.952570" lat="23.466685"><ele>3486.184483</ele><time>2026-09-14T23:28:43Z</time><extensions><speed>0.363737</speed><course>124.172798</course><hAcc>1.705431</hAcc><vAcc>0.690283</vAcc></extensions></trkpt>
      <trkpt lon="120.952574" lat="23.466684"><ele>3485.985604</ele><time>2026-09-14T23:28:44Z</time><extensions><speed>0.433298</speed><course>96.928815</course><hAcc>1.675095</hAcc><vAcc>0.690283</vAcc></extensions></trkpt>
      <trkpt lon="120.952578" lat="23.466684"><ele>3485.793992</ele><time>2026-09-14T23:28:45Z</time><extensions><speed>0.466941</speed><course>79.544411</course><hAcc>1.655542</hAcc><vAcc>0.690283</vAcc></extensions></trkpt>
      <trkpt lon="120.952583" lat="23.466685"><ele>3485.612357</ele><time>2026-09-14T23:28:46Z</time><extensions><speed>0.451965</speed><course>68.068998</course><hAcc>1.651207</hAcc><vAcc>0.690283</vAcc></extensions></trkpt>
      <trkpt lon="120.952586" lat="23.466687"><ele>3485.442898</ele><time>2026-09-14T23:28:47Z</time><extensions><speed>0.334767</speed><course>60.756058</course><hAcc>1.670947</hAcc><vAcc>0.690283</vAcc></extensions></trkpt>
      <trkpt lon="120.952589" lat="23.466688"><ele>3485.287040</ele><time>2026-09-14T23:28:48Z</time><extensions><speed>0.243124</speed><course>58.533779</course><hAcc>1.677267</hAcc><vAcc>0.690283</vAcc></extensions></trkpt>
      <trkpt lon="120.952591" lat="23.466689"><ele>3485.145553</ele><time>2026-09-14T23:28:49Z</time><extensions><speed>0.215363</speed><course>60.453519</course><hAcc>1.665552</hAcc><vAcc>0.690283</vAcc></extensions></trkpt>
      <trkpt lon="120.952593" lat="23.466690"><ele>3485.018405</ele><time>2026-09-14T23:28:50Z</time><extensions><speed>0.200047</speed><course>65.673867</course><hAcc>1.668259</hAcc><vAcc>0.690283</vAcc></extensions></trkpt>
      <trkpt lon="120.952594" lat="23.466691"><ele>3484.904895</ele><time>2026-09-14T23:28:51Z</time><extensions><speed>0.204025</speed><course>73.342975</course><hAcc>1.681141</hAcc><vAcc>0.690283</vAcc></extensions></trkpt>
      <trkpt lon="120.952597" lat="23.466691"><ele>3484.803761</ele><time>2026-09-14T23:28:52Z</time><extensions><speed>0.290478</speed><course>80.787586</course><hAcc>1.672993</hAcc><vAcc>0.690283</vAcc></extensions></trkpt>
      <trkpt lon="120.952600" lat="23.466691"><ele>3484.713251</ele><time>2026-09-14T23:28:53Z</time><extensions><speed>0.353527</speed><course>88.013015</course><hAcc>1.686660</hAcc><vAcc>0.690283</vAcc></extensions></trkpt>
      <trkpt lon="120.952604" lat="23.466691"><ele>3484.631242</ele><time>2026-09-14T23:28:54Z</time><extensions><speed>0.390169</speed><course>98.010792</course><hAcc>1.709822</hAcc><vAcc>0.690283</vAcc></extensions></trkpt>
      <trkpt lon="120.952607" lat="23.466690"><ele>3484.555349</ele><time>2026-09-14T23:28:55Z</time><extensions><speed>0.403664</speed><course>107.489886</course><hAcc>1.729027</hAcc><vAcc>0.690283</vAcc></extensions></trkpt>
      <trkpt lon="120.952611" lat="23.466689"><ele>3484.483215</ele><time>2026-09-14T23:28:56Z</time><extensions><speed>0.398887</speed><course>118.032019</course><hAcc>1.743134</hAcc><vAcc>0.690283</vAcc></extensions></trkpt>
      <trkpt lon="120.952614" lat="23.466687"><ele>3484.412871</ele><time>2026-09-14T23:28:57Z</time><extensions><speed>0.383979</speed><course>125.778636</course><hAcc>1.755575</hAcc><vAcc>0.690283</vAcc></extensions></trkpt>
      <trkpt lon="120.952617" lat="23.466685"><ele>3484.342803</ele><time>2026-09-14T23:28:58Z</time><extensions><speed>0.368531</speed><course>134.280653</course><hAcc>1.764561</hAcc><vAcc>0.690283</vAcc></extensions></trkpt>
      <trkpt lon="120.952619" lat="23.466682"><ele>3484.272029</ele><time>2026-09-14T23:28:59Z</time><extensions><speed>0.362676</speed><course>147.815804</course><hAcc>1.766220</hAcc><vAcc>0.690283</vAcc></extensions></trkpt>
      <trkpt lon="120.952621" lat="23.466679"><ele>3484.199971</ele><time>2026-09-14T23:29:00Z</time><extensions><speed>0.361872</speed><course>160.986088</course><hAcc>1.764059</hAcc><vAcc>0.690283</vAcc></extensions></trkpt>
      <trkpt lon="120.952622" lat="23.466676"><ele>3484.126319</ele><time>2026-09-14T23:29:01Z</time><extensions><speed>0.335467</speed><course>170.134154</course><hAcc>1.763822</hAcc><vAcc>0.690283</vAcc></extensions></trkpt>
      <trkpt lon="120.952622" lat="23.466673"><ele>3484.050936</ele><time>2026-09-14T23:29:02Z</time><extensions><speed>0.323649</speed><course>177.855515</course><hAcc>1.759361</hAcc><vAcc>0.690283</vAcc></extensions></trkpt>
      <trkpt lon="120.952622" lat="23.466671"><ele>3483.973728</ele><time>2026-09-14T23:29:03Z</time><extensions><speed>0.320691</speed><course>183.352908</course><hAcc>1.750743</hAcc><vAcc>0.690283</vAcc></extensions></trkpt>
      <trkpt lon="120.952622" lat="23.466667"><ele>3483.894628</ele><time>2026-09-14T23:29:04Z</time><extensions><speed>0.391382</speed><course>188.025097</course><hAcc>1.738954</hAcc><vAcc>0.690283</vAcc></extensions></trkpt>
      <trkpt lon="120.952621" lat="23.466663"><ele>3483.813566</ele><time>2026-09-14T23:29:05Z</time><extensions><speed>0.483351</speed><course>190.510693</course><hAcc>1.730908</hAcc><vAcc>0.690283</vAcc></extensions></trkpt>
      <trkpt lon="120.952620" lat="23.466659"><ele>3483.730459</ele><time>2026-09-14T23:29:06Z</time><extensions><speed>0.517489</speed><course>191.693709</course><hAcc>1.731340</hAcc><vAcc>0.690283</vAcc></extensions></trkpt>
      <trkpt lon="120.952619" lat="23.466654"><ele>3483.645238</ele><time>2026-09-14T23:29:07Z</time><extensions><speed>0.494988</speed><course>192.137817</course><hAcc>1.709230</hAcc><vAcc>0.690283</vAcc></extensions></trkpt>
      <trkpt lon="120.952618" lat="23.466650"><ele>3483.557940</ele><time>2026-09-14T23:29:08Z</time><extensions><speed>0.568655</speed><course>192.469355</course><hAcc>1.687618</hAcc><vAcc>0.690283</vAcc></extensions></trkpt>
      <trkpt lon="120.952616" lat="23.466645"><ele>3483.468645</ele><time>2026-09-14T23:29:09Z</time><extensions><speed>0.591467</speed><course>192.655052</course><hAcc>1.691706</hAcc><vAcc>0.690283</vAcc></extensions></trkpt>
      <trkpt lon="120.952615" lat="23.466639"><ele>3483.377496</ele><time>2026-09-14T23:29:10Z</time><extensions><speed>0.625231</speed><course>192.741660</course><hAcc>1.692947</hAcc><vAcc>0.690283</vAcc></extensions></trkpt>
      <trkpt lon="120.952614" lat="23.466634"><ele>3483.284830</ele><time>2026-09-14T23:29:11Z</time><extensions><speed>0.578496</speed><course>192.780926</course><hAcc>1.707591</hAcc><vAcc>0.690283</vAcc></extensions></trkpt>
      <trkpt lon="120.952613" lat="23.466629"><ele>3483.190947</ele><time>2026-09-14T23:29:12Z</time><extensions><speed>0.548093</speed><course>192.786287</course><hAcc>1.714313</hAcc><vAcc>0.690283</vAcc></extensions></trkpt>
      <trkpt lon="120.952611" lat="23.466624"><ele>3483.096373</ele><time>2026-09-14T23:29:13Z</time><extensions><speed>0.578060</speed><course>192.745534</course><hAcc>1.699862</hAcc><vAcc>0.690283</vAcc></extensions></trkpt>
      <trkpt lon="120.952610" lat="23.466619"><ele>3483.001764</ele><time>2026-09-14T23:29:14Z</time><extensions><speed>0.559381</speed><course>192.642658</course><hAcc>1.707878</hAcc><vAcc>0.690283</vAcc></extensions></trkpt>
      <trkpt lon="120.952609" lat="23.466614"><ele>3482.907847</ele><time>2026-09-14T23:29:15Z</time><extensions><speed>0.486122</speed><course>192.388177</course><hAcc>1.728806</hAcc><vAcc>0.690283</vAcc></extensions></trkpt>
      <trkpt lon="120.952608" lat="23.466610"><ele>3482.815521</ele><time>2026-09-14T23:29:16Z</time><extensions><speed>0.508145</speed><course>191.968899</course><hAcc>1.739322</hAcc><vAcc>0.690283</vAcc></extensions></trkpt>
      <trkpt lon="120.952607" lat="23.466605"><ele>3482.725795</ele><time>2026-09-14T23:29:17Z</time><extensions><speed>0.504949</speed><course>191.204841</course><hAcc>1.745313</hAcc><vAcc>0.690283</vAcc></extensions></trkpt>
      <trkpt lon="120.952606" lat="23.466601"><ele>3482.639549</ele><time>2026-09-14T23:29:18Z</time><extensions><speed>0.502423</speed><course>190.775333</course><hAcc>1.744029</hAcc><vAcc>0.690283</vAcc></extensions></trkpt>
      <trkpt lon="120.952605" lat="23.466596"><ele>3482.557488</ele><time>2026-09-14T23:29:19Z</time><extensions><speed>0.553797</speed><course>190.531452</course><hAcc>1.734919</hAcc><vAcc>0.690283</vAcc></extensions></trkpt>
      <trkpt lon="120.952604" lat="23.466591"><ele>3482.480284</ele><time>2026-09-14T23:29:20Z</time><extensions><speed>0.625155</speed><course>190.419508</course><hAcc>1.730739</hAcc><vAcc>0.690283</vAcc></extensions></trkpt>
      <trkpt lon="120.952603" lat="23.466585"><ele>3482.407769</ele><time>2026-09-14T23:29:21Z</time><extensions><speed>0.616373</speed><course>190.375655</course><hAcc>1.735858</hAcc><vAcc>0.690283</vAcc></extensions></trkpt>
      <trkpt lon="120.952602" lat="23.466580"><ele>3482.339506</ele><time>2026-09-14T23:29:22Z</time><extensions><speed>0.627821</speed><course>190.359690</course><hAcc>1.726129</hAcc><vAcc>0.690283</vAcc></extensions></trkpt>
      <trkpt lon="120.952601" lat="23.466575"><ele>3482.274376</ele><time>2026-09-14T23:29:23Z</time><extensions><speed>0.541747</speed><course>190.354509</course><hAcc>1.731308</hAcc><vAcc>0.690283</vAcc></extensions></trkpt>
      <trkpt lon="120.952600" lat="23.466570"><ele>3482.210503</ele><time>2026-09-14T23:29:24Z</time><extensions><speed>0.453588</speed><course>190.353116</course><hAcc>1.737233</hAcc><vAcc>0.690283</vAcc></extensions></trkpt>
      <trkpt lon="120.952599" lat="23.466567"><ele>3482.145689</ele><time>2026-09-14T23:29:25Z</time><extensions><speed>0.331318</speed><course>190.349666</course><hAcc>1.729153</hAcc><vAcc>0.690283</vAcc></extensions></trkpt>
      <trkpt lon="120.952599" lat="23.466564"><ele>3482.077326</ele><time>2026-09-14T23:29:26Z</time><extensions><speed>0.255207</speed><course>190.349789</course><hAcc>1.743685</hAcc><vAcc>0.690283</vAcc></extensions></trkpt>
      <trkpt lon="120.952598" lat="23.466562"><ele>3482.002713</ele><time>2026-09-14T23:29:27Z</time><extensions><speed>0.297744</speed><course>190.355415</course><hAcc>1.758354</hAcc><vAcc>0.690283</vAcc></extensions></trkpt>
      <trkpt lon="120.952598" lat="23.466559"><ele>3481.919341</ele><time>2026-09-14T23:29:28Z</time><extensions><speed>0.410331</speed><course>190.361260</course><hAcc>1.764579</hAcc><vAcc>0.690283</vAcc></extensions></trkpt>
      <trkpt lon="120.952597" lat="23.466555"><ele>3481.825154</ele><time>2026-09-14T23:29:29Z</time><extensions><speed>0.432470</speed><course>190.364839</course><hAcc>1.775161</hAcc><vAcc>0.690283</vAcc></extensions></trkpt>
      <trkpt lon="120.952596" lat="23.466551"><ele>3481.718646</ele><time>2026-09-14T23:29:30Z</time><extensions><speed>0.396498</speed><course>190.368736</course><hAcc>1.785594</hAcc><vAcc>0.690283</vAcc></extensions></trkpt>
      <trkpt lon="120.952596" lat="23.466548"><ele>3481.599313</ele><time>2026-09-14T23:29:31Z</time><extensions><speed>0.355054</speed><course>190.370642</course><hAcc>1.787115</hAcc><vAcc>0.690283</vAcc></extensions></trkpt>
      <trkpt lon="120.952595" lat="23.466545"><ele>3481.467509</ele><time>2026-09-14T23:29:32Z</time><extensions><speed>0.326236</speed><course>190.368723</course><hAcc>1.780154</hAcc><vAcc>0.690283</vAcc></extensions></trkpt>
      <trkpt lon="120.952594" lat="23.466542"><ele>3481.324422</ele><time>2026-09-14T23:29:33Z</time><extensions><speed>0.263284</speed><course>190.366931</course><hAcc>1.766939</hAcc><vAcc>0.690283</vAcc></extensions></trkpt>
      <trkpt lon="120.952594" lat="23.466540"><ele>3481.172104</ele><time>2026-09-14T23:29:34Z</time><extensions><speed>0.341379</speed><course>190.358570</course><hAcc>1.744345</hAcc><vAcc>0.690283</vAcc></extensions></trkpt>
      <trkpt lon="120.952593" lat="23.466536"><ele>3481.012934</ele><time>2026-09-14T23:29:35Z</time><extensions><speed>0.419091</speed><course>190.342733</course><hAcc>1.737124</hAcc><vAcc>0.690283</vAcc></extensions></trkpt>
      <trkpt lon="120.952593" lat="23.466533"><ele>3480.849576</ele><time>2026-09-14T23:29:36Z</time><extensions><speed>0.394140</speed><course>190.303057</course><hAcc>1.750693</hAcc><vAcc>0.690283</vAcc></extensions></trkpt>
      <trkpt lon="120.952592" lat="23.466529"><ele>3480.684649</ele><time>2026-09-14T23:29:37Z</time><extensions><speed>0.329963</speed><course>190.177111</course><hAcc>1.754416</hAcc><vAcc>0.690283</vAcc></extensions></trkpt>
      <trkpt lon="120.952591" lat="23.466527"><ele>3480.520471</ele><time>2026-09-14T23:29:38Z</time><extensions><speed>0.300786</speed><course>189.803868</course><hAcc>1.726958</hAcc><vAcc>0.690283</vAcc></extensions></trkpt>
      <trkpt lon="120.952591" lat="23.466524"><ele>3480.359074</ele><time>2026-09-14T23:29:39Z</time><extensions><speed>0.299889</speed><course>189.597080</course><hAcc>1.715529</hAcc><vAcc>0.690283</vAcc></extensions></trkpt>
      <trkpt lon="120.952590" lat="23.466521"><ele>3480.202016</ele><time>2026-09-14T23:29:40Z</time><extensions><speed>0.315819</speed><course>189.504146</course><hAcc>1.719669</hAcc><vAcc>0.690283</vAcc></extensions></trkpt>
      <trkpt lon="120.952590" lat="23.466518"><ele>3480.050488</ele><time>2026-09-14T23:29:41Z</time><extensions><speed>0.287817</speed><course>189.468632</course><hAcc>1.729439</hAcc><vAcc>0.690283</vAcc></extensions></trkpt>
      <trkpt lon="120.952589" lat="23.466516"><ele>3479.905319</ele><time>2026-09-14T23:29:42Z</time><extensions><speed>0.253036</speed><course>189.454433</course><hAcc>1.733981</hAcc><vAcc>0.690283</vAcc></extensions></trkpt>
      <trkpt lon="120.952589" lat="23.466514"><ele>3479.766921</ele><time>2026-09-14T23:29:43Z</time><extensions><speed>0.287571</speed><course>189.458969</course><hAcc>1.736928</hAcc><vAcc>0.690283</vAcc></extensions></trkpt>
      <trkpt lon="120.952589" lat="23.466511"><ele>3479.635485</ele><time>2026-09-14T23:29:44Z</time><extensions><speed>0.311414</speed><course>189.292810</course><hAcc>1.735846</hAcc><vAcc>0.690283</vAcc></extensions></trkpt>
      <trkpt lon="120.952588" lat="23.466508"><ele>3479.510927</ele><time>2026-09-14T23:29:45Z</time><extensions><speed>0.318480</speed><course>189.249199</course><hAcc>1.732007</hAcc><vAcc>0.690283</vAcc></extensions></trkpt>
      <trkpt lon="120.952588" lat="23.466506"><ele>3479.392984</ele><time>2026-09-14T23:29:46Z</time><extensions><speed>0.294203</speed><course>189.153203</course><hAcc>1.726933</hAcc><vAcc>0.690283</vAcc></extensions></trkpt>
      <trkpt lon="120.952587" lat="23.466503"><ele>3479.281322</ele><time>2026-09-14T23:29:47Z</time><extensions><speed>0.307471</speed><course>189.053369</course><hAcc>1.717585</hAcc><vAcc>0.690283</vAcc></extensions></trkpt>
      <trkpt lon="120.952587" lat="23.466500"><ele>3479.175558</ele><time>2026-09-14T23:29:48Z</time><extensions><speed>0.323081</speed><course>188.928477</course><hAcc>1.711904</hAcc><vAcc>0.690283</vAcc></extensions></trkpt>
      <trkpt lon="120.952586" lat="23.466497"><ele>3479.075342</ele><time>2026-09-14T23:29:49Z</time><extensions><speed>0.295682</speed><course>188.720518</course><hAcc>1.724111</hAcc><vAcc>0.690283</vAcc></extensions></trkpt>
      <trkpt lon="120.952586" lat="23.466495"><ele>3478.980321</ele><time>2026-09-14T23:29:50Z</time><extensions><speed>0.162764</speed><course>187.968931</course><hAcc>1.735276</hAcc><vAcc>0.690283</vAcc></extensions></trkpt>
      <trkpt lon="120.952586" lat="23.466495"><ele>3478.890123</ele><time>2026-09-14T23:29:51Z</time><extensions><speed>0.029505</speed><course>18.056368</course><hAcc>1.714712</hAcc><vAcc>0.690283</vAcc></extensions></trkpt>
      <trkpt lon="120.952586" lat="23.466496"><ele>3478.804357</ele><time>2026-09-14T23:29:52Z</time><extensions><speed>0.164993</speed><course>10.041935</course><hAcc>1.713326</hAcc><vAcc>0.690283</vAcc></extensions></trkpt>
      <trkpt lon="120.952586" lat="23.466498"><ele>3478.722591</ele><time>2026-09-14T23:29:53Z</time><extensions><speed>0.244079</speed><course>7.966469</course><hAcc>1.722892</hAcc><vAcc>0.690283</vAcc></extensions></trkpt>
      <trkpt lon="120.952587" lat="23.466500"><ele>3478.644358</ele><time>2026-09-14T23:29:54Z</time><extensions><speed>0.303053</speed><course>4.780152</course><hAcc>1.731359</hAcc><vAcc>0.690283</vAcc></extensions></trkpt>
      <trkpt lon="120.952587" lat="23.466503"><ele>3478.569211</ele><time>2026-09-14T23:29:55Z</time><extensions><speed>0.341443</speed><course>1.155166</course><hAcc>1.737034</hAcc><vAcc>0.690283</vAcc></extensions></trkpt>
      <trkpt lon="120.952587" lat="23.466507"><ele>3478.496713</ele><time>2026-09-14T23:29:56Z</time><extensions><speed>0.359702</speed><course>357.287392</course><hAcc>1.743221</hAcc><vAcc>0.690283</vAcc></extensions></trkpt>
      <trkpt lon="120.952586" lat="23.466510"><ele>3478.426275</ele><time>2026-09-14T23:29:57Z</time><extensions><speed>0.397811</speed><course>353.221391</course><hAcc>1.747697</hAcc><vAcc>0.690283</vAcc></extensions></trkpt>
      <trkpt lon="120.952586" lat="23.466514"><ele>3478.357349</ele><time>2026-09-14T23:29:58Z</time><extensions><speed>0.462384</speed><course>349.145062</course><hAcc>1.748937</hAcc><vAcc>0.690283</vAcc></extensions></trkpt>
      <trkpt lon="120.952584" lat="23.466518"><ele>3478.289344</ele><time>2026-09-14T23:29:59Z</time><extensions><speed>0.535456</speed><course>345.448037</course><hAcc>1.750484</hAcc><vAcc>0.690283</vAcc></extensions></trkpt>
      <trkpt lon="120.952583" lat="23.466523"><ele>3478.221642</ele><time>2026-09-14T23:30:00Z</time><extensions><speed>0.616385</speed><course>342.852683</course><hAcc>1.751117</hAcc><vAcc>0.690283</vAcc></extensions></trkpt>
      <trkpt lon="120.952581" lat="23.466529"><ele>3478.153604</ele><time>2026-09-14T23:30:01Z</time><extensions><speed>0.679196</speed><course>342.435367</course><hAcc>1.756811</hAcc><vAcc>0.690283</vAcc></extensions></trkpt>
      <trkpt lon="120.952579" lat="23.466535"><ele>3478.084558</ele><time>2026-09-14T23:30:02Z</time><extensions><speed>0.721835</speed><course>342.244615</course><hAcc>1.760598</hAcc><vAcc>0.690283</vAcc></extensions></trkpt>
      <trkpt lon="120.952577" lat="23.466541"><ele>3478.013846</ele><time>2026-09-14T23:30:03Z</time><extensions><speed>0.726460</speed><course>341.214849</course><hAcc>1.762260</hAcc><vAcc>0.690283</vAcc></extensions></trkpt>
      <trkpt lon="120.952574" lat="23.466547"><ele>3477.940808</ele><time>2026-09-14T23:30:04Z</time><extensions><speed>0.706496</speed><course>339.815561</course><hAcc>1.764850</hAcc><vAcc>0.690283</vAcc></extensions></trkpt>
      <trkpt lon="120.952572" lat="23.466553"><ele>3477.864888</ele><time>2026-09-14T23:30:05Z</time><extensions><speed>0.678175</speed><course>337.867193</course><hAcc>1.767699</hAcc><vAcc>0.690283</vAcc></extensions></trkpt>
      <trkpt lon="120.952569" lat="23.466559"><ele>3477.785818</ele><time>2026-09-14T23:30:06Z</time><extensions><speed>0.639855</speed><course>334.592374</course><hAcc>1.771126</hAcc><vAcc>0.690283</vAcc></extensions></trkpt>
      <trkpt lon="120.952566" lat="23.466564"><ele>3477.703492</ele><time>2026-09-14T23:30:07Z</time><extensions><speed>0.590741</speed><course>329.802498</course><hAcc>1.776891</hAcc><vAcc>0.690283</vAcc></extensions></trkpt>
      <trkpt lon="120.952563" lat="23.466568"><ele>3477.618009</ele><time>2026-09-14T23:30:08Z</time><extensions><speed>0.553602</speed><course>322.628027</course><hAcc>1.780398</hAcc><vAcc>0.690283</vAcc></extensions></trkpt>
      <trkpt lon="120.952560" lat="23.466571"><ele>3477.529554</ele><time>2026-09-14T23:30:09Z</time><extensions><speed>0.523401</speed><course>314.149718</course><hAcc>1.785319</hAcc><vAcc>0.690283</vAcc></extensions></trkpt>
      <trkpt lon="120.952556" lat="23.466574"><ele>3477.438309</ele><time>2026-09-14T23:30:10Z</time><extensions><speed>0.507254</speed><course>303.928389</course><hAcc>1.788730</hAcc><vAcc>0.690283</vAcc></extensions></trkpt>
      <trkpt lon="120.952552" lat="23.466576"><ele>3477.344340</ele><time>2026-09-14T23:30:11Z</time><extensions><speed>0.484568</speed><course>290.110929</course><hAcc>1.792667</hAcc><vAcc>0.690283</vAcc></extensions></trkpt>
      <trkpt lon="120.952547" lat="23.466577"><ele>3477.247772</ele><time>2026-09-14T23:30:12Z</time><extensions><speed>0.473058</speed><course>270.588673</course><hAcc>1.796795</hAcc><vAcc>0.690283</vAcc></extensions></trkpt>
      <trkpt lon="120.952543" lat="23.466576"><ele>3477.148653</ele><time>2026-09-14T23:30:13Z</time><extensions><speed>0.498819</speed><course>250.189163</course><hAcc>1.800232</hAcc><vAcc>0.690283</vAcc></extensions></trkpt>
      <trkpt lon="120.952538" lat="23.466574"><ele>3477.047096</ele><time>2026-09-14T23:30:14Z</time><extensions><speed>0.540239</speed><course>233.927752</course><hAcc>1.798237</hAcc><vAcc>0.690283</vAcc></extensions></trkpt>
      <trkpt lon="120.952534" lat="23.466571"><ele>3476.943432</ele><time>2026-09-14T23:30:15Z</time><extensions><speed>0.575916</speed><course>219.955367</course><hAcc>1.791004</hAcc><vAcc>0.690283</vAcc></extensions></trkpt>
      <trkpt lon="120.952531" lat="23.466567"><ele>3476.838112</ele><time>2026-09-14T23:30:16Z</time><extensions><speed>0.529363</speed><course>206.142573</course><hAcc>1.788330</hAcc><vAcc>0.690283</vAcc></extensions></trkpt>
      <trkpt lon="120.952530" lat="23.466562"><ele>3476.731838</ele><time>2026-09-14T23:30:17Z</time><extensions><speed>0.550662</speed><course>187.955090</course><hAcc>1.785464</hAcc><vAcc>0.690283</vAcc></extensions></trkpt>
      <trkpt lon="120.952530" lat="23.466557"><ele>3476.625455</ele><time>2026-09-14T23:30:18Z</time><extensions><speed>0.558256</speed><course>172.266104</course><hAcc>1.780963</hAcc><vAcc>0.690283</vAcc></extensions></trkpt>
      <trkpt lon="120.952531" lat="23.466552"><ele>3476.519894</ele><time>2026-09-14T23:30:19Z</time><extensions><speed>0.536952</speed><course>159.177613</course><hAcc>1.772035</hAcc><vAcc>0.690283</vAcc></extensions></trkpt>
      <trkpt lon="120.952533" lat="23.466548"><ele>3476.416204</ele><time>2026-09-14T23:30:20Z</time><extensions><speed>0.575435</speed><course>154.725652</course><hAcc>1.757751</hAcc><vAcc>0.690283</vAcc></extensions></trkpt>
      <trkpt lon="120.952536" lat="23.466543"><ele>3476.315332</ele><time>2026-09-14T23:30:21Z</time><extensions><speed>0.576092</speed><course>154.443598</course><hAcc>1.753227</hAcc><vAcc>0.690283</vAcc></extensions></trkpt>
      <trkpt lon="120.952538" lat="23.466538"><ele>3476.218035</ele><time>2026-09-14T23:30:22Z</time><extensions><speed>0.552245</speed><course>159.170554</course><hAcc>1.766688</hAcc><vAcc>0.690283</vAcc></extensions></trkpt>
      <trkpt lon="120.952540" lat="23.466534"><ele>3476.124864</ele><time>2026-09-14T23:30:23Z</time><extensions><speed>0.481502</speed><course>159.508457</course><hAcc>1.771464</hAcc><vAcc>0.690283</vAcc></extensions></trkpt>
      <trkpt lon="120.952541" lat="23.466531"><ele>3476.036146</ele><time>2026-09-14T23:30:24Z</time><extensions><speed>0.349287</speed><course>149.335611</course><hAcc>1.759954</hAcc><vAcc>0.690283</vAcc></extensions></trkpt>
      <trkpt lon="120.952543" lat="23.466528"><ele>3475.951681</ele><time>2026-09-14T23:30:25Z</time><extensions><speed>0.286949</speed><course>144.943094</course><hAcc>1.756521</hAcc><vAcc>0.690283</vAcc></extensions></trkpt>
      <trkpt lon="120.952544" lat="23.466526"><ele>3475.871163</ele><time>2026-09-14T23:30:26Z</time><extensions><speed>0.217247</speed><course>140.488241</course><hAcc>1.766035</hAcc><vAcc>0.690283</vAcc></extensions></trkpt>
      <trkpt lon="120.952546" lat="23.466525"><ele>3475.793954</ele><time>2026-09-14T23:30:27Z</time><extensions><speed>0.148134</speed><course>139.188147</course><hAcc>1.777989</hAcc><vAcc>0.690283</vAcc></extensions></trkpt>
      <trkpt lon="120.952546" lat="23.466524"><ele>3475.719133</ele><time>2026-09-14T23:30:28Z</time><extensions><speed>0.072136</speed><course>129.738236</course><hAcc>1.788375</hAcc><vAcc>0.690283</vAcc></extensions></trkpt>
      <trkpt lon="120.952547" lat="23.466524"><ele>3475.645616</ele><time>2026-09-14T23:30:29Z</time><extensions><speed>0.051435</speed><course>166.072589</course><hAcc>1.794027</hAcc><vAcc>0.690283</vAcc></extensions></trkpt>
      <trkpt lon="120.952547" lat="23.466523"><ele>3475.571972</ele><time>2026-09-14T23:30:30Z</time><extensions><speed>0.143177</speed><course>187.433901</course><hAcc>1.770453</hAcc><vAcc>0.690283</vAcc></extensions></trkpt>
      <trkpt lon="120.952547" lat="23.466521"><ele>3475.496636</ele><time>2026-09-14T23:30:31Z</time><extensions><speed>0.277495</speed><course>186.638700</course><hAcc>1.745794</hAcc><vAcc>0.690282</vAcc></extensions></trkpt>
      <trkpt lon="120.952546" lat="23.466518"><ele>3475.417981</ele><time>2026-09-14T23:30:32Z</time><extensions><speed>0.437259</speed><course>185.328558</course><hAcc>1.729359</hAcc><vAcc>0.690282</vAcc></extensions></trkpt>
      <trkpt lon="120.952546" lat="23.466513"><ele>3475.334460</ele><time>2026-09-14T23:30:33Z</time><extensions><speed>0.678163</speed><course>184.787098</course><hAcc>1.710140</hAcc><vAcc>0.690281</vAcc></extensions></trkpt>
      <trkpt lon="120.952545" lat="23.466506"><ele>3475.244864</ele><time>2026-09-14T23:30:34Z</time><extensions><speed>0.840586</speed><course>184.728509</course><hAcc>1.699315</hAcc><vAcc>0.690281</vAcc></extensions></trkpt>
      <trkpt lon="120.952545" lat="23.466498"><ele>3475.148388</ele><time>2026-09-14T23:30:35Z</time><extensions><speed>0.822110</speed><course>183.600630</course><hAcc>1.656397</hAcc><vAcc>0.690281</vAcc></extensions></trkpt>
      <trkpt lon="120.952544" lat="23.466491"><ele>3475.044704</ele><time>2026-09-14T23:30:36Z</time><extensions><speed>0.703687</speed><course>182.624438</course><hAcc>1.641043</hAcc><vAcc>0.690282</vAcc></extensions></trkpt>
      <trkpt lon="120.952544" lat="23.466486"><ele>3474.933941</ele><time>2026-09-14T23:30:37Z</time><extensions><speed>0.561474</speed><course>183.614634</course><hAcc>1.661757</hAcc><vAcc>0.690282</vAcc></extensions></trkpt>
      <trkpt lon="120.952544" lat="23.466480"><ele>3474.816606</ele><time>2026-09-14T23:30:38Z</time><extensions><speed>0.755254</speed><course>185.462686</course><hAcc>1.652045</hAcc><vAcc>0.690282</vAcc></extensions></trkpt>
      <trkpt lon="120.952543" lat="23.466473"><ele>3474.693398</ele><time>2026-09-14T23:30:39Z</time><extensions><speed>0.864304</speed><course>185.097147</course><hAcc>1.637676</hAcc><vAcc>0.690282</vAcc></extensions></trkpt>
      <trkpt lon="120.952543" lat="23.466465"><ele>3474.565223</ele><time>2026-09-14T23:30:40Z</time><extensions><speed>0.826460</speed><course>182.819304</course><hAcc>1.628256</hAcc><vAcc>0.690282</vAcc></extensions></trkpt>
      <trkpt lon="120.952542" lat="23.466458"><ele>3474.433020</ele><time>2026-09-14T23:30:41Z</time><extensions><speed>0.761133</speed><course>180.627604</course><hAcc>1.642762</hAcc><vAcc>0.690282</vAcc></extensions></trkpt>
      <trkpt lon="120.952542" lat="23.466451"><ele>3474.297701</ele><time>2026-09-14T23:30:42Z</time><extensions><speed>0.662151</speed><course>177.977334</course><hAcc>1.668843</hAcc><vAcc>0.690283</vAcc></extensions></trkpt>
      <trkpt lon="120.952543" lat="23.466446"><ele>3474.160180</ele><time>2026-09-14T23:30:43Z</time><extensions><speed>0.499500</speed><course>173.215139</course><hAcc>1.698866</hAcc><vAcc>0.690283</vAcc></extensions></trkpt>
      <trkpt lon="120.952544" lat="23.466443"><ele>3474.021292</ele><time>2026-09-14T23:30:44Z</time><extensions><speed>0.345090</speed><course>159.372225</course><hAcc>1.712164</hAcc><vAcc>0.690283</vAcc></extensions></trkpt>
      <trkpt lon="120.952546" lat="23.466440"><ele>3473.881863</ele><time>2026-09-14T23:30:45Z</time><extensions><speed>0.299857</speed><course>135.554561</course><hAcc>1.705463</hAcc><vAcc>0.690283</vAcc></extensions></trkpt>
      <trkpt lon="120.952548" lat="23.466439"><ele>3473.742638</ele><time>2026-09-14T23:30:46Z</time><extensions><speed>0.315396</speed><course>119.978453</course><hAcc>1.707616</hAcc><vAcc>0.690283</vAcc></extensions></trkpt>
      <trkpt lon="120.952551" lat="23.466437"><ele>3473.604226</ele><time>2026-09-14T23:30:47Z</time><extensions><speed>0.347182</speed><course>119.416610</course><hAcc>1.710760</hAcc><vAcc>0.690283</vAcc></extensions></trkpt>
      <trkpt lon="120.952554" lat="23.466435"><ele>3473.467315</ele><time>2026-09-14T23:30:48Z</time><extensions><speed>0.385187</speed><course>130.977806</course><hAcc>1.708521</hAcc><vAcc>0.690283</vAcc></extensions></trkpt>
      <trkpt lon="120.952556" lat="23.466433"><ele>3473.332387</ele><time>2026-09-14T23:30:49Z</time><extensions><speed>0.395027</speed><course>145.374615</course><hAcc>1.710947</hAcc><vAcc>0.690283</vAcc></extensions></trkpt>
      <trkpt lon="120.952558" lat="23.466430"><ele>3473.199937</ele><time>2026-09-14T23:30:50Z</time><extensions><speed>0.367141</speed><course>151.565809</course><hAcc>1.698983</hAcc><vAcc>0.690283</vAcc></extensions></trkpt>
      <trkpt lon="120.952560" lat="23.466427"><ele>3473.070462</ele><time>2026-09-14T23:30:51Z</time><extensions><speed>0.277805</speed><course>157.982631</course><hAcc>1.682862</hAcc><vAcc>0.690283</vAcc></extensions></trkpt>
      <trkpt lon="120.952561" lat="23.466425"><ele>3472.944344</ele><time>2026-09-14T23:30:52Z</time><extensions><speed>0.181452</speed><course>156.223218</course><hAcc>1.668156</hAcc><vAcc>0.690283</vAcc></extensions></trkpt>
      <trkpt lon="120.952561" lat="23.466424"><ele>3472.822198</ele><time>2026-09-14T23:30:53Z</time><extensions><speed>0.115110</speed><course>153.879916</course><hAcc>1.651574</hAcc><vAcc>0.690283</vAcc></extensions></trkpt>
      <trkpt lon="120.952562" lat="23.466423"><ele>3472.704653</ele><time>2026-09-14T23:30:54Z</time><extensions><speed>0.105066</speed><course>162.881883</course><hAcc>1.624962</hAcc><vAcc>0.690283</vAcc></extensions></trkpt>
      <trkpt lon="120.952562" lat="23.466422"><ele>3472.592418</ele><time>2026-09-14T23:30:55Z</time><extensions><speed>0.131111</speed><course>169.066867</course><hAcc>1.616714</hAcc><vAcc>0.690283</vAcc></extensions></trkpt>
      <trkpt lon="120.952562" lat="23.466421"><ele>3472.486243</ele><time>2026-09-14T23:30:56Z</time><extensions><speed>0.100751</speed><course>171.608889</course><hAcc>1.632275</hAcc><vAcc>0.690283</vAcc></extensions></trkpt>
      <trkpt lon="120.952563" lat="23.466422"><ele>3472.386807</ele><time>2026-09-14T23:30:57Z</time><extensions><speed>0.348486</speed><course>22.826451</course><hAcc>1.637070</hAcc><vAcc>0.690283</vAcc></extensions></trkpt>
      <trkpt lon="120.952564" lat="23.466425"><ele>3472.294523</ele><time>2026-09-14T23:30:58Z</time><extensions><speed>0.462999</speed><course>21.363393</course><hAcc>1.618196</hAcc><vAcc>0.690283</vAcc></extensions></trkpt>
      <trkpt lon="120.952566" lat="23.466429"><ele>3472.209599</ele><time>2026-09-14T23:30:59Z</time><extensions><speed>0.489956</speed><course>20.313486</course><hAcc>1.627949</hAcc><vAcc>0.690283</vAcc></extensions></trkpt>
      <trkpt lon="120.952567" lat="23.466433"><ele>3472.131922</ele><time>2026-09-14T23:31:00Z</time><extensions><speed>0.339801</speed><course>20.813605</course><hAcc>1.632564</hAcc><vAcc>0.690283</vAcc></extensions></trkpt>
      <trkpt lon="120.952568" lat="23.466435"><ele>3472.060968</ele><time>2026-09-14T23:31:01Z</time><extensions><speed>0.254347</speed><course>21.152200</course><hAcc>1.633602</hAcc><vAcc>0.690283</vAcc></extensions></trkpt>
      <trkpt lon="120.952569" lat="23.466437"><ele>3471.996016</ele><time>2026-09-14T23:31:02Z</time><extensions><speed>0.164334</speed><course>21.781006</course><hAcc>1.640349</hAcc><vAcc>0.690283</vAcc></extensions></trkpt>
      <trkpt lon="120.952569" lat="23.466438"><ele>3471.935855</ele><time>2026-09-14T23:31:03Z</time><extensions><speed>0.100071</speed><course>22.523920</course><hAcc>1.648567</hAcc><vAcc>0.690283</vAcc></extensions></trkpt>
      <trkpt lon="120.952570" lat="23.466438"><ele>3471.879038</ele><time>2026-09-14T23:31:04Z</time><extensions><speed>0.019289</speed><course>180.706871</course><hAcc>1.665047</hAcc><vAcc>0.690283</vAcc></extensions></trkpt>
      <trkpt lon="120.952570" lat="23.466438"><ele>3471.824007</ele><time>2026-09-14T23:31:05Z</time><extensions><speed>0.087847</speed><course>195.686926</course><hAcc>1.690134</hAcc><vAcc>0.690283</vAcc></extensions></trkpt>
      <trkpt lon="120.952569" lat="23.466437"><ele>3471.769161</ele><time>2026-09-14T23:31:06Z</time><extensions><speed>0.101760</speed><course>196.314387</course><hAcc>1.671063</hAcc><vAcc>0.690283</vAcc></extensions></trkpt>
      <trkpt lon="120.952569" lat="23.466436"><ele>3471.712983</ele><time>2026-09-14T23:31:07Z</time><extensions><speed>0.112463</speed><course>196.418784</course><hAcc>1.666359</hAcc><vAcc>0.690283</vAcc></extensions></trkpt>
      <trkpt lon="120.952569" lat="23.466435"><ele>3471.654158</ele><time>2026-09-14T23:31:08Z</time><extensions><speed>0.155714</speed><course>195.734861</course><hAcc>1.678568</hAcc><vAcc>0.690283</vAcc></extensions></trkpt>
      <trkpt lon="120.952568" lat="23.466433"><ele>3471.591632</ele><time>2026-09-14T23:31:09Z</time><extensions><speed>0.159179</speed><course>193.297639</course><hAcc>1.688314</hAcc><vAcc>0.690283</vAcc></extensions></trkpt>
      <trkpt lon="120.952568" lat="23.466432"><ele>3471.524688</ele><time>2026-09-14T23:31:10Z</time><extensions><speed>0.123989</speed><course>186.016981</course><hAcc>1.691845</hAcc><vAcc>0.690283</vAcc></extensions></trkpt>
      <trkpt lon="120.952568" lat="23.466431"><ele>3471.453079</ele><time>2026-09-14T23:31:11Z</time><extensions><speed>0.053727</speed><course>139.596169</course><hAcc>1.697514</hAcc><vAcc>0.690283</vAcc></extensions></trkpt>
      <trkpt lon="120.952569" lat="23.466431"><ele>3471.376908</ele><time>2026-09-14T23:31:12Z</time><extensions><speed>0.077174</speed><course>103.091062</course><hAcc>1.702634</hAcc><vAcc>0.690283</vAcc></extensions></trkpt>
      <trkpt lon="120.952570" lat="23.466431"><ele>3471.296753</ele><time>2026-09-14T23:31:13Z</time><extensions><speed>0.125743</speed><course>89.478511</course><hAcc>1.703730</hAcc><vAcc>0.690283</vAcc></extensions></trkpt>
      <trkpt lon="120.952571" lat="23.466430"><ele>3471.213506</ele><time>2026-09-14T23:31:14Z</time><extensions><speed>0.182583</speed><course>116.585031</course><hAcc>1.701496</hAcc><vAcc>0.690283</vAcc></extensions></trkpt>
      <trkpt lon="120.952573" lat="23.466430"><ele>3471.128136</ele><time>2026-09-14T23:31:15Z</time><extensions><speed>0.257704</speed><course>114.661172</course><hAcc>1.706212</hAcc><vAcc>0.690283</vAcc></extensions></trkpt>
      <trkpt lon="120.952576" lat="23.466428"><ele>3471.041781</ele><time>2026-09-14T23:31:16Z</time><extensions><speed>0.369670</speed><course>110.272198</course><hAcc>1.710018</hAcc><vAcc>0.690283</vAcc></extensions></trkpt>
      <trkpt lon="120.952580" lat="23.466427"><ele>3470.955519</ele><time>2026-09-14T23:31:17Z</time><extensions><speed>0.552203</speed><course>116.862244</course><hAcc>1.711343</hAcc><vAcc>0.690283</vAcc></extensions></trkpt>
      <trkpt lon="120.952585" lat="23.466424"><ele>3470.870407</ele><time>2026-09-14T23:31:18Z</time><extensions><speed>0.585756</speed><course>119.707311</course><hAcc>1.713771</hAcc><vAcc>0.690283</vAcc></extensions></trkpt>
      <trkpt lon="120.952589" lat="23.466422"><ele>3470.787466</ele><time>2026-09-14T23:31:19Z</time><extensions><speed>0.520430</speed><course>124.852571</course><hAcc>1.717550</hAcc><vAcc>0.690283</vAcc></extensions></trkpt>
      <trkpt lon="120.952592" lat="23.466419"><ele>3470.707624</ele><time>2026-09-14T23:31:20Z</time><extensions><speed>0.396550</speed><course>136.601863</course><hAcc>1.718158</hAcc><vAcc>0.690283</vAcc></extensions></trkpt>
      <trkpt lon="120.952594" lat="23.466416"><ele>3470.631530</ele><time>2026-09-14T23:31:21Z</time><extensions><speed>0.271291</speed><course>167.820753</course><hAcc>1.713506</hAcc><vAcc>0.690283</vAcc></extensions></trkpt>
      <trkpt lon="120.952593" lat="23.466414"><ele>3470.559601</ele><time>2026-09-14T23:31:22Z</time><extensions><speed>0.269766</speed><course>220.583932</course><hAcc>1.716073</hAcc><vAcc>0.690283</vAcc></extensions></trkpt>
      <trkpt lon="120.952591" lat="23.466413"><ele>3470.492041</ele><time>2026-09-14T23:31:23Z</time><extensions><speed>0.395283</speed><course>252.371233</course><hAcc>1.727008</hAcc><vAcc>0.690283</vAcc></extensions></trkpt>
      <trkpt lon="120.952586" lat="23.466412"><ele>3470.428879</ele><time>2026-09-14T23:31:24Z</time><extensions><speed>0.495898</speed><course>261.807408</course><hAcc>1.732366</hAcc><vAcc>0.690283</vAcc></extensions></trkpt>
      <trkpt lon="120.952581" lat="23.466411"><ele>3470.369927</ele><time>2026-09-14T23:31:25Z</time><extensions><speed>0.558472</speed><course>264.580866</course><hAcc>1.729274</hAcc><vAcc>0.690283</vAcc></extensions></trkpt>
      <trkpt lon="120.952576" lat="23.466411"><ele>3470.314810</ele><time>2026-09-14T23:31:26Z</time><extensions><speed>0.530051</speed><course>266.056478</course><hAcc>1.731000</hAcc><vAcc>0.690283</vAcc></extensions></trkpt>
      <trkpt lon="120.952571" lat="23.466410"><ele>3470.263026</ele><time>2026-09-14T23:31:27Z</time><extensions><speed>0.515645</speed><course>261.062393</course><hAcc>1.725098</hAcc><vAcc>0.690283</vAcc></extensions></trkpt>
      <trkpt lon="120.952566" lat="23.466409"><ele>3470.213989</ele><time>2026-09-14T23:31:28Z</time><extensions><speed>0.455810</speed><course>256.944294</course><hAcc>1.716579</hAcc><vAcc>0.690283</vAcc></extensions></trkpt>
      <trkpt lon="120.952562" lat="23.466408"><ele>3470.167060</ele><time>2026-09-14T23:31:29Z</time><extensions><speed>0.360436</speed><course>252.831605</course><hAcc>1.714717</hAcc><vAcc>0.690283</vAcc></extensions></trkpt>
      <trkpt lon="120.952559" lat="23.466408"><ele>3470.121780</ele><time>2026-09-14T23:31:30Z</time><extensions><speed>0.249577</speed><course>251.310057</course><hAcc>1.717707</hAcc><vAcc>0.690283</vAcc></extensions></trkpt>
      <trkpt lon="120.952557" lat="23.466407"><ele>3470.077762</ele><time>2026-09-14T23:31:31Z</time><extensions><speed>0.201132</speed><course>242.547837</course><hAcc>1.717515</hAcc><vAcc>0.690284</vAcc></extensions></trkpt>
      <trkpt lon="120.952556" lat="23.466406"><ele>3470.034710</ele><time>2026-09-14T23:31:32Z</time><extensions><speed>0.127223</speed><course>243.731910</course><hAcc>1.715034</hAcc><vAcc>0.690284</vAcc></extensions></trkpt>
      <trkpt lon="120.952555" lat="23.466405"><ele>3469.992329</ele><time>2026-09-14T23:31:33Z</time><extensions><speed>0.172335</speed><course>225.806013</course><hAcc>1.709550</hAcc><vAcc>0.690285</vAcc></extensions></trkpt>
      <trkpt lon="120.952553" lat="23.466404"><ele>3469.950143</ele><time>2026-09-14T23:31:34Z</time><extensions><speed>0.217102</speed><course>218.482403</course><hAcc>1.702174</hAcc><vAcc>0.690285</vAcc></extensions></trkpt>
      <trkpt lon="120.952552" lat="23.466402"><ele>3469.907627</ele><time>2026-09-14T23:31:35Z</time><extensions><speed>0.207783</speed><course>216.067033</course><hAcc>1.696195</hAcc><vAcc>0.690286</vAcc></extensions></trkpt>
      <trkpt lon="120.952551" lat="23.466401"><ele>3469.864160</ele><time>2026-09-14T23:31:36Z</time><extensions><speed>0.162426</speed><course>215.513107</course><hAcc>1.693724</hAcc><vAcc>0.690287</vAcc></extensions></trkpt>
      <trkpt lon="120.952550" lat="23.466400"><ele>3469.819083</ele><time>2026-09-14T23:31:37Z</time><extensions><speed>0.125650</speed><course>215.165714</course><hAcc>1.699072</hAcc><vAcc>0.690289</vAcc></extensions></trkpt>
      <trkpt lon="120.952550" lat="23.466399"><ele>3469.771798</ele><time>2026-09-14T23:31:38Z</time><extensions><speed>0.084422</speed><course>216.778116</course><hAcc>1.701143</hAcc><vAcc>0.690293</vAcc></extensions></trkpt>
      <trkpt lon="120.952549" lat="23.466398"><ele>3469.721738</ele><time>2026-09-14T23:31:39Z</time><extensions><speed>0.086171</speed><course>217.004225</course><hAcc>1.701834</hAcc><vAcc>0.690283</vAcc></extensions></trkpt>
      <trkpt lon="120.952548" lat="23.466398"><ele>3469.668573</ele><time>2026-09-14T23:31:40Z</time><extensions><speed>0.083670</speed><course>218.851586</course><hAcc>1.700782</hAcc><vAcc>0.690273</vAcc></extensions></trkpt>
      <trkpt lon="120.952548" lat="23.466397"><ele>3469.611984</ele><time>2026-09-14T23:31:41Z</time><extensions><speed>0.089197</speed><course>219.810604</course><hAcc>1.703771</hAcc><vAcc>0.690278</vAcc></extensions></trkpt>
      <trkpt lon="120.952547" lat="23.466396"><ele>3469.551887</ele><time>2026-09-14T23:31:42Z</time><extensions><speed>0.136643</speed><course>221.200370</course><hAcc>1.704621</hAcc><vAcc>0.690279</vAcc></extensions></trkpt>
      <trkpt lon="120.952546" lat="23.466395"><ele>3469.488308</ele><time>2026-09-14T23:31:43Z</time><extensions><speed>0.186455</speed><course>221.997942</course><hAcc>1.703589</hAcc><vAcc>0.690280</vAcc></extensions></trkpt>
      <trkpt lon="120.952545" lat="23.466394"><ele>3469.421432</ele><time>2026-09-14T23:31:44Z</time><extensions><speed>0.206156</speed><course>222.874798</course><hAcc>1.709923</hAcc><vAcc>0.690281</vAcc></extensions></trkpt>
      <trkpt lon="120.952543" lat="23.466392"><ele>3469.351561</ele><time>2026-09-14T23:31:45Z</time><extensions><speed>0.193633</speed><course>224.181778</course><hAcc>1.715149</hAcc><vAcc>0.690282</vAcc></extensions></trkpt>
      <trkpt lon="120.952541" lat="23.466391"><ele>3469.279062</ele><time>2026-09-14T23:31:46Z</time><extensions><speed>0.271273</speed><course>224.668771</course><hAcc>1.718889</hAcc><vAcc>0.690282</vAcc></extensions></trkpt>
      <trkpt lon="120.952539" lat="23.466389"><ele>3469.204307</ele><time>2026-09-14T23:31:47Z</time><extensions><speed>0.338964</speed><course>225.364536</course><hAcc>1.721754</hAcc><vAcc>0.690283</vAcc></extensions></trkpt>
      <trkpt lon="120.952537" lat="23.466387"><ele>3469.127709</ele><time>2026-09-14T23:31:48Z</time><extensions><speed>0.411066</speed><course>226.341152</course><hAcc>1.722293</hAcc><vAcc>0.690283</vAcc></extensions></trkpt>
      <trkpt lon="120.952534" lat="23.466384"><ele>3469.049541</ele><time>2026-09-14T23:31:49Z</time><extensions><speed>0.415607</speed><course>228.382903</course><hAcc>1.726682</hAcc><vAcc>0.690283</vAcc></extensions></trkpt>
      <trkpt lon="120.952530" lat="23.466382"><ele>3468.970018</ele><time>2026-09-14T23:31:50Z</time><extensions><speed>0.421537</speed><course>231.122022</course><hAcc>1.727317</hAcc><vAcc>0.690283</vAcc></extensions></trkpt>
      <trkpt lon="120.952527" lat="23.466379"><ele>3468.889289</ele><time>2026-09-14T23:31:51Z</time><extensions><speed>0.434052</speed><course>233.948731</course><hAcc>1.725480</hAcc><vAcc>0.690283</vAcc></extensions></trkpt>
      <trkpt lon="120.952523" lat="23.466377"><ele>3468.807375</ele><time>2026-09-14T23:31:52Z</time><extensions><speed>0.455405</speed><course>237.560344</course><hAcc>1.722959</hAcc><vAcc>0.690283</vAcc></extensions></trkpt>
      <trkpt lon="120.952519" lat="23.466375"><ele>3468.724184</ele><time>2026-09-14T23:31:53Z</time><extensions><speed>0.453652</speed><course>241.182395</course><hAcc>1.725790</hAcc><vAcc>0.690283</vAcc></extensions></trkpt>
      <trkpt lon="120.952515" lat="23.466373"><ele>3468.639558</ele><time>2026-09-14T23:31:54Z</time><extensions><speed>0.434366</speed><course>244.900646</course><hAcc>1.728674</hAcc><vAcc>0.690283</vAcc></extensions></trkpt>
      <trkpt lon="120.952512" lat="23.466372"><ele>3468.553270</ele><time>2026-09-14T23:31:55Z</time><extensions><speed>0.416859</speed><course>249.047109</course><hAcc>1.733692</hAcc><vAcc>0.690283</vAcc></extensions></trkpt>
      <trkpt lon="120.952508" lat="23.466370"><ele>3468.465077</ele><time>2026-09-14T23:31:56Z</time><extensions><speed>0.409781</speed><course>254.125880</course><hAcc>1.733061</hAcc><vAcc>0.690283</vAcc></extensions></trkpt>
      <trkpt lon="120.952504" lat="23.466370"><ele>3468.374854</ele><time>2026-09-14T23:31:57Z</time><extensions><speed>0.424686</speed><course>259.982869</course><hAcc>1.726377</hAcc><vAcc>0.690283</vAcc></extensions></trkpt>
      <trkpt lon="120.952500" lat="23.466369"><ele>3468.282583</ele><time>2026-09-14T23:31:58Z</time><extensions><speed>0.418815</speed><course>265.932692</course><hAcc>1.727660</hAcc><vAcc>0.690283</vAcc></extensions></trkpt>
      <trkpt lon="120.952495" lat="23.466369"><ele>3468.188436</ele><time>2026-09-14T23:31:59Z</time><extensions><speed>0.439325</speed><course>272.027239</course><hAcc>1.724974</hAcc><vAcc>0.690283</vAcc></extensions></trkpt>
      <trkpt lon="120.952491" lat="23.466369"><ele>3468.092765</ele><time>2026-09-14T23:32:00Z</time><extensions><speed>0.418774</speed><course>278.010316</course><hAcc>1.730944</hAcc><vAcc>0.690283</vAcc></extensions></trkpt>
      <trkpt lon="120.952487" lat="23.466370"><ele>3467.996059</ele><time>2026-09-14T23:32:01Z</time><extensions><speed>0.422783</speed><course>282.877360</course><hAcc>1.730411</hAcc><vAcc>0.690283</vAcc></extensions></trkpt>
      <trkpt lon="120.952483" lat="23.466371"><ele>3467.898872</ele><time>2026-09-14T23:32:02Z</time><extensions><speed>0.431937</speed><course>284.966318</course><hAcc>1.724840</hAcc><vAcc>0.690283</vAcc></extensions></trkpt>
      <trkpt lon="120.952479" lat="23.466372"><ele>3467.801774</ele><time>2026-09-14T23:32:03Z</time><extensions><speed>0.409039</speed><course>286.415074</course><hAcc>1.726270</hAcc><vAcc>0.690283</vAcc></extensions></trkpt>
      <trkpt lon="120.952475" lat="23.466373"><ele>3467.705242</ele><time>2026-09-14T23:32:04Z</time><extensions><speed>0.363792</speed><course>288.026903</course><hAcc>1.728584</hAcc><vAcc>0.690283</vAcc></extensions></trkpt>
      <trkpt lon="120.952471" lat="23.466374"><ele>3467.609598</ele><time>2026-09-14T23:32:05Z</time><extensions><speed>0.375596</speed><course>289.286152</course><hAcc>1.724282</hAcc><vAcc>0.690283</vAcc></extensions></trkpt>
      <trkpt lon="120.952468" lat="23.466376"><ele>3467.515039</ele><time>2026-09-14T23:32:06Z</time><extensions><speed>0.365235</speed><course>290.168352</course><hAcc>1.723442</hAcc><vAcc>0.690283</vAcc></extensions></trkpt>
      <trkpt lon="120.952464" lat="23.466377"><ele>3467.421498</ele><time>2026-09-14T23:32:07Z</time><extensions><speed>0.417873</speed><course>289.716404</course><hAcc>1.718876</hAcc><vAcc>0.690283</vAcc></extensions></trkpt>
      <trkpt lon="120.952460" lat="23.466378"><ele>3467.328770</ele><time>2026-09-14T23:32:08Z</time><extensions><speed>0.432184</speed><course>289.860110</course><hAcc>1.719261</hAcc><vAcc>0.690283</vAcc></extensions></trkpt>
      <trkpt lon="120.952456" lat="23.466379"><ele>3467.236524</ele><time>2026-09-14T23:32:09Z</time><extensions><speed>0.433888</speed><course>289.803571</course><hAcc>1.721681</hAcc><vAcc>0.690283</vAcc></extensions></trkpt>
      <trkpt lon="120.952452" lat="23.466381"><ele>3467.144326</ele><time>2026-09-14T23:32:10Z</time><extensions><speed>0.504766</speed><course>290.577596</course><hAcc>1.721787</hAcc><vAcc>0.690283</vAcc></extensions></trkpt>
      <trkpt lon="120.952447" lat="23.466383"><ele>3467.051654</ele><time>2026-09-14T23:32:11Z</time><extensions><speed>0.546029</speed><course>291.791487</course><hAcc>1.717649</hAcc><vAcc>0.690283</vAcc></extensions></trkpt>
      <trkpt lon="120.952442" lat="23.466385"><ele>3466.958156</ele><time>2026-09-14T23:32:12Z</time><extensions><speed>0.534031</speed><course>293.423874</course><hAcc>1.718809</hAcc><vAcc>0.690283</vAcc></extensions></trkpt>
      <trkpt lon="120.952438" lat="23.466387"><ele>3466.863559</ele><time>2026-09-14T23:32:13Z</time><extensions><speed>0.494035</speed><course>295.926647</course><hAcc>1.723392</hAcc><vAcc>0.690283</vAcc></extensions></trkpt>
      <trkpt lon="120.952433" lat="23.466389"><ele>3466.767692</ele><time>2026-09-14T23:32:14Z</time><extensions><speed>0.460886</speed><course>298.166802</course><hAcc>1.725750</hAcc><vAcc>0.690283</vAcc></extensions></trkpt>
      <trkpt lon="120.952430" lat="23.466390"><ele>3466.670524</ele><time>2026-09-14T23:32:15Z</time><extensions><speed>0.391556</speed><course>302.850614</course><hAcc>1.728667</hAcc><vAcc>0.690283</vAcc></extensions></trkpt>
      <trkpt lon="120.952427" lat="23.466392"><ele>3466.572133</ele><time>2026-09-14T23:32:16Z</time><extensions><speed>0.359616</speed><course>304.417712</course><hAcc>1.727398</hAcc><vAcc>0.690283</vAcc></extensions></trkpt>
      <trkpt lon="120.952424" lat="23.466394"><ele>3466.472848</ele><time>2026-09-14T23:32:17Z</time><extensions><speed>0.323318</speed><course>308.633379</course><hAcc>1.725744</hAcc><vAcc>0.690283</vAcc></extensions></trkpt>
      <trkpt lon="120.952422" lat="23.466396"><ele>3466.373157</ele><time>2026-09-14T23:32:18Z</time><extensions><speed>0.266093</speed><course>317.131388</course><hAcc>1.734550</hAcc><vAcc>0.690283</vAcc></extensions></trkpt>
      <trkpt lon="120.952420" lat="23.466398"><ele>3466.273640</ele><time>2026-09-14T23:32:19Z</time><extensions><speed>0.257205</speed><course>323.248023</course><hAcc>1.738869</hAcc><vAcc>0.690283</vAcc></extensions></trkpt>
      <trkpt lon="120.952419" lat="23.466400"><ele>3466.174994</ele><time>2026-09-14T23:32:20Z</time><extensions><speed>0.265083</speed><course>334.085344</course><hAcc>1.741173</hAcc><vAcc>0.690283</vAcc></extensions></trkpt>
      <trkpt lon="120.952418" lat="23.466402"><ele>3466.077851</ele><time>2026-09-14T23:32:21Z</time><extensions><speed>0.307013</speed><course>334.503114</course><hAcc>1.741618</hAcc><vAcc>0.690283</vAcc></extensions></trkpt>
      <trkpt lon="120.952416" lat="23.466405"><ele>3465.982642</ele><time>2026-09-14T23:32:22Z</time><extensions><speed>0.333855</speed><course>338.332772</course><hAcc>1.743863</hAcc><vAcc>0.690283</vAcc></extensions></trkpt>
      <trkpt lon="120.952415" lat="23.466408"><ele>3465.889642</ele><time>2026-09-14T23:32:23Z</time><extensions><speed>0.369345</speed><course>338.351666</course><hAcc>1.738300</hAcc><vAcc>0.690283</vAcc></extensions></trkpt>
      <trkpt lon="120.952414" lat="23.466411"><ele>3465.799073</ele><time>2026-09-14T23:32:24Z</time><extensions><speed>0.371965</speed><course>339.761870</course><hAcc>1.735452</hAcc><vAcc>0.690283</vAcc></extensions></trkpt>
      <trkpt lon="120.952412" lat="23.466414"><ele>3465.710975</ele><time>2026-09-14T23:32:25Z</time><extensions><speed>0.343069</speed><course>343.973834</course><hAcc>1.736174</hAcc><vAcc>0.690283</vAcc></extensions></trkpt>
      <trkpt lon="120.952411" lat="23.466417"><ele>3465.625261</ele><time>2026-09-14T23:32:26Z</time><extensions><speed>0.337707</speed><course>337.364770</course><hAcc>1.726562</hAcc><vAcc>0.690283</vAcc></extensions></trkpt>
      <trkpt lon="120.952410" lat="23.466420"><ele>3465.541735</ele><time>2026-09-14T23:32:27Z</time><extensions><speed>0.347026</speed><course>334.014764</course><hAcc>1.713638</hAcc><vAcc>0.690283</vAcc></extensions></trkpt>
      <trkpt lon="120.952408" lat="23.466423"><ele>3465.460089</ele><time>2026-09-14T23:32:28Z</time><extensions><speed>0.335530</speed><course>330.061449</course><hAcc>1.724275</hAcc><vAcc>0.690283</vAcc></extensions></trkpt>
      <trkpt lon="120.952406" lat="23.466425"><ele>3465.379840</ele><time>2026-09-14T23:32:29Z</time><extensions><speed>0.284032</speed><course>329.263753</course><hAcc>1.748118</hAcc><vAcc>0.690283</vAcc></extensions></trkpt>
      <trkpt lon="120.952405" lat="23.466428"><ele>3465.300506</ele><time>2026-09-14T23:32:30Z</time><extensions><speed>0.357880</speed><course>334.333730</course><hAcc>1.718369</hAcc><vAcc>0.690283</vAcc></extensions></trkpt>
      <trkpt lon="120.952403" lat="23.466431"><ele>3465.221590</ele><time>2026-09-14T23:32:31Z</time><extensions><speed>0.422671</speed><course>322.153195</course><hAcc>1.701452</hAcc><vAcc>0.690283</vAcc></extensions></trkpt>
      <trkpt lon="120.952400" lat="23.466434"><ele>3465.142745</ele><time>2026-09-14T23:32:32Z</time><extensions><speed>0.482723</speed><course>310.959515</course><hAcc>1.694226</hAcc><vAcc>0.690283</vAcc></extensions></trkpt>
      <trkpt lon="120.952396" lat="23.466436"><ele>3465.063887</ele><time>2026-09-14T23:32:33Z</time><extensions><speed>0.517500</speed><course>306.057884</course><hAcc>1.679203</hAcc><vAcc>0.690283</vAcc></extensions></trkpt>
      <trkpt lon="120.952392" lat="23.466439"><ele>3464.985125</ele><time>2026-09-14T23:32:34Z</time><extensions><speed>0.490422</speed><course>306.715729</course><hAcc>1.669143</hAcc><vAcc>0.690283</vAcc></extensions></trkpt>
      <trkpt lon="120.952388" lat="23.466442"><ele>3464.906905</ele><time>2026-09-14T23:32:35Z</time><extensions><speed>0.418275</speed><course>315.832737</course><hAcc>1.673248</hAcc><vAcc>0.690283</vAcc></extensions></trkpt>
      <trkpt lon="120.952386" lat="23.466445"><ele>3464.829810</ele><time>2026-09-14T23:32:36Z</time><extensions><speed>0.430437</speed><course>335.027840</course><hAcc>1.685322</hAcc><vAcc>0.690283</vAcc></extensions></trkpt>
      <trkpt lon="120.952383" lat="23.466448"><ele>3464.754431</ele><time>2026-09-14T23:32:37Z</time><extensions><speed>0.475293</speed><course>313.126253</course><hAcc>1.676804</hAcc><vAcc>0.690282</vAcc></extensions></trkpt>
      <trkpt lon="120.952379" lat="23.466450"><ele>3464.681310</ele><time>2026-09-14T23:32:38Z</time><extensions><speed>0.610293</speed><course>296.677164</course><hAcc>1.649290</hAcc><vAcc>0.690282</vAcc></extensions></trkpt>
      <trkpt lon="120.952373" lat="23.466452"><ele>3464.610889</ele><time>2026-09-14T23:32:39Z</time><extensions><speed>0.730413</speed><course>285.492757</course><hAcc>1.634471</hAcc><vAcc>0.690281</vAcc></extensions></trkpt>
      <trkpt lon="120.952366" lat="23.466454"><ele>3464.543470</ele><time>2026-09-14T23:32:40Z</time><extensions><speed>0.784532</speed><course>275.550899</course><hAcc>1.655635</hAcc><vAcc>0.690281</vAcc></extensions></trkpt>
      <trkpt lon="120.952358" lat="23.466454"><ele>3464.479206</ele><time>2026-09-14T23:32:41Z</time><extensions><speed>0.765850</speed><course>266.045288</course><hAcc>1.692224</hAcc><vAcc>0.690282</vAcc></extensions></trkpt>
      <trkpt lon="120.952350" lat="23.466453"><ele>3464.418100</ele><time>2026-09-14T23:32:42Z</time><extensions><speed>0.862127</speed><course>259.960592</course><hAcc>1.673228</hAcc><vAcc>0.690282</vAcc></extensions></trkpt>
      <trkpt lon="120.952342" lat="23.466451"><ele>3464.360071</ele><time>2026-09-14T23:32:43Z</time><extensions><speed>0.871743</speed><course>257.914532</course><hAcc>1.670523</hAcc><vAcc>0.690283</vAcc></extensions></trkpt>
      <trkpt lon="120.952333" lat="23.466449"><ele>3464.304834</ele><time>2026-09-14T23:32:44Z</time><extensions><speed>0.863612</speed><course>257.521148</course><hAcc>1.680238</hAcc><vAcc>0.690283</vAcc></extensions></trkpt>
      <trkpt lon="120.952325" lat="23.466448"><ele>3464.252131</ele><time>2026-09-14T23:32:45Z</time><extensions><speed>0.859011</speed><course>256.362113</course><hAcc>1.678697</hAcc><vAcc>0.690283</vAcc></extensions></trkpt>
      <trkpt lon="120.952317" lat="23.466446"><ele>3464.201755</ele><time>2026-09-14T23:32:46Z</time><extensions><speed>0.847996</speed><course>255.418378</course><hAcc>1.675256</hAcc><vAcc>0.690282</vAcc></extensions></trkpt>
      <trkpt lon="120.952309" lat="23.466444"><ele>3464.153580</ele><time>2026-09-14T23:32:47Z</time><extensions><speed>0.845450</speed><course>256.303508</course><hAcc>1.680019</hAcc><vAcc>0.690282</vAcc></extensions></trkpt>
      <trkpt lon="120.952301" lat="23.466442"><ele>3464.107448</ele><time>2026-09-14T23:32:48Z</time><extensions><speed>0.810427</speed><course>259.573674</course><hAcc>1.693786</hAcc><vAcc>0.690283</vAcc></extensions></trkpt>
      <trkpt lon="120.952293" lat="23.466441"><ele>3464.063412</ele><time>2026-09-14T23:32:49Z</time><extensions><speed>0.877319</speed><course>260.217592</course><hAcc>1.678389</hAcc><vAcc>0.690283</vAcc></extensions></trkpt>
      <trkpt lon="120.952284" lat="23.466440"><ele>3464.021506</ele><time>2026-09-14T23:32:50Z</time><extensions><speed>0.930590</speed><course>263.705819</course><hAcc>1.684182</hAcc><vAcc>0.690283</vAcc></extensions></trkpt>
      <trkpt lon="120.952276" lat="23.466439"><ele>3463.981656</ele><time>2026-09-14T23:32:51Z</time><extensions><speed>0.870619</speed><course>265.956554</course><hAcc>1.691006</hAcc><vAcc>0.690283</vAcc></extensions></trkpt>
      <trkpt lon="120.952267" lat="23.466439"><ele>3463.943658</ele><time>2026-09-14T23:32:52Z</time><extensions><speed>0.840637</speed><course>267.164977</course><hAcc>1.675380</hAcc><vAcc>0.690283</vAcc></extensions></trkpt>
      <trkpt lon="120.952259" lat="23.466438"><ele>3463.907268</ele><time>2026-09-14T23:32:53Z</time><extensions><speed>0.812352</speed><course>270.343848</course><hAcc>1.688723</hAcc><vAcc>0.690282</vAcc></extensions></trkpt>
      <trkpt lon="120.952251" lat="23.466439"><ele>3463.871846</ele><time>2026-09-14T23:32:54Z</time><extensions><speed>0.828599</speed><course>273.073477</course><hAcc>1.716228</hAcc><vAcc>0.690282</vAcc></extensions></trkpt>
      <trkpt lon="120.952243" lat="23.466439"><ele>3463.836565</ele><time>2026-09-14T23:32:55Z</time><extensions><speed>0.785089</speed><course>272.404037</course><hAcc>1.711480</hAcc><vAcc>0.690282</vAcc></extensions></trkpt>
      <trkpt lon="120.952236" lat="23.466439"><ele>3463.800733</ele><time>2026-09-14T23:32:56Z</time><extensions><speed>0.726227</speed><course>272.322846</course><hAcc>1.716807</hAcc><vAcc>0.690282</vAcc></extensions></trkpt>
      <trkpt lon="120.952229" lat="23.466440"><ele>3463.763507</ele><time>2026-09-14T23:32:57Z</time><extensions><speed>0.690552</speed><course>272.172084</course><hAcc>1.727635</hAcc><vAcc>0.690282</vAcc></extensions></trkpt>
      <trkpt lon="120.952222" lat="23.466440"><ele>3463.724963</ele><time>2026-09-14T23:32:58Z</time><extensions><speed>0.699850</speed><course>272.139384</course><hAcc>1.728165</hAcc><vAcc>0.690282</vAcc></extensions></trkpt>
      <trkpt lon="120.952215" lat="23.466440"><ele>3463.685773</ele><time>2026-09-14T23:32:59Z</time><extensions><speed>0.700309</speed><course>274.040820</course><hAcc>1.729163</hAcc><vAcc>0.690282</vAcc></extensions></trkpt>
      <trkpt lon="120.952208" lat="23.466441"><ele>3463.647343</ele><time>2026-09-14T23:33:00Z</time><extensions><speed>0.832908</speed><course>278.474040</course><hAcc>1.718247</hAcc><vAcc>0.690282</vAcc></extensions></trkpt>
      <trkpt lon="120.952200" lat="23.466443"><ele>3463.611899</ele><time>2026-09-14T23:33:01Z</time><extensions><speed>0.897926</speed><course>284.109871</course><hAcc>1.709927</hAcc><vAcc>0.690282</vAcc></extensions></trkpt>
      <trkpt lon="120.952191" lat="23.466445"><ele>3463.581975</ele><time>2026-09-14T23:33:02Z</time><extensions><speed>0.947245</speed><course>289.896674</course><hAcc>1.706660</hAcc><vAcc>0.690282</vAcc></extensions></trkpt>
      <trkpt lon="120.952182" lat="23.466449"><ele>3463.560227</ele><time>2026-09-14T23:33:03Z</time><extensions><speed>1.015177</speed><course>292.555502</course><hAcc>1.711296</hAcc><vAcc>0.690282</vAcc></extensions></trkpt>
      <trkpt lon="120.952173" lat="23.466453"><ele>3463.549087</ele><time>2026-09-14T23:33:04Z</time><extensions><speed>1.069293</speed><course>295.876685</course><hAcc>1.698700</hAcc><vAcc>0.690282</vAcc></extensions></trkpt>
      <trkpt lon="120.952163" lat="23.466457"><ele>3463.550435</ele><time>2026-09-14T23:33:05Z</time><extensions><speed>1.085516</speed><course>294.809434</course><hAcc>1.707295</hAcc><vAcc>0.690283</vAcc></extensions></trkpt>
      <trkpt lon="120.952154" lat="23.466461"><ele>3463.565212</ele><time>2026-09-14T23:33:06Z</time><extensions><speed>1.046699</speed><course>296.173340</course><hAcc>1.703445</hAcc><vAcc>0.690283</vAcc></extensions></trkpt>
      <trkpt lon="120.952145" lat="23.466465"><ele>3463.593604</ele><time>2026-09-14T23:33:07Z</time><extensions><speed>0.958613</speed><course>301.296433</course><hAcc>1.694393</hAcc><vAcc>0.690283</vAcc></extensions></trkpt>
      <trkpt lon="120.952138" lat="23.466469"><ele>3463.634761</ele><time>2026-09-14T23:33:08Z</time><extensions><speed>0.799358</speed><course>301.969632</course><hAcc>1.716100</hAcc><vAcc>0.690283</vAcc></extensions></trkpt>
      <trkpt lon="120.952133" lat="23.466473"><ele>3463.687074</ele><time>2026-09-14T23:33:09Z</time><extensions><speed>0.505710</speed><course>318.817284</course><hAcc>1.725380</hAcc><vAcc>0.690283</vAcc></extensions></trkpt>
      <trkpt lon="120.952130" lat="23.466476"><ele>3463.748530</ele><time>2026-09-14T23:33:10Z</time><extensions><speed>0.408314</speed><course>331.136608</course><hAcc>1.728085</hAcc><vAcc>0.690283</vAcc></extensions></trkpt>
      <trkpt lon="120.952128" lat="23.466479"><ele>3463.816646</ele><time>2026-09-14T23:33:11Z</time><extensions><speed>0.422108</speed><course>319.867834</course><hAcc>1.733985</hAcc><vAcc>0.690283</vAcc></extensions></trkpt>
      <trkpt lon="120.952124" lat="23.466482"><ele>3463.888898</ele><time>2026-09-14T23:33:12Z</time><extensions><speed>0.558399</speed><course>299.056687</course><hAcc>1.737080</hAcc><vAcc>0.690283</vAcc></extensions></trkpt>
      <trkpt lon="120.952119" lat="23.466484"><ele>3463.962635</ele><time>2026-09-14T23:33:13Z</time><extensions><speed>0.663215</speed><course>285.803630</course><hAcc>1.741134</hAcc><vAcc>0.690283</vAcc></extensions></trkpt>
      <trkpt lon="120.952112" lat="23.466485"><ele>3464.035226</ele><time>2026-09-14T23:33:14Z</time><extensions><speed>0.701157</speed><course>276.177985</course><hAcc>1.740679</hAcc><vAcc>0.690283</vAcc></extensions></trkpt>
      <trkpt lon="120.952106" lat="23.466485"><ele>3464.104519</ele><time>2026-09-14T23:33:15Z</time><extensions><speed>0.684987</speed><course>267.494154</course><hAcc>1.739921</hAcc><vAcc>0.690283</vAcc></extensions></trkpt>
      <trkpt lon="120.952099" lat="23.466485"><ele>3464.168519</ele><time>2026-09-14T23:33:16Z</time><extensions><speed>0.680520</speed><course>259.168297</course><hAcc>1.742944</hAcc><vAcc>0.690283</vAcc></extensions></trkpt>
      <trkpt lon="120.952093" lat="23.466483"><ele>3464.225650</ele><time>2026-09-14T23:33:17Z</time><extensions><speed>0.679387</speed><course>252.084916</course><hAcc>1.741080</hAcc><vAcc>0.690283</vAcc></extensions></trkpt>
      <trkpt lon="120.952086" lat="23.466481"><ele>3464.274811</ele><time>2026-09-14T23:33:18Z</time><extensions><speed>0.729467</speed><course>248.479649</course><hAcc>1.731663</hAcc><vAcc>0.690283</vAcc></extensions></trkpt>
      <trkpt lon="120.952080" lat="23.466478"><ele>3464.315375</ele><time>2026-09-14T23:33:19Z</time><extensions><speed>0.728551</speed><course>246.493477</course><hAcc>1.721964</hAcc><vAcc>0.690283</vAcc></extensions></trkpt>
      <trkpt lon="120.952073" lat="23.466476"><ele>3464.346942</ele><time>2026-09-14T23:33:20Z</time><extensions><speed>0.717129</speed><course>244.748896</course><hAcc>1.714665</hAcc><vAcc>0.690283</vAcc></extensions></trkpt>
      <trkpt lon="120.952067" lat="23.466473"><ele>3464.369567</ele><time>2026-09-14T23:33:21Z</time><extensions><speed>0.635835</speed><course>242.710077</course><hAcc>1.724893</hAcc><vAcc>0.690283</vAcc></extensions></trkpt>
      <trkpt lon="120.952062" lat="23.466470"><ele>3464.383665</ele><time>2026-09-14T23:33:22Z</time><extensions><speed>0.545646</speed><course>240.133481</course><hAcc>1.744281</hAcc><vAcc>0.690283</vAcc></extensions></trkpt>
      <trkpt lon="120.952059" lat="23.466468"><ele>3464.390042</ele><time>2026-09-14T23:33:23Z</time><extensions><speed>0.320471</speed><course>206.530090</course><hAcc>1.743300</hAcc><vAcc>0.690283</vAcc></extensions></trkpt>
      <trkpt lon="120.952060" lat="23.466465"><ele>3464.389851</ele><time>2026-09-14T23:33:24Z</time><extensions><speed>0.358194</speed><course>149.151918</course><hAcc>1.738031</hAcc><vAcc>0.690283</vAcc></extensions></trkpt>
      <trkpt lon="120.952062" lat="23.466462"><ele>3464.384715</ele><time>2026-09-14T23:33:25Z</time><extensions><speed>0.416554</speed><course>134.432842</course><hAcc>1.739855</hAcc><vAcc>0.690283</vAcc></extensions></trkpt>
      <trkpt lon="120.952065" lat="23.466460"><ele>3464.376266</ele><time>2026-09-14T23:33:26Z</time><extensions><speed>0.366713</speed><course>131.043416</course><hAcc>1.746519</hAcc><vAcc>0.690283</vAcc></extensions></trkpt>
      <trkpt lon="120.952067" lat="23.466458"><ele>3464.366092</ele><time>2026-09-14T23:33:27Z</time><extensions><speed>0.271077</speed><course>132.805690</course><hAcc>1.754535</hAcc><vAcc>0.690283</vAcc></extensions></trkpt>
      <trkpt lon="120.952068" lat="23.466457"><ele>3464.355464</ele><time>2026-09-14T23:33:28Z</time><extensions><speed>0.159095</speed><course>145.305825</course><hAcc>1.764573</hAcc><vAcc>0.690283</vAcc></extensions></trkpt>
      <trkpt lon="120.952069" lat="23.466456"><ele>3464.344684</ele><time>2026-09-14T23:33:29Z</time><extensions><speed>0.095002</speed><course>204.385443</course><hAcc>1.769918</hAcc><vAcc>0.690283</vAcc></extensions></trkpt>
      <trkpt lon="120.952067" lat="23.466455"><ele>3464.333691</ele><time>2026-09-14T23:33:30Z</time><extensions><speed>0.217043</speed><course>257.745165</course><hAcc>1.764652</hAcc><vAcc>0.690283</vAcc></extensions></trkpt>
      <trkpt lon="120.952064" lat="23.466455"><ele>3464.321362</ele><time>2026-09-14T23:33:31Z</time><extensions><speed>0.465834</speed><course>271.144713</course><hAcc>1.748459</hAcc><vAcc>0.690283</vAcc></extensions></trkpt>
      <trkpt lon="120.952058" lat="23.466456"><ele>3464.305852</ele><time>2026-09-14T23:33:32Z</time><extensions><speed>0.820651</speed><course>275.395376</course><hAcc>1.726835</hAcc><vAcc>0.690283</vAcc></extensions></trkpt>
      <trkpt lon="120.952049" lat="23.466456"><ele>3464.285136</ele><time>2026-09-14T23:33:33Z</time><extensions><speed>1.064944</speed><course>277.532755</course><hAcc>1.726508</hAcc><vAcc>0.690283</vAcc></extensions></trkpt>
      <trkpt lon="120.952038" lat="23.466458"><ele>3464.256487</ele><time>2026-09-14T23:33:34Z</time><extensions><speed>1.207394</speed><course>278.232002</course><hAcc>1.735270</hAcc><vAcc>0.690283</vAcc></extensions></trkpt>
      <trkpt lon="120.952025" lat="23.466459"><ele>3464.217154</ele><time>2026-09-14T23:33:35Z</time><extensions><speed>1.279051</speed><course>276.648332</course><hAcc>1.744132</hAcc><vAcc>0.690283</vAcc></extensions></trkpt>
      <trkpt lon="120.952013" lat="23.466460"><ele>3464.164541</ele><time>2026-09-14T23:33:36Z</time><extensions><speed>1.182680</speed><course>275.639333</course><hAcc>1.736374</hAcc><vAcc>0.690283</vAcc></extensions></trkpt>
      <trkpt lon="120.952003" lat="23.466461"><ele>3464.096339</ele><time>2026-09-14T23:33:37Z</time><extensions><speed>1.058034</speed><course>273.605132</course><hAcc>1.717163</hAcc><vAcc>0.690283</vAcc></extensions></trkpt>
      <trkpt lon="120.951993" lat="23.466461"><ele>3464.010803</ele><time>2026-09-14T23:33:38Z</time><extensions><speed>0.952998</speed><course>267.055961</course><hAcc>1.720535</hAcc><vAcc>0.690283</vAcc></extensions></trkpt>
      <trkpt lon="120.951984" lat="23.466460"><ele>3463.906641</ele><time>2026-09-14T23:33:39Z</time><extensions><speed>0.916124</speed><course>257.006501</course><hAcc>1.730620</hAcc><vAcc>0.690283</vAcc></extensions></trkpt>
      <trkpt lon="120.951975" lat="23.466457"><ele>3463.783416</ele><time>2026-09-14T23:33:40Z</time><extensions><speed>0.927975</speed><course>244.961091</course><hAcc>1.730104</hAcc><vAcc>0.690283</vAcc></extensions></trkpt>
      <trkpt lon="120.951967" lat="23.466453"><ele>3463.641519</ele><time>2026-09-14T23:33:41Z</time><extensions><speed>1.061787</speed><course>235.709653</course><hAcc>1.714796</hAcc><vAcc>0.690283</vAcc></extensions></trkpt>
      <trkpt lon="120.951958" lat="23.466447"><ele>3463.481981</ele><time>2026-09-14T23:33:42Z</time><extensions><speed>1.137244</speed><course>232.854569</course><hAcc>1.714291</hAcc><vAcc>0.690283</vAcc></extensions></trkpt>
      <trkpt lon="120.951950" lat="23.466441"><ele>3463.306524</ele><time>2026-09-14T23:33:43Z</time><extensions><speed>1.021296</speed><course>235.629584</course><hAcc>1.736428</hAcc><vAcc>0.690283</vAcc></extensions></trkpt>
      <trkpt lon="120.951942" lat="23.466436"><ele>3463.117101</ele><time>2026-09-14T23:33:44Z</time><extensions><speed>0.867468</speed><course>234.235454</course><hAcc>1.732133</hAcc><vAcc>0.690283</vAcc></extensions></trkpt>
      <trkpt lon="120.951935" lat="23.466432"><ele>3462.915657</ele><time>2026-09-14T23:33:45Z</time><extensions><speed>0.813560</speed><course>236.321534</course><hAcc>1.715711</hAcc><vAcc>0.690283</vAcc></extensions></trkpt>
      <trkpt lon="120.951929" lat="23.466428"><ele>3462.703788</ele><time>2026-09-14T23:33:46Z</time><extensions><speed>0.789987</speed><course>240.432937</course><hAcc>1.699091</hAcc><vAcc>0.690283</vAcc></extensions></trkpt>
      <trkpt lon="120.951922" lat="23.466425"><ele>3462.482622</ele><time>2026-09-14T23:33:47Z</time><extensions><speed>0.718408</speed><course>244.120494</course><hAcc>1.689355</hAcc><vAcc>0.690283</vAcc></extensions></trkpt>
      <trkpt lon="120.951916" lat="23.466422"><ele>3462.252791</ele><time>2026-09-14T23:33:48Z</time><extensions><speed>0.575193</speed><course>246.799874</course><hAcc>1.690230</hAcc><vAcc>0.690283</vAcc></extensions></trkpt>
      <trkpt lon="120.951912" lat="23.466421"><ele>3462.015006</ele><time>2026-09-14T23:33:49Z</time><extensions><speed>0.488955</speed><course>250.038213</course><hAcc>1.688794</hAcc><vAcc>0.690283</vAcc></extensions></trkpt>
      <trkpt lon="120.951907" lat="23.466419"><ele>3461.769938</ele><time>2026-09-14T23:33:50Z</time><extensions><speed>0.457583</speed><course>253.700361</course><hAcc>1.685011</hAcc><vAcc>0.690283</vAcc></extensions></trkpt>
      <trkpt lon="120.951903" lat="23.466418"><ele>3461.518320</ele><time>2026-09-14T23:33:51Z</time><extensions><speed>0.438417</speed><course>256.637156</course><hAcc>1.679830</hAcc><vAcc>0.690283</vAcc></extensions></trkpt>
      <trkpt lon="120.951899" lat="23.466417"><ele>3461.261558</ele><time>2026-09-14T23:33:52Z</time><extensions><speed>0.431014</speed><course>258.533789</course><hAcc>1.673408</hAcc><vAcc>0.690283</vAcc></extensions></trkpt>
      <trkpt lon="120.951895" lat="23.466417"><ele>3461.001220</ele><time>2026-09-14T23:33:53Z</time><extensions><speed>0.423198</speed><course>260.160832</course><hAcc>1.691200</hAcc><vAcc>0.690283</vAcc></extensions></trkpt>
      <trkpt lon="120.951890" lat="23.466416"><ele>3460.739354</ele><time>2026-09-14T23:33:54Z</time><extensions><speed>0.469452</speed><course>261.694015</course><hAcc>1.723062</hAcc><vAcc>0.690283</vAcc></extensions></trkpt>
      <trkpt lon="120.951886" lat="23.466416"><ele>3460.478342</ele><time>2026-09-14T23:33:55Z</time><extensions><speed>0.443753</speed><course>261.915116</course><hAcc>1.720658</hAcc><vAcc>0.690283</vAcc></extensions></trkpt>
      <trkpt lon="120.951882" lat="23.466415"><ele>3460.220668</ele><time>2026-09-14T23:33:56Z</time><extensions><speed>0.451064</speed><course>262.213871</course><hAcc>1.727344</hAcc><vAcc>0.690283</vAcc></extensions></trkpt>
      <trkpt lon="120.951877" lat="23.466414"><ele>3459.968994</ele><time>2026-09-14T23:33:57Z</time><extensions><speed>0.523974</speed><course>262.515538</course><hAcc>1.734727</hAcc><vAcc>0.690283</vAcc></extensions></trkpt>
      <trkpt lon="120.951871" lat="23.466414"><ele>3459.725758</ele><time>2026-09-14T23:33:58Z</time><extensions><speed>0.612491</speed><course>262.786558</course><hAcc>1.753545</hAcc><vAcc>0.690283</vAcc></extensions></trkpt>
      <trkpt lon="120.951865" lat="23.466413"><ele>3459.492945</ele><time>2026-09-14T23:33:59Z</time><extensions><speed>0.734869</speed><course>262.987158</course><hAcc>1.769956</hAcc><vAcc>0.690283</vAcc></extensions></trkpt>
      <trkpt lon="120.951857" lat="23.466412"><ele>3459.271949</ele><time>2026-09-14T23:34:00Z</time><extensions><speed>0.838295</speed><course>263.111368</course><hAcc>1.775222</hAcc><vAcc>0.690283</vAcc></extensions></trkpt>
      <trkpt lon="120.951848" lat="23.466411"><ele>3459.063469</ele><time>2026-09-14T23:34:01Z</time><extensions><speed>0.914511</speed><course>263.167989</course><hAcc>1.776233</hAcc><vAcc>0.690283</vAcc></extensions></trkpt>
      <trkpt lon="120.951840" lat="23.466410"><ele>3458.867336</ele><time>2026-09-14T23:34:02Z</time><extensions><speed>0.844661</speed><course>263.154690</course><hAcc>1.774565</hAcc><vAcc>0.690283</vAcc></extensions></trkpt>
      <trkpt lon="120.951832" lat="23.466409"><ele>3458.682775</ele><time>2026-09-14T23:34:03Z</time><extensions><speed>0.781757</speed><course>263.041283</course><hAcc>1.756246</hAcc><vAcc>0.690283</vAcc></extensions></trkpt>
      <trkpt lon="120.951824" lat="23.466408"><ele>3458.508530</ele><time>2026-09-14T23:34:04Z</time><extensions><speed>0.798679</speed><course>262.806251</course><hAcc>1.731126</hAcc><vAcc>0.690283</vAcc></extensions></trkpt>
      <trkpt lon="120.951816" lat="23.466408"><ele>3458.342994</ele><time>2026-09-14T23:34:05Z</time><extensions><speed>0.777188</speed><course>262.600892</course><hAcc>1.723568</hAcc><vAcc>0.690283</vAcc></extensions></trkpt>
      <trkpt lon="120.951809" lat="23.466407"><ele>3458.184445</ele><time>2026-09-14T23:34:06Z</time><extensions><speed>0.752790</speed><course>262.297765</course><hAcc>1.717089</hAcc><vAcc>0.690283</vAcc></extensions></trkpt>
      <trkpt lon="120.951801" lat="23.466406"><ele>3458.031036</ele><time>2026-09-14T23:34:07Z</time><extensions><speed>0.846191</speed><course>261.769263</course><hAcc>1.700476</hAcc><vAcc>0.690283</vAcc></extensions></trkpt>
      <trkpt lon="120.951793" lat="23.466404"><ele>3457.880996</ele><time>2026-09-14T23:34:08Z</time><extensions><speed>0.938587</speed><course>261.362757</course><hAcc>1.692211</hAcc><vAcc>0.690283</vAcc></extensions></trkpt>
      <trkpt lon="120.951784" lat="23.466403"><ele>3457.732708</ele><time>2026-09-14T23:34:09Z</time><extensions><speed>0.952945</speed><course>260.809899</course><hAcc>1.701971</hAcc><vAcc>0.690283</vAcc></extensions></trkpt>
      <trkpt lon="120.951774" lat="23.466402"><ele>3457.584708</ele><time>2026-09-14T23:34:10Z</time><extensions><speed>1.062989</speed><course>259.674854</course><hAcc>1.682249</hAcc><vAcc>0.690283</vAcc></extensions></trkpt>
      <trkpt lon="120.951763" lat="23.466400"><ele>3457.435832</ele><time>2026-09-14T23:34:11Z</time><extensions><speed>1.112925</speed><course>258.954010</course><hAcc>1.680285</hAcc><vAcc>0.690283</vAcc></extensions></trkpt>
      <trkpt lon="120.951753" lat="23.466398"><ele>3457.285169</ele><time>2026-09-14T23:34:12Z</time><extensions><speed>1.053954</speed><course>258.690539</course><hAcc>1.663246</hAcc><vAcc>0.690283</vAcc></extensions></trkpt>
      <trkpt lon="120.951743" lat="23.466396"><ele>3457.132028</ele><time>2026-09-14T23:34:13Z</time><extensions><speed>0.961042</speed><course>258.461435</course><hAcc>1.662890</hAcc><vAcc>0.690283</vAcc></extensions></trkpt>
      <trkpt lon="120.951735" lat="23.466394"><ele>3456.975928</ele><time>2026-09-14T23:34:14Z</time><extensions><speed>0.916481</speed><course>258.167456</course><hAcc>1.680101</hAcc><vAcc>0.690283</vAcc></extensions></trkpt>
      <trkpt lon="120.951725" lat="23.466393"><ele>3456.816833</ele><time>2026-09-14T23:34:15Z</time><extensions><speed>0.985112</speed><course>257.777397</course><hAcc>1.678528</hAcc><vAcc>0.690283</vAcc></extensions></trkpt>
      <trkpt lon="120.951716" lat="23.466391"><ele>3456.654819</ele><time>2026-09-14T23:34:16Z</time><extensions><speed>0.946531</speed><course>256.952972</course><hAcc>1.676969</hAcc><vAcc>0.690283</vAcc></extensions></trkpt>
      <trkpt lon="120.951708" lat="23.466389"><ele>3456.490263</ele><time>2026-09-14T23:34:17Z</time><extensions><speed>0.797428</speed><course>256.823516</course><hAcc>1.671242</hAcc><vAcc>0.690283</vAcc></extensions></trkpt>
      <trkpt lon="120.951701" lat="23.466387"><ele>3456.323785</ele><time>2026-09-14T23:34:18Z</time><extensions><speed>0.718229</speed><course>256.940072</course><hAcc>1.692356</hAcc><vAcc>0.690283</vAcc></extensions></trkpt>
      <trkpt lon="120.951695" lat="23.466386"><ele>3456.156170</ele><time>2026-09-14T23:34:19Z</time><extensions><speed>0.506810</speed><course>258.064820</course><hAcc>1.695996</hAcc><vAcc>0.690283</vAcc></extensions></trkpt>
      <trkpt lon="120.951690" lat="23.466385"><ele>3455.988502</ele><time>2026-09-14T23:34:20Z</time><extensions><speed>0.510680</speed><course>259.897086</course><hAcc>1.674241</hAcc><vAcc>0.690283</vAcc></extensions></trkpt>
      <trkpt lon="120.951684" lat="23.466385"><ele>3455.822026</ele><time>2026-09-14T23:34:21Z</time><extensions><speed>0.637401</speed><course>260.761208</course><hAcc>1.666865</hAcc><vAcc>0.690283</vAcc></extensions></trkpt>
      <trkpt lon="120.951678" lat="23.466384"><ele>3455.658086</ele><time>2026-09-14T23:34:22Z</time><extensions><speed>0.718255</speed><course>261.388534</course><hAcc>1.685046</hAcc><vAcc>0.690283</vAcc></extensions></trkpt>
      <trkpt lon="120.951670" lat="23.466383"><ele>3455.497977</ele><time>2026-09-14T23:34:23Z</time><extensions><speed>0.768753</speed><course>261.170656</course><hAcc>1.723636</hAcc><vAcc>0.690283</vAcc></extensions></trkpt>
      <trkpt lon="120.951663" lat="23.466382"><ele>3455.342772</ele><time>2026-09-14T23:34:24Z</time><extensions><speed>0.845722</speed><course>262.244053</course><hAcc>1.721103</hAcc><vAcc>0.690283</vAcc></extensions></trkpt>
      <trkpt lon="120.951654" lat="23.466381"><ele>3455.192951</ele><time>2026-09-14T23:34:25Z</time><extensions><speed>0.892684</speed><course>265.076056</course><hAcc>1.692575</hAcc><vAcc>0.690283</vAcc></extensions></trkpt>
      <trkpt lon="120.951645" lat="23.466380"><ele>3455.048680</ele><time>2026-09-14T23:34:26Z</time><extensions><speed>0.993351</speed><course>265.224283</course><hAcc>1.688534</hAcc><vAcc>0.690283</vAcc></extensions></trkpt>
      <trkpt lon="120.951635" lat="23.466380"><ele>3454.909599</ele><time>2026-09-14T23:34:27Z</time><extensions><speed>1.017548</speed><course>263.976600</course><hAcc>1.713773</hAcc><vAcc>0.690283</vAcc></extensions></trkpt>
      <trkpt lon="120.951625" lat="23.466379"><ele>3454.774725</ele><time>2026-09-14T23:34:28Z</time><extensions><speed>0.974216</speed><course>270.573421</course><hAcc>1.712961</hAcc><vAcc>0.690283</vAcc></extensions></trkpt>
      <trkpt lon="120.951616" lat="23.466380"><ele>3454.643093</ele><time>2026-09-14T23:34:29Z</time><extensions><speed>0.903885</speed><course>275.548497</course><hAcc>1.722322</hAcc><vAcc>0.690283</vAcc></extensions></trkpt>
      <trkpt lon="120.951608" lat="23.466380"><ele>3454.512872</ele><time>2026-09-14T23:34:30Z</time><extensions><speed>0.825613</speed><course>277.998287</course><hAcc>1.737995</hAcc><vAcc>0.690283</vAcc></extensions></trkpt>
      <trkpt lon="120.951600" lat="23.466381"><ele>3454.381944</ele><time>2026-09-14T23:34:31Z</time><extensions><speed>0.810243</speed><course>278.457631</course><hAcc>1.737828</hAcc><vAcc>0.690283</vAcc></extensions></trkpt>
      <trkpt lon="120.951592" lat="23.466382"><ele>3454.248029</ele><time>2026-09-14T23:34:32Z</time><extensions><speed>0.779496</speed><course>274.492046</course><hAcc>1.741008</hAcc><vAcc>0.690283</vAcc></extensions></trkpt>
      <trkpt lon="120.951585" lat="23.466383"><ele>3454.108826</ele><time>2026-09-14T23:34:33Z</time><extensions><speed>0.728580</speed><course>269.347631</course><hAcc>1.749471</hAcc><vAcc>0.690283</vAcc></extensions></trkpt>
      <trkpt lon="120.951579" lat="23.466382"><ele>3453.961817</ele><time>2026-09-14T23:34:34Z</time><extensions><speed>0.615079</speed><course>262.656386</course><hAcc>1.757344</hAcc><vAcc>0.690283</vAcc></extensions></trkpt>
      <trkpt lon="120.951574" lat="23.466381"><ele>3453.805243</ele><time>2026-09-14T23:34:35Z</time><extensions><speed>0.425472</speed><course>252.553659</course><hAcc>1.752629</hAcc><vAcc>0.690283</vAcc></extensions></trkpt>
      <trkpt lon="120.951571" lat="23.466380"><ele>3453.637885</ele><time>2026-09-14T23:34:36Z</time><extensions><speed>0.387248</speed><course>225.238049</course><hAcc>1.729605</hAcc><vAcc>0.690283</vAcc></extensions></trkpt>
      <trkpt lon="120.951570" lat="23.466377"><ele>3453.459253</ele><time>2026-09-14T23:34:37Z</time><extensions><speed>0.392914</speed><course>187.986550</course><hAcc>1.707239</hAcc><vAcc>0.690283</vAcc></extensions></trkpt>
      <trkpt lon="120.951571" lat="23.466373"><ele>3453.270308</ele><time>2026-09-14T23:34:38Z</time><extensions><speed>0.533085</speed><course>163.543503</course><hAcc>1.685769</hAcc><vAcc>0.690283</vAcc></extensions></trkpt>
      <trkpt lon="120.951573" lat="23.466369"><ele>3453.072984</ele><time>2026-09-14T23:34:39Z</time><extensions><speed>0.568861</speed><course>141.882275</course><hAcc>1.671065</hAcc><vAcc>0.690283</vAcc></extensions></trkpt>
      <trkpt lon="120.951577" lat="23.466365"><ele>3452.870604</ele><time>2026-09-14T23:34:40Z</time><extensions><speed>0.503120</speed><course>127.878424</course><hAcc>1.675613</hAcc><vAcc>0.690283</vAcc></extensions></trkpt>
      <trkpt lon="120.951581" lat="23.466363"><ele>3452.667362</ele><time>2026-09-14T23:34:41Z</time><extensions><speed>0.383334</speed><course>119.816178</course><hAcc>1.695228</hAcc><vAcc>0.690283</vAcc></extensions></trkpt>
      <trkpt lon="120.951585" lat="23.466362"><ele>3452.467583</ele><time>2026-09-14T23:34:42Z</time><extensions><speed>0.456721</speed><course>100.646020</course><hAcc>1.681033</hAcc><vAcc>0.690283</vAcc></extensions></trkpt>
      <trkpt lon="120.951590" lat="23.466361"><ele>3452.275599</ele><time>2026-09-14T23:34:43Z</time><extensions><speed>0.564794</speed><course>93.810606</course><hAcc>1.668846</hAcc><vAcc>0.690283</vAcc></extensions></trkpt>
      <trkpt lon="120.951596" lat="23.466361"><ele>3452.095014</ele><time>2026-09-14T23:34:44Z</time><extensions><speed>0.652153</speed><course>93.621076</course><hAcc>1.652213</hAcc><vAcc>0.690282</vAcc></extensions></trkpt>
      <trkpt lon="120.951601" lat="23.466361"><ele>3451.928513</ele><time>2026-09-14T23:34:45Z</time><extensions><speed>0.446955</speed><course>95.438548</course><hAcc>1.672249</hAcc><vAcc>0.690282</vAcc></extensions></trkpt>
      <trkpt lon="120.951606" lat="23.466361"><ele>3451.777828</ele><time>2026-09-14T23:34:46Z</time><extensions><speed>0.537935</speed><course>83.586221</course><hAcc>1.691949</hAcc><vAcc>0.690282</vAcc></extensions></trkpt>
      <trkpt lon="120.951611" lat="23.466361"><ele>3451.643553</ele><time>2026-09-14T23:34:47Z</time><extensions><speed>0.514114</speed><course>77.981130</course><hAcc>1.724525</hAcc><vAcc>0.690283</vAcc></extensions></trkpt>
      <trkpt lon="120.951616" lat="23.466362"><ele>3451.525830</ele><time>2026-09-14T23:34:48Z</time><extensions><speed>0.538758</speed><course>76.773082</course><hAcc>1.730480</hAcc><vAcc>0.690283</vAcc></extensions></trkpt>
      <trkpt lon="120.951622" lat="23.466363"><ele>3451.424139</ele><time>2026-09-14T23:34:49Z</time><extensions><speed>0.652487</speed><course>81.295024</course><hAcc>1.732333</hAcc><vAcc>0.690283</vAcc></extensions></trkpt>
      <trkpt lon="120.951630" lat="23.466364"><ele>3451.337570</ele><time>2026-09-14T23:34:50Z</time><extensions><speed>0.946735</speed><course>85.246930</course><hAcc>1.736169</hAcc><vAcc>0.690283</vAcc></extensions></trkpt>
      <trkpt lon="120.951639" lat="23.466365"><ele>3451.265048</ele><time>2026-09-14T23:34:51Z</time><extensions><speed>0.973092</speed><course>87.139082</course><hAcc>1.746173</hAcc><vAcc>0.690283</vAcc></extensions></trkpt>
      <trkpt lon="120.951648" lat="23.466365"><ele>3451.205475</ele><time>2026-09-14T23:34:52Z</time><extensions><speed>0.911058</speed><course>88.200605</course><hAcc>1.755574</hAcc><vAcc>0.690283</vAcc></extensions></trkpt>
      <trkpt lon="120.951656" lat="23.466366"><ele>3451.157753</ele><time>2026-09-14T23:34:53Z</time><extensions><speed>0.691621</speed><course>84.112623</course><hAcc>1.768517</hAcc><vAcc>0.690283</vAcc></extensions></trkpt>
      <trkpt lon="120.951662" lat="23.466367"><ele>3451.120939</ele><time>2026-09-14T23:34:54Z</time><extensions><speed>0.616609</speed><course>78.992346</course><hAcc>1.779848</hAcc><vAcc>0.690283</vAcc></extensions></trkpt>
      <trkpt lon="120.951668" lat="23.466368"><ele>3451.094167</ele><time>2026-09-14T23:34:55Z</time><extensions><speed>0.632269</speed><course>72.245767</course><hAcc>1.786690</hAcc><vAcc>0.690283</vAcc></extensions></trkpt>
      <trkpt lon="120.951675" lat="23.466370"><ele>3451.076402</ele><time>2026-09-14T23:34:56Z</time><extensions><speed>0.755046</speed><course>66.539973</course><hAcc>1.785140</hAcc><vAcc>0.690283</vAcc></extensions></trkpt>
      <trkpt lon="120.951681" lat="23.466373"><ele>3451.066605</ele><time>2026-09-14T23:34:57Z</time><extensions><speed>0.737260</speed><course>61.910862</course><hAcc>1.796152</hAcc><vAcc>0.690283</vAcc></extensions></trkpt>
      <trkpt lon="120.951687" lat="23.466376"><ele>3451.063177</ele><time>2026-09-14T23:34:58Z</time><extensions><speed>0.654133</speed><course>58.325056</course><hAcc>1.812857</hAcc><vAcc>0.690283</vAcc></extensions></trkpt>
      <trkpt lon="120.951692" lat="23.466379"><ele>3451.064272</ele><time>2026-09-14T23:34:59Z</time><extensions><speed>0.510388</speed><course>53.771870</course><hAcc>1.824637</hAcc><vAcc>0.690284</vAcc></extensions></trkpt>
      <trkpt lon="120.951695" lat="23.466382"><ele>3451.067946</ele><time>2026-09-14T23:35:00Z</time><extensions><speed>0.364553</speed><course>48.329015</course><hAcc>1.827502</hAcc><vAcc>0.690284</vAcc></extensions></trkpt>
      <trkpt lon="120.951697" lat="23.466383"><ele>3451.071908</ele><time>2026-09-14T23:35:01Z</time><extensions><speed>0.254517</speed><course>43.027375</course><hAcc>1.819253</hAcc><vAcc>0.690284</vAcc></extensions></trkpt>
      <trkpt lon="120.951699" lat="23.466385"><ele>3451.074023</ele><time>2026-09-14T23:35:02Z</time><extensions><speed>0.141598</speed><course>29.413968</course><hAcc>1.813538</hAcc><vAcc>0.690284</vAcc></extensions></trkpt>
      <trkpt lon="120.951699" lat="23.466386"><ele>3451.072039</ele><time>2026-09-14T23:35:03Z</time><extensions><speed>0.084648</speed><course>19.406263</course><hAcc>1.808332</hAcc><vAcc>0.690284</vAcc></extensions></trkpt>
      <trkpt lon="120.951699" lat="23.466386"><ele>3451.063777</ele><time>2026-09-14T23:35:04Z</time><extensions><speed>0.066366</speed><course>37.404947</course><hAcc>1.806645</hAcc><vAcc>0.690284</vAcc></extensions></trkpt>
      <trkpt lon="120.951700" lat="23.466387"><ele>3451.047335</ele><time>2026-09-14T23:35:05Z</time><extensions><speed>0.122346</speed><course>69.132964</course><hAcc>1.805919</hAcc><vAcc>0.690284</vAcc></extensions></trkpt>
      <trkpt lon="120.951701" lat="23.466387"><ele>3451.021275</ele><time>2026-09-14T23:35:06Z</time><extensions><speed>0.043681</speed><course>92.200840</course><hAcc>1.805347</hAcc><vAcc>0.690284</vAcc></extensions></trkpt>
      <trkpt lon="120.951701" lat="23.466387"><ele>3450.984536</ele><time>2026-09-14T23:35:07Z</time><extensions><speed>0.103476</speed><course>227.300387</course><hAcc>1.796124</hAcc><vAcc>0.690284</vAcc></extensions></trkpt>
      <trkpt lon="120.951700" lat="23.466385"><ele>3450.936614</ele><time>2026-09-14T23:35:08Z</time><extensions><speed>0.202659</speed><course>223.514514</course><hAcc>1.787261</hAcc><vAcc>0.690284</vAcc></extensions></trkpt>
      <trkpt lon="120.951698" lat="23.466384"><ele>3450.877551</ele><time>2026-09-14T23:35:09Z</time><extensions><speed>0.313190</speed><course>214.925933</course><hAcc>1.783519</hAcc><vAcc>0.690284</vAcc></extensions></trkpt>
      <trkpt lon="120.951696" lat="23.466380"><ele>3450.807790</ele><time>2026-09-14T23:35:10Z</time><extensions><speed>0.472388</speed><course>206.024762</course><hAcc>1.777506</hAcc><vAcc>0.690284</vAcc></extensions></trkpt>
      <trkpt lon="120.951694" lat="23.466375"><ele>3450.728496</ele><time>2026-09-14T23:35:11Z</time><extensions><speed>0.715017</speed><course>198.489913</course><hAcc>1.770090</hAcc><vAcc>0.690284</vAcc></extensions></trkpt>
      <trkpt lon="120.951691" lat="23.466368"><ele>3450.641274</ele><time>2026-09-14T23:35:12Z</time><extensions><speed>1.072626</speed><course>195.493956</course><hAcc>1.769447</hAcc><vAcc>0.690284</vAcc></extensions></trkpt>
      <trkpt lon="120.951688" lat="23.466358"><ele>3450.548176</ele><time>2026-09-14T23:35:13Z</time><extensions><speed>1.247854</speed><course>198.476107</course><hAcc>1.769692</hAcc><vAcc>0.690284</vAcc></extensions></trkpt>
      <trkpt lon="120.951684" lat="23.466347"><ele>3450.451551</ele><time>2026-09-14T23:35:14Z</time><extensions><speed>1.186487</speed><course>200.810795</course><hAcc>1.781200</hAcc><vAcc>0.690284</vAcc></extensions></trkpt>
      <trkpt lon="120.951680" lat="23.466338"><ele>3450.353699</ele><time>2026-09-14T23:35:15Z</time><extensions><speed>1.027403</speed><course>203.323354</course><hAcc>1.793560</hAcc><vAcc>0.690284</vAcc></extensions></trkpt>
      <trkpt lon="120.951677" lat="23.466329"><ele>3450.256638</ele><time>2026-09-14T23:35:16Z</time><extensions><speed>1.011246</speed><course>196.654271</course><hAcc>1.780445</hAcc><vAcc>0.690284</vAcc></extensions></trkpt>
      <trkpt lon="120.951674" lat="23.466321"><ele>3450.161990</ele><time>2026-09-14T23:35:17Z</time><extensions><speed>0.949814</speed><course>191.857877</course><hAcc>1.787767</hAcc><vAcc>0.690284</vAcc></extensions></trkpt>
      <trkpt lon="120.951673" lat="23.466313"><ele>3450.070962</ele><time>2026-09-14T23:35:18Z</time><extensions><speed>0.858164</speed><course>188.071383</course><hAcc>1.804257</hAcc><vAcc>0.690283</vAcc></extensions></trkpt>
      <trkpt lon="120.951672" lat="23.466306"><ele>3449.984394</ele><time>2026-09-14T23:35:19Z</time><extensions><speed>0.665223</speed><course>183.207148</course><hAcc>1.816580</hAcc><vAcc>0.690283</vAcc></extensions></trkpt>
      <trkpt lon="120.951672" lat="23.466301"><ele>3449.902647</ele><time>2026-09-14T23:35:20Z</time><extensions><speed>0.366257</speed><course>175.634919</course><hAcc>1.827274</hAcc><vAcc>0.690283</vAcc></extensions></trkpt>
      <trkpt lon="120.951672" lat="23.466299"><ele>3449.825786</ele><time>2026-09-14T23:35:21Z</time><extensions><speed>0.041468</speed><course>186.283969</course><hAcc>1.841501</hAcc><vAcc>0.690283</vAcc></extensions></trkpt>
      <trkpt lon="120.951672" lat="23.466300"><ele>3449.753655</ele><time>2026-09-14T23:35:22Z</time><extensions><speed>0.257128</speed><course>331.152021</course><hAcc>1.850809</hAcc><vAcc>0.690283</vAcc></extensions></trkpt>
      <trkpt lon="120.951670" lat="23.466303"><ele>3449.685942</ele><time>2026-09-14T23:35:23Z</time><extensions><speed>0.508823</speed><course>325.477912</course><hAcc>1.852767</hAcc><vAcc>0.690283</vAcc></extensions></trkpt>
      <trkpt lon="120.951666" lat="23.466307"><ele>3449.622008</ele><time>2026-09-14T23:35:24Z</time><extensions><speed>0.721221</speed><course>315.792650</course><hAcc>1.848709</hAcc><vAcc>0.690283</vAcc></extensions></trkpt>
      <trkpt lon="120.951660" lat="23.466312"><ele>3449.561455</ele><time>2026-09-14T23:35:25Z</time><extensions><speed>0.862868</speed><course>306.362363</course><hAcc>1.840471</hAcc><vAcc>0.690283</vAcc></extensions></trkpt>
      <trkpt lon="120.951652" lat="23.466316"><ele>3449.503570</ele><time>2026-09-14T23:35:26Z</time><extensions><speed>0.956783</speed><course>294.450200</course><hAcc>1.829521</hAcc><vAcc>0.690283</vAcc></extensions></trkpt>
      <trkpt lon="120.951643" lat="23.466319"><ele>3449.447471</ele><time>2026-09-14T23:35:27Z</time><extensions><speed>1.044948</speed><course>281.865885</course><hAcc>1.821731</hAcc><vAcc>0.690283</vAcc></extensions></trkpt>
      <trkpt lon="120.951633" lat="23.466320"><ele>3449.392228</ele><time>2026-09-14T23:35:28Z</time><extensions><speed>1.028926</speed><course>268.197132</course><hAcc>1.814068</hAcc><vAcc>0.690283</vAcc></extensions></trkpt>
      <trkpt lon="120.951623" lat="23.466318"><ele>3449.336293</ele><time>2026-09-14T23:35:29Z</time><extensions><speed>1.037514</speed><course>255.518547</course><hAcc>1.799183</hAcc><vAcc>0.690283</vAcc></extensions></trkpt>
      <trkpt lon="120.951613" lat="23.466315"><ele>3449.277835</ele><time>2026-09-14T23:35:30Z</time><extensions><speed>1.142202</speed><course>248.802539</course><hAcc>1.769215</hAcc><vAcc>0.690283</vAcc></extensions></trkpt>
      <trkpt lon="120.951603" lat="23.466311"><ele>3449.214622</ele><time>2026-09-14T23:35:31Z</time><extensions><speed>1.116778</speed><course>242.369761</course><hAcc>1.743813</hAcc><vAcc>0.690283</vAcc></extensions></trkpt>
      <trkpt lon="120.951593" lat="23.466306"><ele>3449.144195</ele><time>2026-09-14T23:35:32Z</time><extensions><speed>1.096331</speed><course>240.718669</course><hAcc>1.720935</hAcc><vAcc>0.690283</vAcc></extensions></trkpt>
      <trkpt lon="120.951584" lat="23.466302"><ele>3449.064236</ele><time>2026-09-14T23:35:33Z</time><extensions><speed>0.944723</speed><course>239.403295</course><hAcc>1.732885</hAcc><vAcc>0.690283</vAcc></extensions></trkpt>
      <trkpt lon="120.951577" lat="23.466298"><ele>3448.972872</ele><time>2026-09-14T23:35:34Z</time><extensions><speed>0.738794</speed><course>238.251973</course><hAcc>1.764005</hAcc><vAcc>0.690283</vAcc></extensions></trkpt>
      <trkpt lon="120.951571" lat="23.466295"><ele>3448.868846</ele><time>2026-09-14T23:35:35Z</time><extensions><speed>0.766283</speed><course>237.642194</course><hAcc>1.730201</hAcc><vAcc>0.690283</vAcc></extensions></trkpt>
      <trkpt lon="120.951565" lat="23.466291"><ele>3448.751752</ele><time>2026-09-14T23:35:36Z</time><extensions><speed>0.597597</speed><course>238.994874</course><hAcc>1.727410</hAcc><vAcc>0.690283</vAcc></extensions></trkpt>
      <trkpt lon="120.951561" lat="23.466289"><ele>3448.622030</ele><time>2026-09-14T23:35:37Z</time><extensions><speed>0.389406</speed><course>239.738585</course><hAcc>1.747193</hAcc><vAcc>0.690283</vAcc></extensions></trkpt>
      <trkpt lon="120.951558" lat="23.466288"><ele>3448.480944</ele><time>2026-09-14T23:35:38Z</time><extensions><speed>0.307063</speed><course>273.762722</course><hAcc>1.763541</hAcc><vAcc>0.690283</vAcc></extensions></trkpt>
      <trkpt lon="120.951555" lat="23.466289"><ele>3448.329898</ele><time>2026-09-14T23:35:39Z</time><extensions><speed>0.407906</speed><course>301.194102</course><hAcc>1.777633</hAcc><vAcc>0.690283</vAcc></extensions></trkpt>
      <trkpt lon="120.951551" lat="23.466292"><ele>3448.170483</ele><time>2026-09-14T23:35:40Z</time><extensions><speed>0.539546</speed><course>307.517982</course><hAcc>1.789276</hAcc><vAcc>0.690283</vAcc></extensions></trkpt>
      <trkpt lon="120.951546" lat="23.466295"><ele>3448.004366</ele><time>2026-09-14T23:35:41Z</time><extensions><speed>0.636027</speed><course>305.575444</course><hAcc>1.797304</hAcc><vAcc>0.690283</vAcc></extensions></trkpt>
      <trkpt lon="120.951541" lat="23.466298"><ele>3447.833274</ele><time>2026-09-14T23:35:42Z</time><extensions><speed>0.689854</speed><course>299.470460</course><hAcc>1.799973</hAcc><vAcc>0.690283</vAcc></extensions></trkpt>
      <trkpt lon="120.951535" lat="23.466301"><ele>3447.658666</ele><time>2026-09-14T23:35:43Z</time><extensions><speed>0.633296</speed><course>289.198903</course><hAcc>1.804165</hAcc><vAcc>0.690283</vAcc></extensions></trkpt>
      <trkpt lon="120.951529" lat="23.466302"><ele>3447.481602</ele><time>2026-09-14T23:35:44Z</time><extensions><speed>0.597762</speed><course>281.091081</course><hAcc>1.798820</hAcc><vAcc>0.690283</vAcc></extensions></trkpt>
      <trkpt lon="120.951523" lat="23.466303"><ele>3447.302757</ele><time>2026-09-14T23:35:45Z</time><extensions><speed>0.589474</speed><course>278.208907</course><hAcc>1.786041</hAcc><vAcc>0.690283</vAcc></extensions></trkpt>
      <trkpt lon="120.951517" lat="23.466304"><ele>3447.122473</ele><time>2026-09-14T23:35:46Z</time><extensions><speed>0.614371</speed><course>282.235479</course><hAcc>1.754360</hAcc><vAcc>0.690283</vAcc></extensions></trkpt>
      <trkpt lon="120.951511" lat="23.466306"><ele>3446.940914</ele><time>2026-09-14T23:35:47Z</time><extensions><speed>0.633851</speed><course>281.817255</course><hAcc>1.703861</hAcc><vAcc>0.690283</vAcc></extensions></trkpt>
      <trkpt lon="120.951505" lat="23.466307"><ele>3446.758326</ele><time>2026-09-14T23:35:48Z</time><extensions><speed>0.596030</speed><course>276.261647</course><hAcc>1.652357</hAcc><vAcc>0.690283</vAcc></extensions></trkpt>
      <trkpt lon="120.951500" lat="23.466308"><ele>3446.575320</ele><time>2026-09-14T23:35:49Z</time><extensions><speed>0.478348</speed><course>263.575614</course><hAcc>1.623256</hAcc><vAcc>0.690283</vAcc></extensions></trkpt>
      <trkpt lon="120.951497" lat="23.466307"><ele>3446.392656</ele><time>2026-09-14T23:35:50Z</time><extensions><speed>0.266893</speed><course>238.033324</course><hAcc>1.647685</hAcc><vAcc>0.690283</vAcc></extensions></trkpt>
      <trkpt lon="120.951495" lat="23.466306"><ele>3446.210880</ele><time>2026-09-14T23:35:51Z</time><extensions><speed>0.122668</speed><course>241.026458</course><hAcc>1.645336</hAcc><vAcc>0.690283</vAcc></extensions></trkpt>
      <trkpt lon="120.951494" lat="23.466307"><ele>3446.030344</ele><time>2026-09-14T23:35:52Z</time><extensions><speed>0.246081</speed><course>328.459839</course><hAcc>1.556155</hAcc><vAcc>0.690283</vAcc></extensions></trkpt>
      <trkpt lon="120.951493" lat="23.466310"><ele>3445.851260</ele><time>2026-09-14T23:35:53Z</time><extensions><speed>0.336945</speed><course>342.198791</course><hAcc>1.514765</hAcc><vAcc>0.690283</vAcc></extensions></trkpt>
      <trkpt lon="120.951492" lat="23.466313"><ele>3445.673703</ele><time>2026-09-14T23:35:54Z</time><extensions><speed>0.270229</speed><course>350.107534</course><hAcc>1.542635</hAcc><vAcc>0.690283</vAcc></extensions></trkpt>
      <trkpt lon="120.951492" lat="23.466315"><ele>3445.497693</ele><time>2026-09-14T23:35:55Z</time><extensions><speed>0.263713</speed><course>355.235620</course><hAcc>1.544482</hAcc><vAcc>0.690283</vAcc></extensions></trkpt>
      <trkpt lon="120.951492" lat="23.466317"><ele>3445.323372</ele><time>2026-09-14T23:35:56Z</time><extensions><speed>0.257720</speed><course>356.570986</course><hAcc>1.522742</hAcc><vAcc>0.690283</vAcc></extensions></trkpt>
      <trkpt lon="120.951492" lat="23.466320"><ele>3445.150673</ele><time>2026-09-14T23:35:57Z</time><extensions><speed>0.314386</speed><course>358.222765</course><hAcc>1.501546</hAcc><vAcc>0.690283</vAcc></extensions></trkpt>
      <trkpt lon="120.951491" lat="23.466322"><ele>3444.979426</ele><time>2026-09-14T23:35:58Z</time><extensions><speed>0.158454</speed><course>356.148542</course><hAcc>1.523374</hAcc><vAcc>0.690283</vAcc></extensions></trkpt>
      <trkpt lon="120.951491" lat="23.466323"><ele>3444.809279</ele><time>2026-09-14T23:35:59Z</time><extensions><speed>0.048575</speed><course>343.323071</course><hAcc>1.541235</hAcc><vAcc>0.690283</vAcc></extensions></trkpt>
      <trkpt lon="120.951491" lat="23.466323"><ele>3444.639677</ele><time>2026-09-14T23:36:00Z</time><extensions><speed>0.032068</speed><course>211.856748</course><hAcc>1.558225</hAcc><vAcc>0.690283</vAcc></extensions></trkpt>
      <trkpt lon="120.951491" lat="23.466323"><ele>3444.469832</ele><time>2026-09-14T23:36:01Z</time><extensions><speed>0.079510</speed><course>195.036901</course><hAcc>1.567263</hAcc><vAcc>0.690283</vAcc></extensions></trkpt>
      <trkpt lon="120.951491" lat="23.466321"><ele>3444.298849</ele><time>2026-09-14T23:36:02Z</time><extensions><speed>0.247346</speed><course>188.470963</course><hAcc>1.555513</hAcc><vAcc>0.690283</vAcc></extensions></trkpt>
      <trkpt lon="120.951490" lat="23.466319"><ele>3444.125850</ele><time>2026-09-14T23:36:03Z</time><extensions><speed>0.346719</speed><course>186.453365</course><hAcc>1.593641</hAcc><vAcc>0.690283</vAcc></extensions></trkpt>
      <trkpt lon="120.951490" lat="23.466316"><ele>3443.950203</ele><time>2026-09-14T23:36:04Z</time><extensions><speed>0.366876</speed><course>184.962219</course><hAcc>1.631614</hAcc><vAcc>0.690283</vAcc></extensions></trkpt>
      <trkpt lon="120.951490" lat="23.466312"><ele>3443.771680</ele><time>2026-09-14T23:36:05Z</time><extensions><speed>0.410293</speed><course>182.440293</course><hAcc>1.638955</hAcc><vAcc>0.690283</vAcc></extensions></trkpt>
      <trkpt lon="120.951490" lat="23.466308"><ele>3443.590347</ele><time>2026-09-14T23:36:06Z</time><extensions><speed>0.398416</speed><course>177.091843</course><hAcc>1.650965</hAcc><vAcc>0.690283</vAcc></extensions></trkpt>
      <trkpt lon="120.951490" lat="23.466305"><ele>3443.406796</ele><time>2026-09-14T23:36:07Z</time><extensions><speed>0.349782</speed><course>172.276710</course><hAcc>1.666268</hAcc><vAcc>0.690283</vAcc></extensions></trkpt>
      <trkpt lon="120.951491" lat="23.466302"><ele>3443.221853</ele><time>2026-09-14T23:36:08Z</time><extensions><speed>0.307430</speed><course>167.744378</course><hAcc>1.695012</hAcc><vAcc>0.690283</vAcc></extensions></trkpt>
      <trkpt lon="120.951492" lat="23.466300"><ele>3443.036405</ele><time>2026-09-14T23:36:09Z</time><extensions><speed>0.271144</speed><course>160.671527</course><hAcc>1.695757</hAcc><vAcc>0.690283</vAcc></extensions></trkpt>
      <trkpt lon="120.951493" lat="23.466297"><ele>3442.851466</ele><time>2026-09-14T23:36:10Z</time><extensions><speed>0.329550</speed><course>151.005806</course><hAcc>1.674657</hAcc><vAcc>0.690283</vAcc></extensions></trkpt>
      <trkpt lon="120.951495" lat="23.466294"><ele>3442.667990</ele><time>2026-09-14T23:36:11Z</time><extensions><speed>0.449546</speed><course>148.356600</course><hAcc>1.667418</hAcc><vAcc>0.690283</vAcc></extensions></trkpt>
      <trkpt lon="120.951498" lat="23.466290"><ele>3442.486895</ele><time>2026-09-14T23:36:12Z</time><extensions><speed>0.521568</speed><course>149.197540</course><hAcc>1.684337</hAcc><vAcc>0.690283</vAcc></extensions></trkpt>
      <trkpt lon="120.951500" lat="23.466286"><ele>3442.309031</ele><time>2026-09-14T23:36:13Z</time><extensions><speed>0.525729</speed><course>149.004069</course><hAcc>1.708899</hAcc><vAcc>0.690283</vAcc></extensions></trkpt>
      <trkpt lon="120.951503" lat="23.466282"><ele>3442.135135</ele><time>2026-09-14T23:36:14Z</time><extensions><speed>0.533999</speed><course>146.858729</course><hAcc>1.726942</hAcc><vAcc>0.690283</vAcc></extensions></trkpt>
      <trkpt lon="120.951507" lat="23.466278"><ele>3441.965754</ele><time>2026-09-14T23:36:15Z</time><extensions><speed>0.548124</speed><course>137.375977</course><hAcc>1.726279</hAcc><vAcc>0.690283</vAcc></extensions></trkpt>
      <trkpt lon="120.951511" lat="23.466274"><ele>3441.801267</ele><time>2026-09-14T23:36:16Z</time><extensions><speed>0.705759</speed><course>131.105003</course><hAcc>1.711335</hAcc><vAcc>0.690283</vAcc></extensions></trkpt>
      <trkpt lon="120.951517" lat="23.466270"><ele>3441.641680</ele><time>2026-09-14T23:36:17Z</time><extensions><speed>0.905646</speed><course>133.741460</course><hAcc>1.714006</hAcc><vAcc>0.690283</vAcc></extensions></trkpt>
      <trkpt lon="120.951523" lat="23.466264"><ele>3441.486636</ele><time>2026-09-14T23:36:18Z</time><extensions><speed>0.941054</speed><course>134.759073</course><hAcc>1.735981</hAcc><vAcc>0.690283</vAcc></extensions></trkpt>
      <trkpt lon="120.951530" lat="23.466258"><ele>3441.335564</ele><time>2026-09-14T23:36:19Z</time><extensions><speed>0.913902</speed><course>133.492078</course><hAcc>1.751772</hAcc><vAcc>0.690283</vAcc></extensions></trkpt>
      <trkpt lon="120.951537" lat="23.466253"><ele>3441.187519</ele><time>2026-09-14T23:36:20Z</time><extensions><speed>0.827758</speed><course>127.030616</course><hAcc>1.753450</hAcc><vAcc>0.690283</vAcc></extensions></trkpt>
      <trkpt lon="120.951543" lat="23.466248"><ele>3441.041357</ele><time>2026-09-14T23:36:21Z</time><extensions><speed>0.891332</speed><course>125.533676</course><hAcc>1.738322</hAcc><vAcc>0.690283</vAcc></extensions></trkpt>
      <trkpt lon="120.951550" lat="23.466243"><ele>3440.895925</ele><time>2026-09-14T23:36:22Z</time><extensions><speed>0.950509</speed><course>130.092216</course><hAcc>1.733863</hAcc><vAcc>0.690283</vAcc></extensions></trkpt>
      <trkpt lon="120.951557" lat="23.466238"><ele>3440.750194</ele><time>2026-09-14T23:36:23Z</time><extensions><speed>0.888804</speed><course>133.689361</course><hAcc>1.739969</hAcc><vAcc>0.690283</vAcc></extensions></trkpt>
      <trkpt lon="120.951563" lat="23.466233"><ele>3440.603021</ele><time>2026-09-14T23:36:24Z</time><extensions><speed>0.801897</speed><course>133.679097</course><hAcc>1.735066</hAcc><vAcc>0.690283</vAcc></extensions></trkpt>
      <trkpt lon="120.951568" lat="23.466228"><ele>3440.453931</ele><time>2026-09-14T23:36:25Z</time><extensions><speed>0.615977</speed><course>129.387249</course><hAcc>1.731783</hAcc><vAcc>0.690283</vAcc></extensions></trkpt>
      <trkpt lon="120.951573" lat="23.466225"><ele>3440.302696</ele><time>2026-09-14T23:36:26Z</time><extensions><speed>0.570405</speed><course>124.849326</course><hAcc>1.705093</hAcc><vAcc>0.690283</vAcc></extensions></trkpt>
      <trkpt lon="120.951577" lat="23.466222"><ele>3440.149607</ele><time>2026-09-14T23:36:27Z</time><extensions><speed>0.519743</speed><course>126.390416</course><hAcc>1.689613</hAcc><vAcc>0.690283</vAcc></extensions></trkpt>
      <trkpt lon="120.951581" lat="23.466220"><ele>3439.995785</ele><time>2026-09-14T23:36:28Z</time><extensions><speed>0.435976</speed><course>131.132137</course><hAcc>1.698476</hAcc><vAcc>0.690283</vAcc></extensions></trkpt>
      <trkpt lon="120.951584" lat="23.466217"><ele>3439.842638</ele><time>2026-09-14T23:36:29Z</time><extensions><speed>0.318043</speed><course>137.052879</course><hAcc>1.729704</hAcc><vAcc>0.690283</vAcc></extensions></trkpt>
      <trkpt lon="120.951585" lat="23.466216"><ele>3439.692370</ele><time>2026-09-14T23:36:30Z</time><extensions><speed>0.203983</speed><course>138.706757</course><hAcc>1.749999</hAcc><vAcc>0.690283</vAcc></extensions></trkpt>
      <trkpt lon="120.951587" lat="23.466215"><ele>3439.547475</ele><time>2026-09-14T23:36:31Z</time><extensions><speed>0.113491</speed><course>92.389307</course><hAcc>1.722916</hAcc><vAcc>0.690283</vAcc></extensions></trkpt>
      <trkpt lon="120.951588" lat="23.466215"><ele>3439.410449</ele><time>2026-09-14T23:36:32Z</time><extensions><speed>0.102891</speed><course>59.234708</course><hAcc>1.720631</hAcc><vAcc>0.690283</vAcc></extensions></trkpt>
      <trkpt lon="120.951588" lat="23.466216"><ele>3439.283775</ele><time>2026-09-14T23:36:33Z</time><extensions><speed>0.127853</speed><course>26.021281</course><hAcc>1.749800</hAcc><vAcc>0.690283</vAcc></extensions></trkpt>
      <trkpt lon="120.951589" lat="23.466217"><ele>3439.169534</ele><time>2026-09-14T23:36:34Z</time><extensions><speed>0.109011</speed><course>18.739502</course><hAcc>1.778047</hAcc><vAcc>0.690283</vAcc></extensions></trkpt>
      <trkpt lon="120.951589" lat="23.466217"><ele>3439.069247</ele><time>2026-09-14T23:36:35Z</time><extensions><speed>0.041228</speed><course>128.870605</course><hAcc>1.792164</hAcc><vAcc>0.690283</vAcc></extensions></trkpt>
      <trkpt lon="120.951589" lat="23.466217"><ele>3438.983842</ele><time>2026-09-14T23:36:36Z</time><extensions><speed>0.127753</speed><course>166.269293</course><hAcc>1.802867</hAcc><vAcc>0.690283</vAcc></extensions></trkpt>
      <trkpt lon="120.951590" lat="23.466215"><ele>3438.913629</ele><time>2026-09-14T23:36:37Z</time><extensions><speed>0.222804</speed><course>171.718045</course><hAcc>1.809968</hAcc><vAcc>0.690283</vAcc></extensions></trkpt>
      <trkpt lon="120.951590" lat="23.466213"><ele>3438.858210</ele><time>2026-09-14T23:36:38Z</time><extensions><speed>0.284904</speed><course>173.293375</course><hAcc>1.811902</hAcc><vAcc>0.690283</vAcc></extensions></trkpt>
      <trkpt lon="120.951590" lat="23.466210"><ele>3438.816651</ele><time>2026-09-14T23:36:39Z</time><extensions><speed>0.304028</speed><course>173.909257</course><hAcc>1.804983</hAcc><vAcc>0.690283</vAcc></extensions></trkpt>
      <trkpt lon="120.951591" lat="23.466208"><ele>3438.787427</ele><time>2026-09-14T23:36:40Z</time><extensions><speed>0.254956</speed><course>174.147249</course><hAcc>1.793949</hAcc><vAcc>0.690283</vAcc></extensions></trkpt>
      <trkpt lon="120.951591" lat="23.466205"><ele>3438.768608</ele><time>2026-09-14T23:36:41Z</time><extensions><speed>0.250301</speed><course>174.363376</course><hAcc>1.789379</hAcc><vAcc>0.690283</vAcc></extensions></trkpt>
      <trkpt lon="120.951591" lat="23.466203"><ele>3438.758152</ele><time>2026-09-14T23:36:42Z</time><extensions><speed>0.325487</speed><course>174.521686</course><hAcc>1.789776</hAcc><vAcc>0.690283</vAcc></extensions></trkpt>
      <trkpt lon="120.951591" lat="23.466199"><ele>3438.753809</ele><time>2026-09-14T23:36:43Z</time><extensions><speed>0.480155</speed><course>174.766686</course><hAcc>1.791992</hAcc><vAcc>0.690283</vAcc></extensions></trkpt>
      <trkpt lon="120.951592" lat="23.466195"><ele>3438.753444</ele><time>2026-09-14T23:36:44Z</time><extensions><speed>0.446364</speed><course>175.149422</course><hAcc>1.783795</hAcc><vAcc>0.690283</vAcc></extensions></trkpt>
      <trkpt lon="120.951592" lat="23.466191"><ele>3438.755064</ele><time>2026-09-14T23:36:45Z</time><extensions><speed>0.432469</speed><course>176.012382</course><hAcc>1.764806</hAcc><vAcc>0.690283</vAcc></extensions></trkpt>
      <trkpt lon="120.951592" lat="23.466187"><ele>3438.756851</ele><time>2026-09-14T23:36:46Z</time><extensions><speed>0.380083</speed><course>177.891235</course><hAcc>1.759238</hAcc><vAcc>0.690283</vAcc></extensions></trkpt>
      <trkpt lon="120.951592" lat="23.466184"><ele>3438.757271</ele><time>2026-09-14T23:36:47Z</time><extensions><speed>0.313395</speed><course>182.010355</course><hAcc>1.759264</hAcc><vAcc>0.690283</vAcc></extensions></trkpt>
      <trkpt lon="120.951592" lat="23.466181"><ele>3438.755100</ele><time>2026-09-14T23:36:48Z</time><extensions><speed>0.287201</speed><course>187.817141</course><hAcc>1.761318</hAcc><vAcc>0.690283</vAcc></extensions></trkpt>
      <trkpt lon="120.951591" lat="23.466179"><ele>3438.749402</ele><time>2026-09-14T23:36:49Z</time><extensions><speed>0.299303</speed><course>194.115780</course><hAcc>1.764575</hAcc><vAcc>0.690282</vAcc></extensions></trkpt>
      <trkpt lon="120.951590" lat="23.466176"><ele>3438.739564</ele><time>2026-09-14T23:36:50Z</time><extensions><speed>0.327882</speed><course>201.695815</course><hAcc>1.761851</hAcc><vAcc>0.690282</vAcc></extensions></trkpt>
      <trkpt lon="120.951589" lat="23.466174"><ele>3438.725326</ele><time>2026-09-14T23:36:51Z</time><extensions><speed>0.353420</speed><course>211.039305</course><hAcc>1.759547</hAcc><vAcc>0.690281</vAcc></extensions></trkpt>
      <trkpt lon="120.951587" lat="23.466171"><ele>3438.706682</ele><time>2026-09-14T23:36:52Z</time><extensions><speed>0.395880</speed><course>220.703288</course><hAcc>1.756589</hAcc><vAcc>0.690281</vAcc></extensions></trkpt>
      <trkpt lon="120.951584" lat="23.466168"><ele>3438.683985</ele><time>2026-09-14T23:36:53Z</time><extensions><speed>0.417806</speed><course>231.822604</course><hAcc>1.758007</hAcc><vAcc>0.690281</vAcc></extensions></trkpt>
      <trkpt lon="120.951580" lat="23.466166"><ele>3438.657849</ele><time>2026-09-14T23:36:54Z</time><extensions><speed>0.446606</speed><course>242.831715</course><hAcc>1.757115</hAcc><vAcc>0.690281</vAcc></extensions></trkpt>
      <trkpt lon="120.951576" lat="23.466165"><ele>3438.629070</ele><time>2026-09-14T23:36:55Z</time><extensions><speed>0.475989</speed><course>256.488666</course><hAcc>1.754992</hAcc><vAcc>0.690282</vAcc></extensions></trkpt>
      <trkpt lon="120.951571" lat="23.466164"><ele>3438.598520</ele><time>2026-09-14T23:36:56Z</time><extensions><speed>0.507346</speed><course>264.219496</course><hAcc>1.756231</hAcc><vAcc>0.690282</vAcc></extensions></trkpt>
      <trkpt lon="120.951566" lat="23.466164"><ele>3438.567136</ele><time>2026-09-14T23:36:57Z</time><extensions><speed>0.545732</speed><course>270.551934</course><hAcc>1.755095</hAcc><vAcc>0.690282</vAcc></extensions></trkpt>
      <trkpt lon="120.951560" lat="23.466164"><ele>3438.535689</ele><time>2026-09-14T23:36:58Z</time><extensions><speed>0.580729</speed><course>271.838443</course><hAcc>1.751806</hAcc><vAcc>0.690282</vAcc></extensions></trkpt>
      <trkpt lon="120.951554" lat="23.466165"><ele>3438.504771</ele><time>2026-09-14T23:36:59Z</time><extensions><speed>0.612446</speed><course>279.246007</course><hAcc>1.750284</hAcc><vAcc>0.690283</vAcc></extensions></trkpt>
      <trkpt lon="120.951548" lat="23.466167"><ele>3438.474780</ele><time>2026-09-14T23:37:00Z</time><extensions><speed>0.670236</speed><course>288.776526</course><hAcc>1.749615</hAcc><vAcc>0.690283</vAcc></extensions></trkpt>
      <trkpt lon="120.951542" lat="23.466169"><ele>3438.445684</ele><time>2026-09-14T23:37:01Z</time><extensions><speed>0.766714</speed><course>299.225510</course><hAcc>1.747764</hAcc><vAcc>0.690282</vAcc></extensions></trkpt>
      <trkpt lon="120.951535" lat="23.466173"><ele>3438.417267</ele><time>2026-09-14T23:37:02Z</time><extensions><speed>0.801370</speed><course>300.360574</course><hAcc>1.745289</hAcc><vAcc>0.690282</vAcc></extensions></trkpt>
      <trkpt lon="120.951529" lat="23.466176"><ele>3438.388914</ele><time>2026-09-14T23:37:03Z</time><extensions><speed>0.672221</speed><course>288.825460</course><hAcc>1.749366</hAcc><vAcc>0.690283</vAcc></extensions></trkpt>
      <trkpt lon="120.951523" lat="23.466178"><ele>3438.359706</ele><time>2026-09-14T23:37:04Z</time><extensions><speed>0.544672</speed><course>283.092191</course><hAcc>1.755795</hAcc><vAcc>0.690283</vAcc></extensions></trkpt>
      <trkpt lon="120.951518" lat="23.466179"><ele>3438.328744</ele><time>2026-09-14T23:37:05Z</time><extensions><speed>0.455608</speed><course>289.438203</course><hAcc>1.757553</hAcc><vAcc>0.690283</vAcc></extensions></trkpt>
      <trkpt lon="120.951514" lat="23.466181"><ele>3438.294824</ele><time>2026-09-14T23:37:06Z</time><extensions><speed>0.509719</speed><course>309.635782</course><hAcc>1.748221</hAcc><vAcc>0.690283</vAcc></extensions></trkpt>
      <trkpt lon="120.951510" lat="23.466184"><ele>3438.256857</ele><time>2026-09-14T23:37:07Z</time><extensions><speed>0.546950</speed><course>316.837310</course><hAcc>1.731497</hAcc><vAcc>0.690282</vAcc></extensions></trkpt>
      <trkpt lon="120.951507" lat="23.466188"><ele>3438.213743</ele><time>2026-09-14T23:37:08Z</time><extensions><speed>0.495825</speed><course>318.420060</course><hAcc>1.724412</hAcc><vAcc>0.690282</vAcc></extensions></trkpt>
      <trkpt lon="120.951504" lat="23.466190"><ele>3438.164325</ele><time>2026-09-14T23:37:09Z</time><extensions><speed>0.300590</speed><course>304.524824</course><hAcc>1.731537</hAcc><vAcc>0.690282</vAcc></extensions></trkpt>
      <trkpt lon="120.951502" lat="23.466191"><ele>3438.107673</ele><time>2026-09-14T23:37:10Z</time><extensions><speed>0.174531</speed><course>275.693219</course><hAcc>1.745853</hAcc><vAcc>0.690282</vAcc></extensions></trkpt>
      <trkpt lon="120.951500" lat="23.466191"><ele>3438.042791</ele><time>2026-09-14T23:37:11Z</time><extensions><speed>0.197407</speed><course>225.535552</course><hAcc>1.748658</hAcc><vAcc>0.690282</vAcc></extensions></trkpt>
      <trkpt lon="120.951499" lat="23.466190"><ele>3437.968865</ele><time>2026-09-14T23:37:12Z</time><extensions><speed>0.194505</speed><course>249.593073</course><hAcc>1.739647</hAcc><vAcc>0.690282</vAcc></extensions></trkpt>
      <trkpt lon="120.951496" lat="23.466189"><ele>3437.885320</ele><time>2026-09-14T23:37:13Z</time><extensions><speed>0.246592</speed><course>262.728933</course><hAcc>1.746611</hAcc><vAcc>0.690282</vAcc></extensions></trkpt>
      <trkpt lon="120.951494" lat="23.466189"><ele>3437.791829</ele><time>2026-09-14T23:37:14Z</time><extensions><speed>0.349461</speed><course>274.517440</course><hAcc>1.758285</hAcc><vAcc>0.690283</vAcc></extensions></trkpt>
      <trkpt lon="120.951489" lat="23.466190"><ele>3437.688280</ele><time>2026-09-14T23:37:15Z</time><extensions><speed>0.535546</speed><course>282.861455</course><hAcc>1.758994</hAcc><vAcc>0.690283</vAcc></extensions></trkpt>
      <trkpt lon="120.951484" lat="23.466191"><ele>3437.574918</ele><time>2026-09-14T23:37:16Z</time><extensions><speed>0.655131</speed><course>277.555437</course><hAcc>1.774299</hAcc><vAcc>0.690283</vAcc></extensions></trkpt>
      <trkpt lon="120.951477" lat="23.466191"><ele>3437.452250</ele><time>2026-09-14T23:37:17Z</time><extensions><speed>0.769445</speed><course>269.153766</course><hAcc>1.790591</hAcc><vAcc>0.690283</vAcc></extensions></trkpt>
      <trkpt lon="120.951469" lat="23.466190"><ele>3437.321050</ele><time>2026-09-14T23:37:18Z</time><extensions><speed>0.872401</speed><course>259.452322</course><hAcc>1.802937</hAcc><vAcc>0.690283</vAcc></extensions></trkpt>
      <trkpt lon="120.951460" lat="23.466188"><ele>3437.182432</ele><time>2026-09-14T23:37:19Z</time><extensions><speed>0.984315</speed><course>250.046061</course><hAcc>1.805087</hAcc><vAcc>0.690283</vAcc></extensions></trkpt>
      <trkpt lon="120.951451" lat="23.466184"><ele>3437.037605</ele><time>2026-09-14T23:37:20Z</time><extensions><speed>1.068607</speed><course>242.388972</course><hAcc>1.797981</hAcc><vAcc>0.690283</vAcc></extensions></trkpt>
      <trkpt lon="120.951442" lat="23.466179"><ele>3436.888198</ele><time>2026-09-14T23:37:21Z</time><extensions><speed>1.004389</speed><course>236.241490</course><hAcc>1.792995</hAcc><vAcc>0.690283</vAcc></extensions></trkpt>
      <trkpt lon="120.951436" lat="23.466175"><ele>3436.735983</ele><time>2026-09-14T23:37:22Z</time><extensions><speed>0.714509</speed><course>221.863804</course><hAcc>1.797620</hAcc><vAcc>0.690283</vAcc></extensions></trkpt>
      <trkpt lon="120.951433" lat="23.466170"><ele>3436.582633</ele><time>2026-09-14T23:37:23Z</time><extensions><speed>0.514613</speed><course>197.445829</course><hAcc>1.795759</hAcc><vAcc>0.690283</vAcc></extensions></trkpt>
      <trkpt lon="120.951433" lat="23.466166"><ele>3436.429904</ele><time>2026-09-14T23:37:24Z</time><extensions><speed>0.460555</speed><course>164.834592</course><hAcc>1.790058</hAcc><vAcc>0.690283</vAcc></extensions></trkpt>
      <trkpt lon="120.951435" lat="23.466162"><ele>3436.279411</ele><time>2026-09-14T23:37:25Z</time><extensions><speed>0.513684</speed><course>139.739492</course><hAcc>1.784295</hAcc><vAcc>0.690283</vAcc></extensions></trkpt>
      <trkpt lon="120.951439" lat="23.466159"><ele>3436.132562</ele><time>2026-09-14T23:37:26Z</time><extensions><speed>0.597012</speed><course>124.944706</course><hAcc>1.776839</hAcc><vAcc>0.690283</vAcc></extensions></trkpt>
      <trkpt lon="120.951444" lat="23.466156"><ele>3435.990580</ele><time>2026-09-14T23:37:27Z</time><extensions><speed>0.648132</speed><course>115.758323</course><hAcc>1.772246</hAcc><vAcc>0.690283</vAcc></extensions></trkpt>
      <trkpt lon="120.951450" lat="23.466153"><ele>3435.854558</ele><time>2026-09-14T23:37:28Z</time><extensions><speed>0.661095</speed><course>109.695770</course><hAcc>1.766638</hAcc><vAcc>0.690283</vAcc></extensions></trkpt>
      <trkpt lon="120.951456" lat="23.466152"><ele>3435.725157</ele><time>2026-09-14T23:37:29Z</time><extensions><speed>0.658278</speed><course>105.773786</course><hAcc>1.759199</hAcc><vAcc>0.690283</vAcc></extensions></trkpt>
      <trkpt lon="120.951463" lat="23.466150"><ele>3435.602691</ele><time>2026-09-14T23:37:30Z</time><extensions><speed>0.629524</speed><course>103.364096</course><hAcc>1.747351</hAcc><vAcc>0.690283</vAcc></extensions></trkpt>
      <trkpt lon="120.951468" lat="23.466149"><ele>3435.486925</ele><time>2026-09-14T23:37:31Z</time><extensions><speed>0.595302</speed><course>102.587238</course><hAcc>1.730907</hAcc><vAcc>0.690283</vAcc></extensions></trkpt>
      <trkpt lon="120.951474" lat="23.466148"><ele>3435.377052</ele><time>2026-09-14T23:37:32Z</time><extensions><speed>0.540387</speed><course>104.078558</course><hAcc>1.727151</hAcc><vAcc>0.690283</vAcc></extensions></trkpt>
      <trkpt lon="120.951478" lat="23.466146"><ele>3435.271890</ele><time>2026-09-14T23:37:33Z</time><extensions><speed>0.388867</speed><course>112.769581</course><hAcc>1.744659</hAcc><vAcc>0.690283</vAcc></extensions></trkpt>
      <trkpt lon="120.951483" lat="23.466144"><ele>3435.169844</ele><time>2026-09-14T23:37:34Z</time><extensions><speed>0.704563</speed><course>118.897873</course><hAcc>1.730485</hAcc><vAcc>0.690283</vAcc></extensions></trkpt>
      <trkpt lon="120.951489" lat="23.466140"><ele>3435.069202</ele><time>2026-09-14T23:37:35Z</time><extensions><speed>0.798520</speed><course>120.998735</course><hAcc>1.716557</hAcc><vAcc>0.690283</vAcc></extensions></trkpt>
      <trkpt lon="120.951496" lat="23.466137"><ele>3434.968330</ele><time>2026-09-14T23:37:36Z</time><extensions><speed>0.768789</speed><course>113.528955</course><hAcc>1.720598</hAcc><vAcc>0.690283</vAcc></extensions></trkpt>
      <trkpt lon="120.951503" lat="23.466134"><ele>3434.865781</ele><time>2026-09-14T23:37:37Z</time><extensions><speed>0.701581</speed><course>112.868234</course><hAcc>1.710832</hAcc><vAcc>0.690283</vAcc></extensions></trkpt>
      <trkpt lon="120.951509" lat="23.466131"><ele>3434.760334</ele><time>2026-09-14T23:37:38Z</time><extensions><speed>0.748841</speed><course>115.165614</course><hAcc>1.684652</hAcc><vAcc>0.690283</vAcc></extensions></trkpt>
      <trkpt lon="120.951516" lat="23.466128"><ele>3434.651354</ele><time>2026-09-14T23:37:39Z</time><extensions><speed>0.788743</speed><course>113.445120</course><hAcc>1.676478</hAcc><vAcc>0.690283</vAcc></extensions></trkpt>
      <trkpt lon="120.951523" lat="23.466125"><ele>3434.538562</ele><time>2026-09-14T23:37:40Z</time><extensions><speed>0.767131</speed><course>110.550004</course><hAcc>1.684325</hAcc><vAcc>0.690283</vAcc></extensions></trkpt>
      <trkpt lon="120.951530" lat="23.466123"><ele>3434.422011</ele><time>2026-09-14T23:37:41Z</time><extensions><speed>0.693549</speed><course>106.166179</course><hAcc>1.699466</hAcc><vAcc>0.690283</vAcc></extensions></trkpt>
      <trkpt lon="120.951536" lat="23.466121"><ele>3434.302359</ele><time>2026-09-14T23:37:42Z</time><extensions><speed>0.609539</speed><course>116.113779</course><hAcc>1.683802</hAcc><vAcc>0.690283</vAcc></extensions></trkpt>
      <trkpt lon="120.951541" lat="23.466118"><ele>3434.180463</ele><time>2026-09-14T23:37:43Z</time><extensions><speed>0.609399</speed><course>119.428280</course><hAcc>1.664444</hAcc><vAcc>0.690283</vAcc></extensions></trkpt>
      <trkpt lon="120.951546" lat="23.466116"><ele>3434.057604</ele><time>2026-09-14T23:37:44Z</time><extensions><speed>0.530136</speed><course>116.030809</course><hAcc>1.655738</hAcc><vAcc>0.690283</vAcc></extensions></trkpt>
      <trkpt lon="120.951551" lat="23.466114"><ele>3433.935344</ele><time>2026-09-14T23:37:45Z</time><extensions><speed>0.492593</speed><course>113.027295</course><hAcc>1.660856</hAcc><vAcc>0.690283</vAcc></extensions></trkpt>
      <trkpt lon="120.951555" lat="23.466112"><ele>3433.815384</ele><time>2026-09-14T23:37:46Z</time><extensions><speed>0.473959</speed><course>110.611808</course><hAcc>1.666067</hAcc><vAcc>0.690283</vAcc></extensions></trkpt>
      <trkpt lon="120.951560" lat="23.466110"><ele>3433.699488</ele><time>2026-09-14T23:37:47Z</time><extensions><speed>0.481186</speed><course>109.259485</course><hAcc>1.660616</hAcc><vAcc>0.690283</vAcc></extensions></trkpt>
      <trkpt lon="120.951564" lat="23.466109"><ele>3433.589303</ele><time>2026-09-14T23:37:48Z</time><extensions><speed>0.447158</speed><course>108.388583</course><hAcc>1.656832</hAcc><vAcc>0.690283</vAcc></extensions></trkpt>
      <trkpt lon="120.951568" lat="23.466108"><ele>3433.486106</ele><time>2026-09-14T23:37:49Z</time><extensions><speed>0.400950</speed><course>105.896858</course><hAcc>1.649894</hAcc><vAcc>0.690283</vAcc></extensions></trkpt>
      <trkpt lon="120.951571" lat="23.466107"><ele>3433.390704</ele><time>2026-09-14T23:37:50Z</time><extensions><speed>0.312471</speed><course>100.825167</course><hAcc>1.660766</hAcc><vAcc>0.690283</vAcc></extensions></trkpt>
      <trkpt lon="120.951573" lat="23.466107"><ele>3433.303393</ele><time>2026-09-14T23:37:51Z</time><extensions><speed>0.186097</speed><course>93.060654</course><hAcc>1.690838</hAcc><vAcc>0.690283</vAcc></extensions></trkpt>
      <trkpt lon="120.951575" lat="23.466106"><ele>3433.223807</ele><time>2026-09-14T23:37:52Z</time><extensions><speed>0.156099</speed><course>149.208491</course><hAcc>1.671848</hAcc><vAcc>0.690283</vAcc></extensions></trkpt>
      <trkpt lon="120.951575" lat="23.466105"><ele>3433.151117</ele><time>2026-09-14T23:37:53Z</time><extensions><speed>0.184998</speed><course>176.509043</course><hAcc>1.666738</hAcc><vAcc>0.690283</vAcc></extensions></trkpt>
      <trkpt lon="120.951575" lat="23.466103"><ele>3433.084107</ele><time>2026-09-14T23:37:54Z</time><extensions><speed>0.239917</speed><course>192.626895</course><hAcc>1.677868</hAcc><vAcc>0.690283</vAcc></extensions></trkpt>
      <trkpt lon="120.951574" lat="23.466101"><ele>3433.021316</ele><time>2026-09-14T23:37:55Z</time><extensions><speed>0.185582</speed><course>194.536927</course><hAcc>1.693818</hAcc><vAcc>0.690283</vAcc></extensions></trkpt>
      <trkpt lon="120.951574" lat="23.466099"><ele>3432.961293</ele><time>2026-09-14T23:37:56Z</time><extensions><speed>0.165903</speed><course>197.711749</course><hAcc>1.697852</hAcc><vAcc>0.690283</vAcc></extensions></trkpt>
      <trkpt lon="120.951574" lat="23.466098"><ele>3432.902602</ele><time>2026-09-14T23:37:57Z</time><extensions><speed>0.030013</speed><course>133.626634</course><hAcc>1.707318</hAcc><vAcc>0.690283</vAcc></extensions></trkpt>
      <trkpt lon="120.951574" lat="23.466098"><ele>3432.844008</ele><time>2026-09-14T23:37:58Z</time><extensions><speed>0.089779</speed><course>42.971522</course><hAcc>1.734827</hAcc><vAcc>0.690283</vAcc></extensions></trkpt>
      <trkpt lon="120.951574" lat="23.466099"><ele>3432.784505</ele><time>2026-09-14T23:37:59Z</time><extensions><speed>0.016098</speed><course>58.890205</course><hAcc>1.748386</hAcc><vAcc>0.690283</vAcc></extensions></trkpt>
      <trkpt lon="120.951574" lat="23.466098"><ele>3432.723282</ele><time>2026-09-14T23:38:00Z</time><extensions><speed>0.153100</speed><course>212.784884</course><hAcc>1.746059</hAcc><vAcc>0.690283</vAcc></extensions></trkpt>
      <trkpt lon="120.951573" lat="23.466097"><ele>3432.659805</ele><time>2026-09-14T23:38:01Z</time><extensions><speed>0.225325</speed><course>215.145587</course><hAcc>1.750535</hAcc><vAcc>0.690283</vAcc></extensions></trkpt>
      <trkpt lon="120.951572" lat="23.466095"><ele>3432.593659</ele><time>2026-09-14T23:38:02Z</time><extensions><speed>0.255212</speed><course>217.540103</course><hAcc>1.761999</hAcc><vAcc>0.690283</vAcc></extensions></trkpt>
      <trkpt lon="120.951570" lat="23.466093"><ele>3432.524598</ele><time>2026-09-14T23:38:03Z</time><extensions><speed>0.278624</speed><course>220.086065</course><hAcc>1.770647</hAcc><vAcc>0.690283</vAcc></extensions></trkpt>
      <trkpt lon="120.951568" lat="23.466091"><ele>3432.452485</ele><time>2026-09-14T23:38:04Z</time><extensions><speed>0.347287</speed><course>220.923949</course><hAcc>1.778215</hAcc><vAcc>0.690283</vAcc></extensions></trkpt>
      <trkpt lon="120.951566" lat="23.466089"><ele>3432.377145</ele><time>2026-09-14T23:38:05Z</time><extensions><speed>0.375844</speed><course>222.268042</course><hAcc>1.781971</hAcc><vAcc>0.690283</vAcc></extensions></trkpt>
      <trkpt lon="120.951563" lat="23.466086"><ele>3432.298492</ele><time>2026-09-14T23:38:06Z</time><extensions><speed>0.415391</speed><course>224.063035</course><hAcc>1.784596</hAcc><vAcc>0.690283</vAcc></extensions></trkpt>
      <trkpt lon="120.951560" lat="23.466083"><ele>3432.216408</ele><time>2026-09-14T23:38:07Z</time><extensions><speed>0.436861</speed><course>225.910029</course><hAcc>1.786472</hAcc><vAcc>0.690283</vAcc></extensions></trkpt>
      <trkpt lon="120.951557" lat="23.466081"><ele>3432.130763</ele><time>2026-09-14T23:38:08Z</time><extensions><speed>0.422996</speed><course>228.105423</course><hAcc>1.784153</hAcc><vAcc>0.690283</vAcc></extensions></trkpt>
      <trkpt lon="120.951554" lat="23.466078"><ele>3432.041431</ele><time>2026-09-14T23:38:09Z</time><extensions><speed>0.398444</speed><course>230.919574</course><hAcc>1.784217</hAcc><vAcc>0.690283</vAcc></extensions></trkpt>
      <trkpt lon="120.951551" lat="23.466076"><ele>3431.948275</ele><time>2026-09-14T23:38:10Z</time><extensions><speed>0.360614</speed><course>234.726673</course><hAcc>1.782515</hAcc><vAcc>0.690283</vAcc></extensions></trkpt>
      <trkpt lon="120.951548" lat="23.466074"><ele>3431.851156</ele><time>2026-09-14T23:38:11Z</time><extensions><speed>0.304598</speed><course>239.178184</course><hAcc>1.774298</hAcc><vAcc>0.690283</vAcc></extensions></trkpt>
      <trkpt lon="120.951545" lat="23.466073"><ele>3431.750030</ele><time>2026-09-14T23:38:12Z</time><extensions><speed>0.255095</speed><course>240.834611</course><hAcc>1.765259</hAcc><vAcc>0.690283</vAcc></extensions></trkpt>
      <trkpt lon="120.951543" lat="23.466072"><ele>3431.644969</ele><time>2026-09-14T23:38:13Z</time><extensions><speed>0.238138</speed><course>244.700375</course><hAcc>1.766425</hAcc><vAcc>0.690283</vAcc></extensions></trkpt>
      <trkpt lon="120.951541" lat="23.466071"><ele>3431.536185</ele><time>2026-09-14T23:38:14Z</time><extensions><speed>0.301001</speed><course>249.202520</course><hAcc>1.770533</hAcc><vAcc>0.690283</vAcc></extensions></trkpt>
      <trkpt lon="120.951537" lat="23.466070"><ele>3431.424030</ele><time>2026-09-14T23:38:15Z</time><extensions><speed>0.353464</speed><course>251.771819</course><hAcc>1.758682</hAcc><vAcc>0.690283</vAcc></extensions></trkpt>
      <trkpt lon="120.951534" lat="23.466069"><ele>3431.308952</ele><time>2026-09-14T23:38:16Z</time><extensions><speed>0.439481</speed><course>253.708030</course><hAcc>1.736681</hAcc><vAcc>0.690283</vAcc></extensions></trkpt>
      <trkpt lon="120.951529" lat="23.466068"><ele>3431.191562</ele><time>2026-09-14T23:38:17Z</time><extensions><speed>0.491504</speed><course>255.523141</course><hAcc>1.713889</hAcc><vAcc>0.690283</vAcc></extensions></trkpt>
      <trkpt lon="120.951525" lat="23.466067"><ele>3431.072613</ele><time>2026-09-14T23:38:18Z</time><extensions><speed>0.459100</speed><course>257.788864</course><hAcc>1.703910</hAcc><vAcc>0.690283</vAcc></extensions></trkpt>
      <trkpt lon="120.951521" lat="23.466067"><ele>3430.952816</ele><time>2026-09-14T23:38:19Z</time><extensions><speed>0.308577</speed><course>263.744817</course><hAcc>1.709456</hAcc><vAcc>0.690283</vAcc></extensions></trkpt>
      <trkpt lon="120.951518" lat="23.466066"><ele>3430.832928</ele><time>2026-09-14T23:38:20Z</time><extensions><speed>0.344410</speed><course>264.778368</course><hAcc>1.714739</hAcc><vAcc>0.690283</vAcc></extensions></trkpt>
      <trkpt lon="120.951512" lat="23.466066"><ele>3430.713656</ele><time>2026-09-14T23:38:21Z</time><extensions><speed>0.852599</speed><course>264.651266</course><hAcc>1.688185</hAcc><vAcc>0.690283</vAcc></extensions></trkpt>
      <trkpt lon="120.951502" lat="23.466065"><ele>3430.595556</ele><time>2026-09-14T23:38:22Z</time><extensions><speed>1.106624</speed><course>267.545559</course><hAcc>1.668644</hAcc><vAcc>0.690283</vAcc></extensions></trkpt>
      <trkpt lon="120.951491" lat="23.466065"><ele>3430.478974</ele><time>2026-09-14T23:38:23Z</time><extensions><speed>1.102492</speed><course>270.828740</course><hAcc>1.677299</hAcc><vAcc>0.690283</vAcc></extensions></trkpt>
      <trkpt lon="120.951480" lat="23.466066"><ele>3430.364283</ele><time>2026-09-14T23:38:24Z</time><extensions><speed>1.145109</speed><course>276.943682</course><hAcc>1.666025</hAcc><vAcc>0.690283</vAcc></extensions></trkpt>
      <trkpt lon="120.951469" lat="23.466068"><ele>3430.251571</ele><time>2026-09-14T23:38:25Z</time><extensions><speed>1.144262</speed><course>280.789681</course><hAcc>1.670384</hAcc><vAcc>0.690283</vAcc></extensions></trkpt>
      <trkpt lon="120.951459" lat="23.466070"><ele>3430.140749</ele><time>2026-09-14T23:38:26Z</time><extensions><speed>1.063896</speed><course>283.622261</course><hAcc>1.670803</hAcc><vAcc>0.690283</vAcc></extensions></trkpt>
      <trkpt lon="120.951448" lat="23.466072"><ele>3430.031476</ele><time>2026-09-14T23:38:27Z</time><extensions><speed>1.153909</speed><course>284.233587</course><hAcc>1.676384</hAcc><vAcc>0.690283</vAcc></extensions></trkpt>
      <trkpt lon="120.951437" lat="23.466075"><ele>3429.923115</ele><time>2026-09-14T23:38:28Z</time><extensions><speed>1.172773</speed><course>286.272090</course><hAcc>1.673117</hAcc><vAcc>0.690283</vAcc></extensions></trkpt>
      <trkpt lon="120.951426" lat="23.466078"><ele>3429.814748</ele><time>2026-09-14T23:38:29Z</time><extensions><speed>1.179720</speed><course>288.473598</course><hAcc>1.684349</hAcc><vAcc>0.690283</vAcc></extensions></trkpt>
      <trkpt lon="120.951415" lat="23.466082"><ele>3429.705359</ele><time>2026-09-14T23:38:30Z</time><extensions><speed>1.127619</speed><course>290.719738</course><hAcc>1.677249</hAcc><vAcc>0.690283</vAcc></extensions></trkpt>
      <trkpt lon="120.951406" lat="23.466085"><ele>3429.593975</ele><time>2026-09-14T23:38:31Z</time><extensions><speed>1.040156</speed><course>292.130024</course><hAcc>1.673671</hAcc><vAcc>0.690283</vAcc></extensions></trkpt>
      <trkpt lon="120.951397" lat="23.466089"><ele>3429.479844</ele><time>2026-09-14T23:38:32Z</time><extensions><speed>0.948915</speed><course>292.979440</course><hAcc>1.678378</hAcc><vAcc>0.690283</vAcc></extensions></trkpt>
      <trkpt lon="120.951389" lat="23.466092"><ele>3429.362379</ele><time>2026-09-14T23:38:33Z</time><extensions><speed>0.798882</speed><course>293.583657</course><hAcc>1.702549</hAcc><vAcc>0.690283</vAcc></extensions></trkpt>
      <trkpt lon="120.951382" lat="23.466094"><ele>3429.241357</ele><time>2026-09-14T23:38:34Z</time><extensions><speed>0.718586</speed><course>292.750602</course><hAcc>1.725894</hAcc><vAcc>0.690283</vAcc></extensions></trkpt>
      <trkpt lon="120.951376" lat="23.466097"><ele>3429.116956</ele><time>2026-09-14T23:38:35Z</time><extensions><speed>0.655211</speed><course>293.969433</course><hAcc>1.699552</hAcc><vAcc>0.690283</vAcc></extensions></trkpt>
      <trkpt lon="120.951370" lat="23.466099"><ele>3428.989626</ele><time>2026-09-14T23:38:36Z</time><extensions><speed>0.550974</speed><course>295.215718</course><hAcc>1.685381</hAcc><vAcc>0.690283</vAcc></extensions></trkpt>
      <trkpt lon="120.951365" lat="23.466101"><ele>3428.859904</ele><time>2026-09-14T23:38:37Z</time><extensions><speed>0.621003</speed><course>294.033140</course><hAcc>1.701940</hAcc><vAcc>0.690283</vAcc></extensions></trkpt>
      <trkpt lon="120.951359" lat="23.466104"><ele>3428.728298</ele><time>2026-09-14T23:38:38Z</time><extensions><speed>0.626080</speed><course>294.393595</course><hAcc>1.726788</hAcc><vAcc>0.690283</vAcc></extensions></trkpt>
      <trkpt lon="120.951354" lat="23.466106"><ele>3428.595125</ele><time>2026-09-14T23:38:39Z</time><extensions><speed>0.607635</speed><course>293.854051</course><hAcc>1.728329</hAcc><vAcc>0.690283</vAcc></extensions></trkpt>
      <trkpt lon="120.951348" lat="23.466108"><ele>3428.460572</ele><time>2026-09-14T23:38:40Z</time><extensions><speed>0.651232</speed><course>292.211128</course><hAcc>1.715103</hAcc><vAcc>0.690283</vAcc></extensions></trkpt>
      <trkpt lon="120.951342" lat="23.466110"><ele>3428.324803</ele><time>2026-09-14T23:38:41Z</time><extensions><speed>0.689604</speed><course>290.840173</course><hAcc>1.710437</hAcc><vAcc>0.690283</vAcc></extensions></trkpt>
      <trkpt lon="120.951336" lat="23.466112"><ele>3428.187848</ele><time>2026-09-14T23:38:42Z</time><extensions><speed>0.629704</speed><course>289.839071</course><hAcc>1.728922</hAcc><vAcc>0.690283</vAcc></extensions></trkpt>
      <trkpt lon="120.951331" lat="23.466114"><ele>3428.050312</ele><time>2026-09-14T23:38:43Z</time><extensions><speed>0.498437</speed><course>288.978965</course><hAcc>1.752749</hAcc><vAcc>0.690283</vAcc></extensions></trkpt>
      <trkpt lon="120.951326" lat="23.466115"><ele>3427.912854</ele><time>2026-09-14T23:38:44Z</time><extensions><speed>0.465025</speed><course>285.972638</course><hAcc>1.740255</hAcc><vAcc>0.690283</vAcc></extensions></trkpt>
      <trkpt lon="120.951322" lat="23.466116"><ele>3427.776312</ele><time>2026-09-14T23:38:45Z</time><extensions><speed>0.401040</speed><course>279.094510</course><hAcc>1.734986</hAcc><vAcc>0.690283</vAcc></extensions></trkpt>
      <trkpt lon="120.951319" lat="23.466117"><ele>3427.641925</ele><time>2026-09-14T23:38:46Z</time><extensions><speed>0.350234</speed><course>271.179237</course><hAcc>1.741468</hAcc><vAcc>0.690283</vAcc></extensions></trkpt>
      <trkpt lon="120.951315" lat="23.466116"><ele>3427.511023</ele><time>2026-09-14T23:38:47Z</time><extensions><speed>0.303197</speed><course>265.658495</course><hAcc>1.749358</hAcc><vAcc>0.690283</vAcc></extensions></trkpt>
      <trkpt lon="120.951312" lat="23.466116"><ele>3427.385091</ele><time>2026-09-14T23:38:48Z</time><extensions><speed>0.332576</speed><course>267.329459</course><hAcc>1.745602</hAcc><vAcc>0.690283</vAcc></extensions></trkpt>
      <trkpt lon="120.951309" lat="23.466116"><ele>3427.265686</ele><time>2026-09-14T23:38:49Z</time><extensions><speed>0.388919</speed><course>267.134631</course><hAcc>1.744607</hAcc><vAcc>0.690283</vAcc></extensions></trkpt>
      <trkpt lon="120.951304" lat="23.466116"><ele>3427.154311</ele><time>2026-09-14T23:38:50Z</time><extensions><speed>0.468628</speed><course>266.374353</course><hAcc>1.751445</hAcc><vAcc>0.690283</vAcc></extensions></trkpt>
      <trkpt lon="120.951299" lat="23.466116"><ele>3427.052219</ele><time>2026-09-14T23:38:51Z</time><extensions><speed>0.662367</speed><course>269.803225</course><hAcc>1.739486</hAcc><vAcc>0.690283</vAcc></extensions></trkpt>
      <trkpt lon="120.951291" lat="23.466116"><ele>3426.960286</ele><time>2026-09-14T23:38:52Z</time><extensions><speed>0.863013</speed><course>274.189043</course><hAcc>1.731031</hAcc><vAcc>0.690283</vAcc></extensions></trkpt>
      <trkpt lon="120.951283" lat="23.466117"><ele>3426.878793</ele><time>2026-09-14T23:38:53Z</time><extensions><speed>0.972737</speed><course>279.556264</course><hAcc>1.743118</hAcc><vAcc>0.690283</vAcc></extensions></trkpt>
      <trkpt lon="120.951273" lat="23.466119"><ele>3426.807405</ele><time>2026-09-14T23:38:54Z</time><extensions><speed>0.955443</speed><course>281.378305</course><hAcc>1.725635</hAcc><vAcc>0.690283</vAcc></extensions></trkpt>
      <trkpt lon="120.951265" lat="23.466120"><ele>3426.745176</ele><time>2026-09-14T23:38:55Z</time><extensions><speed>0.776064</speed><course>283.028828</course><hAcc>1.731371</hAcc><vAcc>0.690282</vAcc></extensions></trkpt>
      <trkpt lon="120.951258" lat="23.466122"><ele>3426.690583</ele><time>2026-09-14T23:38:56Z</time><extensions><speed>0.659486</speed><course>284.940210</course><hAcc>1.742490</hAcc><vAcc>0.690282</vAcc></extensions></trkpt>
      <trkpt lon="120.951252" lat="23.466123"><ele>3426.641885</ele><time>2026-09-14T23:38:57Z</time><extensions><speed>0.574903</speed><course>286.690436</course><hAcc>1.752161</hAcc><vAcc>0.690281</vAcc></extensions></trkpt>
      <trkpt lon="120.951247" lat="23.466125"><ele>3426.597288</ele><time>2026-09-14T23:38:58Z</time><extensions><speed>0.484991</speed><course>288.170446</course><hAcc>1.762908</hAcc><vAcc>0.690282</vAcc></extensions></trkpt>
      <trkpt lon="120.951243" lat="23.466126"><ele>3426.555125</ele><time>2026-09-14T23:38:59Z</time><extensions><speed>0.373538</speed><course>289.328052</course><hAcc>1.767223</hAcc><vAcc>0.690282</vAcc></extensions></trkpt>
      <trkpt lon="120.951240" lat="23.466127"><ele>3426.514030</ele><time>2026-09-14T23:39:00Z</time><extensions><speed>0.312363</speed><course>291.276929</course><hAcc>1.773028</hAcc><vAcc>0.690283</vAcc></extensions></trkpt>
      <trkpt lon="120.951238" lat="23.466128"><ele>3426.472895</ele><time>2026-09-14T23:39:01Z</time><extensions><speed>0.241310</speed><course>293.910875</course><hAcc>1.780733</hAcc><vAcc>0.690283</vAcc></extensions></trkpt>
      <trkpt lon="120.951236" lat="23.466129"><ele>3426.430860</ele><time>2026-09-14T23:39:02Z</time><extensions><speed>0.136359</speed><course>299.413776</course><hAcc>1.787722</hAcc><vAcc>0.690283</vAcc></extensions></trkpt>
      <trkpt lon="120.951236" lat="23.466129"><ele>3426.387290</ele><time>2026-09-14T23:39:03Z</time><extensions><speed>0.021353</speed><course>1.537467</course><hAcc>1.798256</hAcc><vAcc>0.690283</vAcc></extensions></trkpt>
      <trkpt lon="120.951236" lat="23.466129"><ele>3426.341749</ele><time>2026-09-14T23:39:04Z</time><extensions><speed>0.084616</speed><course>97.079569</course><hAcc>1.803372</hAcc><vAcc>0.690283</vAcc></extensions></trkpt>
      <trkpt lon="120.951237" lat="23.466129"><ele>3426.293976</ele><time>2026-09-14T23:39:05Z</time><extensions><speed>0.118282</speed><course>98.169192</course><hAcc>1.797855</hAcc><vAcc>0.690283</vAcc></extensions></trkpt>
      <trkpt lon="120.951238" lat="23.466129"><ele>3426.243847</ele><time>2026-09-14T23:39:06Z</time><extensions><speed>0.104884</speed><course>95.223706</course><hAcc>1.790942</hAcc><vAcc>0.690283</vAcc></extensions></trkpt>
      <trkpt lon="120.951239" lat="23.466129"><ele>3426.191426</ele><time>2026-09-14T23:39:07Z</time><extensions><speed>0.054182</speed><course>83.366718</course><hAcc>1.790598</hAcc><vAcc>0.690283</vAcc></extensions></trkpt>
      <trkpt lon="120.951239" lat="23.466129"><ele>3426.136913</ele><time>2026-09-14T23:39:08Z</time><extensions><speed>0.028224</speed><course>339.728519</course><hAcc>1.792441</hAcc><vAcc>0.690283</vAcc></extensions></trkpt>
      <trkpt lon="120.951239" lat="23.466129"><ele>3426.080551</ele><time>2026-09-14T23:39:09Z</time><extensions><speed>0.091540</speed><course>303.092504</course><hAcc>1.792092</hAcc><vAcc>0.690283</vAcc></extensions></trkpt>
      <trkpt lon="120.951238" lat="23.466130"><ele>3426.022579</ele><time>2026-09-14T23:39:10Z</time><extensions><speed>0.156910</speed><course>298.157982</course><hAcc>1.793302</hAcc><vAcc>0.690283</vAcc></extensions></trkpt>
      <trkpt lon="120.951236" lat="23.466131"><ele>3425.963349</ele><time>2026-09-14T23:39:11Z</time><extensions><speed>0.202262</speed><course>297.336192</course><hAcc>1.793308</hAcc><vAcc>0.690283</vAcc></extensions></trkpt>
      <trkpt lon="120.951234" lat="23.466132"><ele>3425.903152</ele><time>2026-09-14T23:39:12Z</time><extensions><speed>0.166444</speed><course>298.538462</course><hAcc>1.797045</hAcc><vAcc>0.690284</vAcc></extensions></trkpt>
      <trkpt lon="120.951233" lat="23.466132"><ele>3425.842137</ele><time>2026-09-14T23:39:13Z</time><extensions><speed>0.097793</speed><course>305.685030</course><hAcc>1.805293</hAcc><vAcc>0.690284</vAcc></extensions></trkpt>
      <trkpt lon="120.951233" lat="23.466133"><ele>3425.780471</ele><time>2026-09-14T23:39:14Z</time><extensions><speed>0.052888</speed><course>345.584781</course><hAcc>1.804476</hAcc><vAcc>0.690285</vAcc></extensions></trkpt>
      <trkpt lon="120.951233" lat="23.466133"><ele>3425.718241</ele><time>2026-09-14T23:39:15Z</time><extensions><speed>0.081661</speed><course>53.382993</course><hAcc>1.795282</hAcc><vAcc>0.690285</vAcc></extensions></trkpt>
      <trkpt lon="120.951234" lat="23.466134"><ele>3425.655690</ele><time>2026-09-14T23:39:16Z</time><extensions><speed>0.103897</speed><course>60.137691</course><hAcc>1.788288</hAcc><vAcc>0.690286</vAcc></extensions></trkpt>
      <trkpt lon="120.951235" lat="23.466134"><ele>3425.593223</ele><time>2026-09-14T23:39:17Z</time><extensions><speed>0.098323</speed><course>71.621117</course><hAcc>1.789054</hAcc><vAcc>0.690287</vAcc></extensions></trkpt>
      <trkpt lon="120.951236" lat="23.466134"><ele>3425.531424</ele><time>2026-09-14T23:39:18Z</time><extensions><speed>0.072471</speed><course>82.523903</course><hAcc>1.783695</hAcc><vAcc>0.690288</vAcc></extensions></trkpt>
      <trkpt lon="120.951236" lat="23.466134"><ele>3425.471145</ele><time>2026-09-14T23:39:19Z</time><extensions><speed>0.017644</speed><course>5.658512</course><hAcc>1.775021</hAcc><vAcc>0.690290</vAcc></extensions></trkpt>
      <trkpt lon="120.951236" lat="23.466134"><ele>3425.413306</ele><time>2026-09-14T23:39:20Z</time><extensions><speed>0.048170</speed><course>293.207209</course><hAcc>1.774522</hAcc><vAcc>0.690296</vAcc></extensions></trkpt>
      <trkpt lon="120.951235" lat="23.466135"><ele>3425.358622</ele><time>2026-09-14T23:39:21Z</time><extensions><speed>0.075948</speed><course>286.586355</course><hAcc>1.783450</hAcc><vAcc>0.690284</vAcc></extensions></trkpt>
      <trkpt lon="120.951234" lat="23.466135"><ele>3425.307730</ele><time>2026-09-14T23:39:22Z</time><extensions><speed>0.156140</speed><course>294.114722</course><hAcc>1.764160</hAcc><vAcc>0.690271</vAcc></extensions></trkpt>
      <trkpt lon="120.951232" lat="23.466136"><ele>3425.260956</ele><time>2026-09-14T23:39:23Z</time><extensions><speed>0.287457</speed><course>300.370949</course><hAcc>1.750460</hAcc><vAcc>0.690277</vAcc></extensions></trkpt>
      <trkpt lon="120.951230" lat="23.466138"><ele>3425.218270</ele><time>2026-09-14T23:39:24Z</time><extensions><speed>0.370457</speed><course>307.161865</course><hAcc>1.751472</hAcc><vAcc>0.690279</vAcc></extensions></trkpt>
      <trkpt lon="120.951226" lat="23.466140"><ele>3425.179404</ele><time>2026-09-14T23:39:25Z</time><extensions><speed>0.486071</speed><course>310.249127</course><hAcc>1.752385</hAcc><vAcc>0.690280</vAcc></extensions></trkpt>
      <trkpt lon="120.951222" lat="23.466144"><ele>3425.143749</ele><time>2026-09-14T23:39:26Z</time><extensions><speed>0.694613</speed><course>307.577487</course><hAcc>1.746565</hAcc><vAcc>0.690281</vAcc></extensions></trkpt>
      <trkpt lon="120.951216" lat="23.466148"><ele>3425.110327</ele><time>2026-09-14T23:39:27Z</time><extensions><speed>0.883044</speed><course>305.096553</course><hAcc>1.731067</hAcc><vAcc>0.690282</vAcc></extensions></trkpt>
      <trkpt lon="120.951208" lat="23.466153"><ele>3425.077968</ele><time>2026-09-14T23:39:28Z</time><extensions><speed>0.995578</speed><course>303.141714</course><hAcc>1.722650</hAcc><vAcc>0.690282</vAcc></extensions></trkpt>
      <trkpt lon="120.951200" lat="23.466157"><ele>3425.045254</ele><time>2026-09-14T23:39:29Z</time><extensions><speed>1.041244</speed><course>300.597089</course><hAcc>1.738674</hAcc><vAcc>0.690283</vAcc></extensions></trkpt>
      <trkpt lon="120.951191" lat="23.466162"><ele>3425.010694</ele><time>2026-09-14T23:39:30Z</time><extensions><speed>1.019185</speed><course>300.423625</course><hAcc>1.739919</hAcc><vAcc>0.690283</vAcc></extensions></trkpt>
      <trkpt lon="120.951183" lat="23.466167"><ele>3424.972916</ele><time>2026-09-14T23:39:31Z</time><extensions><speed>0.852859</speed><course>304.391895</course><hAcc>1.724315</hAcc><vAcc>0.690283</vAcc></extensions></trkpt>
      <trkpt lon="120.951177" lat="23.466171"><ele>3424.930807</ele><time>2026-09-14T23:39:32Z</time><extensions><speed>0.692520</speed><course>309.839650</course><hAcc>1.722241</hAcc><vAcc>0.690283</vAcc></extensions></trkpt>
      <trkpt lon="120.951173" lat="23.466175"><ele>3424.883517</ele><time>2026-09-14T23:39:33Z</time><extensions><speed>0.572687</speed><course>315.748569</course><hAcc>1.728657</hAcc><vAcc>0.690283</vAcc></extensions></trkpt>
      <trkpt lon="120.951169" lat="23.466178"><ele>3424.830785</ele><time>2026-09-14T23:39:34Z</time><extensions><speed>0.491790</speed><course>319.031671</course><hAcc>1.735545</hAcc><vAcc>0.690283</vAcc></extensions></trkpt>
      <trkpt lon="120.951166" lat="23.466182"><ele>3424.772788</ele><time>2026-09-14T23:39:35Z</time><extensions><speed>0.450907</speed><course>319.632278</course><hAcc>1.733361</hAcc><vAcc>0.690283</vAcc></extensions></trkpt>
      <trkpt lon="120.951162" lat="23.466185"><ele>3424.710123</ele><time>2026-09-14T23:39:36Z</time><extensions><speed>0.585669</speed><course>311.080524</course><hAcc>1.734602</hAcc><vAcc>0.690283</vAcc></extensions></trkpt>
      <trkpt lon="120.951157" lat="23.466188"><ele>3424.643831</ele><time>2026-09-14T23:39:37Z</time><extensions><speed>0.692013</speed><course>305.350622</course><hAcc>1.749973</hAcc><vAcc>0.690283</vAcc></extensions></trkpt>
      <trkpt lon="120.951152" lat="23.466192"><ele>3424.575187</ele><time>2026-09-14T23:39:38Z</time><extensions><speed>0.753842</speed><course>303.733801</course><hAcc>1.756256</hAcc><vAcc>0.690283</vAcc></extensions></trkpt>
      <trkpt lon="120.951146" lat="23.466196"><ele>3424.505568</ele><time>2026-09-14T23:39:39Z</time><extensions><speed>0.732118</speed><course>305.395448</course><hAcc>1.764115</hAcc><vAcc>0.690283</vAcc></extensions></trkpt>
      <trkpt lon="120.951140" lat="23.466200"><ele>3424.436325</ele><time>2026-09-14T23:39:40Z</time><extensions><speed>0.695268</speed><course>311.327135</course><hAcc>1.764993</hAcc><vAcc>0.690283</vAcc></extensions></trkpt>
      <trkpt lon="120.951135" lat="23.466205"><ele>3424.368653</ele><time>2026-09-14T23:39:41Z</time><extensions><speed>0.777743</speed><course>317.803436</course><hAcc>1.747149</hAcc><vAcc>0.690283</vAcc></extensions></trkpt>
      <trkpt lon="120.951129" lat="23.466210"><ele>3424.303538</ele><time>2026-09-14T23:39:42Z</time><extensions><speed>0.902464</speed><course>318.297620</course><hAcc>1.738476</hAcc><vAcc>0.690283</vAcc></extensions></trkpt>
      <trkpt lon="120.951123" lat="23.466217"><ele>3424.241642</ele><time>2026-09-14T23:39:43Z</time><extensions><speed>1.058124</speed><course>313.554219</course><hAcc>1.738777</hAcc><vAcc>0.690283</vAcc></extensions></trkpt>
      <trkpt lon="120.951114" lat="23.466223"><ele>3424.183289</ele><time>2026-09-14T23:39:44Z</time><extensions><speed>1.161759</speed><course>308.713274</course><hAcc>1.738048</hAcc><vAcc>0.690283</vAcc></extensions></trkpt>
      <trkpt lon="120.951105" lat="23.466230"><ele>3424.128500</ele><time>2026-09-14T23:39:45Z</time><extensions><speed>1.139329</speed><course>305.340404</course><hAcc>1.735971</hAcc><vAcc>0.690283</vAcc></extensions></trkpt>
      <trkpt lon="120.951096" lat="23.466236"><ele>3424.077078</ele><time>2026-09-14T23:39:46Z</time><extensions><speed>1.240070</speed><course>301.341842</course><hAcc>1.725584</hAcc><vAcc>0.690283</vAcc></extensions></trkpt>
      <trkpt lon="120.951085" lat="23.466241"><ele>3424.028545</ele><time>2026-09-14T23:39:47Z</time><extensions><speed>1.221925</speed><course>299.850851</course><hAcc>1.702873</hAcc><vAcc>0.690283</vAcc></extensions></trkpt>
      <trkpt lon="120.951075" lat="23.466247"><ele>3423.982419</ele><time>2026-09-14T23:39:48Z</time><extensions><speed>1.194059</speed><course>298.818521</course><hAcc>1.698588</hAcc><vAcc>0.690283</vAcc></extensions></trkpt>
      <trkpt lon="120.951065" lat="23.466252"><ele>3423.938144</ele><time>2026-09-14T23:39:49Z</time><extensions><speed>1.147933</speed><course>298.244825</course><hAcc>1.714066</hAcc><vAcc>0.690283</vAcc></extensions></trkpt>
      <trkpt lon="120.951055" lat="23.466257"><ele>3423.895068</ele><time>2026-09-14T23:39:50Z</time><extensions><speed>1.125099</speed><course>299.822661</course><hAcc>1.712640</hAcc><vAcc>0.690283</vAcc></extensions></trkpt>
      <trkpt lon="120.951046" lat="23.466262"><ele>3423.852677</ele><time>2026-09-14T23:39:51Z</time><extensions><speed>1.057507</speed><course>302.965526</course><hAcc>1.703556</hAcc><vAcc>0.690283</vAcc></extensions></trkpt>
      <trkpt lon="120.951038" lat="23.466267"><ele>3423.810129</ele><time>2026-09-14T23:39:52Z</time><extensions><speed>1.014148</speed><course>305.341215</course><hAcc>1.704912</hAcc><vAcc>0.690283</vAcc></extensions></trkpt>
      <trkpt lon="120.951029" lat="23.466273"><ele>3423.766519</ele><time>2026-09-14T23:39:53Z</time><extensions><speed>1.062345</speed><course>305.954009</course><hAcc>1.710939</hAcc><vAcc>0.690283</vAcc></extensions></trkpt>
      <trkpt lon="120.951021" lat="23.466278"><ele>3423.720836</ele><time>2026-09-14T23:39:54Z</time><extensions><speed>1.045325</speed><course>305.540733</course><hAcc>1.726441</hAcc><vAcc>0.690283</vAcc></extensions></trkpt>
      <trkpt lon="120.951013" lat="23.466283"><ele>3423.671973</ele><time>2026-09-14T23:39:55Z</time><extensions><speed>0.906796</speed><course>304.188256</course><hAcc>1.750089</hAcc><vAcc>0.690283</vAcc></extensions></trkpt>
      <trkpt lon="120.951006" lat="23.466288"><ele>3423.618885</ele><time>2026-09-14T23:39:56Z</time><extensions><speed>0.821690</speed><course>301.611686</course><hAcc>1.763041</hAcc><vAcc>0.690283</vAcc></extensions></trkpt>
      <trkpt lon="120.950999" lat="23.466291"><ele>3423.560576</ele><time>2026-09-14T23:39:57Z</time><extensions><speed>0.771143</speed><course>298.839660</course><hAcc>1.759701</hAcc><vAcc>0.690283</vAcc></extensions></trkpt>
      <trkpt lon="120.950993" lat="23.466294"><ele>3423.496238</ele><time>2026-09-14T23:39:58Z</time><extensions><speed>0.710187</speed><course>294.084550</course><hAcc>1.753463</hAcc><vAcc>0.690283</vAcc></extensions></trkpt>
      <trkpt lon="120.950986" lat="23.466296"><ele>3423.425372</ele><time>2026-09-14T23:39:59Z</time><extensions><speed>0.771738</speed><course>286.408171</course><hAcc>1.752064</hAcc><vAcc>0.690283</vAcc></extensions></trkpt>
      <trkpt lon="120.950978" lat="23.466298"><ele>3423.347878</ele><time>2026-09-14T23:40:00Z</time><extensions><speed>0.857251</speed><course>279.565062</course><hAcc>1.764651</hAcc><vAcc>0.690283</vAcc></extensions></trkpt>
      <trkpt lon="120.950969" lat="23.466299"><ele>3423.264037</ele><time>2026-09-14T23:40:01Z</time><extensions><speed>0.909199</speed><course>274.019927</course><hAcc>1.776028</hAcc><vAcc>0.690283</vAcc></extensions></trkpt>
      <trkpt lon="120.950960" lat="23.466299"><ele>3423.174441</ele><time>2026-09-14T23:40:02Z</time><extensions><speed>0.963885</speed><course>269.851440</course><hAcc>1.775540</hAcc><vAcc>0.690283</vAcc></extensions></trkpt>
      <trkpt lon="120.950950" lat="23.466299"><ele>3423.079885</ele><time>2026-09-14T23:40:03Z</time><extensions><speed>1.042255</speed><course>267.986990</course><hAcc>1.769779</hAcc><vAcc>0.690283</vAcc></extensions></trkpt>
      <trkpt lon="120.950940" lat="23.466298"><ele>3422.981227</ele><time>2026-09-14T23:40:04Z</time><extensions><speed>1.118721</speed><course>266.981400</course><hAcc>1.759034</hAcc><vAcc>0.690283</vAcc></extensions></trkpt>
      <trkpt lon="120.950929" lat="23.466298"><ele>3422.879281</ele><time>2026-09-14T23:40:05Z</time><extensions><speed>1.093703</speed><course>265.715190</course><hAcc>1.752200</hAcc><vAcc>0.690283</vAcc></extensions></trkpt>
      <trkpt lon="120.950919" lat="23.466297"><ele>3422.774737</ele><time>2026-09-14T23:40:06Z</time><extensions><speed>0.996151</speed><course>264.440794</course><hAcc>1.751257</hAcc><vAcc>0.690283</vAcc></extensions></trkpt>
      <trkpt lon="120.950910" lat="23.466297"><ele>3422.668334</ele><time>2026-09-14T23:40:07Z</time><extensions><speed>0.920783</speed><course>265.963686</course><hAcc>1.755663</hAcc><vAcc>0.690283</vAcc></extensions></trkpt>
      <trkpt lon="120.950901" lat="23.466296"><ele>3422.560759</ele><time>2026-09-14T23:40:08Z</time><extensions><speed>0.817800</speed><course>269.261500</course><hAcc>1.759542</hAcc><vAcc>0.690283</vAcc></extensions></trkpt>
      <trkpt lon="120.950893" lat="23.466297"><ele>3422.452464</ele><time>2026-09-14T23:40:09Z</time><extensions><speed>0.736883</speed><course>274.970262</course><hAcc>1.748971</hAcc><vAcc>0.690283</vAcc></extensions></trkpt>
      <trkpt lon="120.950887" lat="23.466298"><ele>3422.343979</ele><time>2026-09-14T23:40:10Z</time><extensions><speed>0.693368</speed><course>283.219604</course><hAcc>1.728661</hAcc><vAcc>0.690283</vAcc></extensions></trkpt>
      <trkpt lon="120.950880" lat="23.466300"><ele>3422.235848</ele><time>2026-09-14T23:40:11Z</time><extensions><speed>0.693666</speed><course>294.556100</course><hAcc>1.732952</hAcc><vAcc>0.690283</vAcc></extensions></trkpt>
      <trkpt lon="120.950875" lat="23.466302"><ele>3422.128585</ele><time>2026-09-14T23:40:12Z</time><extensions><speed>0.600074</speed><course>306.050266</course><hAcc>1.766014</hAcc><vAcc>0.690283</vAcc></extensions></trkpt>
      <trkpt lon="120.950870" lat="23.466306"><ele>3422.022685</ele><time>2026-09-14T23:40:13Z</time><extensions><speed>0.686777</speed><course>315.343243</course><hAcc>1.758450</hAcc><vAcc>0.690283</vAcc></extensions></trkpt>
      <trkpt lon="120.950865" lat="23.466311"><ele>3421.918839</ele><time>2026-09-14T23:40:14Z</time><extensions><speed>0.798845</speed><course>321.636756</course><hAcc>1.733420</hAcc><vAcc>0.690283</vAcc></extensions></trkpt>
      <trkpt lon="120.950860" lat="23.466317"><ele>3421.817470</ele><time>2026-09-14T23:40:15Z</time><extensions><speed>0.962757</speed><course>320.357360</course><hAcc>1.720151</hAcc><vAcc>0.690283</vAcc></extensions></trkpt>
      <trkpt lon="120.950853" lat="23.466324"><ele>3421.718845</ele><time>2026-09-14T23:40:16Z</time><extensions><speed>1.047830</speed><course>314.543934</course><hAcc>1.733813</hAcc><vAcc>0.690283</vAcc></extensions></trkpt>
      <trkpt lon="120.950845" lat="23.466330"><ele>3421.622877</ele><time>2026-09-14T23:40:17Z</time><extensions><speed>1.002524</speed><course>306.544278</course><hAcc>1.756167</hAcc><vAcc>0.690283</vAcc></extensions></trkpt>
      <trkpt lon="120.950838" lat="23.466334"><ele>3421.529027</ele><time>2026-09-14T23:40:18Z</time><extensions><speed>0.826330</speed><course>299.672478</course><hAcc>1.750250</hAcc><vAcc>0.690283</vAcc></extensions></trkpt>
      <trkpt lon="120.950831" lat="23.466337"><ele>3421.436332</ele><time>2026-09-14T23:40:19Z</time><extensions><speed>0.717408</speed><course>289.764999</course><hAcc>1.741143</hAcc><vAcc>0.690283</vAcc></extensions></trkpt>
      <trkpt lon="120.950824" lat="23.466339"><ele>3421.343470</ele><time>2026-09-14T23:40:20Z</time><extensions><speed>0.693943</speed><course>279.983198</course><hAcc>1.733127</hAcc><vAcc>0.690283</vAcc></extensions></trkpt>
      <trkpt lon="120.950818" lat="23.466340"><ele>3421.249014</ele><time>2026-09-14T23:40:21Z</time><extensions><speed>0.632285</speed><course>270.904366</course><hAcc>1.729070</hAcc><vAcc>0.690283</vAcc></extensions></trkpt>
      <trkpt lon="120.950812" lat="23.466339"><ele>3421.151752</ele><time>2026-09-14T23:40:22Z</time><extensions><speed>0.545129</speed><course>260.618428</course><hAcc>1.722327</hAcc><vAcc>0.690283</vAcc></extensions></trkpt>
      <trkpt lon="120.950807" lat="23.466338"><ele>3421.050910</ele><time>2026-09-14T23:40:23Z</time><extensions><speed>0.534671</speed><course>255.007605</course><hAcc>1.705286</hAcc><vAcc>0.690283</vAcc></extensions></trkpt>
      <trkpt lon="120.950802" lat="23.466337"><ele>3420.946100</ele><time>2026-09-14T23:40:24Z</time><extensions><speed>0.512614</speed><course>257.489131</course><hAcc>1.704367</hAcc><vAcc>0.690283</vAcc></extensions></trkpt>
      <trkpt lon="120.950798" lat="23.466336"><ele>3420.837537</ele><time>2026-09-14T23:40:25Z</time><extensions><speed>0.417541</speed><course>262.582879</course><hAcc>1.719603</hAcc><vAcc>0.690283</vAcc></extensions></trkpt>
      <trkpt lon="120.950794" lat="23.466336"><ele>3420.725815</ele><time>2026-09-14T23:40:26Z</time><extensions><speed>0.329782</speed><course>270.014532</course><hAcc>1.717747</hAcc><vAcc>0.690283</vAcc></extensions></trkpt>
      <trkpt lon="120.950791" lat="23.466336"><ele>3420.611709</ele><time>2026-09-14T23:40:27Z</time><extensions><speed>0.278666</speed><course>279.061614</course><hAcc>1.684980</hAcc><vAcc>0.690283</vAcc></extensions></trkpt>
      <trkpt lon="120.950789" lat="23.466337"><ele>3420.496266</ele><time>2026-09-14T23:40:28Z</time><extensions><speed>0.268313</speed><course>288.409781</course><hAcc>1.671741</hAcc><vAcc>0.690283</vAcc></extensions></trkpt>
      <trkpt lon="120.950786" lat="23.466338"><ele>3420.380611</ele><time>2026-09-14T23:40:29Z</time><extensions><speed>0.322601</speed><course>287.350411</course><hAcc>1.679630</hAcc><vAcc>0.690283</vAcc></extensions></trkpt>
      <trkpt lon="120.950782" lat="23.466338"><ele>3420.265838</ele><time>2026-09-14T23:40:30Z</time><extensions><speed>0.440634</speed><course>283.701915</course><hAcc>1.696995</hAcc><vAcc>0.690283</vAcc></extensions></trkpt>
      <trkpt lon="120.950777" lat="23.466339"><ele>3420.152975</ele><time>2026-09-14T23:40:31Z</time><extensions><speed>0.595504</speed><course>281.069775</course><hAcc>1.684501</hAcc><vAcc>0.690283</vAcc></extensions></trkpt>
      <trkpt lon="120.950771" lat="23.466340"><ele>3420.043028</ele><time>2026-09-14T23:40:32Z</time><extensions><speed>0.635234</speed><course>279.172584</course><hAcc>1.667286</hAcc><vAcc>0.690283</vAcc></extensions></trkpt>
      <trkpt lon="120.950765" lat="23.466341"><ele>3419.936475</ele><time>2026-09-14T23:40:33Z</time><extensions><speed>0.544022</speed><course>278.958391</course><hAcc>1.667975</hAcc><vAcc>0.690283</vAcc></extensions></trkpt>
      <trkpt lon="120.950761" lat="23.466342"><ele>3419.833534</ele><time>2026-09-14T23:40:34Z</time><extensions><speed>0.433683</speed><course>279.308788</course><hAcc>1.675356</hAcc><vAcc>0.690283</vAcc></extensions></trkpt>
      <trkpt lon="120.950756" lat="23.466343"><ele>3419.733985</ele><time>2026-09-14T23:40:35Z</time><extensions><speed>0.411830</speed><course>279.690528</course><hAcc>1.672545</hAcc><vAcc>0.690283</vAcc></extensions></trkpt>
      <trkpt lon="120.950753" lat="23.466343"><ele>3419.637131</ele><time>2026-09-14T23:40:36Z</time><extensions><speed>0.345938</speed><course>280.468809</course><hAcc>1.692540</hAcc><vAcc>0.690283</vAcc></extensions></trkpt>
      <trkpt lon="120.950750" lat="23.466344"><ele>3419.541838</ele><time>2026-09-14T23:40:37Z</time><extensions><speed>0.302125</speed><course>276.367662</course><hAcc>1.679652</hAcc><vAcc>0.690283</vAcc></extensions></trkpt>
      <trkpt lon="120.950747" lat="23.466344"><ele>3419.446757</ele><time>2026-09-14T23:40:38Z</time><extensions><speed>0.358314</speed><course>277.013453</course><hAcc>1.685226</hAcc><vAcc>0.690283</vAcc></extensions></trkpt>
      <trkpt lon="120.950743" lat="23.466344"><ele>3419.350393</ele><time>2026-09-14T23:40:39Z</time><extensions><speed>0.452978</speed><course>279.731711</course><hAcc>1.695099</hAcc><vAcc>0.690283</vAcc></extensions></trkpt>
      <trkpt lon="120.950738" lat="23.466346"><ele>3419.251351</ele><time>2026-09-14T23:40:40Z</time><extensions><speed>0.608535</speed><course>284.918339</course><hAcc>1.696792</hAcc><vAcc>0.690283</vAcc></extensions></trkpt>
      <trkpt lon="120.950732" lat="23.466347"><ele>3419.148545</ele><time>2026-09-14T23:40:41Z</time><extensions><speed>0.654442</speed><course>289.472644</course><hAcc>1.692244</hAcc><vAcc>0.690283</vAcc></extensions></trkpt>
      <trkpt lon="120.950726" lat="23.466349"><ele>3419.041456</ele><time>2026-09-14T23:40:42Z</time><extensions><speed>0.546010</speed><course>292.095833</course><hAcc>1.690157</hAcc><vAcc>0.690283</vAcc></extensions></trkpt>
      <trkpt lon="120.950721" lat="23.466351"><ele>3418.929966</ele><time>2026-09-14T23:40:43Z</time><extensions><speed>0.510682</speed><course>290.416419</course><hAcc>1.672897</hAcc><vAcc>0.690283</vAcc></extensions></trkpt>
      <trkpt lon="120.950717" lat="23.466352"><ele>3418.814477</ele><time>2026-09-14T23:40:44Z</time><extensions><speed>0.447024</speed><course>287.670737</course><hAcc>1.693729</hAcc><vAcc>0.690283</vAcc></extensions></trkpt>
      <trkpt lon="120.950713" lat="23.466353"><ele>3418.695685</ele><time>2026-09-14T23:40:45Z</time><extensions><speed>0.407176</speed><course>286.270251</course><hAcc>1.731394</hAcc><vAcc>0.690283</vAcc></extensions></trkpt>
      <trkpt lon="120.950709" lat="23.466354"><ele>3418.574121</ele><time>2026-09-14T23:40:46Z</time><extensions><speed>0.341255</speed><course>277.793858</course><hAcc>1.703438</hAcc><vAcc>0.690283</vAcc></extensions></trkpt>
      <trkpt lon="120.950705" lat="23.466354"><ele>3418.450305</ele><time>2026-09-14T23:40:47Z</time><extensions><speed>0.416059</speed><course>267.020435</course><hAcc>1.667777</hAcc><vAcc>0.690283</vAcc></extensions></trkpt>
      <trkpt lon="120.950700" lat="23.466354"><ele>3418.324185</ele><time>2026-09-14T23:40:48Z</time><extensions><speed>0.589438</speed><course>266.737095</course><hAcc>1.677452</hAcc><vAcc>0.690283</vAcc></extensions></trkpt>
      <trkpt lon="120.950694" lat="23.466353"><ele>3418.195230</ele><time>2026-09-14T23:40:49Z</time><extensions><speed>0.665574</speed><course>266.878028</course><hAcc>1.698564</hAcc><vAcc>0.690283</vAcc></extensions></trkpt>
      <trkpt lon="120.950687" lat="23.466353"><ele>3418.062527</ele><time>2026-09-14T23:40:50Z</time><extensions><speed>0.873429</speed><course>268.228484</course><hAcc>1.697193</hAcc><vAcc>0.690283</vAcc></extensions></trkpt>
      <trkpt lon="120.950678" lat="23.466353"><ele>3417.924967</ele><time>2026-09-14T23:40:51Z</time><extensions><speed>0.931747</speed><course>271.411126</course><hAcc>1.710754</hAcc><vAcc>0.690283</vAcc></extensions></trkpt>
      <trkpt lon="120.950669" lat="23.466353"><ele>3417.781305</ele><time>2026-09-14T23:40:52Z</time><extensions><speed>0.858236</speed><course>270.900164</course><hAcc>1.698618</hAcc><vAcc>0.690283</vAcc></extensions></trkpt>
      <trkpt lon="120.950661" lat="23.466353"><ele>3417.630535</ele><time>2026-09-14T23:40:53Z</time><extensions><speed>0.731549</speed><course>270.528814</course><hAcc>1.688704</hAcc><vAcc>0.690283</vAcc></extensions></trkpt>
      <trkpt lon="120.950655" lat="23.466353"><ele>3417.472012</ele><time>2026-09-14T23:40:54Z</time><extensions><speed>0.625509</speed><course>270.606969</course><hAcc>1.676493</hAcc><vAcc>0.690283</vAcc></extensions></trkpt>
      <trkpt lon="120.950648" lat="23.466354"><ele>3417.305525</ele><time>2026-09-14T23:40:55Z</time><extensions><speed>0.696346</speed><course>274.525078</course><hAcc>1.673376</hAcc><vAcc>0.690283</vAcc></extensions></trkpt>
      <trkpt lon="120.950641" lat="23.466354"><ele>3417.131588</ele><time>2026-09-14T23:40:56Z</time><extensions><speed>0.803268</speed><course>278.528879</course><hAcc>1.672585</hAcc><vAcc>0.690283</vAcc></extensions></trkpt>
      <trkpt lon="120.950633" lat="23.466356"><ele>3416.951277</ele><time>2026-09-14T23:40:57Z</time><extensions><speed>0.886952</speed><course>281.866015</course><hAcc>1.675476</hAcc><vAcc>0.690283</vAcc></extensions></trkpt>
      <trkpt lon="120.950624" lat="23.466357"><ele>3416.766176</ele><time>2026-09-14T23:40:58Z</time><extensions><speed>0.858457</speed><course>282.776365</course><hAcc>1.662063</hAcc><vAcc>0.690283</vAcc></extensions></trkpt>
      <trkpt lon="120.950617" lat="23.466359"><ele>3416.578167</ele><time>2026-09-14T23:40:59Z</time><extensions><speed>0.751701</speed><course>281.340453</course><hAcc>1.640007</hAcc><vAcc>0.690283</vAcc></extensions></trkpt>
      <trkpt lon="120.950610" lat="23.466360"><ele>3416.389121</ele><time>2026-09-14T23:41:00Z</time><extensions><speed>0.677476</speed><course>278.953246</course><hAcc>1.634042</hAcc><vAcc>0.690283</vAcc></extensions></trkpt>
      <trkpt lon="120.950603" lat="23.466361"><ele>3416.200642</ele><time>2026-09-14T23:41:01Z</time><extensions><speed>0.801140</speed><course>276.596693</course><hAcc>1.617677</hAcc><vAcc>0.690283</vAcc></extensions></trkpt>
      <trkpt lon="120.950594" lat="23.466362"><ele>3416.013983</ele><time>2026-09-14T23:41:02Z</time><extensions><speed>0.934047</speed><course>274.807962</course><hAcc>1.617922</hAcc><vAcc>0.690282</vAcc></extensions></trkpt>
      <trkpt lon="120.950585" lat="23.466362"><ele>3415.829967</ele><time>2026-09-14T23:41:03Z</time><extensions><speed>0.922886</speed><course>274.580516</course><hAcc>1.619972</hAcc><vAcc>0.690282</vAcc></extensions></trkpt>
      <trkpt lon="120.950576" lat="23.466363"><ele>3415.648989</ele><time>2026-09-14T23:41:04Z</time><extensions><speed>0.920380</speed><course>275.186619</course><hAcc>1.617939</hAcc><vAcc>0.690282</vAcc></extensions></trkpt>
      <trkpt lon="120.950567" lat="23.466364"><ele>3415.471165</ele><time>2026-09-14T23:41:05Z</time><extensions><speed>1.035315</speed><course>276.090999</course><hAcc>1.615935</hAcc><vAcc>0.690282</vAcc></extensions></trkpt>
      <trkpt lon="120.950556" lat="23.466365"><ele>3415.296091</ele><time>2026-09-14T23:41:06Z</time><extensions><speed>1.132651</speed><course>276.576793</course><hAcc>1.620283</hAcc><vAcc>0.690281</vAcc></extensions></trkpt>
      <trkpt lon="120.950545" lat="23.466366"><ele>3415.123089</ele><time>2026-09-14T23:41:07Z</time><extensions><speed>1.136739</speed><course>276.881573</course><hAcc>1.626063</hAcc><vAcc>0.690282</vAcc></extensions></trkpt>
      <trkpt lon="120.950535" lat="23.466367"><ele>3414.951347</ele><time>2026-09-14T23:41:08Z</time><extensions><speed>1.021440</speed><course>276.997315</course><hAcc>1.625124</hAcc><vAcc>0.690282</vAcc></extensions></trkpt>
      <trkpt lon="120.950526" lat="23.466368"><ele>3414.780112</ele><time>2026-09-14T23:41:09Z</time><extensions><speed>0.746383</speed><course>276.757281</course><hAcc>1.611863</hAcc><vAcc>0.690282</vAcc></extensions></trkpt>
      <trkpt lon="120.950520" lat="23.466369"><ele>3414.608606</ele><time>2026-09-14T23:41:10Z</time><extensions><speed>0.513941</speed><course>276.616558</course><hAcc>1.623317</hAcc><vAcc>0.690283</vAcc></extensions></trkpt>
      <trkpt lon="120.950516" lat="23.466369"><ele>3414.436192</ele><time>2026-09-14T23:41:11Z</time><extensions><speed>0.291658</speed><course>276.427398</course><hAcc>1.651415</hAcc><vAcc>0.690283</vAcc></extensions></trkpt>
      <trkpt lon="120.950513" lat="23.466370"><ele>3414.262369</ele><time>2026-09-14T23:41:12Z</time><extensions><speed>0.223386</speed><course>276.357079</course><hAcc>1.649436</hAcc><vAcc>0.690283</vAcc></extensions></trkpt>
      <trkpt lon="120.950511" lat="23.466370"><ele>3414.086795</ele><time>2026-09-14T23:41:13Z</time><extensions><speed>0.231160</speed><course>276.587874</course><hAcc>1.637304</hAcc><vAcc>0.690283</vAcc></extensions></trkpt>
      <trkpt lon="120.950509" lat="23.466370"><ele>3413.909323</ele><time>2026-09-14T23:41:14Z</time><extensions><speed>0.260585</speed><course>276.557164</course><hAcc>1.617811</hAcc><vAcc>0.690283</vAcc></extensions></trkpt>
      <trkpt lon="120.950506" lat="23.466370"><ele>3413.730135</ele><time>2026-09-14T23:41:15Z</time><extensions><speed>0.354687</speed><course>276.794010</course><hAcc>1.622499</hAcc><vAcc>0.690283</vAcc></extensions></trkpt>
      <trkpt lon="120.950502" lat="23.466371"><ele>3413.549710</ele><time>2026-09-14T23:41:16Z</time><extensions><speed>0.505731</speed><course>276.642361</course><hAcc>1.633109</hAcc><vAcc>0.690283</vAcc></extensions></trkpt>
      <trkpt lon="120.950496" lat="23.466371"><ele>3413.368690</ele><time>2026-09-14T23:41:17Z</time><extensions><speed>0.525597</speed><course>275.543516</course><hAcc>1.657006</hAcc><vAcc>0.690283</vAcc></extensions></trkpt>
      <trkpt lon="120.950492" lat="23.466372"><ele>3413.187726</ele><time>2026-09-14T23:41:18Z</time><extensions><speed>0.415075</speed><course>275.346372</course><hAcc>1.651184</hAcc><vAcc>0.690283</vAcc></extensions></trkpt>
      <trkpt lon="120.950488" lat="23.466372"><ele>3413.007094</ele><time>2026-09-14T23:41:19Z</time><extensions><speed>0.411118</speed><course>275.212739</course><hAcc>1.639789</hAcc><vAcc>0.690282</vAcc></extensions></trkpt>
      <trkpt lon="120.950484" lat="23.466373"><ele>3412.826892</ele><time>2026-09-14T23:41:20Z</time><extensions><speed>0.433606</speed><course>275.157745</course><hAcc>1.646759</hAcc><vAcc>0.690282</vAcc></extensions></trkpt>
      <trkpt lon="120.950479" lat="23.466373"><ele>3412.646843</ele><time>2026-09-14T23:41:21Z</time><extensions><speed>0.412587</speed><course>275.174407</course><hAcc>1.662079</hAcc><vAcc>0.690282</vAcc></extensions></trkpt>
      <trkpt lon="120.950475" lat="23.466373"><ele>3412.466322</ele><time>2026-09-14T23:41:22Z</time><extensions><speed>0.429675</speed><course>275.171433</course><hAcc>1.674251</hAcc><vAcc>0.690282</vAcc></extensions></trkpt>
      <trkpt lon="120.950471" lat="23.466374"><ele>3412.284546</ele><time>2026-09-14T23:41:23Z</time><extensions><speed>0.389797</speed><course>275.149220</course><hAcc>1.679826</hAcc><vAcc>0.690282</vAcc></extensions></trkpt>
      <trkpt lon="120.950467" lat="23.466374"><ele>3412.100666</ele><time>2026-09-14T23:41:24Z</time><extensions><speed>0.435484</speed><course>274.923562</course><hAcc>1.681166</hAcc><vAcc>0.690282</vAcc></extensions></trkpt>
      <trkpt lon="120.950462" lat="23.466374"><ele>3411.913786</ele><time>2026-09-14T23:41:25Z</time><extensions><speed>0.575096</speed><course>274.508585</course><hAcc>1.680594</hAcc><vAcc>0.690282</vAcc></extensions></trkpt>
      <trkpt lon="120.950456" lat="23.466375"><ele>3411.723080</ele><time>2026-09-14T23:41:26Z</time><extensions><speed>0.719781</speed><course>273.788938</course><hAcc>1.697440</hAcc><vAcc>0.690282</vAcc></extensions></trkpt>
      <trkpt lon="120.950449" lat="23.466375"><ele>3411.527897</ele><time>2026-09-14T23:41:27Z</time><extensions><speed>0.711461</speed><course>272.006600</course><hAcc>1.731346</hAcc><vAcc>0.690282</vAcc></extensions></trkpt>
      <trkpt lon="120.950443" lat="23.466375"><ele>3411.327708</ele><time>2026-09-14T23:41:28Z</time><extensions><speed>0.494797</speed><course>272.497743</course><hAcc>1.707746</hAcc><vAcc>0.690282</vAcc></extensions></trkpt>
      <trkpt lon="120.950439" lat="23.466375"><ele>3411.122514</ele><time>2026-09-14T23:41:29Z</time><extensions><speed>0.350066</speed><course>272.783286</course><hAcc>1.700566</hAcc><vAcc>0.690282</vAcc></extensions></trkpt>
      <trkpt lon="120.950436" lat="23.466376"><ele>3410.912689</ele><time>2026-09-14T23:41:30Z</time><extensions><speed>0.267236</speed><course>272.637255</course><hAcc>1.715957</hAcc><vAcc>0.690282</vAcc></extensions></trkpt>
      <trkpt lon="120.950433" lat="23.466376"><ele>3410.699032</ele><time>2026-09-14T23:41:31Z</time><extensions><speed>0.265927</speed><course>271.815575</course><hAcc>1.733631</hAcc><vAcc>0.690282</vAcc></extensions></trkpt>
      <trkpt lon="120.950431" lat="23.466376"><ele>3410.482828</ele><time>2026-09-14T23:41:32Z</time><extensions><speed>0.261075</speed><course>271.402671</course><hAcc>1.744544</hAcc><vAcc>0.690283</vAcc></extensions></trkpt>
      <trkpt lon="120.950428" lat="23.466376"><ele>3410.265503</ele><time>2026-09-14T23:41:33Z</time><extensions><speed>0.253259</speed><course>271.199433</course><hAcc>1.749290</hAcc><vAcc>0.690283</vAcc></extensions></trkpt>
      <trkpt lon="120.950426" lat="23.466376"><ele>3410.048593</ele><time>2026-09-14T23:41:34Z</time><extensions><speed>0.190667</speed><course>272.150847</course><hAcc>1.751506</hAcc><vAcc>0.690283</vAcc></extensions></trkpt>
      <trkpt lon="120.950424" lat="23.466376"><ele>3409.833576</ele><time>2026-09-14T23:41:35Z</time><extensions><speed>0.165045</speed><course>273.735984</course><hAcc>1.753176</hAcc><vAcc>0.690283</vAcc></extensions></trkpt>
      <trkpt lon="120.950423" lat="23.466376"><ele>3409.621758</ele><time>2026-09-14T23:41:36Z</time><extensions><speed>0.136553</speed><course>276.510311</course><hAcc>1.754176</hAcc><vAcc>0.690283</vAcc></extensions></trkpt>
      <trkpt lon="120.950421" lat="23.466376"><ele>3409.414220</ele><time>2026-09-14T23:41:37Z</time><extensions><speed>0.178530</speed><course>277.814402</course><hAcc>1.754262</hAcc><vAcc>0.690283</vAcc></extensions></trkpt>
      <trkpt lon="120.950419" lat="23.466377"><ele>3409.211793</ele><time>2026-09-14T23:41:38Z</time><extensions><speed>0.275579</speed><course>277.778803</course><hAcc>1.754543</hAcc><vAcc>0.690283</vAcc></extensions></trkpt>
      <trkpt lon="120.950416" lat="23.466377"><ele>3409.014824</ele><time>2026-09-14T23:41:39Z</time><extensions><speed>0.382186</speed><course>278.489963</course><hAcc>1.756268</hAcc><vAcc>0.690283</vAcc></extensions></trkpt>
      <trkpt lon="120.950412" lat="23.466378"><ele>3408.823232</ele><time>2026-09-14T23:41:40Z</time><extensions><speed>0.470108</speed><course>280.127293</course><hAcc>1.758072</hAcc><vAcc>0.690283</vAcc></extensions></trkpt>
      <trkpt lon="120.950407" lat="23.466379"><ele>3408.636624</ele><time>2026-09-14T23:41:41Z</time><extensions><speed>0.480039</speed><course>283.759743</course><hAcc>1.760083</hAcc><vAcc>0.690283</vAcc></extensions></trkpt>
      <trkpt lon="120.950403" lat="23.466380"><ele>3408.454272</ele><time>2026-09-14T23:41:42Z</time><extensions><speed>0.499014</speed><course>286.553600</course><hAcc>1.762276</hAcc><vAcc>0.690283</vAcc></extensions></trkpt>
      <trkpt lon="120.950398" lat="23.466381"><ele>3408.275194</ele><time>2026-09-14T23:41:43Z</time><extensions><speed>0.540181</speed><course>287.839059</course><hAcc>1.763734</hAcc><vAcc>0.690283</vAcc></extensions></trkpt>
      <trkpt lon="120.950393" lat="23.466383"><ele>3408.098314</ele><time>2026-09-14T23:41:44Z</time><extensions><speed>0.522726</speed><course>289.563767</course><hAcc>1.768222</hAcc><vAcc>0.690283</vAcc></extensions></trkpt>
      <trkpt lon="120.950388" lat="23.466384"><ele>3407.922551</ele><time>2026-09-14T23:41:45Z</time><extensions><speed>0.524196</speed><course>289.886669</course><hAcc>1.770145</hAcc><vAcc>0.690283</vAcc></extensions></trkpt>
      <trkpt lon="120.950383" lat="23.466386"><ele>3407.746776</ele><time>2026-09-14T23:41:46Z</time><extensions><speed>0.536645</speed><course>291.653269</course><hAcc>1.770753</hAcc><vAcc>0.690283</vAcc></extensions></trkpt>
      <trkpt lon="120.950379" lat="23.466388"><ele>3407.570259</ele><time>2026-09-14T23:41:47Z</time><extensions><speed>0.477605</speed><course>297.910382</course><hAcc>1.775115</hAcc><vAcc>0.690283</vAcc></extensions></trkpt>
      <trkpt lon="120.950375" lat="23.466390"><ele>3407.392506</ele><time>2026-09-14T23:41:48Z</time><extensions><speed>0.460240</speed><course>300.829545</course><hAcc>1.778331</hAcc><vAcc>0.690283</vAcc></extensions></trkpt>
      <trkpt lon="120.950371" lat="23.466392"><ele>3407.213506</ele><time>2026-09-14T23:41:49Z</time><extensions><speed>0.429187</speed><course>302.350767</course><hAcc>1.776889</hAcc><vAcc>0.690283</vAcc></extensions></trkpt>
      <trkpt lon="120.950367" lat="23.466394"><ele>3407.033838</ele><time>2026-09-14T23:41:50Z</time><extensions><speed>0.427313</speed><course>297.346795</course><hAcc>1.769392</hAcc><vAcc>0.690283</vAcc></extensions></trkpt>
      <trkpt lon="120.950363" lat="23.466396"><ele>3406.854295</ele><time>2026-09-14T23:41:51Z</time><extensions><speed>0.443392</speed><course>288.169010</course><hAcc>1.761933</hAcc><vAcc>0.690283</vAcc></extensions></trkpt>
      <trkpt lon="120.950359" lat="23.466397"><ele>3406.676157</ele><time>2026-09-14T23:41:52Z</time><extensions><speed>0.512139</speed><course>278.661252</course><hAcc>1.763390</hAcc><vAcc>0.690283</vAcc></extensions></trkpt>
      <trkpt lon="120.950354" lat="23.466397"><ele>3406.500828</ele><time>2026-09-14T23:41:53Z</time><extensions><speed>0.508902</speed><course>274.767369</course><hAcc>1.773552</hAcc><vAcc>0.690283</vAcc></extensions></trkpt>
      <trkpt lon="120.950349" lat="23.466398"><ele>3406.329706</ele><time>2026-09-14T23:41:54Z</time><extensions><speed>0.491785</speed><course>275.409805</course><hAcc>1.759916</hAcc><vAcc>0.690283</vAcc></extensions></trkpt>
      <trkpt lon="120.950344" lat="23.466398"><ele>3406.164158</ele><time>2026-09-14T23:41:55Z</time><extensions><speed>0.565492</speed><course>275.098789</course><hAcc>1.761270</hAcc><vAcc>0.690283</vAcc></extensions></trkpt>
      <trkpt lon="120.950338" lat="23.466399"><ele>3406.005288</ele><time>2026-09-14T23:41:56Z</time><extensions><speed>0.599035</speed><course>280.604843</course><hAcc>1.770143</hAcc><vAcc>0.690283</vAcc></extensions></trkpt>
      <trkpt lon="120.950332" lat="23.466400"><ele>3405.854023</ele><time>2026-09-14T23:41:57Z</time><extensions><speed>0.552330</speed><course>290.713343</course><hAcc>1.765584</hAcc><vAcc>0.690283</vAcc></extensions></trkpt>
      <trkpt lon="120.950327" lat="23.466402"><ele>3405.711014</ele><time>2026-09-14T23:41:58Z</time><extensions><speed>0.604109</speed><course>291.104354</course><hAcc>1.759540</hAcc><vAcc>0.690283</vAcc></extensions></trkpt>
      <trkpt lon="120.950321" lat="23.466404"><ele>3405.576570</ele><time>2026-09-14T23:41:59Z</time><extensions><speed>0.648105</speed><course>286.528524</course><hAcc>1.757348</hAcc><vAcc>0.690283</vAcc></extensions></trkpt>
      <trkpt lon="120.950315" lat="23.466405"><ele>3405.450642</ele><time>2026-09-14T23:42:00Z</time><extensions><speed>0.722763</speed><course>279.387021</course><hAcc>1.750063</hAcc><vAcc>0.690283</vAcc></extensions></trkpt>
      <trkpt lon="120.950307" lat="23.466406"><ele>3405.332886</ele><time>2026-09-14T23:42:01Z</time><extensions><speed>0.819581</speed><course>272.241799</course><hAcc>1.740720</hAcc><vAcc>0.690283</vAcc></extensions></trkpt>
      <trkpt lon="120.950299" lat="23.466405"><ele>3405.222654</ele><time>2026-09-14T23:42:02Z</time><extensions><speed>0.863736</speed><course>265.711227</course><hAcc>1.741493</hAcc><vAcc>0.690283</vAcc></extensions></trkpt>
      <trkpt lon="120.950291" lat="23.466404"><ele>3405.119120</ele><time>2026-09-14T23:42:03Z</time><extensions><speed>0.805279</speed><course>260.265949</course><hAcc>1.748811</hAcc><vAcc>0.690283</vAcc></extensions></trkpt>
      <trkpt lon="120.950283" lat="23.466403"><ele>3405.021414</ele><time>2026-09-14T23:42:04Z</time><extensions><speed>0.831833</speed><course>252.714619</course><hAcc>1.737041</hAcc><vAcc>0.690283</vAcc></extensions></trkpt>
      <trkpt lon="120.950276" lat="23.466400"><ele>3404.928564</ele><time>2026-09-14T23:42:05Z</time><extensions><speed>0.810751</speed><course>241.616854</course><hAcc>1.723039</hAcc><vAcc>0.690283</vAcc></extensions></trkpt>
      <trkpt lon="120.950269" lat="23.466395"><ele>3404.839575</ele><time>2026-09-14T23:42:06Z</time><extensions><speed>0.928684</speed><course>230.153821</course><hAcc>1.701763</hAcc><vAcc>0.690283</vAcc></extensions></trkpt>
      <trkpt lon="120.950263" lat="23.466389"><ele>3404.753386</ele><time>2026-09-14T23:42:07Z</time><extensions><speed>0.957993</speed><course>221.062878</course><hAcc>1.688874</hAcc><vAcc>0.690283</vAcc></extensions></trkpt>
      <trkpt lon="120.950257" lat="23.466383"><ele>3404.668915</ele><time>2026-09-14T23:42:08Z</time><extensions><speed>0.862169</speed><course>212.875406</course><hAcc>1.687659</hAcc><vAcc>0.690283</vAcc></extensions></trkpt>
      <trkpt lon="120.950253" lat="23.466376"><ele>3404.585148</ele><time>2026-09-14T23:42:09Z</time><extensions><speed>0.765880</speed><course>205.955048</course><hAcc>1.679858</hAcc><vAcc>0.690283</vAcc></extensions></trkpt>
      <trkpt lon="120.950250" lat="23.466370"><ele>3404.501272</ele><time>2026-09-14T23:42:10Z</time><extensions><speed>0.734711</speed><course>201.847100</course><hAcc>1.662422</hAcc><vAcc>0.690283</vAcc></extensions></trkpt>
      <trkpt lon="120.950248" lat="23.466364"><ele>3404.416620</ele><time>2026-09-14T23:42:11Z</time><extensions><speed>0.715561</speed><course>199.766854</course><hAcc>1.652006</hAcc><vAcc>0.690283</vAcc></extensions></trkpt>
      <trkpt lon="120.950245" lat="23.466358"><ele>3404.330746</ele><time>2026-09-14T23:42:12Z</time><extensions><speed>0.656737</speed><course>201.498719</course><hAcc>1.649368</hAcc><vAcc>0.690283</vAcc></extensions></trkpt>
      <trkpt lon="120.950243" lat="23.466352"><ele>3404.243484</ele><time>2026-09-14T23:42:13Z</time><extensions><speed>0.684547</speed><course>201.181331</course><hAcc>1.612517</hAcc><vAcc>0.690283</vAcc></extensions></trkpt>
      <trkpt lon="120.950241" lat="23.466347"><ele>3404.154837</ele><time>2026-09-14T23:42:14Z</time><extensions><speed>0.627523</speed><course>203.477672</course><hAcc>1.601065</hAcc><vAcc>0.690283</vAcc></extensions></trkpt>
      <trkpt lon="120.950238" lat="23.466342"><ele>3404.065084</ele><time>2026-09-14T23:42:15Z</time><extensions><speed>0.451868</speed><course>209.381271</course><hAcc>1.625796</hAcc><vAcc>0.690283</vAcc></extensions></trkpt>
      <trkpt lon="120.950236" lat="23.466338"><ele>3403.974670</ele><time>2026-09-14T23:42:16Z</time><extensions><speed>0.602438</speed><course>212.816708</course><hAcc>1.607750</hAcc><vAcc>0.690283</vAcc></extensions></trkpt>
      <trkpt lon="120.950232" lat="23.466333"><ele>3403.884178</ele><time>2026-09-14T23:42:17Z</time><extensions><speed>0.764965</speed><course>214.566072</course><hAcc>1.602783</hAcc><vAcc>0.690283</vAcc></extensions></trkpt>
      <trkpt lon="120.950228" lat="23.466327"><ele>3403.794328</ele><time>2026-09-14T23:42:18Z</time><extensions><speed>0.842370</speed><course>213.609714</course><hAcc>1.595429</hAcc><vAcc>0.690283</vAcc></extensions></trkpt>
      <trkpt lon="120.950223" lat="23.466320"><ele>3403.705755</ele><time>2026-09-14T23:42:19Z</time><extensions><speed>0.915491</speed><course>211.545078</course><hAcc>1.580219</hAcc><vAcc>0.690283</vAcc></extensions></trkpt>
      <trkpt lon="120.950219" lat="23.466313"><ele>3403.619175</ele><time>2026-09-14T23:42:20Z</time><extensions><speed>0.990811</speed><course>212.315901</course><hAcc>1.595285</hAcc><vAcc>0.690283</vAcc></extensions></trkpt>
      <trkpt lon="120.950213" lat="23.466305"><ele>3403.535217</ele><time>2026-09-14T23:42:21Z</time><extensions><speed>1.045986</speed><course>213.080183</course><hAcc>1.603052</hAcc><vAcc>0.690283</vAcc></extensions></trkpt>
      <trkpt lon="120.950208" lat="23.466298"><ele>3403.454338</ele><time>2026-09-14T23:42:22Z</time><extensions><speed>0.880675</speed><course>212.420781</course><hAcc>1.600759</hAcc><vAcc>0.690283</vAcc></extensions></trkpt>
      <trkpt lon="120.950205" lat="23.466292"><ele>3403.376953</ele><time>2026-09-14T23:42:23Z</time><extensions><speed>0.571334</speed><course>208.562798</course><hAcc>1.596135</hAcc><vAcc>0.690283</vAcc></extensions></trkpt>
      <trkpt lon="120.950202" lat="23.466288"><ele>3403.303352</ele><time>2026-09-14T23:42:24Z</time><extensions><speed>0.568542</speed><course>206.018994</course><hAcc>1.587003</hAcc><vAcc>0.690283</vAcc></extensions></trkpt>
      <trkpt lon="120.950200" lat="23.466283"><ele>3403.233812</ele><time>2026-09-14T23:42:25Z</time><extensions><speed>0.618464</speed><course>206.143257</course><hAcc>1.597434</hAcc><vAcc>0.690283</vAcc></extensions></trkpt>
      <trkpt lon="120.950197" lat="23.466278"><ele>3403.168603</ele><time>2026-09-14T23:42:26Z</time><extensions><speed>0.555587</speed><course>201.002318</course><hAcc>1.589545</hAcc><vAcc>0.690283</vAcc></extensions></trkpt>
      <trkpt lon="120.950195" lat="23.466273"><ele>3403.107932</ele><time>2026-09-14T23:42:27Z</time><extensions><speed>0.624789</speed><course>202.144520</course><hAcc>1.588810</hAcc><vAcc>0.690283</vAcc></extensions></trkpt>
      <trkpt lon="120.950193" lat="23.466269"><ele>3403.052070</ele><time>2026-09-14T23:42:28Z</time><extensions><speed>0.483700</speed><course>207.419586</course><hAcc>1.633884</hAcc><vAcc>0.690283</vAcc></extensions></trkpt>
      <trkpt lon="120.950192" lat="23.466265"><ele>3403.001147</ele><time>2026-09-14T23:42:29Z</time><extensions><speed>0.274232</speed><course>195.756925</course><hAcc>1.637437</hAcc><vAcc>0.690283</vAcc></extensions></trkpt>
      <trkpt lon="120.950191" lat="23.466263"><ele>3402.955166</ele><time>2026-09-14T23:42:30Z</time><extensions><speed>0.171433</speed><course>170.149460</course><hAcc>1.614239</hAcc><vAcc>0.690283</vAcc></extensions></trkpt>
      <trkpt lon="120.950192" lat="23.466262"><ele>3402.914041</ele><time>2026-09-14T23:42:31Z</time><extensions><speed>0.166950</speed><course>174.833562</course><hAcc>1.617711</hAcc><vAcc>0.690283</vAcc></extensions></trkpt>
      <trkpt lon="120.950191" lat="23.466260"><ele>3402.877647</ele><time>2026-09-14T23:42:32Z</time><extensions><speed>0.193609</speed><course>195.494404</course><hAcc>1.648806</hAcc><vAcc>0.690283</vAcc></extensions></trkpt>
      <trkpt lon="120.950190" lat="23.466258"><ele>3402.845690</ele><time>2026-09-14T23:42:33Z</time><extensions><speed>0.264027</speed><course>209.096705</course><hAcc>1.665781</hAcc><vAcc>0.690283</vAcc></extensions></trkpt>
      <trkpt lon="120.950189" lat="23.466256"><ele>3402.817906</ele><time>2026-09-14T23:42:34Z</time><extensions><speed>0.260664</speed><course>213.833375</course><hAcc>1.675823</hAcc><vAcc>0.690283</vAcc></extensions></trkpt>
      <trkpt lon="120.950188" lat="23.466254"><ele>3402.793982</ele><time>2026-09-14T23:42:35Z</time><extensions><speed>0.254721</speed><course>217.518394</course><hAcc>1.679596</hAcc><vAcc>0.690283</vAcc></extensions></trkpt>
      <trkpt lon="120.950186" lat="23.466253"><ele>3402.773461</ele><time>2026-09-14T23:42:36Z</time><extensions><speed>0.246152</speed><course>220.365511</course><hAcc>1.680116</hAcc><vAcc>0.690283</vAcc></extensions></trkpt>
      <trkpt lon="120.950184" lat="23.466251"><ele>3402.755856</ele><time>2026-09-14T23:42:37Z</time><extensions><speed>0.316190</speed><course>223.666661</course><hAcc>1.691197</hAcc><vAcc>0.690283</vAcc></extensions></trkpt>
      <trkpt lon="120.950182" lat="23.466249"><ele>3402.740413</ele><time>2026-09-14T23:42:38Z</time><extensions><speed>0.353705</speed><course>225.747233</course><hAcc>1.702802</hAcc><vAcc>0.690283</vAcc></extensions></trkpt>
      <trkpt lon="120.950179" lat="23.466246"><ele>3402.726214</ele><time>2026-09-14T23:42:39Z</time><extensions><speed>0.335990</speed><course>228.233843</course><hAcc>1.690865</hAcc><vAcc>0.690283</vAcc></extensions></trkpt>
      <trkpt lon="120.950177" lat="23.466244"><ele>3402.712192</ele><time>2026-09-14T23:42:40Z</time><extensions><speed>0.326941</speed><course>231.060845</course><hAcc>1.691251</hAcc><vAcc>0.690283</vAcc></extensions></trkpt>
      <trkpt lon="120.950174" lat="23.466243"><ele>3402.697190</ele><time>2026-09-14T23:42:41Z</time><extensions><speed>0.352810</speed><course>232.913311</course><hAcc>1.695299</hAcc><vAcc>0.690283</vAcc></extensions></trkpt>
      <trkpt lon="120.950171" lat="23.466241"><ele>3402.680108</ele><time>2026-09-14T23:42:42Z</time><extensions><speed>0.386168</speed><course>234.177724</course><hAcc>1.705725</hAcc><vAcc>0.690283</vAcc></extensions></trkpt>
      <trkpt lon="120.950168" lat="23.466239"><ele>3402.660058</ele><time>2026-09-14T23:42:43Z</time><extensions><speed>0.368523</speed><course>235.217634</course><hAcc>1.710818</hAcc><vAcc>0.690283</vAcc></extensions></trkpt>
      <trkpt lon="120.950165" lat="23.466237"><ele>3402.636423</ele><time>2026-09-14T23:42:44Z</time><extensions><speed>0.411745</speed><course>236.315970</course><hAcc>1.710496</hAcc><vAcc>0.690283</vAcc></extensions></trkpt>
      <trkpt lon="120.950161" lat="23.466235"><ele>3402.608902</ele><time>2026-09-14T23:42:45Z</time><extensions><speed>0.440667</speed><course>237.823674</course><hAcc>1.705248</hAcc><vAcc>0.690283</vAcc></extensions></trkpt>
      <trkpt lon="120.950157" lat="23.466232"><ele>3402.577511</ele><time>2026-09-14T23:42:46Z</time><extensions><speed>0.464426</speed><course>240.116643</course><hAcc>1.696754</hAcc><vAcc>0.690283</vAcc></extensions></trkpt>
      <trkpt lon="120.950153" lat="23.466231"><ele>3402.542538</ele><time>2026-09-14T23:42:47Z</time><extensions><speed>0.462533</speed><course>243.188786</course><hAcc>1.703598</hAcc><vAcc>0.690283</vAcc></extensions></trkpt>
      <trkpt lon="120.950149" lat="23.466229"><ele>3402.504464</ele><time>2026-09-14T23:42:48Z</time><extensions><speed>0.484002</speed><course>247.737718</course><hAcc>1.705952</hAcc><vAcc>0.690283</vAcc></extensions></trkpt>
      <trkpt lon="120.950145" lat="23.466227"><ele>3402.463864</ele><time>2026-09-14T23:42:49Z</time><extensions><speed>0.465055</speed><course>252.332668</course><hAcc>1.707957</hAcc><vAcc>0.690283</vAcc></extensions></trkpt>
      <trkpt lon="120.950140" lat="23.466226"><ele>3402.421291</ele><time>2026-09-14T23:42:50Z</time><extensions><speed>0.475768</speed><course>257.839032</course><hAcc>1.708698</hAcc><vAcc>0.690283</vAcc></extensions></trkpt>
      <trkpt lon="120.950135" lat="23.466226"><ele>3402.377378</ele><time>2026-09-14T23:42:51Z</time><extensions><speed>0.506955</speed><course>265.102308</course><hAcc>1.708227</hAcc><vAcc>0.690283</vAcc></extensions></trkpt>
      <trkpt lon="120.950130" lat="23.466226"><ele>3402.332670</ele><time>2026-09-14T23:42:52Z</time><extensions><speed>0.488275</speed><course>274.636146</course><hAcc>1.708143</hAcc><vAcc>0.690283</vAcc></extensions></trkpt>
      <trkpt lon="120.950126" lat="23.466227"><ele>3402.287616</ele><time>2026-09-14T23:42:53Z</time><extensions><speed>0.487672</speed><course>286.659637</course><hAcc>1.710440</hAcc><vAcc>0.690283</vAcc></extensions></trkpt>
      <trkpt lon="120.950121" lat="23.466229"><ele>3402.242577</ele><time>2026-09-14T23:42:54Z</time><extensions><speed>0.491018</speed><course>301.793778</course><hAcc>1.717068</hAcc><vAcc>0.690283</vAcc></extensions></trkpt>
      <trkpt lon="120.950118" lat="23.466232"><ele>3402.197830</ele><time>2026-09-14T23:42:55Z</time><extensions><speed>0.525239</speed><course>317.736399</course><hAcc>1.722907</hAcc><vAcc>0.690283</vAcc></extensions></trkpt>
      <trkpt lon="120.950114" lat="23.466236"><ele>3402.153691</ele><time>2026-09-14T23:42:56Z</time><extensions><speed>0.640485</speed><course>329.841285</course><hAcc>1.717414</hAcc><vAcc>0.690283</vAcc></extensions></trkpt>
      <trkpt lon="120.950111" lat="23.466242"><ele>3402.110452</ele><time>2026-09-14T23:42:57Z</time><extensions><speed>0.728840</speed><course>337.075032</course><hAcc>1.718625</hAcc><vAcc>0.690283</vAcc></extensions></trkpt>
      <trkpt lon="120.950108" lat="23.466249"><ele>3402.068429</ele><time>2026-09-14T23:42:58Z</time><extensions><speed>0.816693</speed><course>340.238330</course><hAcc>1.717779</hAcc><vAcc>0.690283</vAcc></extensions></trkpt>
      <trkpt lon="120.950105" lat="23.466256"><ele>3402.027946</ele><time>2026-09-14T23:42:59Z</time><extensions><speed>0.896028</speed><course>339.990689</course><hAcc>1.712834</hAcc><vAcc>0.690283</vAcc></extensions></trkpt>
      <trkpt lon="120.950102" lat="23.466264"><ele>3401.989255</ele><time>2026-09-14T23:43:00Z</time><extensions><speed>0.953573</speed><course>338.363322</course><hAcc>1.705945</hAcc><vAcc>0.690283</vAcc></extensions></trkpt>
      <trkpt lon="120.950098" lat="23.466273"><ele>3401.952432</ele><time>2026-09-14T23:43:01Z</time><extensions><speed>0.999939</speed><course>335.110936</course><hAcc>1.690950</hAcc><vAcc>0.690283</vAcc></extensions></trkpt>
      <trkpt lon="120.950093" lat="23.466281"><ele>3401.917498</ele><time>2026-09-14T23:43:02Z</time><extensions><speed>1.034839</speed><course>332.160998</course><hAcc>1.663501</hAcc><vAcc>0.690283</vAcc></extensions></trkpt>
      <trkpt lon="120.950088" lat="23.466289"><ele>3401.884439</ele><time>2026-09-14T23:43:03Z</time><extensions><speed>0.979109</speed><course>330.045004</course><hAcc>1.639714</hAcc><vAcc>0.690283</vAcc></extensions></trkpt>
      <trkpt lon="120.950083" lat="23.466296"><ele>3401.853082</ele><time>2026-09-14T23:43:04Z</time><extensions><speed>0.858400</speed><course>328.051209</course><hAcc>1.626240</hAcc><vAcc>0.690283</vAcc></extensions></trkpt>
      <trkpt lon="120.950079" lat="23.466302"><ele>3401.823260</ele><time>2026-09-14T23:43:05Z</time><extensions><speed>0.666029</speed><course>326.580926</course><hAcc>1.627286</hAcc><vAcc>0.690283</vAcc></extensions></trkpt>
      <trkpt lon="120.950076" lat="23.466307"><ele>3401.794577</ele><time>2026-09-14T23:43:06Z</time><extensions><speed>0.624018</speed><course>324.005622</course><hAcc>1.618109</hAcc><vAcc>0.690283</vAcc></extensions></trkpt>
      <trkpt lon="120.950072" lat="23.466312"><ele>3401.766421</ele><time>2026-09-14T23:43:07Z</time><extensions><speed>0.675147</speed><course>320.134811</course><hAcc>1.608678</hAcc><vAcc>0.690283</vAcc></extensions></trkpt>
      <trkpt lon="120.950067" lat="23.466316"><ele>3401.737989</ele><time>2026-09-14T23:43:08Z</time><extensions><speed>0.668854</speed><course>318.332445</course><hAcc>1.598261</hAcc><vAcc>0.690283</vAcc></extensions></trkpt>
      <trkpt lon="120.950063" lat="23.466321"><ele>3401.708697</ele><time>2026-09-14T23:43:09Z</time><extensions><speed>0.740109</speed><course>316.339122</course><hAcc>1.569832</hAcc><vAcc>0.690282</vAcc></extensions></trkpt>
      <trkpt lon="120.950057" lat="23.466325"><ele>3401.677794</ele><time>2026-09-14T23:43:10Z</time><extensions><speed>0.788435</speed><course>314.296004</course><hAcc>1.551206</hAcc><vAcc>0.690282</vAcc></extensions></trkpt>
      <trkpt lon="120.950051" lat="23.466330"><ele>3401.644975</ele><time>2026-09-14T23:43:11Z</time><extensions><speed>0.856294</speed><course>312.712267</course><hAcc>1.549497</hAcc><vAcc>0.690283</vAcc></extensions></trkpt>
      <trkpt lon="120.950045" lat="23.466336"><ele>3401.610382</ele><time>2026-09-14T23:43:12Z</time><extensions><speed>0.984362</speed><course>312.619184</course><hAcc>1.543714</hAcc><vAcc>0.690283</vAcc></extensions></trkpt>
      <trkpt lon="120.950038" lat="23.466340"><ele>3401.574524</ele><time>2026-09-14T23:43:13Z</time><extensions><speed>0.756365</speed><course>311.038142</course><hAcc>1.540750</hAcc><vAcc>0.690283</vAcc></extensions></trkpt>
      <trkpt lon="120.950033" lat="23.466344"><ele>3401.538677</ele><time>2026-09-14T23:43:14Z</time><extensions><speed>0.626534</speed><course>306.865740</course><hAcc>1.515756</hAcc><vAcc>0.690283</vAcc></extensions></trkpt>
      <trkpt lon="120.950028" lat="23.466347"><ele>3401.504611</ele><time>2026-09-14T23:43:15Z</time><extensions><speed>0.559300</speed><course>306.813370</course><hAcc>1.522727</hAcc><vAcc>0.690283</vAcc></extensions></trkpt>
      <trkpt lon="120.950024" lat="23.466350"><ele>3401.474507</ele><time>2026-09-14T23:43:16Z</time><extensions><speed>0.637757</speed><course>306.304167</course><hAcc>1.515441</hAcc><vAcc>0.690284</vAcc></extensions></trkpt>
      <trkpt lon="120.950018" lat="23.466353"><ele>3401.450686</ele><time>2026-09-14T23:43:17Z</time><extensions><speed>0.677845</speed><course>299.057570</course><hAcc>1.491198</hAcc><vAcc>0.690284</vAcc></extensions></trkpt>
      <trkpt lon="120.950013" lat="23.466356"><ele>3401.435221</ele><time>2026-09-14T23:43:18Z</time><extensions><speed>0.525427</speed><course>305.377664</course><hAcc>1.551458</hAcc><vAcc>0.690284</vAcc></extensions></trkpt>
      <trkpt lon="120.950009" lat="23.466358"><ele>3401.429567</ele><time>2026-09-14T23:43:19Z</time><extensions><speed>0.412692</speed><course>290.553361</course><hAcc>1.534755</hAcc><vAcc>0.690284</vAcc></extensions></trkpt>
      <trkpt lon="120.950005" lat="23.466359"><ele>3401.434494</ele><time>2026-09-14T23:43:20Z</time><extensions><speed>0.461873</speed><course>279.609763</course><hAcc>1.515645</hAcc><vAcc>0.690284</vAcc></extensions></trkpt>
      <trkpt lon="120.950001" lat="23.466360"><ele>3401.449957</ele><time>2026-09-14T23:43:21Z</time><extensions><speed>0.446806</speed><course>278.959138</course><hAcc>1.545422</hAcc><vAcc>0.690284</vAcc></extensions></trkpt>
      <trkpt lon="120.949997" lat="23.466361"><ele>3401.475138</ele><time>2026-09-14T23:43:22Z</time><extensions><speed>0.435718</speed><course>289.586969</course><hAcc>1.589987</hAcc><vAcc>0.690284</vAcc></extensions></trkpt>
      <trkpt lon="120.949994" lat="23.466361"><ele>3401.509564</ele><time>2026-09-14T23:43:23Z</time><extensions><speed>0.172607</speed><course>251.786515</course><hAcc>1.614516</hAcc><vAcc>0.690292</vAcc></extensions></trkpt>
      <trkpt lon="120.949993" lat="23.466360"><ele>3401.549792</ele><time>2026-09-14T23:43:24Z</time><extensions><speed>0.292154</speed><course>160.128316</course><hAcc>1.642429</hAcc><vAcc>0.690292</vAcc></extensions></trkpt>
      <trkpt lon="120.949994" lat="23.466358"><ele>3401.595520</ele><time>2026-09-14T23:43:25Z</time><extensions><speed>0.266217</speed><course>163.375502</course><hAcc>1.638862</hAcc><vAcc>0.690325</vAcc></extensions></trkpt>
      <trkpt lon="120.949995" lat="23.466356"><ele>3401.642385</ele><time>2026-09-14T23:43:26Z</time><extensions><speed>0.190346</speed><course>171.073917</course><hAcc>1.658033</hAcc><vAcc>0.690418</vAcc></extensions></trkpt>
      <trkpt lon="120.949995" lat="23.466354"><ele>3401.689306</ele><time>2026-09-14T23:43:27Z</time><extensions><speed>0.136042</speed><course>175.166108</course><hAcc>1.690196</hAcc><vAcc>0.690710</vAcc></extensions></trkpt>
      <trkpt lon="120.949995" lat="23.466353"><ele>3401.735443</ele><time>2026-09-14T23:43:28Z</time><extensions><speed>0.137049</speed><course>170.155813</course><hAcc>1.699964</hAcc><vAcc>0.691444</vAcc></extensions></trkpt>
      <trkpt lon="120.949995" lat="23.466352"><ele>3401.779981</ele><time>2026-09-14T23:43:29Z</time><extensions><speed>0.082221</speed><course>186.103763</course><hAcc>1.712135</hAcc><vAcc>0.693010</vAcc></extensions></trkpt>
      <trkpt lon="120.949995" lat="23.466351"><ele>3401.823793</ele><time>2026-09-14T23:43:30Z</time><extensions><speed>0.067982</speed><course>182.866137</course><hAcc>1.721070</hAcc><vAcc>0.695968</vAcc></extensions></trkpt>
      <trkpt lon="120.949995" lat="23.466351"><ele>3401.859094</ele><time>2026-09-14T23:43:31Z</time><extensions><speed>0.043415</speed><course>192.865406</course><hAcc>1.725762</hAcc><vAcc>0.701001</vAcc></extensions></trkpt>
      <trkpt lon="120.949995" lat="23.466350"><ele>3401.886652</ele><time>2026-09-14T23:43:32Z</time><extensions><speed>0.033409</speed><course>187.882826</course><hAcc>1.724414</hAcc><vAcc>0.708994</vAcc></extensions></trkpt>
      <trkpt lon="120.949995" lat="23.466350"><ele>3401.908668</ele><time>2026-09-14T23:43:33Z</time><extensions><speed>0.029775</speed><course>175.605945</course><hAcc>1.721664</hAcc><vAcc>0.720580</vAcc></extensions></trkpt>
      <trkpt lon="120.949995" lat="23.466350"><ele>3401.929093</ele><time>2026-09-14T23:43:34Z</time><extensions><speed>0.064477</speed><course>151.448163</course><hAcc>1.720856</hAcc><vAcc>0.736167</vAcc></extensions></trkpt>
      <trkpt lon="120.949996" lat="23.466349"><ele>3401.954277</ele><time>2026-09-14T23:43:35Z</time><extensions><speed>0.240784</speed><course>145.204283</course><hAcc>1.726444</hAcc><vAcc>0.756387</vAcc></extensions></trkpt>
      <trkpt lon="120.949997" lat="23.466347"><ele>3401.989485</ele><time>2026-09-14T23:43:36Z</time><extensions><speed>0.256793</speed><course>152.109854</course><hAcc>1.733968</hAcc><vAcc>0.782555</vAcc></extensions></trkpt>
      <trkpt lon="120.949997" lat="23.466345"><ele>3402.044855</ele><time>2026-09-14T23:43:37Z</time><extensions><speed>0.120742</speed><course>192.992809</course><hAcc>1.723398</hAcc><vAcc>0.817150</vAcc></extensions></trkpt>
      <trkpt lon="120.949997" lat="23.466344"><ele>3402.116151</ele><time>2026-09-14T23:43:38Z</time><extensions><speed>0.125198</speed><course>214.188488</course><hAcc>1.720435</hAcc><vAcc>0.862841</vAcc></extensions></trkpt>
      <trkpt lon="120.949996" lat="23.466343"><ele>3402.214975</ele><time>2026-09-14T23:43:39Z</time><extensions><speed>0.150301</speed><course>194.914499</course><hAcc>1.733542</hAcc><vAcc>0.919855</vAcc></extensions></trkpt>
      <trkpt lon="120.949996" lat="23.466342"><ele>3402.336276</ele><time>2026-09-14T23:43:40Z</time><extensions><speed>0.129102</speed><course>234.015706</course><hAcc>1.741050</hAcc><vAcc>0.983595</vAcc></extensions></trkpt>
      <trkpt lon="120.949994" lat="23.466342"><ele>3402.475049</ele><time>2026-09-14T23:43:41Z</time><extensions><speed>0.138273</speed><course>252.202463</course><hAcc>1.743968</hAcc><vAcc>1.046302</vAcc></extensions></trkpt>
      <trkpt lon="120.949993" lat="23.466341"><ele>3402.615874</ele><time>2026-09-14T23:43:42Z</time><extensions><speed>0.125574</speed><course>251.033987</course><hAcc>1.746012</hAcc><vAcc>1.101774</vAcc></extensions></trkpt>
      <trkpt lon="120.949992" lat="23.466341"><ele>3402.765707</ele><time>2026-09-14T23:43:43Z</time><extensions><speed>0.122704</speed><course>263.377642</course><hAcc>1.747893</hAcc><vAcc>1.148081</vAcc></extensions></trkpt>
      <trkpt lon="120.949991" lat="23.466341"><ele>3402.905145</ele><time>2026-09-14T23:43:44Z</time><extensions><speed>0.139469</speed><course>283.197546</course><hAcc>1.746351</hAcc><vAcc>1.185149</vAcc></extensions></trkpt>
      <trkpt lon="120.949989" lat="23.466342"><ele>3403.050655</ele><time>2026-09-14T23:43:45Z</time><extensions><speed>0.149756</speed><course>293.462957</course><hAcc>1.738010</hAcc><vAcc>1.213537</vAcc></extensions></trkpt>
      <trkpt lon="120.949988" lat="23.466342"><ele>3403.191740</ele><time>2026-09-14T23:43:46Z</time><extensions><speed>0.122124</speed><course>292.852481</course><hAcc>1.725312</hAcc><vAcc>1.234394</vAcc></extensions></trkpt>
      <trkpt lon="120.949987" lat="23.466342"><ele>3403.300274</ele><time>2026-09-14T23:43:47Z</time><extensions><speed>0.066441</speed><course>285.947257</course><hAcc>1.720743</hAcc><vAcc>1.249586</vAcc></extensions></trkpt>
      <trkpt lon="120.949987" lat="23.466342"><ele>3403.399981</ele><time>2026-09-14T23:43:48Z</time><extensions><speed>0.053016</speed><course>155.925819</course><hAcc>1.733468</hAcc><vAcc>1.259811</vAcc></extensions></trkpt>
      <trkpt lon="120.949987" lat="23.466341"><ele>3403.489506</ele><time>2026-09-14T23:43:49Z</time><extensions><speed>0.152454</speed><course>142.903440</course><hAcc>1.727296</hAcc><vAcc>1.266254</vAcc></extensions></trkpt>
      <trkpt lon="120.949988" lat="23.466340"><ele>3403.570163</ele><time>2026-09-14T23:43:50Z</time><extensions><speed>0.155814</speed><course>145.613353</course><hAcc>1.707034</hAcc><vAcc>1.269642</vAcc></extensions></trkpt>
      <trkpt lon="120.949989" lat="23.466339"><ele>3403.633155</ele><time>2026-09-14T23:43:51Z</time><extensions><speed>0.130814</speed><course>153.085380</course><hAcc>1.715184</hAcc><vAcc>1.270694</vAcc></extensions></trkpt>
      <trkpt lon="120.949989" lat="23.466338"><ele>3403.685797</ele><time>2026-09-14T23:43:52Z</time><extensions><speed>0.104044</speed><course>173.260151</course><hAcc>1.712213</hAcc><vAcc>1.270112</vAcc></extensions></trkpt>
      <trkpt lon="120.949990" lat="23.466337"><ele>3403.729352</ele><time>2026-09-14T23:43:53Z</time><extensions><speed>0.130832</speed><course>173.705193</course><hAcc>1.722858</hAcc><vAcc>1.268396</vAcc></extensions></trkpt>
      <trkpt lon="120.949990" lat="23.466336"><ele>3403.764535</ele><time>2026-09-14T23:43:54Z</time><extensions><speed>0.168987</speed><course>167.322590</course><hAcc>1.737077</hAcc><vAcc>1.265867</vAcc></extensions></trkpt>
      <trkpt lon="120.949990" lat="23.466335"><ele>3403.791990</ele><time>2026-09-14T23:43:55Z</time><extensions><speed>0.092758</speed><course>196.163073</course><hAcc>1.738621</hAcc><vAcc>1.263035</vAcc></extensions></trkpt>
      <trkpt lon="120.949990" lat="23.466334"><ele>3403.806170</ele><time>2026-09-14T23:43:56Z</time><extensions><speed>0.050849</speed><course>217.433037</course><hAcc>1.741743</hAcc><vAcc>1.260631</vAcc></extensions></trkpt>
      <trkpt lon="120.949989" lat="23.466334"><ele>3403.811952</ele><time>2026-09-14T23:43:57Z</time><extensions><speed>0.053480</speed><course>166.684101</course><hAcc>1.742856</hAcc><vAcc>1.258804</vAcc></extensions></trkpt>
      <trkpt lon="120.949990" lat="23.466333"><ele>3403.813393</ele><time>2026-09-14T23:43:58Z</time><extensions><speed>0.057373</speed><course>157.427695</course><hAcc>1.744157</hAcc><vAcc>1.257658</vAcc></extensions></trkpt>
      <trkpt lon="120.949990" lat="23.466333"><ele>3403.819256</ele><time>2026-09-14T23:43:59Z</time><extensions><speed>0.016996</speed><course>190.743751</course><hAcc>1.744986</hAcc><vAcc>1.256716</vAcc></extensions></trkpt>
      <trkpt lon="120.949990" lat="23.466333"><ele>3403.822425</ele><time>2026-09-14T23:44:00Z</time><extensions><speed>0.019995</speed><course>140.022545</course><hAcc>1.736968</hAcc><vAcc>1.256400</vAcc></extensions></trkpt>
      <trkpt lon="120.949990" lat="23.466333"><ele>3403.820295</ele><time>2026-09-14T23:44:01Z</time><extensions><speed>0.017591</speed><course>67.777415</course><hAcc>1.728216</hAcc><vAcc>1.256426</vAcc></extensions></trkpt>
      <trkpt lon="120.949990" lat="23.466333"><ele>3403.665015</ele><time>2026-09-14T23:44:02Z</time><extensions><speed>0.037731</speed><course>64.906151</course><hAcc>1.722971</hAcc><vAcc>1.266013</vAcc></extensions></trkpt>
      <trkpt lon="120.949991" lat="23.466333"><ele>3403.475077</ele><time>2026-09-14T23:44:03Z</time><extensions><speed>0.060432</speed><course>73.330270</course><hAcc>1.715911</hAcc><vAcc>1.279980</vAcc></extensions></trkpt>
      <trkpt lon="120.949991" lat="23.466333"><ele>3403.245935</ele><time>2026-09-14T23:44:04Z</time><extensions><speed>0.074032</speed><course>80.041652</course><hAcc>1.705262</hAcc><vAcc>1.299950</vAcc></extensions></trkpt>
      <trkpt lon="120.949992" lat="23.466333"><ele>3402.972891</ele><time>2026-09-14T23:44:05Z</time><extensions><speed>0.077029</speed><course>87.106372</course><hAcc>1.700727</hAcc><vAcc>1.328200</vAcc></extensions></trkpt>
      <trkpt lon="120.949993" lat="23.466333"><ele>3402.651409</ele><time>2026-09-14T23:44:06Z</time><extensions><speed>0.073104</speed><course>95.051462</course><hAcc>1.719292</hAcc><vAcc>1.367762</vAcc></extensions></trkpt>
      <trkpt lon="120.949994" lat="23.466333"><ele>3402.277641</ele><time>2026-09-14T23:44:07Z</time><extensions><speed>0.074456</speed><course>103.040939</course><hAcc>1.751879</hAcc><vAcc>1.422731</vAcc></extensions></trkpt>
      <trkpt lon="120.949994" lat="23.466333"><ele>3401.849175</ele><time>2026-09-14T23:44:08Z</time><extensions><speed>0.073074</speed><course>110.883372</course><hAcc>1.803734</hAcc><vAcc>1.498878</vAcc></extensions></trkpt>
      <trkpt lon="120.949995" lat="23.466333"><ele>3401.366196</ele><time>2026-09-14T23:44:09Z</time><extensions><speed>0.096053</speed><course>119.940894</course><hAcc>1.883366</hAcc><vAcc>1.604455</vAcc></extensions></trkpt>
      <trkpt lon="120.949996" lat="23.466332"><ele>3400.833447</ele><time>2026-09-14T23:44:10Z</time><extensions><speed>0.145028</speed><course>127.327424</course><hAcc>2.092165</hAcc><vAcc>1.751099</vAcc></extensions></trkpt>
      <trkpt lon="120.949997" lat="23.466331"><ele>3400.263085</ele><time>2026-09-14T23:44:11Z</time><extensions><speed>0.229741</speed><course>131.741766</course><hAcc>2.540559</hAcc><vAcc>1.954984</vAcc></extensions></trkpt>
    </trkseg>
  </trk>
</gpx>