<?xml version="1.0" encoding="UTF-8"?>
<gpx version="1.1" creator="Apple Health Export" xmlns="http://www.topografix.com/GPX/1/1" xmlns:xsi="http://www.w3.org/2001/XMLSchema-instance" xsi:schemaLocation="http://www.topografix.com/GPX/1/1 http://www.topografix.com/GPX/1/1/gpx.xsd">
  <metadata>
    <time>2026-09-15T12:51:53Z</time>
  </metadata>
  <trk>
    <name>Route 2026-09-14 10:48am</name>
    <trkseg>
      <trkpt lon="120.900120" lat="23.475776"><ele>2629.410162</ele><time>2026-09-14T01:36:19Z</time><extensions><speed>2.212743</speed><course>133.655436</course><hAcc>5.859292</hAcc><vAcc>2.504345</vAcc></extensions></trkpt>
      <trkpt lon="120.900134" lat="23.475764"><ele>2628.759678</ele><time>2026-09-14T01:36:20Z</time><extensions><speed>2.127938</speed><course>129.163202</course><hAcc>5.282171</hAcc><vAcc>2.233096</vAcc></extensions></trkpt>
      <trkpt lon="120.900148" lat="23.475754"><ele>2628.100410</ele><time>2026-09-14T01:36:21Z</time><extensions><speed>2.001721</speed><course>124.184218</course><hAcc>4.769893</hAcc><vAcc>2.005445</vAcc></extensions></trkpt>
      <trkpt lon="120.900162" lat="23.475746"><ele>2627.452562</ele><time>2026-09-14T01:36:22Z</time><extensions><speed>1.878517</speed><course>118.558101</course><hAcc>4.339019</hAcc><vAcc>1.807938</vAcc></extensions></trkpt>
      <trkpt lon="120.900176" lat="23.475740"><ele>2626.843026</ele><time>2026-09-14T01:36:23Z</time><extensions><speed>1.754151</speed><course>112.459022</course><hAcc>4.013056</hAcc><vAcc>1.635848</vAcc></extensions></trkpt>
      <trkpt lon="120.900190" lat="23.475736"><ele>2626.285225</ele><time>2026-09-14T01:36:24Z</time><extensions><speed>1.705435</speed><course>105.986595</course><hAcc>3.807523</hAcc><vAcc>1.489955</vAcc></extensions></trkpt>
      <trkpt lon="120.900204" lat="23.475733"><ele>2625.792983</ele><time>2026-09-14T01:36:25Z</time><extensions><speed>1.748273</speed><course>99.806533</course><hAcc>3.686953</hAcc><vAcc>1.371020</vAcc></extensions></trkpt>
      <trkpt lon="120.900220" lat="23.475732"><ele>2625.375857</ele><time>2026-09-14T01:36:26Z</time><extensions><speed>1.662966</speed><course>94.599664</course><hAcc>3.551122</hAcc><vAcc>1.277594</vAcc></extensions></trkpt>
      <trkpt lon="120.900235" lat="23.475732"><ele>2625.029338</ele><time>2026-09-14T01:36:27Z</time><extensions><speed>1.661443</speed><course>88.597520</course><hAcc>3.432531</hAcc><vAcc>1.206599</vAcc></extensions></trkpt>
      <trkpt lon="120.900249" lat="23.475734"><ele>2624.752409</ele><time>2026-09-14T01:36:28Z</time><extensions><speed>1.550011</speed><course>84.553090</course><hAcc>3.348178</hAcc><vAcc>1.153841</vAcc></extensions></trkpt>
      <trkpt lon="120.900263" lat="23.475737"><ele>2624.534810</ele><time>2026-09-14T01:36:29Z</time><extensions><speed>1.443341</speed><course>77.916252</course><hAcc>3.264210</hAcc><vAcc>1.115169</vAcc></extensions></trkpt>
      <trkpt lon="120.900274" lat="23.475741"><ele>2624.368617</ele><time>2026-09-14T01:36:30Z</time><extensions><speed>1.195185</speed><course>69.373605</course><hAcc>3.159172</hAcc><vAcc>1.086817</vAcc></extensions></trkpt>
      <trkpt lon="120.900283" lat="23.475746"><ele>2624.248951</ele><time>2026-09-14T01:36:31Z</time><extensions><speed>1.138397</speed><course>59.899524</course><hAcc>3.082303</hAcc><vAcc>1.065609</vAcc></extensions></trkpt>
      <trkpt lon="120.900290" lat="23.475751"><ele>2624.165214</ele><time>2026-09-14T01:36:32Z</time><extensions><speed>1.057858</speed><course>58.976344</course><hAcc>3.011405</hAcc><vAcc>1.049130</vAcc></extensions></trkpt>
      <trkpt lon="120.900297" lat="23.475755"><ele>2624.113228</ele><time>2026-09-14T01:36:33Z</time><extensions><speed>0.767602</speed><course>67.380611</course><hAcc>2.947288</hAcc><vAcc>1.035535</vAcc></extensions></trkpt>
      <trkpt lon="120.900303" lat="23.475758"><ele>2624.084067</ele><time>2026-09-14T01:36:34Z</time><extensions><speed>0.729063</speed><course>71.784157</course><hAcc>2.889369</hAcc><vAcc>1.023666</vAcc></extensions></trkpt>
      <trkpt lon="120.900309" lat="23.475760"><ele>2624.072322</ele><time>2026-09-14T01:36:35Z</time><extensions><speed>0.836868</speed><course>76.342204</course><hAcc>2.844256</hAcc><vAcc>1.012702</vAcc></extensions></trkpt>
      <trkpt lon="120.900316" lat="23.475762"><ele>2624.076173</ele><time>2026-09-14T01:36:36Z</time><extensions><speed>0.840033</speed><course>79.372284</course><hAcc>2.797770</hAcc><vAcc>1.002096</vAcc></extensions></trkpt>
      <trkpt lon="120.900323" lat="23.475763"><ele>2624.089915</ele><time>2026-09-14T01:36:37Z</time><extensions><speed>0.805563</speed><course>77.013766</course><hAcc>2.753805</hAcc><vAcc>0.991656</vAcc></extensions></trkpt>
      <trkpt lon="120.900329" lat="23.475765"><ele>2624.113035</ele><time>2026-09-14T01:36:38Z</time><extensions><speed>0.776993</speed><course>75.428155</course><hAcc>2.727917</hAcc><vAcc>0.981292</vAcc></extensions></trkpt>
      <trkpt lon="120.900336" lat="23.475767"><ele>2624.141306</ele><time>2026-09-14T01:36:39Z</time><extensions><speed>0.711595</speed><course>73.981237</course><hAcc>2.704764</hAcc><vAcc>0.970969</vAcc></extensions></trkpt>
      <trkpt lon="120.900342" lat="23.475769"><ele>2624.172776</ele><time>2026-09-14T01:36:40Z</time><extensions><speed>0.688682</speed><course>74.876325</course><hAcc>2.694405</hAcc><vAcc>0.960560</vAcc></extensions></trkpt>
      <trkpt lon="120.900347" lat="23.475771"><ele>2624.208076</ele><time>2026-09-14T01:36:41Z</time><extensions><speed>0.599743</speed><course>71.910148</course><hAcc>2.682155</hAcc><vAcc>0.949938</vAcc></extensions></trkpt>
      <trkpt lon="120.900347" lat="23.475777"><ele>2624.244970</ele><time>2026-09-14T01:36:42Z</time><extensions><speed>0.494342</speed><course>61.231570</course><hAcc>2.548051</hAcc><vAcc>0.939111</vAcc></extensions></trkpt>
      <trkpt lon="120.900348" lat="23.475781"><ele>2624.282433</ele><time>2026-09-14T01:36:43Z</time><extensions><speed>0.390052</speed><course>48.279818</course><hAcc>2.461439</hAcc><vAcc>0.928141</vAcc></extensions></trkpt>
      <trkpt lon="120.900350" lat="23.475784"><ele>2624.321130</ele><time>2026-09-14T01:36:44Z</time><extensions><speed>0.286451</speed><course>35.885801</course><hAcc>2.408438</hAcc><vAcc>0.917043</vAcc></extensions></trkpt>
      <trkpt lon="120.900350" lat="23.475787"><ele>2624.360184</ele><time>2026-09-14T01:36:45Z</time><extensions><speed>0.230272</speed><course>6.148394</course><hAcc>2.360137</hAcc><vAcc>0.905664</vAcc></extensions></trkpt>
      <trkpt lon="120.900351" lat="23.475790"><ele>2624.399182</ele><time>2026-09-14T01:36:46Z</time><extensions><speed>0.328483</speed><course>44.293192</course><hAcc>2.353170</hAcc><vAcc>0.893885</vAcc></extensions></trkpt>
      <trkpt lon="120.900355" lat="23.475792"><ele>2624.437764</ele><time>2026-09-14T01:36:47Z</time><extensions><speed>0.588830</speed><course>63.119944</course><hAcc>2.363577</hAcc><vAcc>0.881756</vAcc></extensions></trkpt>
      <trkpt lon="120.900361" lat="23.475795"><ele>2624.474863</ele><time>2026-09-14T01:36:48Z</time><extensions><speed>0.653019</speed><course>60.226878</course><hAcc>2.337366</hAcc><vAcc>0.869414</vAcc></extensions></trkpt>
      <trkpt lon="120.900366" lat="23.475798"><ele>2624.509523</ele><time>2026-09-14T01:36:49Z</time><extensions><speed>0.652217</speed><course>51.704934</course><hAcc>2.279543</hAcc><vAcc>0.856952</vAcc></extensions></trkpt>
      <trkpt lon="120.900371" lat="23.475802"><ele>2624.542036</ele><time>2026-09-14T01:36:50Z</time><extensions><speed>0.647396</speed><course>42.942074</course><hAcc>2.210239</hAcc><vAcc>0.844235</vAcc></extensions></trkpt>
      <trkpt lon="120.900375" lat="23.475806"><ele>2624.570985</ele><time>2026-09-14T01:36:51Z</time><extensions><speed>0.682132</speed><course>47.064265</course><hAcc>2.155033</hAcc><vAcc>0.831115</vAcc></extensions></trkpt>
      <trkpt lon="120.900380" lat="23.475812"><ele>2624.596671</ele><time>2026-09-14T01:36:52Z</time><extensions><speed>0.881651</speed><course>34.052742</course><hAcc>1.993993</hAcc><vAcc>0.817610</vAcc></extensions></trkpt>
      <trkpt lon="120.900386" lat="23.475819"><ele>2624.618112</ele><time>2026-09-14T01:36:53Z</time><extensions><speed>0.973705</speed><course>39.094223</course><hAcc>1.845242</hAcc><vAcc>0.803646</vAcc></extensions></trkpt>
      <trkpt lon="120.900392" lat="23.475825"><ele>2624.634525</ele><time>2026-09-14T01:36:54Z</time><extensions><speed>1.050704</speed><course>45.583465</course><hAcc>1.773270</hAcc><vAcc>0.789364</vAcc></extensions></trkpt>
      <trkpt lon="120.900400" lat="23.475831"><ele>2624.646451</ele><time>2026-09-14T01:36:55Z</time><extensions><speed>1.066995</speed><course>53.792109</course><hAcc>1.750151</hAcc><vAcc>0.775325</vAcc></extensions></trkpt>
      <trkpt lon="120.900409" lat="23.475837"><ele>2624.653917</ele><time>2026-09-14T01:36:56Z</time><extensions><speed>1.082927</speed><course>60.753261</course><hAcc>1.731630</hAcc><vAcc>0.762096</vAcc></extensions></trkpt>
      <trkpt lon="120.900419" lat="23.475841"><ele>2624.657283</ele><time>2026-09-14T01:36:57Z</time><extensions><speed>1.094887</speed><course>70.293142</course><hAcc>1.718752</hAcc><vAcc>0.750015</vAcc></extensions></trkpt>
      <trkpt lon="120.900430" lat="23.475843"><ele>2624.656997</ele><time>2026-09-14T01:36:58Z</time><extensions><speed>1.113434</speed><course>78.101807</course><hAcc>1.716592</hAcc><vAcc>0.738979</vAcc></extensions></trkpt>
      <trkpt lon="120.900440" lat="23.475845"><ele>2624.653567</ele><time>2026-09-14T01:36:59Z</time><extensions><speed>1.101529</speed><course>85.732241</course><hAcc>1.704038</hAcc><vAcc>0.728807</vAcc></extensions></trkpt>
      <trkpt lon="120.900451" lat="23.475845"><ele>2624.647456</ele><time>2026-09-14T01:37:00Z</time><extensions><speed>1.027074</speed><course>88.407011</course><hAcc>1.709626</hAcc><vAcc>0.719624</vAcc></extensions></trkpt>
      <trkpt lon="120.900460" lat="23.475846"><ele>2624.639010</ele><time>2026-09-14T01:37:01Z</time><extensions><speed>0.967564</speed><course>87.878369</course><hAcc>1.690870</hAcc><vAcc>0.711690</vAcc></extensions></trkpt>
      <trkpt lon="120.900470" lat="23.475846"><ele>2624.628479</ele><time>2026-09-14T01:37:02Z</time><extensions><speed>1.055169</speed><course>83.257801</course><hAcc>1.671454</hAcc><vAcc>0.705231</vAcc></extensions></trkpt>
      <trkpt lon="120.900481" lat="23.475848"><ele>2624.615838</ele><time>2026-09-14T01:37:03Z</time><extensions><speed>1.139388</speed><course>79.414284</course><hAcc>1.674048</hAcc><vAcc>0.700205</vAcc></extensions></trkpt>
      <trkpt lon="120.900492" lat="23.475850"><ele>2624.600967</ele><time>2026-09-14T01:37:04Z</time><extensions><speed>1.175065</speed><course>79.160238</course><hAcc>1.694434</hAcc><vAcc>0.696432</vAcc></extensions></trkpt>
      <trkpt lon="120.900503" lat="23.475852"><ele>2624.583790</ele><time>2026-09-14T01:37:05Z</time><extensions><speed>1.148460</speed><course>81.170530</course><hAcc>1.696284</hAcc><vAcc>0.693806</vAcc></extensions></trkpt>
      <trkpt lon="120.900514" lat="23.475853"><ele>2624.564337</ele><time>2026-09-14T01:37:06Z</time><extensions><speed>1.105149</speed><course>81.926359</course><hAcc>1.683109</hAcc><vAcc>0.692150</vAcc></extensions></trkpt>
      <trkpt lon="120.900525" lat="23.475855"><ele>2624.542580</ele><time>2026-09-14T01:37:07Z</time><extensions><speed>1.085408</speed><course>82.608461</course><hAcc>1.686586</hAcc><vAcc>0.691198</vAcc></extensions></trkpt>
      <trkpt lon="120.900535" lat="23.475856"><ele>2624.518825</ele><time>2026-09-14T01:37:08Z</time><extensions><speed>0.992871</speed><course>84.897302</course><hAcc>1.670923</hAcc><vAcc>0.690698</vAcc></extensions></trkpt>
      <trkpt lon="120.900544" lat="23.475856"><ele>2624.493392</ele><time>2026-09-14T01:37:09Z</time><extensions><speed>0.872485</speed><course>89.065092</course><hAcc>1.667453</hAcc><vAcc>0.690457</vAcc></extensions></trkpt>
      <trkpt lon="120.900553" lat="23.475856"><ele>2624.466682</ele><time>2026-09-14T01:37:10Z</time><extensions><speed>0.846061</speed><course>90.465152</course><hAcc>1.665670</hAcc><vAcc>0.690352</vAcc></extensions></trkpt>
      <trkpt lon="120.900562" lat="23.475857"><ele>2624.439496</ele><time>2026-09-14T01:37:11Z</time><extensions><speed>0.988921</speed><course>88.886997</course><hAcc>1.663025</hAcc><vAcc>0.690310</vAcc></extensions></trkpt>
      <trkpt lon="120.900573" lat="23.475857"><ele>2624.412622</ele><time>2026-09-14T01:37:12Z</time><extensions><speed>1.184019</speed><course>86.974430</course><hAcc>1.669232</hAcc><vAcc>0.690295</vAcc></extensions></trkpt>
      <trkpt lon="120.900585" lat="23.475858"><ele>2624.387502</ele><time>2026-09-14T01:37:13Z</time><extensions><speed>1.247557</speed><course>82.990284</course><hAcc>1.668547</hAcc><vAcc>0.690290</vAcc></extensions></trkpt>
      <trkpt lon="120.900597" lat="23.475860"><ele>2624.365843</ele><time>2026-09-14T01:37:14Z</time><extensions><speed>1.184829</speed><course>78.912332</course><hAcc>1.666844</hAcc><vAcc>0.690288</vAcc></extensions></trkpt>
      <trkpt lon="120.900608" lat="23.475862"><ele>2624.349368</ele><time>2026-09-14T01:37:15Z</time><extensions><speed>1.172999</speed><course>72.213580</course><hAcc>1.658243</hAcc><vAcc>0.690287</vAcc></extensions></trkpt>
      <trkpt lon="120.900618" lat="23.475866"><ele>2624.340260</ele><time>2026-09-14T01:37:16Z</time><extensions><speed>1.156228</speed><course>65.413783</course><hAcc>1.638045</hAcc><vAcc>0.690285</vAcc></extensions></trkpt>
      <trkpt lon="120.900628" lat="23.475871"><ele>2624.340479</ele><time>2026-09-14T01:37:17Z</time><extensions><speed>1.079833</speed><course>60.833199</course><hAcc>1.635478</hAcc><vAcc>0.690285</vAcc></extensions></trkpt>
      <trkpt lon="120.900637" lat="23.475875"><ele>2624.352030</ele><time>2026-09-14T01:37:18Z</time><extensions><speed>0.953619</speed><course>58.195256</course><hAcc>1.647601</hAcc><vAcc>0.690284</vAcc></extensions></trkpt>
      <trkpt lon="120.900645" lat="23.475880"><ele>2624.376821</ele><time>2026-09-14T01:37:19Z</time><extensions><speed>0.911160</speed><course>59.741224</course><hAcc>1.659196</hAcc><vAcc>0.690283</vAcc></extensions></trkpt>
      <trkpt lon="120.900653" lat="23.475884"><ele>2624.416377</ele><time>2026-09-14T01:37:20Z</time><extensions><speed>0.922350</speed><course>61.827614</course><hAcc>1.641665</hAcc><vAcc>0.690283</vAcc></extensions></trkpt>
      <trkpt lon="120.900661" lat="23.475887"><ele>2624.472049</ele><time>2026-09-14T01:37:21Z</time><extensions><speed>1.036000</speed><course>65.272199</course><hAcc>1.630753</hAcc><vAcc>0.690283</vAcc></extensions></trkpt>
      <trkpt lon="120.900671" lat="23.475892"><ele>2624.544702</ele><time>2026-09-14T01:37:22Z</time><extensions><speed>1.150326</speed><course>65.841345</course><hAcc>1.644841</hAcc><vAcc>0.690283</vAcc></extensions></trkpt>
      <trkpt lon="120.900681" lat="23.475896"><ele>2624.634742</ele><time>2026-09-14T01:37:23Z</time><extensions><speed>1.085515</speed><course>67.257777</course><hAcc>1.654111</hAcc><vAcc>0.690283</vAcc></extensions></trkpt>
      <trkpt lon="120.900690" lat="23.475899"><ele>2624.742168</ele><time>2026-09-14T01:37:24Z</time><extensions><speed>0.910269</speed><course>70.743445</course><hAcc>1.657368</hAcc><vAcc>0.690283</vAcc></extensions></trkpt>
      <trkpt lon="120.900698" lat="23.475901"><ele>2624.866447</ele><time>2026-09-14T01:37:25Z</time><extensions><speed>0.722642</speed><course>76.526273</course><hAcc>1.656063</hAcc><vAcc>0.690283</vAcc></extensions></trkpt>
      <trkpt lon="120.900704" lat="23.475902"><ele>2625.006754</ele><time>2026-09-14T01:37:26Z</time><extensions><speed>0.613627</speed><course>82.501094</course><hAcc>1.661196</hAcc><vAcc>0.690283</vAcc></extensions></trkpt>
      <trkpt lon="120.900711" lat="23.475902"><ele>2625.161927</ele><time>2026-09-14T01:37:27Z</time><extensions><speed>0.663895</speed><course>88.312548</course><hAcc>1.655929</hAcc><vAcc>0.690283</vAcc></extensions></trkpt>
      <trkpt lon="120.900717" lat="23.475902"><ele>2625.330572</ele><time>2026-09-14T01:37:28Z</time><extensions><speed>0.713845</speed><course>91.172614</course><hAcc>1.671545</hAcc><vAcc>0.690282</vAcc></extensions></trkpt>
      <trkpt lon="120.900725" lat="23.475903"><ele>2625.511223</ele><time>2026-09-14T01:37:29Z</time><extensions><speed>0.769758</speed><course>88.972108</course><hAcc>1.670902</hAcc><vAcc>0.690283</vAcc></extensions></trkpt>
      <trkpt lon="120.900732" lat="23.475903"><ele>2625.702504</ele><time>2026-09-14T01:37:30Z</time><extensions><speed>0.728538</speed><course>83.018043</course><hAcc>1.666249</hAcc><vAcc>0.690283</vAcc></extensions></trkpt>
      <trkpt lon="120.900739" lat="23.475904"><ele>2625.902904</ele><time>2026-09-14T01:37:31Z</time><extensions><speed>0.673244</speed><course>76.327176</course><hAcc>1.659111</hAcc><vAcc>0.690283</vAcc></extensions></trkpt>
      <trkpt lon="120.900745" lat="23.475907"><ele>2626.111030</ele><time>2026-09-14T01:37:32Z</time><extensions><speed>0.725548</speed><course>67.933678</course><hAcc>1.644422</hAcc><vAcc>0.690283</vAcc></extensions></trkpt>
      <trkpt lon="120.900752" lat="23.475910"><ele>2626.325593</ele><time>2026-09-14T01:37:33Z</time><extensions><speed>0.780807</speed><course>62.599492</course><hAcc>1.630595</hAcc><vAcc>0.690283</vAcc></extensions></trkpt>
      <trkpt lon="120.900758" lat="23.475913"><ele>2626.545068</ele><time>2026-09-14T01:37:34Z</time><extensions><speed>0.671743</speed><course>63.945877</course><hAcc>1.608708</hAcc><vAcc>0.690283</vAcc></extensions></trkpt>
      <trkpt lon="120.900764" lat="23.475916"><ele>2626.767964</ele><time>2026-09-14T01:37:35Z</time><extensions><speed>0.622335</speed><course>65.873904</course><hAcc>1.609281</hAcc><vAcc>0.690283</vAcc></extensions></trkpt>
      <trkpt lon="120.900770" lat="23.475918"><ele>2626.992621</ele><time>2026-09-14T01:37:36Z</time><extensions><speed>0.585326</speed><course>65.920695</course><hAcc>1.623096</hAcc><vAcc>0.690283</vAcc></extensions></trkpt>
      <trkpt lon="120.900775" lat="23.475920"><ele>2627.217306</ele><time>2026-09-14T01:37:37Z</time><extensions><speed>0.664251</speed><course>61.304200</course><hAcc>1.617251</hAcc><vAcc>0.690283</vAcc></extensions></trkpt>
      <trkpt lon="120.900781" lat="23.475924"><ele>2627.440362</ele><time>2026-09-14T01:37:38Z</time><extensions><speed>0.796471</speed><course>54.095350</course><hAcc>1.613380</hAcc><vAcc>0.690284</vAcc></extensions></trkpt>
      <trkpt lon="120.900788" lat="23.475929"><ele>2627.659765</ele><time>2026-09-14T01:37:39Z</time><extensions><speed>0.991783</speed><course>43.879926</course><hAcc>1.600048</hAcc><vAcc>0.690283</vAcc></extensions></trkpt>
      <trkpt lon="120.900795" lat="23.475936"><ele>2627.873716</ele><time>2026-09-14T01:37:40Z</time><extensions><speed>1.090585</speed><course>40.445967</course><hAcc>1.618731</hAcc><vAcc>0.690282</vAcc></extensions></trkpt>
      <trkpt lon="120.900802" lat="23.475944"><ele>2628.080616</ele><time>2026-09-14T01:37:41Z</time><extensions><speed>1.154903</speed><course>35.466552</course><hAcc>1.625791</hAcc><vAcc>0.690282</vAcc></extensions></trkpt>
      <trkpt lon="120.900809" lat="23.475953"><ele>2628.279048</ele><time>2026-09-14T01:37:42Z</time><extensions><speed>1.156254</speed><course>35.165640</course><hAcc>1.651793</hAcc><vAcc>0.690282</vAcc></extensions></trkpt>
      <trkpt lon="120.900815" lat="23.475961"><ele>2628.468040</ele><time>2026-09-14T01:37:43Z</time><extensions><speed>1.086797</speed><course>36.528166</course><hAcc>1.662658</hAcc><vAcc>0.690283</vAcc></extensions></trkpt>
      <trkpt lon="120.900822" lat="23.475968"><ele>2628.646838</ele><time>2026-09-14T01:37:44Z</time><extensions><speed>1.099194</speed><course>45.054926</course><hAcc>1.646184</hAcc><vAcc>0.690283</vAcc></extensions></trkpt>
      <trkpt lon="120.900830" lat="23.475974"><ele>2628.814903</ele><time>2026-09-14T01:37:45Z</time><extensions><speed>1.058406</speed><course>58.063240</course><hAcc>1.647593</hAcc><vAcc>0.690283</vAcc></extensions></trkpt>
      <trkpt lon="120.900839" lat="23.475978"><ele>2628.971819</ele><time>2026-09-14T01:37:46Z</time><extensions><speed>0.940667</speed><course>75.079936</course><hAcc>1.662791</hAcc><vAcc>0.690283</vAcc></extensions></trkpt>
      <trkpt lon="120.900848" lat="23.475980"><ele>2629.117320</ele><time>2026-09-14T01:37:47Z</time><extensions><speed>1.037115</speed><course>84.532920</course><hAcc>1.651579</hAcc><vAcc>0.690283</vAcc></extensions></trkpt>
      <trkpt lon="120.900859" lat="23.475980"><ele>2629.251467</ele><time>2026-09-14T01:37:48Z</time><extensions><speed>1.091328</speed><course>87.484902</course><hAcc>1.648572</hAcc><vAcc>0.690283</vAcc></extensions></trkpt>
      <trkpt lon="120.900870" lat="23.475981"><ele>2629.374711</ele><time>2026-09-14T01:37:49Z</time><extensions><speed>1.230628</speed><course>85.980602</course><hAcc>1.652826</hAcc><vAcc>0.690283</vAcc></extensions></trkpt>
      <trkpt lon="120.900882" lat="23.475982"><ele>2629.487921</ele><time>2026-09-14T01:37:50Z</time><extensions><speed>1.191988</speed><course>84.446745</course><hAcc>1.652798</hAcc><vAcc>0.690283</vAcc></extensions></trkpt>
      <trkpt lon="120.900893" lat="23.475983"><ele>2629.592247</ele><time>2026-09-14T01:37:51Z</time><extensions><speed>1.068951</speed><course>83.266795</course><hAcc>1.653040</hAcc><vAcc>0.690283</vAcc></extensions></trkpt>
      <trkpt lon="120.900903" lat="23.475984"><ele>2629.688849</ele><time>2026-09-14T01:37:52Z</time><extensions><speed>0.959130</speed><course>79.708961</course><hAcc>1.659158</hAcc><vAcc>0.690283</vAcc></extensions></trkpt>
      <trkpt lon="120.900911" lat="23.475986"><ele>2629.778999</ele><time>2026-09-14T01:37:53Z</time><extensions><speed>0.861851</speed><course>74.856585</course><hAcc>1.663960</hAcc><vAcc>0.690283</vAcc></extensions></trkpt>
      <trkpt lon="120.900919" lat="23.475987"><ele>2629.863711</ele><time>2026-09-14T01:37:54Z</time><extensions><speed>0.691320</speed><course>76.298353</course><hAcc>1.658148</hAcc><vAcc>0.690283</vAcc></extensions></trkpt>
      <trkpt lon="120.900925" lat="23.475988"><ele>2629.943779</ele><time>2026-09-14T01:37:55Z</time><extensions><speed>0.522318</speed><course>82.035677</course><hAcc>1.670736</hAcc><vAcc>0.690283</vAcc></extensions></trkpt>
      <trkpt lon="120.900929" lat="23.475989"><ele>2630.019744</ele><time>2026-09-14T01:37:56Z</time><extensions><speed>0.398082</speed><course>93.868557</course><hAcc>1.678795</hAcc><vAcc>0.690283</vAcc></extensions></trkpt>
      <trkpt lon="120.900933" lat="23.475988"><ele>2630.091457</ele><time>2026-09-14T01:37:57Z</time><extensions><speed>0.440457</speed><course>101.344127</course><hAcc>1.657355</hAcc><vAcc>0.690283</vAcc></extensions></trkpt>
      <trkpt lon="120.900938" lat="23.475987"><ele>2630.158601</ele><time>2026-09-14T01:37:58Z</time><extensions><speed>0.566001</speed><course>98.808855</course><hAcc>1.646656</hAcc><vAcc>0.690283</vAcc></extensions></trkpt>
      <trkpt lon="120.900944" lat="23.475987"><ele>2630.220363</ele><time>2026-09-14T01:37:59Z</time><extensions><speed>0.691859</speed><course>92.731788</course><hAcc>1.670182</hAcc><vAcc>0.690283</vAcc></extensions></trkpt>
      <trkpt lon="120.900951" lat="23.475987"><ele>2630.275609</ele><time>2026-09-14T01:38:00Z</time><extensions><speed>0.624615</speed><course>91.846875</course><hAcc>1.684187</hAcc><vAcc>0.690283</vAcc></extensions></trkpt>
      <trkpt lon="120.900957" lat="23.475987"><ele>2630.323171</ele><time>2026-09-14T01:38:01Z</time><extensions><speed>0.660041</speed><course>91.722311</course><hAcc>1.642728</hAcc><vAcc>0.690283</vAcc></extensions></trkpt>
      <trkpt lon="120.900964" lat="23.475987"><ele>2630.361922</ele><time>2026-09-14T01:38:02Z</time><extensions><speed>0.637045</speed><course>95.271812</course><hAcc>1.621022</hAcc><vAcc>0.690283</vAcc></extensions></trkpt>
      <trkpt lon="120.900970" lat="23.475986"><ele>2630.390782</ele><time>2026-09-14T01:38:03Z</time><extensions><speed>0.579133</speed><course>99.275449</course><hAcc>1.631983</hAcc><vAcc>0.690283</vAcc></extensions></trkpt>
      <trkpt lon="120.900976" lat="23.475985"><ele>2630.408915</ele><time>2026-09-14T01:38:04Z</time><extensions><speed>0.608114</speed><course>102.076057</course><hAcc>1.645697</hAcc><vAcc>0.690284</vAcc></extensions></trkpt>
      <trkpt lon="120.900982" lat="23.475984"><ele>2630.415859</ele><time>2026-09-14T01:38:05Z</time><extensions><speed>0.697843</speed><course>104.674868</course><hAcc>1.626385</hAcc><vAcc>0.690284</vAcc></extensions></trkpt>
      <trkpt lon="120.900989" lat="23.475982"><ele>2630.411412</ele><time>2026-09-14T01:38:06Z</time><extensions><speed>0.822507</speed><course>104.094563</course><hAcc>1.626059</hAcc><vAcc>0.690283</vAcc></extensions></trkpt>
      <trkpt lon="120.900998" lat="23.475981"><ele>2630.396299</ele><time>2026-09-14T01:38:07Z</time><extensions><speed>0.946018</speed><course>100.025007</course><hAcc>1.649082</hAcc><vAcc>0.690280</vAcc></extensions></trkpt>
      <trkpt lon="120.901007" lat="23.475980"><ele>2630.371742</ele><time>2026-09-14T01:38:08Z</time><extensions><speed>0.938183</speed><course>90.805535</course><hAcc>1.667794</hAcc><vAcc>0.690276</vAcc></extensions></trkpt>
      <trkpt lon="120.901017" lat="23.475981"><ele>2630.339668</ele><time>2026-09-14T01:38:09Z</time><extensions><speed>1.031510</speed><course>73.195900</course><hAcc>1.662926</hAcc><vAcc>0.690274</vAcc></extensions></trkpt>
      <trkpt lon="120.901026" lat="23.475985"><ele>2630.302840</ele><time>2026-09-14T01:38:10Z</time><extensions><speed>1.089854</speed><course>63.378777</course><hAcc>1.676583</hAcc><vAcc>0.690276</vAcc></extensions></trkpt>
      <trkpt lon="120.901036" lat="23.475989"><ele>2630.264030</ele><time>2026-09-14T01:38:11Z</time><extensions><speed>1.090428</speed><course>60.272404</course><hAcc>1.691378</hAcc><vAcc>0.690279</vAcc></extensions></trkpt>
      <trkpt lon="120.901045" lat="23.475994"><ele>2630.226453</ele><time>2026-09-14T01:38:12Z</time><extensions><speed>1.165860</speed><course>62.646526</course><hAcc>1.692114</hAcc><vAcc>0.690281</vAcc></extensions></trkpt>
      <trkpt lon="120.901056" lat="23.475999"><ele>2630.193218</ele><time>2026-09-14T01:38:13Z</time><extensions><speed>1.207511</speed><course>67.595513</course><hAcc>1.710050</hAcc><vAcc>0.690282</vAcc></extensions></trkpt>
      <trkpt lon="120.901067" lat="23.476002"><ele>2630.167168</ele><time>2026-09-14T01:38:14Z</time><extensions><speed>1.234683</speed><course>73.008111</course><hAcc>1.721989</hAcc><vAcc>0.690283</vAcc></extensions></trkpt>
      <trkpt lon="120.901079" lat="23.476005"><ele>2630.151092</ele><time>2026-09-14T01:38:15Z</time><extensions><speed>1.291839</speed><course>78.229130</course><hAcc>1.720165</hAcc><vAcc>0.690284</vAcc></extensions></trkpt>
      <trkpt lon="120.901092" lat="23.476007"><ele>2630.147339</ele><time>2026-09-14T01:38:16Z</time><extensions><speed>1.278010</speed><course>82.042531</course><hAcc>1.711106</hAcc><vAcc>0.690284</vAcc></extensions></trkpt>
      <trkpt lon="120.901104" lat="23.476008"><ele>2630.157831</ele><time>2026-09-14T01:38:17Z</time><extensions><speed>1.248745</speed><course>85.367303</course><hAcc>1.704115</hAcc><vAcc>0.690284</vAcc></extensions></trkpt>
      <trkpt lon="120.901116" lat="23.476009"><ele>2630.183973</ele><time>2026-09-14T01:38:18Z</time><extensions><speed>1.152094</speed><course>90.397117</course><hAcc>1.704511</hAcc><vAcc>0.690284</vAcc></extensions></trkpt>
      <trkpt lon="120.901127" lat="23.476008"><ele>2630.226516</ele><time>2026-09-14T01:38:19Z</time><extensions><speed>1.050921</speed><course>99.805086</course><hAcc>1.686157</hAcc><vAcc>0.690284</vAcc></extensions></trkpt>
      <trkpt lon="120.901136" lat="23.476006"><ele>2630.285541</ele><time>2026-09-14T01:38:20Z</time><extensions><speed>0.968025</speed><course>106.342951</course><hAcc>1.681162</hAcc><vAcc>0.690284</vAcc></extensions></trkpt>
      <trkpt lon="120.901145" lat="23.476003"><ele>2630.360480</ele><time>2026-09-14T01:38:21Z</time><extensions><speed>0.933458</speed><course>107.945218</course><hAcc>1.687382</hAcc><vAcc>0.690284</vAcc></extensions></trkpt>
      <trkpt lon="120.901154" lat="23.476001"><ele>2630.450237</ele><time>2026-09-14T01:38:22Z</time><extensions><speed>0.936350</speed><course>107.634307</course><hAcc>1.665186</hAcc><vAcc>0.690284</vAcc></extensions></trkpt>
      <trkpt lon="120.901163" lat="23.475998"><ele>2630.553335</ele><time>2026-09-14T01:38:23Z</time><extensions><speed>0.929685</speed><course>105.278731</course><hAcc>1.658774</hAcc><vAcc>0.690284</vAcc></extensions></trkpt>
      <trkpt lon="120.901172" lat="23.475996"><ele>2630.667950</ele><time>2026-09-14T01:38:24Z</time><extensions><speed>1.003431</speed><course>101.911620</course><hAcc>1.665991</hAcc><vAcc>0.690284</vAcc></extensions></trkpt>
      <trkpt lon="120.901182" lat="23.475995"><ele>2630.792344</ele><time>2026-09-14T01:38:25Z</time><extensions><speed>0.992789</speed><course>95.776675</course><hAcc>1.652938</hAcc><vAcc>0.690284</vAcc></extensions></trkpt>
      <trkpt lon="120.901192" lat="23.475995"><ele>2630.924773</ele><time>2026-09-14T01:38:26Z</time><extensions><speed>0.990820</speed><course>88.120125</course><hAcc>1.657804</hAcc><vAcc>0.690284</vAcc></extensions></trkpt>
      <trkpt lon="120.901202" lat="23.475996"><ele>2631.063744</ele><time>2026-09-14T01:38:27Z</time><extensions><speed>1.054944</speed><course>82.594160</course><hAcc>1.676062</hAcc><vAcc>0.690284</vAcc></extensions></trkpt>
      <trkpt lon="120.901212" lat="23.475997"><ele>2631.208178</ele><time>2026-09-14T01:38:28Z</time><extensions><speed>1.091805</speed><course>77.963331</course><hAcc>1.679864</hAcc><vAcc>0.690284</vAcc></extensions></trkpt>
      <trkpt lon="120.901222" lat="23.475999"><ele>2631.357338</ele><time>2026-09-14T01:38:29Z</time><extensions><speed>0.991636</speed><course>74.379384</course><hAcc>1.669505</hAcc><vAcc>0.690284</vAcc></extensions></trkpt>
      <trkpt lon="120.901231" lat="23.476002"><ele>2631.510926</ele><time>2026-09-14T01:38:30Z</time><extensions><speed>0.957924</speed><course>74.107218</course><hAcc>1.667865</hAcc><vAcc>0.690284</vAcc></extensions></trkpt>
      <trkpt lon="120.901240" lat="23.476004"><ele>2631.668950</ele><time>2026-09-14T01:38:31Z</time><extensions><speed>0.834500</speed><course>80.077599</course><hAcc>1.674016</hAcc><vAcc>0.690284</vAcc></extensions></trkpt>
      <trkpt lon="120.901248" lat="23.476004"><ele>2631.831632</ele><time>2026-09-14T01:38:32Z</time><extensions><speed>0.809837</speed><course>88.843682</course><hAcc>1.670237</hAcc><vAcc>0.690284</vAcc></extensions></trkpt>
      <trkpt lon="120.901256" lat="23.476004"><ele>2631.999339</ele><time>2026-09-14T01:38:33Z</time><extensions><speed>0.850259</speed><course>93.964811</course><hAcc>1.662572</hAcc><vAcc>0.690284</vAcc></extensions></trkpt>
      <trkpt lon="120.901264" lat="23.476003"><ele>2632.172360</ele><time>2026-09-14T01:38:34Z</time><extensions><speed>0.887455</speed><course>97.949981</course><hAcc>1.656671</hAcc><vAcc>0.690283</vAcc></extensions></trkpt>
      <trkpt lon="120.901273" lat="23.476002"><ele>2632.350848</ele><time>2026-09-14T01:38:35Z</time><extensions><speed>0.898335</speed><course>101.117608</course><hAcc>1.655921</hAcc><vAcc>0.690283</vAcc></extensions></trkpt>
      <trkpt lon="120.901281" lat="23.476000"><ele>2632.534771</ele><time>2026-09-14T01:38:36Z</time><extensions><speed>0.889843</speed><course>106.147957</course><hAcc>1.633826</hAcc><vAcc>0.690283</vAcc></extensions></trkpt>
      <trkpt lon="120.901290" lat="23.475997"><ele>2632.723895</ele><time>2026-09-14T01:38:37Z</time><extensions><speed>0.877458</speed><course>112.739045</course><hAcc>1.638680</hAcc><vAcc>0.690283</vAcc></extensions></trkpt>
      <trkpt lon="120.901298" lat="23.475994"><ele>2632.917800</ele><time>2026-09-14T01:38:38Z</time><extensions><speed>0.921162</speed><course>113.221972</course><hAcc>1.636082</hAcc><vAcc>0.690283</vAcc></extensions></trkpt>
      <trkpt lon="120.901306" lat="23.475992"><ele>2633.116010</ele><time>2026-09-14T01:38:39Z</time><extensions><speed>0.826836</speed><course>110.485613</course><hAcc>1.628505</hAcc><vAcc>0.690283</vAcc></extensions></trkpt>
      <trkpt lon="120.901313" lat="23.475989"><ele>2633.317960</ele><time>2026-09-14T01:38:40Z</time><extensions><speed>0.722617</speed><course>106.545405</course><hAcc>1.606955</hAcc><vAcc>0.690283</vAcc></extensions></trkpt>
      <trkpt lon="120.901320" lat="23.475988"><ele>2633.523062</ele><time>2026-09-14T01:38:41Z</time><extensions><speed>0.706608</speed><course>98.151906</course><hAcc>1.592920</hAcc><vAcc>0.690283</vAcc></extensions></trkpt>
      <trkpt lon="120.901327" lat="23.475988"><ele>2633.730764</ele><time>2026-09-14T01:38:42Z</time><extensions><speed>0.753282</speed><course>89.984510</course><hAcc>1.589435</hAcc><vAcc>0.690283</vAcc></extensions></trkpt>
      <trkpt lon="120.901334" lat="23.475988"><ele>2633.940382</ele><time>2026-09-14T01:38:43Z</time><extensions><speed>0.768935</speed><course>82.098449</course><hAcc>1.600014</hAcc><vAcc>0.690283</vAcc></extensions></trkpt>
      <trkpt lon="120.901342" lat="23.475990"><ele>2634.151236</ele><time>2026-09-14T01:38:44Z</time><extensions><speed>0.895718</speed><course>73.624839</course><hAcc>1.590256</hAcc><vAcc>0.690283</vAcc></extensions></trkpt>
      <trkpt lon="120.901351" lat="23.475993"><ele>2634.362579</ele><time>2026-09-14T01:38:45Z</time><extensions><speed>0.994526</speed><course>68.122328</course><hAcc>1.580785</hAcc><vAcc>0.690283</vAcc></extensions></trkpt>
      <trkpt lon="120.901360" lat="23.475996"><ele>2634.573600</ele><time>2026-09-14T01:38:46Z</time><extensions><speed>1.023659</speed><course>66.975797</course><hAcc>1.569718</hAcc><vAcc>0.690284</vAcc></extensions></trkpt>
      <trkpt lon="120.901370" lat="23.476000"><ele>2634.783503</ele><time>2026-09-14T01:38:47Z</time><extensions><speed>1.056087</speed><course>66.325418</course><hAcc>1.567285</hAcc><vAcc>0.690284</vAcc></extensions></trkpt>
      <trkpt lon="120.901379" lat="23.476004"><ele>2634.991601</ele><time>2026-09-14T01:38:48Z</time><extensions><speed>1.054177</speed><course>66.012128</course><hAcc>1.563934</hAcc><vAcc>0.690283</vAcc></extensions></trkpt>
      <trkpt lon="120.901388" lat="23.476007"><ele>2635.197279</ele><time>2026-09-14T01:38:49Z</time><extensions><speed>0.991602</speed><course>63.023731</course><hAcc>1.565185</hAcc><vAcc>0.690282</vAcc></extensions></trkpt>
      <trkpt lon="120.901397" lat="23.476011"><ele>2635.400132</ele><time>2026-09-14T01:38:50Z</time><extensions><speed>1.001807</speed><course>63.792810</course><hAcc>1.557254</hAcc><vAcc>0.690283</vAcc></extensions></trkpt>
      <trkpt lon="120.901406" lat="23.476015"><ele>2635.599939</ele><time>2026-09-14T01:38:51Z</time><extensions><speed>0.972218</speed><course>65.525069</course><hAcc>1.556996</hAcc><vAcc>0.690283</vAcc></extensions></trkpt>
      <trkpt lon="120.901414" lat="23.476018"><ele>2635.796662</ele><time>2026-09-14T01:38:52Z</time><extensions><speed>0.896919</speed><course>68.234036</course><hAcc>1.568745</hAcc><vAcc>0.690283</vAcc></extensions></trkpt>
      <trkpt lon="120.901423" lat="23.476021"><ele>2635.990536</ele><time>2026-09-14T01:38:53Z</time><extensions><speed>0.929741</speed><course>68.435653</course><hAcc>1.572767</hAcc><vAcc>0.690283</vAcc></extensions></trkpt>
      <trkpt lon="120.901431" lat="23.476024"><ele>2636.181994</ele><time>2026-09-14T01:38:54Z</time><extensions><speed>0.957007</speed><course>70.507026</course><hAcc>1.571729</hAcc><vAcc>0.690283</vAcc></extensions></trkpt>
      <trkpt lon="120.901441" lat="23.476027"><ele>2636.371624</ele><time>2026-09-14T01:38:55Z</time><extensions><speed>1.029610</speed><course>73.834965</course><hAcc>1.570206</hAcc><vAcc>0.690283</vAcc></extensions></trkpt>
      <trkpt lon="120.901450" lat="23.476029"><ele>2636.560181</ele><time>2026-09-14T01:38:56Z</time><extensions><speed>1.019217</speed><course>77.077208</course><hAcc>1.573960</hAcc><vAcc>0.690283</vAcc></extensions></trkpt>
      <trkpt lon="120.901460" lat="23.476031"><ele>2636.748394</ele><time>2026-09-14T01:38:57Z</time><extensions><speed>1.005558</speed><course>82.281979</course><hAcc>1.579966</hAcc><vAcc>0.690283</vAcc></extensions></trkpt>
      <trkpt lon="120.901470" lat="23.476032"><ele>2636.936990</ele><time>2026-09-14T01:38:58Z</time><extensions><speed>1.075250</speed><course>85.706155</course><hAcc>1.582551</hAcc><vAcc>0.690283</vAcc></extensions></trkpt>
      <trkpt lon="120.901481" lat="23.476032"><ele>2637.126628</ele><time>2026-09-14T01:38:59Z</time><extensions><speed>1.076712</speed><course>87.433249</course><hAcc>1.581702</hAcc><vAcc>0.690283</vAcc></extensions></trkpt>
      <trkpt lon="120.901491" lat="23.476032"><ele>2637.317846</ele><time>2026-09-14T01:39:00Z</time><extensions><speed>1.007483</speed><course>87.466278</course><hAcc>1.584036</hAcc><vAcc>0.690283</vAcc></extensions></trkpt>
      <trkpt lon="120.901501" lat="23.476033"><ele>2637.511094</ele><time>2026-09-14T01:39:01Z</time><extensions><speed>1.043628</speed><course>86.830223</course><hAcc>1.587588</hAcc><vAcc>0.690283</vAcc></extensions></trkpt>
      <trkpt lon="120.901512" lat="23.476034"><ele>2637.706767</ele><time>2026-09-14T01:39:02Z</time><extensions><speed>1.175454</speed><course>85.457807</course><hAcc>1.586963</hAcc><vAcc>0.690283</vAcc></extensions></trkpt>
      <trkpt lon="120.901523" lat="23.476034"><ele>2637.905071</ele><time>2026-09-14T01:39:03Z</time><extensions><speed>1.167530</speed><course>86.794448</course><hAcc>1.588051</hAcc><vAcc>0.690283</vAcc></extensions></trkpt>
      <trkpt lon="120.901534" lat="23.476034"><ele>2638.106040</ele><time>2026-09-14T01:39:04Z</time><extensions><speed>1.087025</speed><course>91.707962</course><hAcc>1.589599</hAcc><vAcc>0.690283</vAcc></extensions></trkpt>
      <trkpt lon="120.901545" lat="23.476034"><ele>2638.309647</ele><time>2026-09-14T01:39:05Z</time><extensions><speed>1.079800</speed><course>93.281819</course><hAcc>1.587464</hAcc><vAcc>0.690283</vAcc></extensions></trkpt>
      <trkpt lon="120.901555" lat="23.476033"><ele>2638.515566</ele><time>2026-09-14T01:39:06Z</time><extensions><speed>1.081200</speed><course>96.336595</course><hAcc>1.587362</hAcc><vAcc>0.690283</vAcc></extensions></trkpt>
      <trkpt lon="120.901566" lat="23.476032"><ele>2638.723367</ele><time>2026-09-14T01:39:07Z</time><extensions><speed>1.102294</speed><course>99.816567</course><hAcc>1.588251</hAcc><vAcc>0.690283</vAcc></extensions></trkpt>
      <trkpt lon="120.901577" lat="23.476030"><ele>2638.932369</ele><time>2026-09-14T01:39:08Z</time><extensions><speed>1.153085</speed><course>101.058900</course><hAcc>1.591224</hAcc><vAcc>0.690283</vAcc></extensions></trkpt>
      <trkpt lon="120.901588" lat="23.476028"><ele>2639.141582</ele><time>2026-09-14T01:39:09Z</time><extensions><speed>1.192633</speed><course>96.250913</course><hAcc>1.595577</hAcc><vAcc>0.690283</vAcc></extensions></trkpt>
      <trkpt lon="120.901599" lat="23.476028"><ele>2639.350012</ele><time>2026-09-14T01:39:10Z</time><extensions><speed>1.059765</speed><course>91.680417</course><hAcc>1.601355</hAcc><vAcc>0.690283</vAcc></extensions></trkpt>
      <trkpt lon="120.901609" lat="23.476028"><ele>2639.556367</ele><time>2026-09-14T01:39:11Z</time><extensions><speed>0.902552</speed><course>89.036078</course><hAcc>1.596960</hAcc><vAcc>0.690283</vAcc></extensions></trkpt>
      <trkpt lon="120.901618" lat="23.476028"><ele>2639.759424</ele><time>2026-09-14T01:39:12Z</time><extensions><speed>0.940146</speed><course>90.077337</course><hAcc>1.579725</hAcc><vAcc>0.690283</vAcc></extensions></trkpt>
      <trkpt lon="120.901627" lat="23.476027"><ele>2639.958067</ele><time>2026-09-14T01:39:13Z</time><extensions><speed>1.033951</speed><course>94.879326</course><hAcc>1.591185</hAcc><vAcc>0.690283</vAcc></extensions></trkpt>
      <trkpt lon="120.901638" lat="23.476026"><ele>2640.151128</ele><time>2026-09-14T01:39:14Z</time><extensions><speed>1.098865</speed><course>98.002436</course><hAcc>1.595466</hAcc><vAcc>0.690283</vAcc></extensions></trkpt>
      <trkpt lon="120.901648" lat="23.476025"><ele>2640.337734</ele><time>2026-09-14T01:39:15Z</time><extensions><speed>1.088438</speed><course>101.234657</course><hAcc>1.593354</hAcc><vAcc>0.690283</vAcc></extensions></trkpt>
      <trkpt lon="120.901659" lat="23.476023"><ele>2640.516904</ele><time>2026-09-14T01:39:16Z</time><extensions><speed>1.071358</speed><course>102.450410</course><hAcc>1.591078</hAcc><vAcc>0.690283</vAcc></extensions></trkpt>
      <trkpt lon="120.901669" lat="23.476021"><ele>2640.687768</ele><time>2026-09-14T01:39:17Z</time><extensions><speed>1.041689</speed><course>98.826895</course><hAcc>1.584805</hAcc><vAcc>0.690283</vAcc></extensions></trkpt>
      <trkpt lon="120.901679" lat="23.476019"><ele>2640.849665</ele><time>2026-09-14T01:39:18Z</time><extensions><speed>1.084976</speed><course>97.065837</course><hAcc>1.578331</hAcc><vAcc>0.690283</vAcc></extensions></trkpt>
      <trkpt lon="120.901691" lat="23.476018"><ele>2641.001851</ele><time>2026-09-14T01:39:19Z</time><extensions><speed>1.226748</speed><course>96.371184</course><hAcc>1.579361</hAcc><vAcc>0.690283</vAcc></extensions></trkpt>
      <trkpt lon="120.901703" lat="23.476017"><ele>2641.143791</ele><time>2026-09-14T01:39:20Z</time><extensions><speed>1.259722</speed><course>97.725838</course><hAcc>1.591360</hAcc><vAcc>0.690283</vAcc></extensions></trkpt>
      <trkpt lon="120.901715" lat="23.476015"><ele>2641.274997</ele><time>2026-09-14T01:39:21Z</time><extensions><speed>1.259246</speed><course>100.053815</course><hAcc>1.597227</hAcc><vAcc>0.690283</vAcc></extensions></trkpt>
      <trkpt lon="120.901726" lat="23.476013"><ele>2641.395060</ele><time>2026-09-14T01:39:22Z</time><extensions><speed>1.092545</speed><course>101.200861</course><hAcc>1.610199</hAcc><vAcc>0.690283</vAcc></extensions></trkpt>
      <trkpt lon="120.901736" lat="23.476011"><ele>2641.503779</ele><time>2026-09-14T01:39:23Z</time><extensions><speed>0.917187</speed><course>111.255784</course><hAcc>1.618400</hAcc><vAcc>0.690283</vAcc></extensions></trkpt>
      <trkpt lon="120.901744" lat="23.476007"><ele>2641.600956</ele><time>2026-09-14T01:39:24Z</time><extensions><speed>0.860520</speed><course>116.012498</course><hAcc>1.611081</hAcc><vAcc>0.690283</vAcc></extensions></trkpt>
      <trkpt lon="120.901751" lat="23.476004"><ele>2641.686658</ele><time>2026-09-14T01:39:25Z</time><extensions><speed>0.876030</speed><course>116.295124</course><hAcc>1.619240</hAcc><vAcc>0.690283</vAcc></extensions></trkpt>
      <trkpt lon="120.901759" lat="23.476000"><ele>2641.761130</ele><time>2026-09-14T01:39:26Z</time><extensions><speed>0.959965</speed><course>115.654987</course><hAcc>1.641534</hAcc><vAcc>0.690283</vAcc></extensions></trkpt>
      <trkpt lon="120.901768" lat="23.475996"><ele>2641.824724</ele><time>2026-09-14T01:39:27Z</time><extensions><speed>1.065840</speed><course>114.501561</course><hAcc>1.675307</hAcc><vAcc>0.690283</vAcc></extensions></trkpt>
      <trkpt lon="120.901778" lat="23.475992"><ele>2641.877977</ele><time>2026-09-14T01:39:28Z</time><extensions><speed>1.037100</speed><course>114.025463</course><hAcc>1.684361</hAcc><vAcc>0.690283</vAcc></extensions></trkpt>
      <trkpt lon="120.901787" lat="23.475989"><ele>2641.921509</ele><time>2026-09-14T01:39:29Z</time><extensions><speed>0.988532</speed><course>111.984336</course><hAcc>1.669613</hAcc><vAcc>0.690283</vAcc></extensions></trkpt>
      <trkpt lon="120.901796" lat="23.475986"><ele>2641.955932</ele><time>2026-09-14T01:39:30Z</time><extensions><speed>0.984181</speed><course>112.600741</course><hAcc>1.661736</hAcc><vAcc>0.690283</vAcc></extensions></trkpt>
      <trkpt lon="120.901804" lat="23.475982"><ele>2641.981904</ele><time>2026-09-14T01:39:31Z</time><extensions><speed>0.968100</speed><course>117.440364</course><hAcc>1.661981</hAcc><vAcc>0.690283</vAcc></extensions></trkpt>
      <trkpt lon="120.901813" lat="23.475978"><ele>2642.000233</ele><time>2026-09-14T01:39:32Z</time><extensions><speed>0.950129</speed><course>122.846136</course><hAcc>1.673113</hAcc><vAcc>0.690283</vAcc></extensions></trkpt>
      <trkpt lon="120.901820" lat="23.475973"><ele>2642.011670</ele><time>2026-09-14T01:39:33Z</time><extensions><speed>0.938231</speed><course>126.212804</course><hAcc>1.695964</hAcc><vAcc>0.690283</vAcc></extensions></trkpt>
      <trkpt lon="120.901827" lat="23.475968"><ele>2642.017245</ele><time>2026-09-14T01:39:34Z</time><extensions><speed>0.898332</speed><course>129.016895</course><hAcc>1.691299</hAcc><vAcc>0.690283</vAcc></extensions></trkpt>
      <trkpt lon="120.901834" lat="23.475963"><ele>2642.018188</ele><time>2026-09-14T01:39:35Z</time><extensions><speed>0.798516</speed><course>128.598193</course><hAcc>1.670167</hAcc><vAcc>0.690283</vAcc></extensions></trkpt>
      <trkpt lon="120.901840" lat="23.475958"><ele>2642.015909</ele><time>2026-09-14T01:39:36Z</time><extensions><speed>0.734340</speed><course>127.000007</course><hAcc>1.667435</hAcc><vAcc>0.690283</vAcc></extensions></trkpt>
      <trkpt lon="120.901846" lat="23.475954"><ele>2642.011846</ele><time>2026-09-14T01:39:37Z</time><extensions><speed>0.751938</speed><course>125.466266</course><hAcc>1.668293</hAcc><vAcc>0.690283</vAcc></extensions></trkpt>
      <trkpt lon="120.901852" lat="23.475950"><ele>2642.007498</ele><time>2026-09-14T01:39:38Z</time><extensions><speed>0.823803</speed><course>124.557855</course><hAcc>1.660160</hAcc><vAcc>0.690283</vAcc></extensions></trkpt>
      <trkpt lon="120.901858" lat="23.475945"><ele>2642.004273</ele><time>2026-09-14T01:39:39Z</time><extensions><speed>0.858544</speed><course>124.945099</course><hAcc>1.665317</hAcc><vAcc>0.690283</vAcc></extensions></trkpt>
      <trkpt lon="120.901865" lat="23.475940"><ele>2642.003308</ele><time>2026-09-14T01:39:40Z</time><extensions><speed>0.950751</speed><course>126.923234</course><hAcc>1.673423</hAcc><vAcc>0.690283</vAcc></extensions></trkpt>
      <trkpt lon="120.901873" lat="23.475935"><ele>2642.005272</ele><time>2026-09-14T01:39:41Z</time><extensions><speed>0.996468</speed><course>131.390589</course><hAcc>1.661042</hAcc><vAcc>0.690283</vAcc></extensions></trkpt>
      <trkpt lon="120.901880" lat="23.475928"><ele>2642.010411</ele><time>2026-09-14T01:39:42Z</time><extensions><speed>1.034684</speed><course>138.640886</course><hAcc>1.672119</hAcc><vAcc>0.690283</vAcc></extensions></trkpt>
      <trkpt lon="120.901886" lat="23.475920"><ele>2642.018560</ele><time>2026-09-14T01:39:43Z</time><extensions><speed>1.089133</speed><course>148.357702</course><hAcc>1.669222</hAcc><vAcc>0.690283</vAcc></extensions></trkpt>
      <trkpt lon="120.901890" lat="23.475911"><ele>2642.029077</ele><time>2026-09-14T01:39:44Z</time><extensions><speed>1.136309</speed><course>159.298772</course><hAcc>1.644468</hAcc><vAcc>0.690283</vAcc></extensions></trkpt>
      <trkpt lon="120.901894" lat="23.475901"><ele>2642.041076</ele><time>2026-09-14T01:39:45Z</time><extensions><speed>1.209400</speed><course>167.719739</course><hAcc>1.632755</hAcc><vAcc>0.690283</vAcc></extensions></trkpt>
      <trkpt lon="120.901896" lat="23.475890"><ele>2642.053835</ele><time>2026-09-14T01:39:46Z</time><extensions><speed>1.243280</speed><course>174.911515</course><hAcc>1.643035</hAcc><vAcc>0.690283</vAcc></extensions></trkpt>
      <trkpt lon="120.901897" lat="23.475880"><ele>2642.066661</ele><time>2026-09-14T01:39:47Z</time><extensions><speed>1.098518</speed><course>178.834016</course><hAcc>1.666225</hAcc><vAcc>0.690283</vAcc></extensions></trkpt>
      <trkpt lon="120.901897" lat="23.475869"><ele>2642.079019</ele><time>2026-09-14T01:39:48Z</time><extensions><speed>1.258104</speed><course>185.475397</course><hAcc>1.635023</hAcc><vAcc>0.690283</vAcc></extensions></trkpt>
      <trkpt lon="120.901895" lat="23.475858"><ele>2642.090474</ele><time>2026-09-14T01:39:49Z</time><extensions><speed>1.282741</speed><course>186.066092</course><hAcc>1.617182</hAcc><vAcc>0.690283</vAcc></extensions></trkpt>
      <trkpt lon="120.901895" lat="23.475847"><ele>2642.100621</ele><time>2026-09-14T01:39:50Z</time><extensions><speed>1.264332</speed><course>180.075484</course><hAcc>1.619103</hAcc><vAcc>0.690283</vAcc></extensions></trkpt>
      <trkpt lon="120.901896" lat="23.475836"><ele>2642.108892</ele><time>2026-09-14T01:39:51Z</time><extensions><speed>1.195497</speed><course>169.945895</course><hAcc>1.613146</hAcc><vAcc>0.690283</vAcc></extensions></trkpt>
      <trkpt lon="120.901900" lat="23.475826"><ele>2642.114768</ele><time>2026-09-14T01:39:52Z</time><extensions><speed>1.127228</speed><course>154.588172</course><hAcc>1.605360</hAcc><vAcc>0.690283</vAcc></extensions></trkpt>
      <trkpt lon="120.901906" lat="23.475818"><ele>2642.117814</ele><time>2026-09-14T01:39:53Z</time><extensions><speed>1.110750</speed><course>133.657476</course><hAcc>1.600383</hAcc><vAcc>0.690283</vAcc></extensions></trkpt>
      <trkpt lon="120.901915" lat="23.475812"><ele>2642.117856</ele><time>2026-09-14T01:39:54Z</time><extensions><speed>1.192094</speed><course>111.737210</course><hAcc>1.601810</hAcc><vAcc>0.690283</vAcc></extensions></trkpt>
      <trkpt lon="120.901928" lat="23.475809"><ele>2642.115104</ele><time>2026-09-14T01:39:55Z</time><extensions><speed>1.441053</speed><course>101.396170</course><hAcc>1.596498</hAcc><vAcc>0.690283</vAcc></extensions></trkpt>
      <trkpt lon="120.901942" lat="23.475807"><ele>2642.110056</ele><time>2026-09-14T01:39:56Z</time><extensions><speed>1.593322</speed><course>97.879472</course><hAcc>1.593340</hAcc><vAcc>0.690283</vAcc></extensions></trkpt>
      <trkpt lon="120.901958" lat="23.475805"><ele>2642.103633</ele><time>2026-09-14T01:39:57Z</time><extensions><speed>1.572676</speed><course>97.107481</course><hAcc>1.594914</hAcc><vAcc>0.690283</vAcc></extensions></trkpt>
      <trkpt lon="120.901972" lat="23.475804"><ele>2642.096936</ele><time>2026-09-14T01:39:58Z</time><extensions><speed>1.400491</speed><course>95.994115</course><hAcc>1.597649</hAcc><vAcc>0.690283</vAcc></extensions></trkpt>
      <trkpt lon="120.901985" lat="23.475802"><ele>2642.091031</ele><time>2026-09-14T01:39:59Z</time><extensions><speed>1.322929</speed><course>93.629274</course><hAcc>1.602427</hAcc><vAcc>0.690283</vAcc></extensions></trkpt>
      <trkpt lon="120.901998" lat="23.475802"><ele>2642.086895</ele><time>2026-09-14T01:40:00Z</time><extensions><speed>1.228027</speed><course>92.922019</course><hAcc>1.608891</hAcc><vAcc>0.690283</vAcc></extensions></trkpt>
      <trkpt lon="120.902010" lat="23.475801"><ele>2642.085272</ele><time>2026-09-14T01:40:01Z</time><extensions><speed>1.222219</speed><course>89.819235</course><hAcc>1.616458</hAcc><vAcc>0.690283</vAcc></extensions></trkpt>
      <trkpt lon="120.902022" lat="23.475802"><ele>2642.086695</ele><time>2026-09-14T01:40:02Z</time><extensions><speed>1.230381</speed><course>87.651434</course><hAcc>1.623317</hAcc><vAcc>0.690283</vAcc></extensions></trkpt>
      <trkpt lon="120.902034" lat="23.475802"><ele>2642.091517</ele><time>2026-09-14T01:40:03Z</time><extensions><speed>1.141445</speed><course>86.342916</course><hAcc>1.632296</hAcc><vAcc>0.690283</vAcc></extensions></trkpt>
      <trkpt lon="120.902044" lat="23.475803"><ele>2642.099922</ele><time>2026-09-14T01:40:04Z</time><extensions><speed>1.052327</speed><course>87.165677</course><hAcc>1.640468</hAcc><vAcc>0.690283</vAcc></extensions></trkpt>
      <trkpt lon="120.902054" lat="23.475803"><ele>2642.112100</ele><time>2026-09-14T01:40:05Z</time><extensions><speed>0.943040</speed><course>91.514867</course><hAcc>1.647448</hAcc><vAcc>0.690283</vAcc></extensions></trkpt>
      <trkpt lon="120.902064" lat="23.475803"><ele>2642.128078</ele><time>2026-09-14T01:40:06Z</time><extensions><speed>1.002328</speed><course>94.335399</course><hAcc>1.671521</hAcc><vAcc>0.690283</vAcc></extensions></trkpt>
      <trkpt lon="120.902074" lat="23.475802"><ele>2642.147831</ele><time>2026-09-14T01:40:07Z</time><extensions><speed>1.042040</speed><course>95.882062</course><hAcc>1.684242</hAcc><vAcc>0.690283</vAcc></extensions></trkpt>
      <trkpt lon="120.902084" lat="23.475801"><ele>2642.171353</ele><time>2026-09-14T01:40:08Z</time><extensions><speed>1.048595</speed><course>94.258126</course><hAcc>1.679041</hAcc><vAcc>0.690284</vAcc></extensions></trkpt>
      <trkpt lon="120.902095" lat="23.475800"><ele>2642.198549</ele><time>2026-09-14T01:40:09Z</time><extensions><speed>1.066512</speed><course>92.973675</course><hAcc>1.681901</hAcc><vAcc>0.690284</vAcc></extensions></trkpt>
      <trkpt lon="120.902105" lat="23.475800"><ele>2642.229524</ele><time>2026-09-14T01:40:10Z</time><extensions><speed>1.074799</speed><course>89.956457</course><hAcc>1.691187</hAcc><vAcc>0.690285</vAcc></extensions></trkpt>
      <trkpt lon="120.902116" lat="23.475801"><ele>2642.264464</ele><time>2026-09-14T01:40:11Z</time><extensions><speed>1.152920</speed><course>84.220770</course><hAcc>1.690796</hAcc><vAcc>0.690286</vAcc></extensions></trkpt>
      <trkpt lon="120.902128" lat="23.475802"><ele>2642.303598</ele><time>2026-09-14T01:40:12Z</time><extensions><speed>1.278468</speed><course>80.664648</course><hAcc>1.685072</hAcc><vAcc>0.690286</vAcc></extensions></trkpt>
      <trkpt lon="120.902141" lat="23.475804"><ele>2642.347127</ele><time>2026-09-14T01:40:13Z</time><extensions><speed>1.336189</speed><course>78.502071</course><hAcc>1.688049</hAcc><vAcc>0.690285</vAcc></extensions></trkpt>
      <trkpt lon="120.902154" lat="23.475807"><ele>2642.395317</ele><time>2026-09-14T01:40:14Z</time><extensions><speed>1.443894</speed><course>77.875794</course><hAcc>1.692798</hAcc><vAcc>0.690284</vAcc></extensions></trkpt>
      <trkpt lon="120.902168" lat="23.475809"><ele>2642.448180</ele><time>2026-09-14T01:40:15Z</time><extensions><speed>1.393823</speed><course>79.085626</course><hAcc>1.683865</hAcc><vAcc>0.690283</vAcc></extensions></trkpt>
      <trkpt lon="120.902181" lat="23.475811"><ele>2642.505578</ele><time>2026-09-14T01:40:16Z</time><extensions><speed>1.291354</speed><course>81.595536</course><hAcc>1.673120</hAcc><vAcc>0.690283</vAcc></extensions></trkpt>
      <trkpt lon="120.902193" lat="23.475813"><ele>2642.567138</ele><time>2026-09-14T01:40:17Z</time><extensions><speed>1.217792</speed><course>84.481577</course><hAcc>1.690295</hAcc><vAcc>0.690283</vAcc></extensions></trkpt>
      <trkpt lon="120.902204" lat="23.475814"><ele>2642.631993</ele><time>2026-09-14T01:40:18Z</time><extensions><speed>1.149512</speed><course>87.641931</course><hAcc>1.697094</hAcc><vAcc>0.690283</vAcc></extensions></trkpt>
      <trkpt lon="120.902215" lat="23.475814"><ele>2642.699007</ele><time>2026-09-14T01:40:19Z</time><extensions><speed>1.051020</speed><course>89.353752</course><hAcc>1.688038</hAcc><vAcc>0.690283</vAcc></extensions></trkpt>
      <trkpt lon="120.902225" lat="23.475814"><ele>2642.766791</ele><time>2026-09-14T01:40:20Z</time><extensions><speed>0.908700</speed><course>91.757709</course><hAcc>1.694922</hAcc><vAcc>0.690283</vAcc></extensions></trkpt>
      <trkpt lon="120.902233" lat="23.475813"><ele>2642.833803</ele><time>2026-09-14T01:40:21Z</time><extensions><speed>0.810266</speed><course>95.354657</course><hAcc>1.708998</hAcc><vAcc>0.690283</vAcc></extensions></trkpt>
      <trkpt lon="120.902241" lat="23.475813"><ele>2642.898463</ele><time>2026-09-14T01:40:22Z</time><extensions><speed>0.764848</speed><course>99.255220</course><hAcc>1.716641</hAcc><vAcc>0.690283</vAcc></extensions></trkpt>
      <trkpt lon="120.902248" lat="23.475811"><ele>2642.959786</ele><time>2026-09-14T01:40:23Z</time><extensions><speed>0.811448</speed><course>98.708378</course><hAcc>1.710746</hAcc><vAcc>0.690283</vAcc></extensions></trkpt>
      <trkpt lon="120.902256" lat="23.475810"><ele>2643.016987</ele><time>2026-09-14T01:40:24Z</time><extensions><speed>0.823573</speed><course>95.583397</course><hAcc>1.705794</hAcc><vAcc>0.690283</vAcc></extensions></trkpt>
      <trkpt lon="120.902265" lat="23.475810"><ele>2643.069925</ele><time>2026-09-14T01:40:25Z</time><extensions><speed>0.944298</speed><course>94.215891</course><hAcc>1.691268</hAcc><vAcc>0.690283</vAcc></extensions></trkpt>
      <trkpt lon="120.902275" lat="23.475809"><ele>2643.119155</ele><time>2026-09-14T01:40:26Z</time><extensions><speed>0.987540</speed><course>94.295257</course><hAcc>1.686740</hAcc><vAcc>0.690283</vAcc></extensions></trkpt>
      <trkpt lon="120.902284" lat="23.475809"><ele>2643.165770</ele><time>2026-09-14T01:40:27Z</time><extensions><speed>0.995905</speed><course>92.096716</course><hAcc>1.696742</hAcc><vAcc>0.690283</vAcc></extensions></trkpt>
      <trkpt lon="120.902294" lat="23.475808"><ele>2643.211577</ele><time>2026-09-14T01:40:28Z</time><extensions><speed>0.892277</speed><course>90.592245</course><hAcc>1.691642</hAcc><vAcc>0.690282</vAcc></extensions></trkpt>
      <trkpt lon="120.902302" lat="23.475808"><ele>2643.258745</ele><time>2026-09-14T01:40:29Z</time><extensions><speed>0.717511</speed><course>90.093395</course><hAcc>1.678138</hAcc><vAcc>0.690283</vAcc></extensions></trkpt>
      <trkpt lon="120.902309" lat="23.475808"><ele>2643.309644</ele><time>2026-09-14T01:40:30Z</time><extensions><speed>0.656505</speed><course>86.761953</course><hAcc>1.666981</hAcc><vAcc>0.690283</vAcc></extensions></trkpt>
      <trkpt lon="120.902316" lat="23.475809"><ele>2643.366613</ele><time>2026-09-14T01:40:31Z</time><extensions><speed>0.780406</speed><course>85.514161</course><hAcc>1.641500</hAcc><vAcc>0.690283</vAcc></extensions></trkpt>
      <trkpt lon="120.902324" lat="23.475809"><ele>2643.431422</ele><time>2026-09-14T01:40:32Z</time><extensions><speed>0.921559</speed><course>89.958572</course><hAcc>1.635225</hAcc><vAcc>0.690283</vAcc></extensions></trkpt>
      <trkpt lon="120.902334" lat="23.475809"><ele>2643.505404</ele><time>2026-09-14T01:40:33Z</time><extensions><speed>0.967314</speed><course>93.455650</course><hAcc>1.664159</hAcc><vAcc>0.690283</vAcc></extensions></trkpt>
      <trkpt lon="120.902343" lat="23.475808"><ele>2643.589277</ele><time>2026-09-14T01:40:34Z</time><extensions><speed>0.964608</speed><course>94.620663</course><hAcc>1.687716</hAcc><vAcc>0.690283</vAcc></extensions></trkpt>
      <trkpt lon="120.902353" lat="23.475807"><ele>2643.683122</ele><time>2026-09-14T01:40:35Z</time><extensions><speed>1.139220</speed><course>93.211274</course><hAcc>1.671894</hAcc><vAcc>0.690282</vAcc></extensions></trkpt>
      <trkpt lon="120.902365" lat="23.475807"><ele>2643.786460</ele><time>2026-09-14T01:40:36Z</time><extensions><speed>1.228202</speed><course>91.683912</course><hAcc>1.652346</hAcc><vAcc>0.690282</vAcc></extensions></trkpt>
      <trkpt lon="120.902377" lat="23.475807"><ele>2643.898500</ele><time>2026-09-14T01:40:37Z</time><extensions><speed>1.198259</speed><course>88.370756</course><hAcc>1.660239</hAcc><vAcc>0.690282</vAcc></extensions></trkpt>
      <trkpt lon="120.902389" lat="23.475807"><ele>2644.018428</ele><time>2026-09-14T01:40:38Z</time><extensions><speed>1.252853</speed><course>86.202353</course><hAcc>1.669746</hAcc><vAcc>0.690282</vAcc></extensions></trkpt>
      <trkpt lon="120.902402" lat="23.475808"><ele>2644.145405</ele><time>2026-09-14T01:40:39Z</time><extensions><speed>1.295332</speed><course>85.398891</course><hAcc>1.678104</hAcc><vAcc>0.690282</vAcc></extensions></trkpt>
      <trkpt lon="120.902414" lat="23.475809"><ele>2644.278555</ele><time>2026-09-14T01:40:40Z</time><extensions><speed>1.285525</speed><course>87.162109</course><hAcc>1.683250</hAcc><vAcc>0.690283</vAcc></extensions></trkpt>
      <trkpt lon="120.902427" lat="23.475809"><ele>2644.416986</ele><time>2026-09-14T01:40:41Z</time><extensions><speed>1.307206</speed><course>90.686288</course><hAcc>1.659594</hAcc><vAcc>0.690283</vAcc></extensions></trkpt>
      <trkpt lon="120.902440" lat="23.475809"><ele>2644.559746</ele><time>2026-09-14T01:40:42Z</time><extensions><speed>1.349443</speed><course>92.581782</course><hAcc>1.649373</hAcc><vAcc>0.690283</vAcc></extensions></trkpt>
      <trkpt lon="120.902453" lat="23.475809"><ele>2644.705747</ele><time>2026-09-14T01:40:43Z</time><extensions><speed>1.357496</speed><course>91.606125</course><hAcc>1.670315</hAcc><vAcc>0.690283</vAcc></extensions></trkpt>
      <trkpt lon="120.902466" lat="23.475808"><ele>2644.853964</ele><time>2026-09-14T01:40:44Z</time><extensions><speed>1.219593</speed><course>91.683623</course><hAcc>1.680835</hAcc><vAcc>0.690283</vAcc></extensions></trkpt>
      <trkpt lon="120.902478" lat="23.475808"><ele>2645.003702</ele><time>2026-09-14T01:40:45Z</time><extensions><speed>1.133961</speed><course>90.174137</course><hAcc>1.665977</hAcc><vAcc>0.690283</vAcc></extensions></trkpt>
      <trkpt lon="120.902488" lat="23.475808"><ele>2645.154460</ele><time>2026-09-14T01:40:46Z</time><extensions><speed>1.019884</speed><course>91.799634</course><hAcc>1.650931</hAcc><vAcc>0.690283</vAcc></extensions></trkpt>
      <trkpt lon="120.902498" lat="23.475808"><ele>2645.305958</ele><time>2026-09-14T01:40:47Z</time><extensions><speed>0.968038</speed><course>92.934964</course><hAcc>1.653069</hAcc><vAcc>0.690283</vAcc></extensions></trkpt>
      <trkpt lon="120.902507" lat="23.475807"><ele>2645.457862</ele><time>2026-09-14T01:40:48Z</time><extensions><speed>0.954715</speed><course>93.946767</course><hAcc>1.666580</hAcc><vAcc>0.690283</vAcc></extensions></trkpt>
      <trkpt lon="120.902517" lat="23.475807"><ele>2645.609689</ele><time>2026-09-14T01:40:49Z</time><extensions><speed>0.990300</speed><course>91.379814</course><hAcc>1.681335</hAcc><vAcc>0.690283</vAcc></extensions></trkpt>
      <trkpt lon="120.902526" lat="23.475807"><ele>2645.760925</ele><time>2026-09-14T01:40:50Z</time><extensions><speed>0.931819</speed><course>88.965176</course><hAcc>1.709156</hAcc><vAcc>0.690283</vAcc></extensions></trkpt>
      <trkpt lon="120.902535" lat="23.475807"><ele>2645.910811</ele><time>2026-09-14T01:40:51Z</time><extensions><speed>0.802071</speed><course>86.575083</course><hAcc>1.712568</hAcc><vAcc>0.690283</vAcc></extensions></trkpt>
      <trkpt lon="120.902542" lat="23.475808"><ele>2646.058576</ele><time>2026-09-14T01:40:52Z</time><extensions><speed>0.783686</speed><course>82.743609</course><hAcc>1.719177</hAcc><vAcc>0.690283</vAcc></extensions></trkpt>
      <trkpt lon="120.902550" lat="23.475809"><ele>2646.203489</ele><time>2026-09-14T01:40:53Z</time><extensions><speed>0.720899</speed><course>80.041852</course><hAcc>1.732064</hAcc><vAcc>0.690283</vAcc></extensions></trkpt>
      <trkpt lon="120.902556" lat="23.475809"><ele>2646.344879</ele><time>2026-09-14T01:40:54Z</time><extensions><speed>0.568434</speed><course>82.666694</course><hAcc>1.744288</hAcc><vAcc>0.690283</vAcc></extensions></trkpt>
      <trkpt lon="120.902561" lat="23.475810"><ele>2646.482149</ele><time>2026-09-14T01:40:55Z</time><extensions><speed>0.517352</speed><course>94.119470</course><hAcc>1.752167</hAcc><vAcc>0.690283</vAcc></extensions></trkpt>
      <trkpt lon="120.902566" lat="23.475809"><ele>2646.615019</ele><time>2026-09-14T01:40:56Z</time><extensions><speed>0.535387</speed><course>107.625518</course><hAcc>1.757905</hAcc><vAcc>0.690283</vAcc></extensions></trkpt>
      <trkpt lon="120.902571" lat="23.475806"><ele>2646.743379</ele><time>2026-09-14T01:40:57Z</time><extensions><speed>0.604835</speed><course>119.298640</course><hAcc>1.754097</hAcc><vAcc>0.690283</vAcc></extensions></trkpt>
      <trkpt lon="120.902577" lat="23.475803"><ele>2646.867308</ele><time>2026-09-14T01:40:58Z</time><extensions><speed>0.710631</speed><course>125.778983</course><hAcc>1.738513</hAcc><vAcc>0.690283</vAcc></extensions></trkpt>
      <trkpt lon="120.902582" lat="23.475799"><ele>2646.987285</ele><time>2026-09-14T01:40:59Z</time><extensions><speed>0.768332</speed><course>132.070740</course><hAcc>1.720785</hAcc><vAcc>0.690283</vAcc></extensions></trkpt>
      <trkpt lon="120.902588" lat="23.475794"><ele>2647.103939</ele><time>2026-09-14T01:41:00Z</time><extensions><speed>0.937806</speed><course>133.641143</course><hAcc>1.714128</hAcc><vAcc>0.690283</vAcc></extensions></trkpt>
      <trkpt lon="120.902596" lat="23.475787"><ele>2647.218295</ele><time>2026-09-14T01:41:01Z</time><extensions><speed>1.132647</speed><course>135.471383</course><hAcc>1.717046</hAcc><vAcc>0.690283</vAcc></extensions></trkpt>
      <trkpt lon="120.902603" lat="23.475779"><ele>2647.331644</ele><time>2026-09-14T01:41:02Z</time><extensions><speed>1.193654</speed><course>140.327318</course><hAcc>1.700632</hAcc><vAcc>0.690283</vAcc></extensions></trkpt>
      <trkpt lon="120.902610" lat="23.475771"><ele>2647.445404</ele><time>2026-09-14T01:41:03Z</time><extensions><speed>0.990819</speed><course>149.462784</course><hAcc>1.670611</hAcc><vAcc>0.690283</vAcc></extensions></trkpt>
      <trkpt lon="120.902614" lat="23.475764"><ele>2647.561109</ele><time>2026-09-14T01:41:04Z</time><extensions><speed>0.822052</speed><course>160.768752</course><hAcc>1.665388</hAcc><vAcc>0.690283</vAcc></extensions></trkpt>
      <trkpt lon="120.902616" lat="23.475757"><ele>2647.680213</ele><time>2026-09-14T01:41:05Z</time><extensions><speed>0.895328</speed><course>164.245898</course><hAcc>1.659492</hAcc><vAcc>0.690283</vAcc></extensions></trkpt>
      <trkpt lon="120.902619" lat="23.475749"><ele>2647.803917</ele><time>2026-09-14T01:41:06Z</time><extensions><speed>0.972284</speed><course>160.623560</course><hAcc>1.664091</hAcc><vAcc>0.690282</vAcc></extensions></trkpt>
      <trkpt lon="120.902623" lat="23.475741"><ele>2647.933123</ele><time>2026-09-14T01:41:07Z</time><extensions><speed>0.833348</speed><course>147.359746</course><hAcc>1.653676</hAcc><vAcc>0.690282</vAcc></extensions></trkpt>
      <trkpt lon="120.902628" lat="23.475736"><ele>2648.068403</ele><time>2026-09-14T01:41:08Z</time><extensions><speed>0.714528</speed><course>126.272315</course><hAcc>1.655921</hAcc><vAcc>0.690283</vAcc></extensions></trkpt>
      <trkpt lon="120.902635" lat="23.475733"><ele>2648.209759</ele><time>2026-09-14T01:41:09Z</time><extensions><speed>0.848907</speed><course>111.573619</course><hAcc>1.641890</hAcc><vAcc>0.690283</vAcc></extensions></trkpt>
      <trkpt lon="120.902644" lat="23.475730"><ele>2648.356810</ele><time>2026-09-14T01:41:10Z</time><extensions><speed>0.941902</speed><course>105.306129</course><hAcc>1.637691</hAcc><vAcc>0.690283</vAcc></extensions></trkpt>
      <trkpt lon="120.902652" lat="23.475728"><ele>2648.508818</ele><time>2026-09-14T01:41:11Z</time><extensions><speed>0.915177</speed><course>100.254240</course><hAcc>1.650181</hAcc><vAcc>0.690283</vAcc></extensions></trkpt>
      <trkpt lon="120.902662" lat="23.475727"><ele>2648.664782</ele><time>2026-09-14T01:41:12Z</time><extensions><speed>0.974875</speed><course>93.451847</course><hAcc>1.624294</hAcc><vAcc>0.690283</vAcc></extensions></trkpt>
      <trkpt lon="120.902671" lat="23.475727"><ele>2648.823517</ele><time>2026-09-14T01:41:13Z</time><extensions><speed>0.905969</speed><course>89.924165</course><hAcc>1.631489</hAcc><vAcc>0.690283</vAcc></extensions></trkpt>
      <trkpt lon="120.902679" lat="23.475727"><ele>2648.983938</ele><time>2026-09-14T01:41:14Z</time><extensions><speed>0.739632</speed><course>87.869922</course><hAcc>1.672987</hAcc><vAcc>0.690283</vAcc></extensions></trkpt>
      <trkpt lon="120.902687" lat="23.475728"><ele>2649.145036</ele><time>2026-09-14T01:41:15Z</time><extensions><speed>0.785183</speed><course>83.324055</course><hAcc>1.660022</hAcc><vAcc>0.690283</vAcc></extensions></trkpt>
      <trkpt lon="120.902695" lat="23.475728"><ele>2649.305970</ele><time>2026-09-14T01:41:16Z</time><extensions><speed>0.920046</speed><course>85.538283</course><hAcc>1.633993</hAcc><vAcc>0.690283</vAcc></extensions></trkpt>
      <trkpt lon="120.902705" lat="23.475729"><ele>2649.466144</ele><time>2026-09-14T01:41:17Z</time><extensions><speed>1.003811</speed><course>92.672514</course><hAcc>1.634902</hAcc><vAcc>0.690284</vAcc></extensions></trkpt>
      <trkpt lon="120.902715" lat="23.475727"><ele>2649.625288</ele><time>2026-09-14T01:41:18Z</time><extensions><speed>1.027345</speed><course>103.925570</course><hAcc>1.656023</hAcc><vAcc>0.690284</vAcc></extensions></trkpt>
      <trkpt lon="120.902725" lat="23.475724"><ele>2649.783434</ele><time>2026-09-14T01:41:19Z</time><extensions><speed>1.134635</speed><course>115.645349</course><hAcc>1.662954</hAcc><vAcc>0.690285</vAcc></extensions></trkpt>
      <trkpt lon="120.902735" lat="23.475719"><ele>2649.940856</ele><time>2026-09-14T01:41:20Z</time><extensions><speed>1.265641</speed><course>119.771706</course><hAcc>1.667557</hAcc><vAcc>0.690285</vAcc></extensions></trkpt>
      <trkpt lon="120.902746" lat="23.475714"><ele>2650.097956</ele><time>2026-09-14T01:41:21Z</time><extensions><speed>1.210246</speed><course>112.659927</course><hAcc>1.644343</hAcc><vAcc>0.690287</vAcc></extensions></trkpt>
      <trkpt lon="120.902757" lat="23.475710"><ele>2650.255176</ele><time>2026-09-14T01:41:22Z</time><extensions><speed>1.167724</speed><course>105.087954</course><hAcc>1.636523</hAcc><vAcc>0.690289</vAcc></extensions></trkpt>
      <trkpt lon="120.902768" lat="23.475708"><ele>2650.412930</ele><time>2026-09-14T01:41:23Z</time><extensions><speed>1.101474</speed><course>100.341635</course><hAcc>1.650909</hAcc><vAcc>0.690283</vAcc></extensions></trkpt>
      <trkpt lon="120.902779" lat="23.475706"><ele>2650.571209</ele><time>2026-09-14T01:41:24Z</time><extensions><speed>1.210462</speed><course>101.905162</course><hAcc>1.639049</hAcc><vAcc>0.690276</vAcc></extensions></trkpt>
      <trkpt lon="120.902790" lat="23.475703"><ele>2650.730077</ele><time>2026-09-14T01:41:25Z</time><extensions><speed>1.155710</speed><course>109.314668</course><hAcc>1.623441</hAcc><vAcc>0.690279</vAcc></extensions></trkpt>
      <trkpt lon="120.902801" lat="23.475699"><ele>2650.889375</ele><time>2026-09-14T01:41:26Z</time><extensions><speed>1.121909</speed><course>113.712177</course><hAcc>1.599799</hAcc><vAcc>0.690280</vAcc></extensions></trkpt>
      <trkpt lon="120.902810" lat="23.475695"><ele>2651.048717</ele><time>2026-09-14T01:41:27Z</time><extensions><speed>1.002550</speed><course>115.592988</course><hAcc>1.612013</hAcc><vAcc>0.690281</vAcc></extensions></trkpt>
      <trkpt lon="120.902819" lat="23.475692"><ele>2651.207760</ele><time>2026-09-14T01:41:28Z</time><extensions><speed>0.917284</speed><course>116.332466</course><hAcc>1.647431</hAcc><vAcc>0.690281</vAcc></extensions></trkpt>
      <trkpt lon="120.902827" lat="23.475688"><ele>2651.366031</ele><time>2026-09-14T01:41:29Z</time><extensions><speed>0.908197</speed><course>113.228971</course><hAcc>1.639195</hAcc><vAcc>0.690282</vAcc></extensions></trkpt>
      <trkpt lon="120.902835" lat="23.475685"><ele>2651.522875</ele><time>2026-09-14T01:41:30Z</time><extensions><speed>0.786333</speed><course>111.338687</course><hAcc>1.665782</hAcc><vAcc>0.690282</vAcc></extensions></trkpt>
      <trkpt lon="120.902842" lat="23.475683"><ele>2651.677624</ele><time>2026-09-14T01:41:31Z</time><extensions><speed>0.785641</speed><course>108.262060</course><hAcc>1.658295</hAcc><vAcc>0.690283</vAcc></extensions></trkpt>
      <trkpt lon="120.902849" lat="23.475681"><ele>2651.829347</ele><time>2026-09-14T01:41:32Z</time><extensions><speed>0.619921</speed><course>104.279587</course><hAcc>1.669707</hAcc><vAcc>0.690283</vAcc></extensions></trkpt>
      <trkpt lon="120.902854" lat="23.475680"><ele>2651.977137</ele><time>2026-09-14T01:41:33Z</time><extensions><speed>0.612560</speed><course>97.137722</course><hAcc>1.686522</hAcc><vAcc>0.690283</vAcc></extensions></trkpt>
      <trkpt lon="120.902861" lat="23.475679"><ele>2652.120085</ele><time>2026-09-14T01:41:34Z</time><extensions><speed>0.692061</speed><course>91.859443</course><hAcc>1.703235</hAcc><vAcc>0.690284</vAcc></extensions></trkpt>
      <trkpt lon="120.902868" lat="23.475679"><ele>2652.257218</ele><time>2026-09-14T01:41:35Z</time><extensions><speed>0.814688</speed><course>87.806051</course><hAcc>1.717764</hAcc><vAcc>0.690284</vAcc></extensions></trkpt>
      <trkpt lon="120.902876" lat="23.475680"><ele>2652.387874</ele><time>2026-09-14T01:41:36Z</time><extensions><speed>0.829015</speed><course>85.072444</course><hAcc>1.727480</hAcc><vAcc>0.690285</vAcc></extensions></trkpt>
      <trkpt lon="120.902885" lat="23.475681"><ele>2652.511311</ele><time>2026-09-14T01:41:37Z</time><extensions><speed>0.806155</speed><course>83.963604</course><hAcc>1.726449</hAcc><vAcc>0.690284</vAcc></extensions></trkpt>
      <trkpt lon="120.902892" lat="23.475681"><ele>2652.626945</ele><time>2026-09-14T01:41:38Z</time><extensions><speed>0.769372</speed><course>90.293429</course><hAcc>1.716981</hAcc><vAcc>0.690281</vAcc></extensions></trkpt>
      <trkpt lon="120.902900" lat="23.475681"><ele>2652.734421</ele><time>2026-09-14T01:41:39Z</time><extensions><speed>0.818683</speed><course>98.126482</course><hAcc>1.697012</hAcc><vAcc>0.690281</vAcc></extensions></trkpt>
      <trkpt lon="120.902909" lat="23.475679"><ele>2652.833385</ele><time>2026-09-14T01:41:40Z</time><extensions><speed>0.993382</speed><course>106.200014</course><hAcc>1.672102</hAcc><vAcc>0.690282</vAcc></extensions></trkpt>
      <trkpt lon="120.902919" lat="23.475676"><ele>2652.923667</ele><time>2026-09-14T01:41:41Z</time><extensions><speed>1.091234</speed><course>113.272148</course><hAcc>1.662316</hAcc><vAcc>0.690282</vAcc></extensions></trkpt>
      <trkpt lon="120.902929" lat="23.475671"><ele>2653.004920</ele><time>2026-09-14T01:41:42Z</time><extensions><speed>1.200517</speed><course>116.502504</course><hAcc>1.667443</hAcc><vAcc>0.690282</vAcc></extensions></trkpt>
      <trkpt lon="120.902940" lat="23.475667"><ele>2653.076756</ele><time>2026-09-14T01:41:43Z</time><extensions><speed>1.222191</speed><course>114.163891</course><hAcc>1.656657</hAcc><vAcc>0.690282</vAcc></extensions></trkpt>
      <trkpt lon="120.902952" lat="23.475662"><ele>2653.138908</ele><time>2026-09-14T01:41:44Z</time><extensions><speed>1.279194</speed><course>110.923420</course><hAcc>1.634739</hAcc><vAcc>0.690283</vAcc></extensions></trkpt>
      <trkpt lon="120.902964" lat="23.475659"><ele>2653.191120</ele><time>2026-09-14T01:41:45Z</time><extensions><speed>1.237205</speed><course>105.959061</course><hAcc>1.593561</hAcc><vAcc>0.690283</vAcc></extensions></trkpt>
      <trkpt lon="120.902975" lat="23.475656"><ele>2653.233239</ele><time>2026-09-14T01:41:46Z</time><extensions><speed>1.139198</speed><course>103.833339</course><hAcc>1.578562</hAcc><vAcc>0.690283</vAcc></extensions></trkpt>
      <trkpt lon="120.902986" lat="23.475653"><ele>2653.265442</ele><time>2026-09-14T01:41:47Z</time><extensions><speed>1.127796</speed><course>106.521440</course><hAcc>1.597267</hAcc><vAcc>0.690283</vAcc></extensions></trkpt>
      <trkpt lon="120.902995" lat="23.475650"><ele>2653.288150</ele><time>2026-09-14T01:41:48Z</time><extensions><speed>0.942810</speed><course>110.666203</course><hAcc>1.630081</hAcc><vAcc>0.690283</vAcc></extensions></trkpt>
      <trkpt lon="120.903005" lat="23.475647"><ele>2653.301696</ele><time>2026-09-14T01:41:49Z</time><extensions><speed>1.070601</speed><course>103.498665</course><hAcc>1.593994</hAcc><vAcc>0.690283</vAcc></extensions></trkpt>
      <trkpt lon="120.903016" lat="23.475645"><ele>2653.307069</ele><time>2026-09-14T01:41:50Z</time><extensions><speed>1.178208</speed><course>96.639119</course><hAcc>1.570839</hAcc><vAcc>0.690283</vAcc></extensions></trkpt>
      <trkpt lon="120.903028" lat="23.475644"><ele>2653.305387</ele><time>2026-09-14T01:41:51Z</time><extensions><speed>1.300495</speed><course>96.820189</course><hAcc>1.584371</hAcc><vAcc>0.690283</vAcc></extensions></trkpt>
      <trkpt lon="120.903040" lat="23.475642"><ele>2653.298309</ele><time>2026-09-14T01:41:52Z</time><extensions><speed>1.212577</speed><course>100.728558</course><hAcc>1.600109</hAcc><vAcc>0.690283</vAcc></extensions></trkpt>
      <trkpt lon="120.903050" lat="23.475640"><ele>2653.288173</ele><time>2026-09-14T01:41:53Z</time><extensions><speed>1.029589</speed><course>102.956349</course><hAcc>1.599571</hAcc><vAcc>0.690283</vAcc></extensions></trkpt>
      <trkpt lon="120.903059" lat="23.475638"><ele>2653.277507</ele><time>2026-09-14T01:41:54Z</time><extensions><speed>0.787447</speed><course>109.628965</course><hAcc>1.599707</hAcc><vAcc>0.690283</vAcc></extensions></trkpt>
      <trkpt lon="120.903065" lat="23.475635"><ele>2653.269348</ele><time>2026-09-14T01:41:55Z</time><extensions><speed>0.624198</speed><course>118.426057</course><hAcc>1.619587</hAcc><vAcc>0.690283</vAcc></extensions></trkpt>
      <trkpt lon="120.903070" lat="23.475632"><ele>2653.266775</ele><time>2026-09-14T01:41:56Z</time><extensions><speed>0.629842</speed><course>126.762652</course><hAcc>1.617911</hAcc><vAcc>0.690283</vAcc></extensions></trkpt>
      <trkpt lon="120.903076" lat="23.475628"><ele>2653.272620</ele><time>2026-09-14T01:41:57Z</time><extensions><speed>0.778536</speed><course>131.244090</course><hAcc>1.608935</hAcc><vAcc>0.690283</vAcc></extensions></trkpt>
      <trkpt lon="120.903082" lat="23.475623"><ele>2653.289215</ele><time>2026-09-14T01:41:58Z</time><extensions><speed>0.863011</speed><course>130.042223</course><hAcc>1.636614</hAcc><vAcc>0.690283</vAcc></extensions></trkpt>
      <trkpt lon="120.903088" lat="23.475617"><ele>2653.318330</ele><time>2026-09-14T01:41:59Z</time><extensions><speed>0.931254</speed><course>132.198536</course><hAcc>1.637728</hAcc><vAcc>0.690283</vAcc></extensions></trkpt>
      <trkpt lon="120.903095" lat="23.475611"><ele>2653.360744</ele><time>2026-09-14T01:42:00Z</time><extensions><speed>0.927224</speed><course>135.771849</course><hAcc>1.620829</hAcc><vAcc>0.690283</vAcc></extensions></trkpt>
      <trkpt lon="120.903101" lat="23.475605"><ele>2653.416370</ele><time>2026-09-14T01:42:01Z</time><extensions><speed>0.983937</speed><course>135.676209</course><hAcc>1.613395</hAcc><vAcc>0.690283</vAcc></extensions></trkpt>
      <trkpt lon="120.903108" lat="23.475598"><ele>2653.484320</ele><time>2026-09-14T01:42:02Z</time><extensions><speed>1.106200</speed><course>133.883971</course><hAcc>1.610032</hAcc><vAcc>0.690283</vAcc></extensions></trkpt>
      <trkpt lon="120.903117" lat="23.475591"><ele>2653.562973</ele><time>2026-09-14T01:42:03Z</time><extensions><speed>1.165728</speed><course>128.786922</course><hAcc>1.623120</hAcc><vAcc>0.690283</vAcc></extensions></trkpt>
      <trkpt lon="120.903125" lat="23.475585"><ele>2653.650244</ele><time>2026-09-14T01:42:04Z</time><extensions><speed>1.103428</speed><course>128.688209</course><hAcc>1.621378</hAcc><vAcc>0.690283</vAcc></extensions></trkpt>
      <trkpt lon="120.903134" lat="23.475578"><ele>2653.743648</ele><time>2026-09-14T01:42:05Z</time><extensions><speed>1.095114</speed><course>124.612670</course><hAcc>1.615064</hAcc><vAcc>0.690283</vAcc></extensions></trkpt>
      <trkpt lon="120.903142" lat="23.475573"><ele>2653.840637</ele><time>2026-09-14T01:42:06Z</time><extensions><speed>1.035013</speed><course>120.866705</course><hAcc>1.615970</hAcc><vAcc>0.690283</vAcc></extensions></trkpt>
      <trkpt lon="120.903151" lat="23.475568"><ele>2653.938970</ele><time>2026-09-14T01:42:07Z</time><extensions><speed>1.132263</speed><course>124.131352</course><hAcc>1.609133</hAcc><vAcc>0.690283</vAcc></extensions></trkpt>
      <trkpt lon="120.903159" lat="23.475561"><ele>2654.036664</ele><time>2026-09-14T01:42:08Z</time><extensions><speed>1.105767</speed><course>135.256497</course><hAcc>1.611905</hAcc><vAcc>0.690283</vAcc></extensions></trkpt>
      <trkpt lon="120.903166" lat="23.475553"><ele>2654.132221</ele><time>2026-09-14T01:42:09Z</time><extensions><speed>1.083126</speed><course>149.548604</course><hAcc>1.625188</hAcc><vAcc>0.690283</vAcc></extensions></trkpt>
      <trkpt lon="120.903170" lat="23.475544"><ele>2654.224657</ele><time>2026-09-14T01:42:10Z</time><extensions><speed>1.093135</speed><course>162.346415</course><hAcc>1.633027</hAcc><vAcc>0.690283</vAcc></extensions></trkpt>
      <trkpt lon="120.903172" lat="23.475534"><ele>2654.313399</ele><time>2026-09-14T01:42:11Z</time><extensions><speed>1.143148</speed><course>174.441225</course><hAcc>1.626261</hAcc><vAcc>0.690283</vAcc></extensions></trkpt>
      <trkpt lon="120.903173" lat="23.475524"><ele>2654.398044</ele><time>2026-09-14T01:42:12Z</time><extensions><speed>1.096662</speed><course>181.225431</course><hAcc>1.635132</hAcc><vAcc>0.690283</vAcc></extensions></trkpt>
      <trkpt lon="120.903172" lat="23.475515"><ele>2654.478499</ele><time>2026-09-14T01:42:13Z</time><extensions><speed>1.034514</speed><course>183.469726</course><hAcc>1.645231</hAcc><vAcc>0.690283</vAcc></extensions></trkpt>
      <trkpt lon="120.903172" lat="23.475505"><ele>2654.554853</ele><time>2026-09-14T01:42:14Z</time><extensions><speed>1.104456</speed><course>183.241939</course><hAcc>1.640633</hAcc><vAcc>0.690284</vAcc></extensions></trkpt>
      <trkpt lon="120.903171" lat="23.475495"><ele>2654.627356</ele><time>2026-09-14T01:42:15Z</time><extensions><speed>1.117751</speed><course>182.841543</course><hAcc>1.644246</hAcc><vAcc>0.690284</vAcc></extensions></trkpt>
      <trkpt lon="120.903171" lat="23.475485"><ele>2654.696371</ele><time>2026-09-14T01:42:16Z</time><extensions><speed>1.195111</speed><course>179.743418</course><hAcc>1.655888</hAcc><vAcc>0.690285</vAcc></extensions></trkpt>
      <trkpt lon="120.903171" lat="23.475474"><ele>2654.762491</ele><time>2026-09-14T01:42:17Z</time><extensions><speed>1.243316</speed><course>177.971305</course><hAcc>1.660873</hAcc><vAcc>0.690286</vAcc></extensions></trkpt>
      <trkpt lon="120.903172" lat="23.475464"><ele>2654.826421</ele><time>2026-09-14T01:42:18Z</time><extensions><speed>1.013749</speed><course>176.385722</course><hAcc>1.660991</hAcc><vAcc>0.690286</vAcc></extensions></trkpt>
      <trkpt lon="120.903173" lat="23.475456"><ele>2654.888901</ele><time>2026-09-14T01:42:19Z</time><extensions><speed>0.683259</speed><course>171.619765</course><hAcc>1.662007</hAcc><vAcc>0.690285</vAcc></extensions></trkpt>
      <trkpt lon="120.903174" lat="23.475451"><ele>2654.950555</ele><time>2026-09-14T01:42:20Z</time><extensions><speed>0.411237</speed><course>159.381299</course><hAcc>1.682819</hAcc><vAcc>0.690285</vAcc></extensions></trkpt>
      <trkpt lon="120.903176" lat="23.475448"><ele>2655.011665</ele><time>2026-09-14T01:42:21Z</time><extensions><speed>0.302643</speed><course>142.460794</course><hAcc>1.680423</hAcc><vAcc>0.690284</vAcc></extensions></trkpt>
      <trkpt lon="120.903177" lat="23.475447"><ele>2655.072609</ele><time>2026-09-14T01:42:22Z</time><extensions><speed>0.242676</speed><course>125.432032</course><hAcc>1.688865</hAcc><vAcc>0.690284</vAcc></extensions></trkpt>
      <trkpt lon="120.903179" lat="23.475446"><ele>2655.132682</ele><time>2026-09-14T01:42:23Z</time><extensions><speed>0.197829</speed><course>108.528444</course><hAcc>1.702990</hAcc><vAcc>0.690284</vAcc></extensions></trkpt>
      <trkpt lon="120.903181" lat="23.475445"><ele>2655.190605</ele><time>2026-09-14T01:42:24Z</time><extensions><speed>0.185162</speed><course>115.431634</course><hAcc>1.707867</hAcc><vAcc>0.690284</vAcc></extensions></trkpt>
      <trkpt lon="120.903183" lat="23.475444"><ele>2655.244866</ele><time>2026-09-14T01:42:25Z</time><extensions><speed>0.156270</speed><course>126.148036</course><hAcc>1.705139</hAcc><vAcc>0.690283</vAcc></extensions></trkpt>
      <trkpt lon="120.903184" lat="23.475443"><ele>2655.294246</ele><time>2026-09-14T01:42:26Z</time><extensions><speed>0.164424</speed><course>146.421525</course><hAcc>1.709090</hAcc><vAcc>0.690282</vAcc></extensions></trkpt>
      <trkpt lon="120.903184" lat="23.475442"><ele>2655.337533</ele><time>2026-09-14T01:42:27Z</time><extensions><speed>0.106379</speed><course>144.455726</course><hAcc>1.719161</hAcc><vAcc>0.690283</vAcc></extensions></trkpt>
      <trkpt lon="120.903185" lat="23.475442"><ele>2655.373281</ele><time>2026-09-14T01:42:28Z</time><extensions><speed>0.086587</speed><course>131.668616</course><hAcc>1.708779</hAcc><vAcc>0.690283</vAcc></extensions></trkpt>
      <trkpt lon="120.903186" lat="23.475442"><ele>2655.399931</ele><time>2026-09-14T01:42:29Z</time><extensions><speed>0.074504</speed><course>105.204060</course><hAcc>1.705462</hAcc><vAcc>0.690283</vAcc></extensions></trkpt>
      <trkpt lon="120.903186" lat="23.475442"><ele>2655.416122</ele><time>2026-09-14T01:42:30Z</time><extensions><speed>0.083854</speed><course>76.257644</course><hAcc>1.710396</hAcc><vAcc>0.690283</vAcc></extensions></trkpt>
      <trkpt lon="120.903187" lat="23.475442"><ele>2655.420954</ele><time>2026-09-14T01:42:31Z</time><extensions><speed>0.111514</speed><course>54.981899</course><hAcc>1.712550</hAcc><vAcc>0.690283</vAcc></extensions></trkpt>
      <trkpt lon="120.903188" lat="23.475443"><ele>2655.414341</ele><time>2026-09-14T01:42:32Z</time><extensions><speed>0.135265</speed><course>37.643801</course><hAcc>1.707812</hAcc><vAcc>0.690283</vAcc></extensions></trkpt>
      <trkpt lon="120.903189" lat="23.475444"><ele>2655.397444</ele><time>2026-09-14T01:42:33Z</time><extensions><speed>0.163108</speed><course>14.389306</course><hAcc>1.706755</hAcc><vAcc>0.690282</vAcc></extensions></trkpt>
      <trkpt lon="120.903189" lat="23.475446"><ele>2655.372350</ele><time>2026-09-14T01:42:34Z</time><extensions><speed>0.226767</speed><course>354.969302</course><hAcc>1.717267</hAcc><vAcc>0.690281</vAcc></extensions></trkpt>
      <trkpt lon="120.903188" lat="23.475448"><ele>2655.340795</ele><time>2026-09-14T01:42:35Z</time><extensions><speed>0.294184</speed><course>346.761153</course><hAcc>1.722210</hAcc><vAcc>0.690282</vAcc></extensions></trkpt>
      <trkpt lon="120.903188" lat="23.475451"><ele>2655.304722</ele><time>2026-09-14T01:42:36Z</time><extensions><speed>0.335945</speed><course>346.442744</course><hAcc>1.719362</hAcc><vAcc>0.690282</vAcc></extensions></trkpt>
      <trkpt lon="120.903187" lat="23.475454"><ele>2655.265831</ele><time>2026-09-14T01:42:37Z</time><extensions><speed>0.327602</speed><course>352.344065</course><hAcc>1.715419</hAcc><vAcc>0.690282</vAcc></extensions></trkpt>
      <trkpt lon="120.903187" lat="23.475457"><ele>2655.225912</ele><time>2026-09-14T01:42:38Z</time><extensions><speed>0.294307</speed><course>3.014702</course><hAcc>1.712881</hAcc><vAcc>0.690282</vAcc></extensions></trkpt>
      <trkpt lon="120.903188" lat="23.475459"><ele>2655.187025</ele><time>2026-09-14T01:42:39Z</time><extensions><speed>0.263140</speed><course>17.248773</course><hAcc>1.712305</hAcc><vAcc>0.690282</vAcc></extensions></trkpt>
      <trkpt lon="120.903188" lat="23.475462"><ele>2655.151470</ele><time>2026-09-14T01:42:40Z</time><extensions><speed>0.298480</speed><course>22.921280</course><hAcc>1.718957</hAcc><vAcc>0.690282</vAcc></extensions></trkpt>
      <trkpt lon="120.903190" lat="23.475464"><ele>2655.121488</ele><time>2026-09-14T01:42:41Z</time><extensions><speed>0.302304</speed><course>29.392812</course><hAcc>1.716361</hAcc><vAcc>0.690282</vAcc></extensions></trkpt>
      <trkpt lon="120.903191" lat="23.475466"><ele>2655.099106</ele><time>2026-09-14T01:42:42Z</time><extensions><speed>0.268616</speed><course>37.763834</course><hAcc>1.713152</hAcc><vAcc>0.690282</vAcc></extensions></trkpt>
      <trkpt lon="120.903193" lat="23.475468"><ele>2655.085879</ele><time>2026-09-14T01:42:43Z</time><extensions><speed>0.230315</speed><course>50.596249</course><hAcc>1.709770</hAcc><vAcc>0.690282</vAcc></extensions></trkpt>
      <trkpt lon="120.903195" lat="23.475469"><ele>2655.082773</ele><time>2026-09-14T01:42:44Z</time><extensions><speed>0.184387</speed><course>73.515455</course><hAcc>1.706588</hAcc><vAcc>0.690283</vAcc></extensions></trkpt>
      <trkpt lon="120.903196" lat="23.475469"><ele>2655.089784</ele><time>2026-09-14T01:42:45Z</time><extensions><speed>0.124249</speed><course>81.330492</course><hAcc>1.714550</hAcc><vAcc>0.690283</vAcc></extensions></trkpt>
      <trkpt lon="120.903197" lat="23.475469"><ele>2655.106106</ele><time>2026-09-14T01:42:46Z</time><extensions><speed>0.047057</speed><course>109.575394</course><hAcc>1.730086</hAcc><vAcc>0.690283</vAcc></extensions></trkpt>
      <trkpt lon="120.903197" lat="23.475469"><ele>2655.130372</ele><time>2026-09-14T01:42:47Z</time><extensions><speed>0.053105</speed><course>203.438576</course><hAcc>1.721177</hAcc><vAcc>0.690283</vAcc></extensions></trkpt>
      <trkpt lon="120.903197" lat="23.475468"><ele>2655.160996</ele><time>2026-09-14T01:42:48Z</time><extensions><speed>0.094808</speed><course>228.431292</course><hAcc>1.718338</hAcc><vAcc>0.690283</vAcc></extensions></trkpt>
      <trkpt lon="120.903196" lat="23.475467"><ele>2655.196641</ele><time>2026-09-14T01:42:49Z</time><extensions><speed>0.118392</speed><course>224.480990</course><hAcc>1.725445</hAcc><vAcc>0.690283</vAcc></extensions></trkpt>
      <trkpt lon="120.903195" lat="23.475467"><ele>2655.236328</ele><time>2026-09-14T01:42:50Z</time><extensions><speed>0.112889</speed><course>212.236099</course><hAcc>1.733955</hAcc><vAcc>0.690284</vAcc></extensions></trkpt>
      <trkpt lon="120.903195" lat="23.475465"><ele>2655.279621</ele><time>2026-09-14T01:42:51Z</time><extensions><speed>0.169496</speed><course>189.117989</course><hAcc>1.739695</hAcc><vAcc>0.690283</vAcc></extensions></trkpt>
      <trkpt lon="120.903195" lat="23.475464"><ele>2655.326560</ele><time>2026-09-14T01:42:52Z</time><extensions><speed>0.262470</speed><course>174.777843</course><hAcc>1.740443</hAcc><vAcc>0.690282</vAcc></extensions></trkpt>
      <trkpt lon="120.903195" lat="23.475461"><ele>2655.377395</ele><time>2026-09-14T01:42:53Z</time><extensions><speed>0.348928</speed><course>167.607051</course><hAcc>1.739690</hAcc><vAcc>0.690282</vAcc></extensions></trkpt>
      <trkpt lon="120.903196" lat="23.475458"><ele>2655.432607</ele><time>2026-09-14T01:42:54Z</time><extensions><speed>0.362416</speed><course>165.488573</course><hAcc>1.741149</hAcc><vAcc>0.690283</vAcc></extensions></trkpt>
      <trkpt lon="120.903197" lat="23.475455"><ele>2655.492598</ele><time>2026-09-14T01:42:55Z</time><extensions><speed>0.277147</speed><course>167.751082</course><hAcc>1.743960</hAcc><vAcc>0.690282</vAcc></extensions></trkpt>
      <trkpt lon="120.903197" lat="23.475453"><ele>2655.557589</ele><time>2026-09-14T01:42:56Z</time><extensions><speed>0.245373</speed><course>166.281739</course><hAcc>1.739341</hAcc><vAcc>0.690282</vAcc></extensions></trkpt>
      <trkpt lon="120.903198" lat="23.475451"><ele>2655.627662</ele><time>2026-09-14T01:42:57Z</time><extensions><speed>0.210350</speed><course>166.796372</course><hAcc>1.735093</hAcc><vAcc>0.690282</vAcc></extensions></trkpt>
      <trkpt lon="120.903198" lat="23.475449"><ele>2655.702698</ele><time>2026-09-14T01:42:58Z</time><extensions><speed>0.104604</speed><course>187.462539</course><hAcc>1.734414</hAcc><vAcc>0.690282</vAcc></extensions></trkpt>
      <trkpt lon="120.903197" lat="23.475449"><ele>2655.782588</ele><time>2026-09-14T01:42:59Z</time><extensions><speed>0.066229</speed><course>237.604712</course><hAcc>1.731083</hAcc><vAcc>0.690282</vAcc></extensions></trkpt>
      <trkpt lon="120.903197" lat="23.475449"><ele>2655.867209</ele><time>2026-09-14T01:43:00Z</time><extensions><speed>0.090619</speed><course>277.999245</course><hAcc>1.726268</hAcc><vAcc>0.690283</vAcc></extensions></trkpt>
      <trkpt lon="120.903196" lat="23.475449"><ele>2655.956431</ele><time>2026-09-14T01:43:01Z</time><extensions><speed>0.126507</speed><course>293.237114</course><hAcc>1.722652</hAcc><vAcc>0.690283</vAcc></extensions></trkpt>
      <trkpt lon="120.903195" lat="23.475449"><ele>2656.050070</ele><time>2026-09-14T01:43:02Z</time><extensions><speed>0.148520</speed><course>300.605094</course><hAcc>1.719835</hAcc><vAcc>0.690283</vAcc></extensions></trkpt>
      <trkpt lon="120.903194" lat="23.475450"><ele>2656.147961</ele><time>2026-09-14T01:43:03Z</time><extensions><speed>0.126445</speed><course>310.591816</course><hAcc>1.713873</hAcc><vAcc>0.690283</vAcc></extensions></trkpt>
      <trkpt lon="120.903193" lat="23.475451"><ele>2656.249744</ele><time>2026-09-14T01:43:04Z</time><extensions><speed>0.084480</speed><course>338.101332</course><hAcc>1.700879</hAcc><vAcc>0.690283</vAcc></extensions></trkpt>
      <trkpt lon="120.903193" lat="23.475452"><ele>2656.354948</ele><time>2026-09-14T01:43:05Z</time><extensions><speed>0.083666</speed><course>17.666073</course><hAcc>1.691648</hAcc><vAcc>0.690283</vAcc></extensions></trkpt>
      <trkpt lon="120.903194" lat="23.475453"><ele>2656.463046</ele><time>2026-09-14T01:43:06Z</time><extensions><speed>0.099836</speed><course>34.706254</course><hAcc>1.689685</hAcc><vAcc>0.690283</vAcc></extensions></trkpt>
      <trkpt lon="120.903194" lat="23.475453"><ele>2656.573375</ele><time>2026-09-14T01:43:07Z</time><extensions><speed>0.116620</speed><course>49.735503</course><hAcc>1.683492</hAcc><vAcc>0.690283</vAcc></extensions></trkpt>
      <trkpt lon="120.903195" lat="23.475454"><ele>2656.685148</ele><time>2026-09-14T01:43:08Z</time><extensions><speed>0.136516</speed><course>60.160023</course><hAcc>1.680439</hAcc><vAcc>0.690283</vAcc></extensions></trkpt>
      <trkpt lon="120.903197" lat="23.475455"><ele>2656.797482</ele><time>2026-09-14T01:43:09Z</time><extensions><speed>0.156398</speed><course>64.867667</course><hAcc>1.675883</hAcc><vAcc>0.690283</vAcc></extensions></trkpt>
      <trkpt lon="120.903198" lat="23.475455"><ele>2656.909477</ele><time>2026-09-14T01:43:10Z</time><extensions><speed>0.191494</speed><course>64.108910</course><hAcc>1.666941</hAcc><vAcc>0.690283</vAcc></extensions></trkpt>
      <trkpt lon="120.903200" lat="23.475456"><ele>2657.020333</ele><time>2026-09-14T01:43:11Z</time><extensions><speed>0.169743</speed><course>52.095991</course><hAcc>1.696275</hAcc><vAcc>0.690283</vAcc></extensions></trkpt>
      <trkpt lon="120.903201" lat="23.475457"><ele>2657.129377</ele><time>2026-09-14T01:43:12Z</time><extensions><speed>0.200002</speed><course>43.696338</course><hAcc>1.698220</hAcc><vAcc>0.690283</vAcc></extensions></trkpt>
      <trkpt lon="120.903202" lat="23.475459"><ele>2657.236205</ele><time>2026-09-14T01:43:13Z</time><extensions><speed>0.242479</speed><course>41.846567</course><hAcc>1.686242</hAcc><vAcc>0.690283</vAcc></extensions></trkpt>
      <trkpt lon="120.903204" lat="23.475460"><ele>2657.340673</ele><time>2026-09-14T01:43:14Z</time><extensions><speed>0.229170</speed><course>47.277562</course><hAcc>1.700557</hAcc><vAcc>0.690283</vAcc></extensions></trkpt>
      <trkpt lon="120.903206" lat="23.475461"><ele>2657.442840</ele><time>2026-09-14T01:43:15Z</time><extensions><speed>0.201204</speed><course>60.412141</course><hAcc>1.720524</hAcc><vAcc>0.690283</vAcc></extensions></trkpt>
      <trkpt lon="120.903207" lat="23.475462"><ele>2657.543055</ele><time>2026-09-14T01:43:16Z</time><extensions><speed>0.165737</speed><course>72.791000</course><hAcc>1.735279</hAcc><vAcc>0.690283</vAcc></extensions></trkpt>
      <trkpt lon="120.903209" lat="23.475462"><ele>2657.641423</ele><time>2026-09-14T01:43:17Z</time><extensions><speed>0.130065</speed><course>79.679505</course><hAcc>1.743074</hAcc><vAcc>0.690283</vAcc></extensions></trkpt>
      <trkpt lon="120.903210" lat="23.475462"><ele>2657.738050</ele><time>2026-09-14T01:43:18Z</time><extensions><speed>0.098605</speed><course>98.398368</course><hAcc>1.747905</hAcc><vAcc>0.690283</vAcc></extensions></trkpt>
      <trkpt lon="120.903210" lat="23.475462"><ele>2657.832849</ele><time>2026-09-14T01:43:19Z</time><extensions><speed>0.097393</speed><course>142.466477</course><hAcc>1.748832</hAcc><vAcc>0.690283</vAcc></extensions></trkpt>
      <trkpt lon="120.903210" lat="23.475461"><ele>2657.925279</ele><time>2026-09-14T01:43:20Z</time><extensions><speed>0.107526</speed><course>195.544977</course><hAcc>1.747609</hAcc><vAcc>0.690283</vAcc></extensions></trkpt>
      <trkpt lon="120.903210" lat="23.475460"><ele>2658.014739</ele><time>2026-09-14T01:43:21Z</time><extensions><speed>0.201409</speed><course>205.755342</course><hAcc>1.748044</hAcc><vAcc>0.690283</vAcc></extensions></trkpt>
      <trkpt lon="120.903209" lat="23.475458"><ele>2658.100247</ele><time>2026-09-14T01:43:22Z</time><extensions><speed>0.259929</speed><course>221.462648</course><hAcc>1.748942</hAcc><vAcc>0.690283</vAcc></extensions></trkpt>
      <trkpt lon="120.903207" lat="23.475456"><ele>2658.180659</ele><time>2026-09-14T01:43:23Z</time><extensions><speed>0.333274</speed><course>229.632750</course><hAcc>1.740191</hAcc><vAcc>0.690283</vAcc></extensions></trkpt>
      <trkpt lon="120.903204" lat="23.475454"><ele>2658.254756</ele><time>2026-09-14T01:43:24Z</time><extensions><speed>0.354308</speed><course>231.244866</course><hAcc>1.738518</hAcc><vAcc>0.690283</vAcc></extensions></trkpt>
      <trkpt lon="120.903201" lat="23.475452"><ele>2658.321129</ele><time>2026-09-14T01:43:25Z</time><extensions><speed>0.339403</speed><course>229.170791</course><hAcc>1.735074</hAcc><vAcc>0.690283</vAcc></extensions></trkpt>
      <trkpt lon="120.903199" lat="23.475451"><ele>2658.378696</ele><time>2026-09-14T01:43:26Z</time><extensions><speed>0.294384</speed><course>223.899716</course><hAcc>1.731259</hAcc><vAcc>0.690283</vAcc></extensions></trkpt>
      <trkpt lon="120.903197" lat="23.475449"><ele>2658.426319</ele><time>2026-09-14T01:43:27Z</time><extensions><speed>0.240834</speed><course>217.748277</course><hAcc>1.725950</hAcc><vAcc>0.690283</vAcc></extensions></trkpt>
      <trkpt lon="120.903196" lat="23.475447"><ele>2658.462980</ele><time>2026-09-14T01:43:28Z</time><extensions><speed>0.180886</speed><course>213.444838</course><hAcc>1.710651</hAcc><vAcc>0.690283</vAcc></extensions></trkpt>
      <trkpt lon="120.903195" lat="23.475446"><ele>2658.487940</ele><time>2026-09-14T01:43:29Z</time><extensions><speed>0.110306</speed><course>222.555388</course><hAcc>1.683813</hAcc><vAcc>0.690283</vAcc></extensions></trkpt>
      <trkpt lon="120.903195" lat="23.475446"><ele>2658.500982</ele><time>2026-09-14T01:43:30Z</time><extensions><speed>0.063563</speed><course>224.071562</course><hAcc>1.654869</hAcc><vAcc>0.690283</vAcc></extensions></trkpt>
      <trkpt lon="120.903195" lat="23.475445"><ele>2658.502200</ele><time>2026-09-14T01:43:31Z</time><extensions><speed>0.084639</speed><course>212.178020</course><hAcc>1.632790</hAcc><vAcc>0.690283</vAcc></extensions></trkpt>
      <trkpt lon="120.903193" lat="23.475445"><ele>2658.491808</ele><time>2026-09-14T01:43:32Z</time><extensions><speed>0.191890</speed><course>251.653530</course><hAcc>1.641269</hAcc><vAcc>0.690283</vAcc></extensions></trkpt>
      <trkpt lon="120.903192" lat="23.475444"><ele>2658.470069</ele><time>2026-09-14T01:43:33Z</time><extensions><speed>0.129682</speed><course>262.350423</course><hAcc>1.648393</hAcc><vAcc>0.690283</vAcc></extensions></trkpt>
      <trkpt lon="120.903191" lat="23.475444"><ele>2658.437345</ele><time>2026-09-14T01:43:34Z</time><extensions><speed>0.112930</speed><course>271.901059</course><hAcc>1.627705</hAcc><vAcc>0.690283</vAcc></extensions></trkpt>
      <trkpt lon="120.903190" lat="23.475444"><ele>2658.394287</ele><time>2026-09-14T01:43:35Z</time><extensions><speed>0.051605</speed><course>326.538631</course><hAcc>1.615697</hAcc><vAcc>0.690283</vAcc></extensions></trkpt>
      <trkpt lon="120.903190" lat="23.475445"><ele>2658.341810</ele><time>2026-09-14T01:43:36Z</time><extensions><speed>0.036163</speed><course>307.585427</course><hAcc>1.601617</hAcc><vAcc>0.690283</vAcc></extensions></trkpt>
      <trkpt lon="120.903190" lat="23.475445"><ele>2658.281325</ele><time>2026-09-14T01:43:37Z</time><extensions><speed>0.056663</speed><course>236.125715</course><hAcc>1.637073</hAcc><vAcc>0.690283</vAcc></extensions></trkpt>
      <trkpt lon="120.903189" lat="23.475444"><ele>2658.214698</ele><time>2026-09-14T01:43:38Z</time><extensions><speed>0.177275</speed><course>225.420999</course><hAcc>1.657905</hAcc><vAcc>0.690283</vAcc></extensions></trkpt>
      <trkpt lon="120.903188" lat="23.475443"><ele>2658.143503</ele><time>2026-09-14T01:43:39Z</time><extensions><speed>0.220560</speed><course>214.304415</course><hAcc>1.655748</hAcc><vAcc>0.690283</vAcc></extensions></trkpt>
      <trkpt lon="120.903187" lat="23.475441"><ele>2658.069433</ele><time>2026-09-14T01:43:40Z</time><extensions><speed>0.183506</speed><course>170.311462</course><hAcc>1.679588</hAcc><vAcc>0.690283</vAcc></extensions></trkpt>
      <trkpt lon="120.903188" lat="23.475441"><ele>2657.994020</ele><time>2026-09-14T01:43:41Z</time><extensions><speed>0.131039</speed><course>96.940090</course><hAcc>1.676013</hAcc><vAcc>0.690283</vAcc></extensions></trkpt>
      <trkpt lon="120.903189" lat="23.475441"><ele>2657.918868</ele><time>2026-09-14T01:43:42Z</time><extensions><speed>0.183072</speed><course>68.395540</course><hAcc>1.665857</hAcc><vAcc>0.690283</vAcc></extensions></trkpt>
      <trkpt lon="120.903191" lat="23.475442"><ele>2657.846016</ele><time>2026-09-14T01:43:43Z</time><extensions><speed>0.180677</speed><course>75.431403</course><hAcc>1.658970</hAcc><vAcc>0.690283</vAcc></extensions></trkpt>
      <trkpt lon="120.903193" lat="23.475441"><ele>2657.777409</ele><time>2026-09-14T01:43:44Z</time><extensions><speed>0.179196</speed><course>117.090007</course><hAcc>1.672839</hAcc><vAcc>0.690283</vAcc></extensions></trkpt>
      <trkpt lon="120.903195" lat="23.475441"><ele>2657.715269</ele><time>2026-09-14T01:43:45Z</time><extensions><speed>0.210449</speed><course>106.888092</course><hAcc>1.707159</hAcc><vAcc>0.690283</vAcc></extensions></trkpt>
      <trkpt lon="120.903197" lat="23.475441"><ele>2657.661765</ele><time>2026-09-14T01:43:45Z</time><extensions><speed>0.239292</speed><course>55.169588</course><hAcc>1.689736</hAcc><vAcc>0.690283</vAcc></extensions></trkpt>
      <trkpt lon="120.903198" lat="23.475443"><ele>2657.618738</ele><time>2026-09-14T01:43:46Z</time><extensions><speed>0.328822</speed><course>28.875198</course><hAcc>1.669686</hAcc><vAcc>0.690283</vAcc></extensions></trkpt>
      <trkpt lon="120.903200" lat="23.475446"><ele>2657.587774</ele><time>2026-09-14T01:43:47Z</time><extensions><speed>0.397032</speed><course>23.439639</course><hAcc>1.655520</hAcc><vAcc>0.690284</vAcc></extensions></trkpt>
      <trkpt lon="120.903201" lat="23.475449"><ele>2657.570199</ele><time>2026-09-14T01:43:49Z</time><extensions><speed>0.374980</speed><course>23.124755</course><hAcc>1.670506</hAcc><vAcc>0.690283</vAcc></extensions></trkpt>
      <trkpt lon="120.903203" lat="23.475452"><ele>2657.566519</ele><time>2026-09-14T01:43:49Z</time><extensions><speed>0.300499</speed><course>27.409050</course><hAcc>1.696275</hAcc><vAcc>0.690282</vAcc></extensions></trkpt>
      <trkpt lon="120.903204" lat="23.475454"><ele>2657.576533</ele><time>2026-09-14T01:43:50Z</time><extensions><speed>0.287893</speed><course>28.387303</course><hAcc>1.692420</hAcc><vAcc>0.690282</vAcc></extensions></trkpt>
      <trkpt lon="120.903205" lat="23.475457"><ele>2657.599706</ele><time>2026-09-14T01:43:51Z</time><extensions><speed>0.258131</speed><course>30.982087</course><hAcc>1.683347</hAcc><vAcc>0.690283</vAcc></extensions></trkpt>
      <trkpt lon="120.903206" lat="23.475458"><ele>2657.634514</ele><time>2026-09-14T01:43:52Z</time><extensions><speed>0.216204</speed><course>30.734159</course><hAcc>1.678046</hAcc><vAcc>0.690283</vAcc></extensions></trkpt>
      <trkpt lon="120.903207" lat="23.475460"><ele>2657.678872</ele><time>2026-09-14T01:43:53Z</time><extensions><speed>0.138522</speed><course>36.288072</course><hAcc>1.681864</hAcc><vAcc>0.690283</vAcc></extensions></trkpt>
      <trkpt lon="120.903208" lat="23.475460"><ele>2657.730015</ele><time>2026-09-14T01:43:54Z</time><extensions><speed>0.044359</speed><course>82.125416</course><hAcc>1.689854</hAcc><vAcc>0.690283</vAcc></extensions></trkpt>
      <trkpt lon="120.903208" lat="23.475460"><ele>2657.784639</ele><time>2026-09-14T01:43:55Z</time><extensions><speed>0.075638</speed><course>193.719911</course><hAcc>1.682067</hAcc><vAcc>0.690283</vAcc></extensions></trkpt>
      <trkpt lon="120.903207" lat="23.475459"><ele>2657.839271</ele><time>2026-09-14T01:43:56Z</time><extensions><speed>0.150377</speed><course>219.407000</course><hAcc>1.668284</hAcc><vAcc>0.690284</vAcc></extensions></trkpt>
      <trkpt lon="120.903206" lat="23.475457"><ele>2657.890255</ele><time>2026-09-14T01:43:57Z</time><extensions><speed>0.200624</speed><course>216.146970</course><hAcc>1.671147</hAcc><vAcc>0.690286</vAcc></extensions></trkpt>
      <trkpt lon="120.903205" lat="23.475456"><ele>2657.934499</ele><time>2026-09-14T01:43:58Z</time><extensions><speed>0.265553</speed><course>204.881508</course><hAcc>1.661894</hAcc><vAcc>0.690289</vAcc></extensions></trkpt>
      <trkpt lon="120.903204" lat="23.475453"><ele>2657.969724</ele><time>2026-09-14T01:43:59Z</time><extensions><speed>0.332681</speed><course>203.310244</course><hAcc>1.641732</hAcc><vAcc>0.690294</vAcc></extensions></trkpt>
      <trkpt lon="120.903202" lat="23.475450"><ele>2657.994259</ele><time>2026-09-14T01:44:00Z</time><extensions><speed>0.371617</speed><course>197.613434</course><hAcc>1.641912</hAcc><vAcc>0.690300</vAcc></extensions></trkpt>
      <trkpt lon="120.903201" lat="23.475447"><ele>2658.007350</ele><time>2026-09-14T01:44:01Z</time><extensions><speed>0.390002</speed><course>201.892614</course><hAcc>1.640212</hAcc><vAcc>0.690308</vAcc></extensions></trkpt>
      <trkpt lon="120.903199" lat="23.475444"><ele>2658.008790</ele><time>2026-09-14T01:44:02Z</time><extensions><speed>0.383859</speed><course>219.180015</course><hAcc>1.648027</hAcc><vAcc>0.690321</vAcc></extensions></trkpt>
      <trkpt lon="120.903196" lat="23.475441"><ele>2657.998681</ele><time>2026-09-14T01:44:03Z</time><extensions><speed>0.375803</speed><course>230.034959</course><hAcc>1.678710</hAcc><vAcc>0.690343</vAcc></extensions></trkpt>
      <trkpt lon="120.903193" lat="23.475439"><ele>2657.977116</ele><time>2026-09-14T01:44:05Z</time><extensions><speed>0.429042</speed><course>235.767052</course><hAcc>1.673393</hAcc><vAcc>0.690344</vAcc></extensions></trkpt>
      <trkpt lon="120.903189" lat="23.475437"><ele>2657.944267</ele><time>2026-09-14T01:44:06Z</time><extensions><speed>0.439148</speed><course>241.350195</course><hAcc>1.639809</hAcc><vAcc>0.690321</vAcc></extensions></trkpt>
      <trkpt lon="120.903186" lat="23.475435"><ele>2657.900036</ele><time>2026-09-14T01:44:07Z</time><extensions><speed>0.229561</speed><course>259.805388</course><hAcc>1.631750</hAcc><vAcc>0.690309</vAcc></extensions></trkpt>
      <trkpt lon="120.903184" lat="23.475436"><ele>2657.844762</ele><time>2026-09-14T01:44:08Z</time><extensions><speed>0.194383</speed><course>10.983039</course><hAcc>1.647278</hAcc><vAcc>0.690300</vAcc></extensions></trkpt>
      <trkpt lon="120.903188" lat="23.475439"><ele>2657.779187</ele><time>2026-09-14T01:44:09Z</time><extensions><speed>0.810583</speed><course>48.131992</course><hAcc>1.663378</hAcc><vAcc>0.690294</vAcc></extensions></trkpt>
      <trkpt lon="120.903195" lat="23.475445"><ele>2657.704460</ele><time>2026-09-14T01:44:10Z</time><extensions><speed>1.148433</speed><course>51.249624</course><hAcc>1.669960</hAcc><vAcc>0.690290</vAcc></extensions></trkpt>
      <trkpt lon="120.903203" lat="23.475451"><ele>2657.622633</ele><time>2026-09-14T01:44:11Z</time><extensions><speed>1.117372</speed><course>48.582066</course><hAcc>1.675496</hAcc><vAcc>0.690287</vAcc></extensions></trkpt>
      <trkpt lon="120.903210" lat="23.475457"><ele>2657.536137</ele><time>2026-09-14T01:44:12Z</time><extensions><speed>0.625418</speed><course>47.275896</course><hAcc>1.665976</hAcc><vAcc>0.690285</vAcc></extensions></trkpt>
      <trkpt lon="120.903212" lat="23.475458"><ele>2657.447834</ele><time>2026-09-14T01:44:13Z</time><extensions><speed>0.037634</speed><course>125.639901</course><hAcc>1.649772</hAcc><vAcc>0.690284</vAcc></extensions></trkpt>
      <trkpt lon="120.903211" lat="23.475457"><ele>2657.360835</ele><time>2026-09-14T01:44:14Z</time><extensions><speed>0.369622</speed><course>208.871153</course><hAcc>1.662131</hAcc><vAcc>0.690283</vAcc></extensions></trkpt>
      <trkpt lon="120.903210" lat="23.475454"><ele>2657.277938</ele><time>2026-09-14T01:44:15Z</time><extensions><speed>0.467292</speed><course>202.240016</course><hAcc>1.687681</hAcc><vAcc>0.690283</vAcc></extensions></trkpt>
      <trkpt lon="120.903207" lat="23.475450"><ele>2657.202096</ele><time>2026-09-14T01:44:16Z</time><extensions><speed>0.493754</speed><course>214.908933</course><hAcc>1.688713</hAcc><vAcc>0.690283</vAcc></extensions></trkpt>
      <trkpt lon="120.903205" lat="23.475447"><ele>2657.135696</ele><time>2026-09-14T01:44:17Z</time><extensions><speed>0.414516</speed><course>222.430358</course><hAcc>1.685410</hAcc><vAcc>0.690283</vAcc></extensions></trkpt>
      <trkpt lon="120.903202" lat="23.475444"><ele>2657.080492</ele><time>2026-09-14T01:44:18Z</time><extensions><speed>0.283709</speed><course>223.838708</course><hAcc>1.695179</hAcc><vAcc>0.690283</vAcc></extensions></trkpt>
      <trkpt lon="120.903201" lat="23.475443"><ele>2657.037720</ele><time>2026-09-14T01:44:19Z</time><extensions><speed>0.153277</speed><course>220.125390</course><hAcc>1.712487</hAcc><vAcc>0.690283</vAcc></extensions></trkpt>
      <trkpt lon="120.903200" lat="23.475442"><ele>2657.008011</ele><time>2026-09-14T01:44:20Z</time><extensions><speed>0.068772</speed><course>191.867007</course><hAcc>1.734218</hAcc><vAcc>0.690284</vAcc></extensions></trkpt>
      <trkpt lon="120.903200" lat="23.475442"><ele>2656.991736</ele><time>2026-09-14T01:44:21Z</time><extensions><speed>0.045328</speed><course>124.801962</course><hAcc>1.744901</hAcc><vAcc>0.690284</vAcc></extensions></trkpt>
      <trkpt lon="120.903201" lat="23.475442"><ele>2656.988954</ele><time>2026-09-14T01:44:22Z</time><extensions><speed>0.061450</speed><course>48.133122</course><hAcc>1.746670</hAcc><vAcc>0.690285</vAcc></extensions></trkpt>
      <trkpt lon="120.903201" lat="23.475442"><ele>2656.999498</ele><time>2026-09-14T01:44:23Z</time><extensions><speed>0.041245</speed><course>43.164629</course><hAcc>1.749656</hAcc><vAcc>0.690286</vAcc></extensions></trkpt>
      <trkpt lon="120.903201" lat="23.475442"><ele>2657.023123</ele><time>2026-09-14T01:44:24Z</time><extensions><speed>0.010885</speed><course>240.625448</course><hAcc>1.761477</hAcc><vAcc>0.690286</vAcc></extensions></trkpt>
      <trkpt lon="120.903201" lat="23.475442"><ele>2657.059291</ele><time>2026-09-14T01:44:25Z</time><extensions><speed>0.063137</speed><course>242.602804</course><hAcc>1.773820</hAcc><vAcc>0.690285</vAcc></extensions></trkpt>
      <trkpt lon="120.903200" lat="23.475442"><ele>2657.107224</ele><time>2026-09-14T01:44:26Z</time><extensions><speed>0.119576</speed><course>253.304280</course><hAcc>1.780327</hAcc><vAcc>0.690284</vAcc></extensions></trkpt>
      <trkpt lon="120.903199" lat="23.475441"><ele>2657.165975</ele><time>2026-09-14T01:44:27Z</time><extensions><speed>0.181107</speed><course>262.477986</course><hAcc>1.780094</hAcc><vAcc>0.690284</vAcc></extensions></trkpt>
      <trkpt lon="120.903197" lat="23.475441"><ele>2657.234541</ele><time>2026-09-14T01:44:28Z</time><extensions><speed>0.222538</speed><course>270.466802</course><hAcc>1.771513</hAcc><vAcc>0.690284</vAcc></extensions></trkpt>
      <trkpt lon="120.903194" lat="23.475442"><ele>2657.312013</ele><time>2026-09-14T01:44:29Z</time><extensions><speed>0.224629</speed><course>281.282115</course><hAcc>1.753208</hAcc><vAcc>0.690284</vAcc></extensions></trkpt>
      <trkpt lon="120.903192" lat="23.475442"><ele>2657.397875</ele><time>2026-09-14T01:44:30Z</time><extensions><speed>0.187436</speed><course>300.187037</course><hAcc>1.737537</hAcc><vAcc>0.690284</vAcc></extensions></trkpt>
      <trkpt lon="120.903191" lat="23.475443"><ele>2657.491081</ele><time>2026-09-14T01:44:31Z</time><extensions><speed>0.143764</speed><course>323.587162</course><hAcc>1.738464</hAcc><vAcc>0.690284</vAcc></extensions></trkpt>
      <trkpt lon="120.903191" lat="23.475444"><ele>2657.590135</ele><time>2026-09-14T01:44:32Z</time><extensions><speed>0.040179</speed><course>1.683575</course><hAcc>1.763503</hAcc><vAcc>0.690283</vAcc></extensions></trkpt>
      <trkpt lon="120.903191" lat="23.475445"><ele>2657.693240</ele><time>2026-09-14T01:44:33Z</time><extensions><speed>0.113588</speed><course>342.284092</course><hAcc>1.741123</hAcc><vAcc>0.690283</vAcc></extensions></trkpt>
      <trkpt lon="120.903190" lat="23.475446"><ele>2657.798892</ele><time>2026-09-14T01:44:34Z</time><extensions><speed>0.108827</speed><course>333.813619</course><hAcc>1.718861</hAcc><vAcc>0.690283</vAcc></extensions></trkpt>
      <trkpt lon="120.903190" lat="23.475446"><ele>2657.905564</ele><time>2026-09-14T01:44:35Z</time><extensions><speed>0.056827</speed><course>313.421898</course><hAcc>1.717565</hAcc><vAcc>0.690283</vAcc></extensions></trkpt>
      <trkpt lon="120.903189" lat="23.475447"><ele>2658.011348</ele><time>2026-09-14T01:44:36Z</time><extensions><speed>0.051772</speed><course>302.632489</course><hAcc>1.724530</hAcc><vAcc>0.690283</vAcc></extensions></trkpt>
      <trkpt lon="120.903189" lat="23.475447"><ele>2658.113862</ele><time>2026-09-14T01:44:37Z</time><extensions><speed>0.042429</speed><course>292.095726</course><hAcc>1.733377</hAcc><vAcc>0.690283</vAcc></extensions></trkpt>
      <trkpt lon="120.903189" lat="23.475447"><ele>2658.210747</ele><time>2026-09-14T01:44:38Z</time><extensions><speed>0.085196</speed><course>318.687923</course><hAcc>1.744642</hAcc><vAcc>0.690283</vAcc></extensions></trkpt>
      <trkpt lon="120.903188" lat="23.475448"><ele>2658.299805</ele><time>2026-09-14T01:44:39Z</time><extensions><speed>0.115252</speed><course>335.138830</course><hAcc>1.742301</hAcc><vAcc>0.690283</vAcc></extensions></trkpt>
      <trkpt lon="120.903188" lat="23.475449"><ele>2658.379523</ele><time>2026-09-14T01:44:40Z</time><extensions><speed>0.099371</speed><course>350.839621</course><hAcc>1.748134</hAcc><vAcc>0.690283</vAcc></extensions></trkpt>
      <trkpt lon="120.903188" lat="23.475450"><ele>2658.449497</ele><time>2026-09-14T01:44:41Z</time><extensions><speed>0.052207</speed><course>30.641240</course><hAcc>1.751335</hAcc><vAcc>0.690283</vAcc></extensions></trkpt>
      <trkpt lon="120.903188" lat="23.475450"><ele>2658.510228</ele><time>2026-09-14T01:44:42Z</time><extensions><speed>0.055995</speed><course>56.783780</course><hAcc>1.755320</hAcc><vAcc>0.690283</vAcc></extensions></trkpt>
      <trkpt lon="120.903189" lat="23.475450"><ele>2658.562350</ele><time>2026-09-14T01:44:43Z</time><extensions><speed>0.084945</speed><course>37.059067</course><hAcc>1.759444</hAcc><vAcc>0.690283</vAcc></extensions></trkpt>
      <trkpt lon="120.903189" lat="23.475451"><ele>2658.606103</ele><time>2026-09-14T01:44:44Z</time><extensions><speed>0.136141</speed><course>26.276803</course><hAcc>1.760276</hAcc><vAcc>0.690283</vAcc></extensions></trkpt>
      <trkpt lon="120.903190" lat="23.475453"><ele>2658.641652</ele><time>2026-09-14T01:44:45Z</time><extensions><speed>0.210507</speed><course>10.567250</course><hAcc>1.762787</hAcc><vAcc>0.690283</vAcc></extensions></trkpt>
      <trkpt lon="120.903190" lat="23.475455"><ele>2658.669556</ele><time>2026-09-14T01:44:46Z</time><extensions><speed>0.217461</speed><course>7.616493</course><hAcc>1.765191</hAcc><vAcc>0.690283</vAcc></extensions></trkpt>
      <trkpt lon="120.903190" lat="23.475457"><ele>2658.690648</ele><time>2026-09-14T01:44:47Z</time><extensions><speed>0.204935</speed><course>2.812957</course><hAcc>1.764189</hAcc><vAcc>0.690283</vAcc></extensions></trkpt>
      <trkpt lon="120.903190" lat="23.475458"><ele>2658.706103</ele><time>2026-09-14T01:44:48Z</time><extensions><speed>0.134405</speed><course>353.182542</course><hAcc>1.763564</hAcc><vAcc>0.690283</vAcc></extensions></trkpt>
      <trkpt lon="120.903190" lat="23.475459"><ele>2658.716952</ele><time>2026-09-14T01:44:49Z</time><extensions><speed>0.061320</speed><course>296.410009</course><hAcc>1.766438</hAcc><vAcc>0.690283</vAcc></extensions></trkpt>
      <trkpt lon="120.903189" lat="23.475458"><ele>2658.723936</ele><time>2026-09-14T01:44:50Z</time><extensions><speed>0.126490</speed><course>219.470593</course><hAcc>1.770698</hAcc><vAcc>0.690283</vAcc></extensions></trkpt>
      <trkpt lon="120.903188" lat="23.475457"><ele>2658.727422</ele><time>2026-09-14T01:44:51Z</time><extensions><speed>0.258905</speed><course>194.980852</course><hAcc>1.768244</hAcc><vAcc>0.690283</vAcc></extensions></trkpt>
      <trkpt lon="120.903188" lat="23.475454"><ele>2658.727257</ele><time>2026-09-14T01:44:52Z</time><extensions><speed>0.317500</speed><course>191.479940</course><hAcc>1.768168</hAcc><vAcc>0.690283</vAcc></extensions></trkpt>
      <trkpt lon="120.903187" lat="23.475452"><ele>2658.723039</ele><time>2026-09-14T01:44:53Z</time><extensions><speed>0.310182</speed><course>196.244506</course><hAcc>1.772004</hAcc><vAcc>0.690283</vAcc></extensions></trkpt>
      <trkpt lon="120.903186" lat="23.475449"><ele>2658.714106</ele><time>2026-09-14T01:44:54Z</time><extensions><speed>0.258567</speed><course>204.183699</course><hAcc>1.776143</hAcc><vAcc>0.690283</vAcc></extensions></trkpt>
      <trkpt lon="120.903185" lat="23.475447"><ele>2658.699668</ele><time>2026-09-14T01:44:55Z</time><extensions><speed>0.223515</speed><course>211.677360</course><hAcc>1.777507</hAcc><vAcc>0.690283</vAcc></extensions></trkpt>
      <trkpt lon="120.903184" lat="23.475446"><ele>2658.678997</ele><time>2026-09-14T01:44:56Z</time><extensions><speed>0.231618</speed><course>213.833876</course><hAcc>1.777006</hAcc><vAcc>0.690283</vAcc></extensions></trkpt>
      <trkpt lon="120.903182" lat="23.475444"><ele>2658.651822</ele><time>2026-09-14T01:44:57Z</time><extensions><speed>0.207625</speed><course>214.335093</course><hAcc>1.777729</hAcc><vAcc>0.690283</vAcc></extensions></trkpt>
      <trkpt lon="120.903182" lat="23.475443"><ele>2658.618050</ele><time>2026-09-14T01:44:58Z</time><extensions><speed>0.126673</speed><course>217.376554</course><hAcc>1.780594</hAcc><vAcc>0.690283</vAcc></extensions></trkpt>
      <trkpt lon="120.903181" lat="23.475442"><ele>2658.577938</ele><time>2026-09-14T01:44:59Z</time><extensions><speed>0.035045</speed><course>226.588418</course><hAcc>1.782734</hAcc><vAcc>0.690283</vAcc></extensions></trkpt>
      <trkpt lon="120.903181" lat="23.475442"><ele>2658.532200</ele><time>2026-09-14T01:45:00Z</time><extensions><speed>0.032922</speed><course>51.586644</course><hAcc>1.781987</hAcc><vAcc>0.690283</vAcc></extensions></trkpt>
      <trkpt lon="120.903182" lat="23.475443"><ele>2658.481553</ele><time>2026-09-14T01:45:01Z</time><extensions><speed>0.111761</speed><course>40.931405</course><hAcc>1.781015</hAcc><vAcc>0.690283</vAcc></extensions></trkpt>
      <trkpt lon="120.903182" lat="23.475444"><ele>2658.427345</ele><time>2026-09-14T01:45:02Z</time><extensions><speed>0.193903</speed><course>36.664207</course><hAcc>1.781626</hAcc><vAcc>0.690283</vAcc></extensions></trkpt>
      <trkpt lon="120.903184" lat="23.475446"><ele>2658.371223</ele><time>2026-09-14T01:45:03Z</time><extensions><speed>0.277202</speed><course>33.366477</course><hAcc>1.785799</hAcc><vAcc>0.690283</vAcc></extensions></trkpt>
      <trkpt lon="120.903185" lat="23.475448"><ele>2658.315184</ele><time>2026-09-14T01:45:04Z</time><extensions><speed>0.284457</speed><course>38.677553</course><hAcc>1.787803</hAcc><vAcc>0.690283</vAcc></extensions></trkpt>
      <trkpt lon="120.903187" lat="23.475449"><ele>2658.261658</ele><time>2026-09-14T01:45:05Z</time><extensions><speed>0.245164</speed><course>51.913262</course><hAcc>1.785841</hAcc><vAcc>0.690283</vAcc></extensions></trkpt>
      <trkpt lon="120.903189" lat="23.475450"><ele>2658.213085</ele><time>2026-09-14T01:45:06Z</time><extensions><speed>0.220366</speed><course>67.311477</course><hAcc>1.781984</hAcc><vAcc>0.690283</vAcc></extensions></trkpt>
      <trkpt lon="120.903191" lat="23.475451"><ele>2658.171679</ele><time>2026-09-14T01:45:07Z</time><extensions><speed>0.209399</speed><course>71.965973</course><hAcc>1.782460</hAcc><vAcc>0.690283</vAcc></extensions></trkpt>
      <trkpt lon="120.903193" lat="23.475452"><ele>2658.139282</ele><time>2026-09-14T01:45:08Z</time><extensions><speed>0.184382</speed><course>67.103677</course><hAcc>1.788256</hAcc><vAcc>0.690283</vAcc></extensions></trkpt>
      <trkpt lon="120.903194" lat="23.475452"><ele>2658.117228</ele><time>2026-09-14T01:45:09Z</time><extensions><speed>0.124266</speed><course>76.316137</course><hAcc>1.788537</hAcc><vAcc>0.690283</vAcc></extensions></trkpt>
      <trkpt lon="120.903195" lat="23.475452"><ele>2658.106077</ele><time>2026-09-14T01:45:10Z</time><extensions><speed>0.077695</speed><course>124.505793</course><hAcc>1.783138</hAcc><vAcc>0.690283</vAcc></extensions></trkpt>
      <trkpt lon="120.903196" lat="23.475452"><ele>2658.105756</ele><time>2026-09-14T01:45:11Z</time><extensions><speed>0.023807</speed><course>168.620424</course><hAcc>1.783072</hAcc><vAcc>0.690283</vAcc></extensions></trkpt>
      <trkpt lon="120.903195" lat="23.475452"><ele>2658.115462</ele><time>2026-09-14T01:45:12Z</time><extensions><speed>0.039043</speed><course>301.324348</course><hAcc>1.786297</hAcc><vAcc>0.690283</vAcc></extensions></trkpt>
      <trkpt lon="120.903195" lat="23.475452"><ele>2658.133814</ele><time>2026-09-14T01:45:13Z</time><extensions><speed>0.052537</speed><course>310.983611</course><hAcc>1.786455</hAcc><vAcc>0.690283</vAcc></extensions></trkpt>
      <trkpt lon="120.903195" lat="23.475452"><ele>2658.159106</ele><time>2026-09-14T01:45:14Z</time><extensions><speed>0.018969</speed><course>311.062086</course><hAcc>1.783657</hAcc><vAcc>0.690283</vAcc></extensions></trkpt>
      <trkpt lon="120.903195" lat="23.475452"><ele>2658.189287</ele><time>2026-09-14T01:45:15Z</time><extensions><speed>0.023432</speed><course>83.346952</course><hAcc>1.784521</hAcc><vAcc>0.690283</vAcc></extensions></trkpt>
      <trkpt lon="120.903195" lat="23.475452"><ele>2658.222339</ele><time>2026-09-14T01:45:16Z</time><extensions><speed>0.059537</speed><course>110.202583</course><hAcc>1.786020</hAcc><vAcc>0.690283</vAcc></extensions></trkpt>
      <trkpt lon="120.903196" lat="23.475452"><ele>2658.256315</ele><time>2026-09-14T01:45:17Z</time><extensions><speed>0.118419</speed><course>142.001666</course><hAcc>1.780815</hAcc><vAcc>0.690283</vAcc></extensions></trkpt>
      <trkpt lon="120.903197" lat="23.475451"><ele>2658.289413</ele><time>2026-09-14T01:45:18Z</time><extensions><speed>0.164429</speed><course>153.130647</course><hAcc>1.774638</hAcc><vAcc>0.690283</vAcc></extensions></trkpt>
      <trkpt lon="120.903197" lat="23.475449"><ele>2658.320171</ele><time>2026-09-14T01:45:19Z</time><extensions><speed>0.156259</speed><course>148.558248</course><hAcc>1.774720</hAcc><vAcc>0.690283</vAcc></extensions></trkpt>
      <trkpt lon="120.903198" lat="23.475448"><ele>2658.347554</ele><time>2026-09-14T01:45:20Z</time><extensions><speed>0.217021</speed><course>145.704918</course><hAcc>1.776942</hAcc><vAcc>0.690283</vAcc></extensions></trkpt>
      <trkpt lon="120.903200" lat="23.475446"><ele>2658.370838</ele><time>2026-09-14T01:45:21Z</time><extensions><speed>0.345936</speed><course>143.046894</course><hAcc>1.779638</hAcc><vAcc>0.690283</vAcc></extensions></trkpt>
      <trkpt lon="120.903202" lat="23.475444"><ele>2658.389573</ele><time>2026-09-14T01:45:22Z</time><extensions><speed>0.294558</speed><course>129.905136</course><hAcc>1.770289</hAcc><vAcc>0.690283</vAcc></extensions></trkpt>
      <trkpt lon="120.903204" lat="23.475443"><ele>2658.403595</ele><time>2026-09-14T01:45:23Z</time><extensions><speed>0.209645</speed><course>106.609894</course><hAcc>1.767115</hAcc><vAcc>0.690283</vAcc></extensions></trkpt>
      <trkpt lon="120.903206" lat="23.475443"><ele>2658.412937</ele><time>2026-09-14T01:45:24Z</time><extensions><speed>0.186512</speed><course>82.703954</course><hAcc>1.768759</hAcc><vAcc>0.690283</vAcc></extensions></trkpt>
      <trkpt lon="120.903208" lat="23.475443"><ele>2658.417898</ele><time>2026-09-14T01:45:25Z</time><extensions><speed>0.186903</speed><course>74.638967</course><hAcc>1.768754</hAcc><vAcc>0.690283</vAcc></extensions></trkpt>
      <trkpt lon="120.903210" lat="23.475444"><ele>2658.419027</ele><time>2026-09-14T01:45:26Z</time><extensions><speed>0.181029</speed><course>67.487196</course><hAcc>1.767346</hAcc><vAcc>0.690283</vAcc></extensions></trkpt>
      <trkpt lon="120.903211" lat="23.475444"><ele>2658.417120</ele><time>2026-09-14T01:45:27Z</time><extensions><speed>0.188698</speed><course>62.175966</course><hAcc>1.764292</hAcc><vAcc>0.690283</vAcc></extensions></trkpt>
      <trkpt lon="120.903213" lat="23.475445"><ele>2658.413189</ele><time>2026-09-14T01:45:28Z</time><extensions><speed>0.197043</speed><course>46.976618</course><hAcc>1.762471</hAcc><vAcc>0.690283</vAcc></extensions></trkpt>
      <trkpt lon="120.903214" lat="23.475447"><ele>2658.408247</ele><time>2026-09-14T01:45:29Z</time><extensions><speed>0.187061</speed><course>37.010330</course><hAcc>1.758112</hAcc><vAcc>0.690283</vAcc></extensions></trkpt>
      <trkpt lon="120.903215" lat="23.475448"><ele>2658.403251</ele><time>2026-09-14T01:45:30Z</time><extensions><speed>0.130056</speed><course>33.233284</course><hAcc>1.749068</hAcc><vAcc>0.690283</vAcc></extensions></trkpt>
      <trkpt lon="120.903215" lat="23.475448"><ele>2658.398995</ele><time>2026-09-14T01:45:31Z</time><extensions><speed>0.046787</speed><course>32.414720</course><hAcc>1.740465</hAcc><vAcc>0.690283</vAcc></extensions></trkpt>
      <trkpt lon="120.903215" lat="23.475449"><ele>2658.396043</ele><time>2026-09-14T01:45:32Z</time><extensions><speed>0.032259</speed><course>274.584902</course><hAcc>1.748202</hAcc><vAcc>0.690283</vAcc></extensions></trkpt>
      <trkpt lon="120.903215" lat="23.475449"><ele>2658.394784</ele><time>2026-09-14T01:45:33Z</time><extensions><speed>0.083076</speed><course>271.224512</course><hAcc>1.769978</hAcc><vAcc>0.690283</vAcc></extensions></trkpt>
      <trkpt lon="120.903213" lat="23.475449"><ele>2658.395386</ele><time>2026-09-14T01:45:34Z</time><extensions><speed>0.148674</speed><course>268.361293</course><hAcc>1.751602</hAcc><vAcc>0.690283</vAcc></extensions></trkpt>
      <trkpt lon="120.903212" lat="23.475448"><ele>2658.398000</ele><time>2026-09-14T01:45:35Z</time><extensions><speed>0.196594</speed><course>261.085797</course><hAcc>1.743908</hAcc><vAcc>0.690283</vAcc></extensions></trkpt>
      <trkpt lon="120.903210" lat="23.475448"><ele>2658.402809</ele><time>2026-09-14T01:45:36Z</time><extensions><speed>0.244850</speed><course>254.432292</course><hAcc>1.750948</hAcc><vAcc>0.690283</vAcc></extensions></trkpt>
      <trkpt lon="120.903207" lat="23.475447"><ele>2658.409929</ele><time>2026-09-14T01:45:37Z</time><extensions><speed>0.288169</speed><course>253.675890</course><hAcc>1.759496</hAcc><vAcc>0.690283</vAcc></extensions></trkpt>
      <trkpt lon="120.903204" lat="23.475447"><ele>2658.419598</ele><time>2026-09-14T01:45:38Z</time><extensions><speed>0.303610</speed><course>252.552722</course><hAcc>1.763681</hAcc><vAcc>0.690283</vAcc></extensions></trkpt>
      <trkpt lon="120.903201" lat="23.475446"><ele>2658.432045</ele><time>2026-09-14T01:45:39Z</time><extensions><speed>0.314570</speed><course>253.090818</course><hAcc>1.764531</hAcc><vAcc>0.690284</vAcc></extensions></trkpt>
      <trkpt lon="120.903198" lat="23.475445"><ele>2658.447520</ele><time>2026-09-14T01:45:40Z</time><extensions><speed>0.322022</speed><course>255.231426</course><hAcc>1.763178</hAcc><vAcc>0.690283</vAcc></extensions></trkpt>
      <trkpt lon="120.903196" lat="23.475444"><ele>2658.466331</ele><time>2026-09-14T01:45:41Z</time><extensions><speed>0.290105</speed><course>247.999969</course><hAcc>1.753867</hAcc><vAcc>0.690282</vAcc></extensions></trkpt>
      <trkpt lon="120.903194" lat="23.475443"><ele>2658.488775</ele><time>2026-09-14T01:45:42Z</time><extensions><speed>0.242061</speed><course>221.761002</course><hAcc>1.735183</hAcc><vAcc>0.690282</vAcc></extensions></trkpt>
      <trkpt lon="120.903193" lat="23.475441"><ele>2658.515199</ele><time>2026-09-14T01:45:43Z</time><extensions><speed>0.274665</speed><course>180.759266</course><hAcc>1.713727</hAcc><vAcc>0.690282</vAcc></extensions></trkpt>
      <trkpt lon="120.903194" lat="23.475438"><ele>2658.545909</ele><time>2026-09-14T01:45:44Z</time><extensions><speed>0.451029</speed><course>152.125812</course><hAcc>1.696455</hAcc><vAcc>0.690283</vAcc></extensions></trkpt>
      <trkpt lon="120.903197" lat="23.475434"><ele>2658.581046</ele><time>2026-09-14T01:45:45Z</time><extensions><speed>0.600692</speed><course>142.478008</course><hAcc>1.679773</hAcc><vAcc>0.690283</vAcc></extensions></trkpt>
      <trkpt lon="120.903201" lat="23.475429"><ele>2658.620449</ele><time>2026-09-14T01:45:46Z</time><extensions><speed>0.735578</speed><course>143.061526</course><hAcc>1.664883</hAcc><vAcc>0.690283</vAcc></extensions></trkpt>
      <trkpt lon="120.903206" lat="23.475424"><ele>2658.664024</ele><time>2026-09-14T01:45:47Z</time><extensions><speed>0.838494</speed><course>143.507539</course><hAcc>1.671854</hAcc><vAcc>0.690283</vAcc></extensions></trkpt>
      <trkpt lon="120.903211" lat="23.475418"><ele>2658.711085</ele><time>2026-09-14T01:45:48Z</time><extensions><speed>0.911638</speed><course>143.242383</course><hAcc>1.671545</hAcc><vAcc>0.690283</vAcc></extensions></trkpt>
      <trkpt lon="120.903216" lat="23.475412"><ele>2658.760695</ele><time>2026-09-14T01:45:49Z</time><extensions><speed>0.852213</speed><course>138.492421</course><hAcc>1.665410</hAcc><vAcc>0.690283</vAcc></extensions></trkpt>
      <trkpt lon="120.903223" lat="23.475407"><ele>2658.811796</ele><time>2026-09-14T01:45:50Z</time><extensions><speed>0.810604</speed><course>124.059680</course><hAcc>1.644357</hAcc><vAcc>0.690283</vAcc></extensions></trkpt>
      <trkpt lon="120.903230" lat="23.475403"><ele>2658.862834</ele><time>2026-09-14T01:45:51Z</time><extensions><speed>0.872766</speed><course>111.749412</course><hAcc>1.643179</hAcc><vAcc>0.690283</vAcc></extensions></trkpt>
      <trkpt lon="120.903239" lat="23.475401"><ele>2658.912076</ele><time>2026-09-14T01:45:52Z</time><extensions><speed>0.912497</speed><course>100.699777</course><hAcc>1.653253</hAcc><vAcc>0.690283</vAcc></extensions></trkpt>
      <trkpt lon="120.903248" lat="23.475400"><ele>2658.957500</ele><time>2026-09-14T01:45:53Z</time><extensions><speed>0.987119</speed><course>92.250061</course><hAcc>1.659083</hAcc><vAcc>0.690283</vAcc></extensions></trkpt>
      <trkpt lon="120.903258" lat="23.475400"><ele>2658.996927</ele><time>2026-09-14T01:45:54Z</time><extensions><speed>1.061202</speed><course>85.703267</course><hAcc>1.667883</hAcc><vAcc>0.690283</vAcc></extensions></trkpt>
      <trkpt lon="120.903269" lat="23.475401"><ele>2659.028245</ele><time>2026-09-14T01:45:55Z</time><extensions><speed>1.150419</speed><course>84.212801</course><hAcc>1.684714</hAcc><vAcc>0.690283</vAcc></extensions></trkpt>
      <trkpt lon="120.903281" lat="23.475403"><ele>2659.049699</ele><time>2026-09-14T01:45:56Z</time><extensions><speed>1.264804</speed><course>75.187194</course><hAcc>1.681376</hAcc><vAcc>0.690283</vAcc></extensions></trkpt>
      <trkpt lon="120.903293" lat="23.475407"><ele>2659.060066</ele><time>2026-09-14T01:45:57Z</time><extensions><speed>1.475301</speed><course>68.618104</course><hAcc>1.650911</hAcc><vAcc>0.690283</vAcc></extensions></trkpt>
      <trkpt lon="120.903307" lat="23.475412"><ele>2659.058943</ele><time>2026-09-14T01:45:58Z</time><extensions><speed>1.480312</speed><course>68.964103</course><hAcc>1.637586</hAcc><vAcc>0.690283</vAcc></extensions></trkpt>
      <trkpt lon="120.903320" lat="23.475416"><ele>2659.046741</ele><time>2026-09-14T01:45:59Z</time><extensions><speed>1.371456</speed><course>74.824158</course><hAcc>1.641951</hAcc><vAcc>0.690283</vAcc></extensions></trkpt>
      <trkpt lon="120.903333" lat="23.475418"><ele>2659.024513</ele><time>2026-09-14T01:46:00Z</time><extensions><speed>1.288573</speed><course>84.134503</course><hAcc>1.655708</hAcc><vAcc>0.690283</vAcc></extensions></trkpt>
      <trkpt lon="120.903345" lat="23.475418"><ele>2658.993743</ele><time>2026-09-14T01:46:01Z</time><extensions><speed>1.191498</speed><course>96.217984</course><hAcc>1.659015</hAcc><vAcc>0.690283</vAcc></extensions></trkpt>
      <trkpt lon="120.903356" lat="23.475416"><ele>2658.956225</ele><time>2026-09-14T01:46:02Z</time><extensions><speed>1.108239</speed><course>105.788463</course><hAcc>1.650764</hAcc><vAcc>0.690283</vAcc></extensions></trkpt>
      <trkpt lon="120.903366" lat="23.475413"><ele>2658.913786</ele><time>2026-09-14T01:46:03Z</time><extensions><speed>1.040221</speed><course>112.998704</course><hAcc>1.640197</hAcc><vAcc>0.690283</vAcc></extensions></trkpt>
      <trkpt lon="120.903375" lat="23.475409"><ele>2658.868017</ele><time>2026-09-14T01:46:04Z</time><extensions><speed>0.921839</speed><course>120.475354</course><hAcc>1.653510</hAcc><vAcc>0.690283</vAcc></extensions></trkpt>
      <trkpt lon="120.903382" lat="23.475405"><ele>2658.820092</ele><time>2026-09-14T01:46:05Z</time><extensions><speed>0.817179</speed><course>126.621494</course><hAcc>1.651577</hAcc><vAcc>0.690283</vAcc></extensions></trkpt>
      <trkpt lon="120.903387" lat="23.475400"><ele>2658.771068</ele><time>2026-09-14T01:46:06Z</time><extensions><speed>0.737038</speed><course>133.551468</course><hAcc>1.655910</hAcc><vAcc>0.690283</vAcc></extensions></trkpt>
      <trkpt lon="120.903393" lat="23.475395"><ele>2658.721648</ele><time>2026-09-14T01:46:07Z</time><extensions><speed>0.761744</speed><course>138.955001</course><hAcc>1.659861</hAcc><vAcc>0.690283</vAcc></extensions></trkpt>
      <trkpt lon="120.903397" lat="23.475390"><ele>2658.672164</ele><time>2026-09-14T01:46:08Z</time><extensions><speed>0.795542</speed><course>143.685452</course><hAcc>1.662976</hAcc><vAcc>0.690283</vAcc></extensions></trkpt>
      <trkpt lon="120.903402" lat="23.475384"><ele>2658.622672</ele><time>2026-09-14T01:46:09Z</time><extensions><speed>0.802074</speed><course>146.289381</course><hAcc>1.663659</hAcc><vAcc>0.690283</vAcc></extensions></trkpt>
      <trkpt lon="120.903406" lat="23.475378"><ele>2658.573158</ele><time>2026-09-14T01:46:10Z</time><extensions><speed>0.838436</speed><course>146.394620</course><hAcc>1.659055</hAcc><vAcc>0.690283</vAcc></extensions></trkpt>
      <trkpt lon="120.903411" lat="23.475371"><ele>2658.523627</ele><time>2026-09-14T01:46:11Z</time><extensions><speed>0.915635</speed><course>149.586940</course><hAcc>1.654664</hAcc><vAcc>0.690283</vAcc></extensions></trkpt>
      <trkpt lon="120.903415" lat="23.475363"><ele>2658.474264</ele><time>2026-09-14T01:46:12Z</time><extensions><speed>0.967222</speed><course>152.360565</course><hAcc>1.656607</hAcc><vAcc>0.690283</vAcc></extensions></trkpt>
      <trkpt lon="120.903420" lat="23.475356"><ele>2658.425549</ele><time>2026-09-14T01:46:13Z</time><extensions><speed>0.911848</speed><course>153.769850</course><hAcc>1.630695</hAcc><vAcc>0.690283</vAcc></extensions></trkpt>
      <trkpt lon="120.903424" lat="23.475348"><ele>2658.377880</ele><time>2026-09-14T01:46:14Z</time><extensions><speed>0.952287</speed><course>153.496329</course><hAcc>1.615829</hAcc><vAcc>0.690283</vAcc></extensions></trkpt>
      <trkpt lon="120.903428" lat="23.475340"><ele>2658.331587</ele><time>2026-09-14T01:46:15Z</time><extensions><speed>1.074828</speed><course>153.723799</course><hAcc>1.617679</hAcc><vAcc>0.690283</vAcc></extensions></trkpt>
      <trkpt lon="120.903433" lat="23.475331"><ele>2658.286482</ele><time>2026-09-14T01:46:16Z</time><extensions><speed>1.226925</speed><course>152.697687</course><hAcc>1.607095</hAcc><vAcc>0.690283</vAcc></extensions></trkpt>
      <trkpt lon="120.903439" lat="23.475321"><ele>2658.241866</ele><time>2026-09-14T01:46:17Z</time><extensions><speed>1.154149</speed><course>147.190082</course><hAcc>1.598127</hAcc><vAcc>0.690283</vAcc></extensions></trkpt>
      <trkpt lon="120.903446" lat="23.475313"><ele>2658.196791</ele><time>2026-09-14T01:46:18Z</time><extensions><speed>1.023748</speed><course>137.512069</course><hAcc>1.593385</hAcc><vAcc>0.690283</vAcc></extensions></trkpt>
      <trkpt lon="120.903453" lat="23.475307"><ele>2658.150124</ele><time>2026-09-14T01:46:19Z</time><extensions><speed>1.099562</speed><course>133.100230</course><hAcc>1.589465</hAcc><vAcc>0.690283</vAcc></extensions></trkpt>
      <trkpt lon="120.903461" lat="23.475300"><ele>2658.100638</ele><time>2026-09-14T01:46:20Z</time><extensions><speed>1.080305</speed><course>131.359389</course><hAcc>1.591550</hAcc><vAcc>0.690283</vAcc></extensions></trkpt>
      <trkpt lon="120.903469" lat="23.475293"><ele>2658.047223</ele><time>2026-09-14T01:46:21Z</time><extensions><speed>1.160815</speed><course>133.457967</course><hAcc>1.593948</hAcc><vAcc>0.690283</vAcc></extensions></trkpt>
      <trkpt lon="120.903477" lat="23.475286"><ele>2657.989064</ele><time>2026-09-14T01:46:22Z</time><extensions><speed>1.065530</speed><course>133.641227</course><hAcc>1.605953</hAcc><vAcc>0.690283</vAcc></extensions></trkpt>
      <trkpt lon="120.903484" lat="23.475280"><ele>2657.925572</ele><time>2026-09-14T01:46:23Z</time><extensions><speed>1.013638</speed><course>131.363291</course><hAcc>1.624284</hAcc><vAcc>0.690283</vAcc></extensions></trkpt>
      <trkpt lon="120.903492" lat="23.475274"><ele>2657.856754</ele><time>2026-09-14T01:46:24Z</time><extensions><speed>0.953819</speed><course>130.564465</course><hAcc>1.628877</hAcc><vAcc>0.690283</vAcc></extensions></trkpt>
      <trkpt lon="120.903499" lat="23.475268"><ele>2657.783048</ele><time>2026-09-14T01:46:25Z</time><extensions><speed>0.903152</speed><course>134.643559</course><hAcc>1.618698</hAcc><vAcc>0.690283</vAcc></extensions></trkpt>
      <trkpt lon="120.903504" lat="23.475263"><ele>2657.705366</ele><time>2026-09-14T01:46:26Z</time><extensions><speed>0.871223</speed><course>139.256303</course><hAcc>1.622800</hAcc><vAcc>0.690284</vAcc></extensions></trkpt>
      <trkpt lon="120.903510" lat="23.475256"><ele>2657.625188</ele><time>2026-09-14T01:46:27Z</time><extensions><speed>0.892104</speed><course>141.568347</course><hAcc>1.632919</hAcc><vAcc>0.690284</vAcc></extensions></trkpt>
      <trkpt lon="120.903515" lat="23.475250"><ele>2657.544106</ele><time>2026-09-14T01:46:28Z</time><extensions><speed>0.920078</speed><course>140.878978</course><hAcc>1.649640</hAcc><vAcc>0.690285</vAcc></extensions></trkpt>
      <trkpt lon="120.903521" lat="23.475243"><ele>2657.464001</ele><time>2026-09-14T01:46:29Z</time><extensions><speed>0.918723</speed><course>138.476475</course><hAcc>1.641300</hAcc><vAcc>0.690286</vAcc></extensions></trkpt>
      <trkpt lon="120.903527" lat="23.475237"><ele>2657.386703</ele><time>2026-09-14T01:46:30Z</time><extensions><speed>0.960807</speed><course>132.749956</course><hAcc>1.615699</hAcc><vAcc>0.690286</vAcc></extensions></trkpt>
      <trkpt lon="120.903535" lat="23.475231"><ele>2657.313788</ele><time>2026-09-14T01:46:31Z</time><extensions><speed>1.059351</speed><course>133.643788</course><hAcc>1.616188</hAcc><vAcc>0.690284</vAcc></extensions></trkpt>
      <trkpt lon="120.903542" lat="23.475224"><ele>2657.246692</ele><time>2026-09-14T01:46:32Z</time><extensions><speed>1.112697</speed><course>137.853397</course><hAcc>1.613134</hAcc><vAcc>0.690284</vAcc></extensions></trkpt>
      <trkpt lon="120.903549" lat="23.475216"><ele>2657.186563</ele><time>2026-09-14T01:46:33Z</time><extensions><speed>1.134183</speed><course>139.810261</course><hAcc>1.606983</hAcc><vAcc>0.690283</vAcc></extensions></trkpt>
      <trkpt lon="120.903556" lat="23.475208"><ele>2657.134279</ele><time>2026-09-14T01:46:34Z</time><extensions><speed>1.110230</speed><course>142.934469</course><hAcc>1.604633</hAcc><vAcc>0.690283</vAcc></extensions></trkpt>
      <trkpt lon="120.903563" lat="23.475200"><ele>2657.090471</ele><time>2026-09-14T01:46:35Z</time><extensions><speed>1.094704</speed><course>146.364064</course><hAcc>1.607418</hAcc><vAcc>0.690283</vAcc></extensions></trkpt>
      <trkpt lon="120.903568" lat="23.475192"><ele>2657.055514</ele><time>2026-09-14T01:46:36Z</time><extensions><speed>1.006748</speed><course>150.389269</course><hAcc>1.615190</hAcc><vAcc>0.690283</vAcc></extensions></trkpt>
      <trkpt lon="120.903573" lat="23.475184"><ele>2657.029400</ele><time>2026-09-14T01:46:37Z</time><extensions><speed>0.925671</speed><course>154.651120</course><hAcc>1.625026</hAcc><vAcc>0.690283</vAcc></extensions></trkpt>
      <trkpt lon="120.903576" lat="23.475177"><ele>2657.011801</ele><time>2026-09-14T01:46:38Z</time><extensions><speed>0.841279</speed><course>160.424784</course><hAcc>1.611809</hAcc><vAcc>0.690283</vAcc></extensions></trkpt>
      <trkpt lon="120.903579" lat="23.475169"><ele>2657.002066</ele><time>2026-09-14T01:46:39Z</time><extensions><speed>0.965577</speed><course>157.990430</course><hAcc>1.594481</hAcc><vAcc>0.690283</vAcc></extensions></trkpt>
      <trkpt lon="120.903584" lat="23.475161"><ele>2656.999278</ele><time>2026-09-14T01:46:40Z</time><extensions><speed>1.185181</speed><course>151.517137</course><hAcc>1.612947</hAcc><vAcc>0.690283</vAcc></extensions></trkpt>
      <trkpt lon="120.903590" lat="23.475151"><ele>2657.002362</ele><time>2026-09-14T01:46:41Z</time><extensions><speed>1.310358</speed><course>147.722714</course><hAcc>1.628712</hAcc><vAcc>0.690283</vAcc></extensions></trkpt>
      <trkpt lon="120.903597" lat="23.475141"><ele>2657.010016</ele><time>2026-09-14T01:46:42Z</time><extensions><speed>1.264750</speed><course>146.133285</course><hAcc>1.626292</hAcc><vAcc>0.690283</vAcc></extensions></trkpt>
      <trkpt lon="120.903604" lat="23.475132"><ele>2657.020933</ele><time>2026-09-14T01:46:43Z</time><extensions><speed>1.188086</speed><course>141.364466</course><hAcc>1.624527</hAcc><vAcc>0.690282</vAcc></extensions></trkpt>
      <trkpt lon="120.903611" lat="23.475124"><ele>2657.033894</ele><time>2026-09-14T01:46:44Z</time><extensions><speed>1.149498</speed><course>139.840554</course><hAcc>1.626472</hAcc><vAcc>0.690282</vAcc></extensions></trkpt>
      <trkpt lon="120.903618" lat="23.475117"><ele>2657.047808</ele><time>2026-09-14T01:46:45Z</time><extensions><speed>1.052296</speed><course>139.147363</course><hAcc>1.634039</hAcc><vAcc>0.690282</vAcc></extensions></trkpt>
      <trkpt lon="120.903624" lat="23.475110"><ele>2657.061739</ele><time>2026-09-14T01:46:46Z</time><extensions><speed>0.949523</speed><course>140.224215</course><hAcc>1.638542</hAcc><vAcc>0.690282</vAcc></extensions></trkpt>
      <trkpt lon="120.903629" lat="23.475103"><ele>2657.075118</ele><time>2026-09-14T01:46:47Z</time><extensions><speed>0.806793</speed><course>147.420343</course><hAcc>1.631889</hAcc><vAcc>0.690282</vAcc></extensions></trkpt>
      <trkpt lon="120.903632" lat="23.475097"><ele>2657.087545</ele><time>2026-09-14T01:46:48Z</time><extensions><speed>0.771102</speed><course>165.470652</course><hAcc>1.647070</hAcc><vAcc>0.690282</vAcc></extensions></trkpt>
      <trkpt lon="120.903633" lat="23.475090"><ele>2657.098749</ele><time>2026-09-14T01:46:49Z</time><extensions><speed>0.830450</speed><course>176.208174</course><hAcc>1.669404</hAcc><vAcc>0.690282</vAcc></extensions></trkpt>
      <trkpt lon="120.903633" lat="23.475082"><ele>2657.108826</ele><time>2026-09-14T01:46:50Z</time><extensions><speed>0.864989</speed><course>187.996672</course><hAcc>1.664856</hAcc><vAcc>0.690283</vAcc></extensions></trkpt>
      <trkpt lon="120.903632" lat="23.475074"><ele>2657.118010</ele><time>2026-09-14T01:46:51Z</time><extensions><speed>0.981405</speed><course>190.395649</course><hAcc>1.668415</hAcc><vAcc>0.690283</vAcc></extensions></trkpt>
      <trkpt lon="120.903630" lat="23.475065"><ele>2657.126876</ele><time>2026-09-14T01:46:52Z</time><extensions><speed>1.098117</speed><course>190.713725</course><hAcc>1.692591</hAcc><vAcc>0.690283</vAcc></extensions></trkpt>
      <trkpt lon="120.903628" lat="23.475055"><ele>2657.136278</ele><time>2026-09-14T01:46:53Z</time><extensions><speed>1.050967</speed><course>190.088006</course><hAcc>1.700026</hAcc><vAcc>0.690283</vAcc></extensions></trkpt>
      <trkpt lon="120.903627" lat="23.475046"><ele>2657.147268</ele><time>2026-09-14T01:46:54Z</time><extensions><speed>0.920059</speed><course>186.265156</course><hAcc>1.698324</hAcc><vAcc>0.690283</vAcc></extensions></trkpt>
      <trkpt lon="120.903627" lat="23.475038"><ele>2657.161033</ele><time>2026-09-14T01:46:55Z</time><extensions><speed>0.904827</speed><course>179.507782</course><hAcc>1.697952</hAcc><vAcc>0.690283</vAcc></extensions></trkpt>
      <trkpt lon="120.903628" lat="23.475030"><ele>2657.178674</ele><time>2026-09-14T01:46:56Z</time><extensions><speed>0.924767</speed><course>171.813309</course><hAcc>1.702907</hAcc><vAcc>0.690283</vAcc></extensions></trkpt>
      <trkpt lon="120.903630" lat="23.475022"><ele>2657.201168</ele><time>2026-09-14T01:46:57Z</time><extensions><speed>0.945544</speed><course>160.394124</course><hAcc>1.708019</hAcc><vAcc>0.690283</vAcc></extensions></trkpt>
      <trkpt lon="120.903635" lat="23.475014"><ele>2657.229251</ele><time>2026-09-14T01:46:58Z</time><extensions><speed>1.011282</speed><course>147.116751</course><hAcc>1.705083</hAcc><vAcc>0.690283</vAcc></extensions></trkpt>
      <trkpt lon="120.903641" lat="23.475007"><ele>2657.263139</ele><time>2026-09-14T01:46:59Z</time><extensions><speed>1.101201</speed><course>135.679394</course><hAcc>1.695104</hAcc><vAcc>0.690283</vAcc></extensions></trkpt>
      <trkpt lon="120.903650" lat="23.475000"><ele>2657.303007</ele><time>2026-09-14T01:47:00Z</time><extensions><speed>1.175228</speed><course>126.810371</course><hAcc>1.682618</hAcc><vAcc>0.690283</vAcc></extensions></trkpt>
      <trkpt lon="120.903660" lat="23.474994"><ele>2657.348623</ele><time>2026-09-14T01:47:01Z</time><extensions><speed>1.311060</speed><course>124.868868</course><hAcc>1.669684</hAcc><vAcc>0.690283</vAcc></extensions></trkpt>
      <trkpt lon="120.903671" lat="23.474986"><ele>2657.399799</ele><time>2026-09-14T01:47:02Z</time><extensions><speed>1.388455</speed><course>128.707674</course><hAcc>1.668157</hAcc><vAcc>0.690283</vAcc></extensions></trkpt>
      <trkpt lon="120.903681" lat="23.474978"><ele>2657.456726</ele><time>2026-09-14T01:47:03Z</time><extensions><speed>1.397121</speed><course>129.389370</course><hAcc>1.656865</hAcc><vAcc>0.690283</vAcc></extensions></trkpt>
      <trkpt lon="120.903692" lat="23.474971"><ele>2657.519689</ele><time>2026-09-14T01:47:04Z</time><extensions><speed>1.381477</speed><course>128.696926</course><hAcc>1.645402</hAcc><vAcc>0.690283</vAcc></extensions></trkpt>
      <trkpt lon="120.903702" lat="23.474963"><ele>2657.589467</ele><time>2026-09-14T01:47:05Z</time><extensions><speed>1.274563</speed><course>125.265756</course><hAcc>1.636728</hAcc><vAcc>0.690283</vAcc></extensions></trkpt>
      <trkpt lon="120.903713" lat="23.474957"><ele>2657.667097</ele><time>2026-09-14T01:47:06Z</time><extensions><speed>1.193810</speed><course>121.887304</course><hAcc>1.624051</hAcc><vAcc>0.690283</vAcc></extensions></trkpt>
      <trkpt lon="120.903723" lat="23.474952"><ele>2657.753779</ele><time>2026-09-14T01:47:07Z</time><extensions><speed>1.204603</speed><course>117.905025</course><hAcc>1.605678</hAcc><vAcc>0.690283</vAcc></extensions></trkpt>
      <trkpt lon="120.903733" lat="23.474947"><ele>2657.850780</ele><time>2026-09-14T01:47:08Z</time><extensions><speed>1.176290</speed><course>121.906269</course><hAcc>1.616517</hAcc><vAcc>0.690283</vAcc></extensions></trkpt>
      <trkpt lon="120.903743" lat="23.474941"><ele>2657.959294</ele><time>2026-09-14T01:47:09Z</time><extensions><speed>1.147712</speed><course>128.745733</course><hAcc>1.624154</hAcc><vAcc>0.690283</vAcc></extensions></trkpt>
      <trkpt lon="120.903752" lat="23.474935"><ele>2658.079987</ele><time>2026-09-14T01:47:10Z</time><extensions><speed>1.160048</speed><course>128.940790</course><hAcc>1.613166</hAcc><vAcc>0.690283</vAcc></extensions></trkpt>
      <trkpt lon="120.903761" lat="23.474928"><ele>2658.213031</ele><time>2026-09-14T01:47:11Z</time><extensions><speed>1.137055</speed><course>129.150633</course><hAcc>1.604686</hAcc><vAcc>0.690283</vAcc></extensions></trkpt>
      <trkpt lon="120.903769" lat="23.474922"><ele>2658.358016</ele><time>2026-09-14T01:47:12Z</time><extensions><speed>1.094583</speed><course>127.272605</course><hAcc>1.604373</hAcc><vAcc>0.690283</vAcc></extensions></trkpt>
      <trkpt lon="120.903778" lat="23.474916"><ele>2658.513282</ele><time>2026-09-14T01:47:13Z</time><extensions><speed>1.064504</speed><course>124.890513</course><hAcc>1.607147</hAcc><vAcc>0.690283</vAcc></extensions></trkpt>
      <trkpt lon="120.903787" lat="23.474910"><ele>2658.676869</ele><time>2026-09-14T01:47:14Z</time><extensions><speed>1.138116</speed><course>124.579810</course><hAcc>1.605660</hAcc><vAcc>0.690283</vAcc></extensions></trkpt>
      <trkpt lon="120.903797" lat="23.474905"><ele>2658.845983</ele><time>2026-09-14T01:47:15Z</time><extensions><speed>1.246103</speed><course>120.587757</course><hAcc>1.601293</hAcc><vAcc>0.690283</vAcc></extensions></trkpt>
      <trkpt lon="120.903808" lat="23.474899"><ele>2659.017316</ele><time>2026-09-14T01:47:16Z</time><extensions><speed>1.378393</speed><course>114.544520</course><hAcc>1.598375</hAcc><vAcc>0.690283</vAcc></extensions></trkpt>
      <trkpt lon="120.903820" lat="23.474894"><ele>2659.187526</ele><time>2026-09-14T01:47:17Z</time><extensions><speed>1.360825</speed><course>108.564328</course><hAcc>1.595180</hAcc><vAcc>0.690283</vAcc></extensions></trkpt>
      <trkpt lon="120.903833" lat="23.474891"><ele>2659.352814</ele><time>2026-09-14T01:47:18Z</time><extensions><speed>1.261883</speed><course>106.260255</course><hAcc>1.593249</hAcc><vAcc>0.690283</vAcc></extensions></trkpt>
      <trkpt lon="120.903844" lat="23.474887"><ele>2659.509532</ele><time>2026-09-14T01:47:19Z</time><extensions><speed>1.184291</speed><course>107.480069</course><hAcc>1.592929</hAcc><vAcc>0.690283</vAcc></extensions></trkpt>
      <trkpt lon="120.903854" lat="23.474884"><ele>2659.654217</ele><time>2026-09-14T01:47:20Z</time><extensions><speed>1.045992</speed><course>110.226828</course><hAcc>1.598306</hAcc><vAcc>0.690283</vAcc></extensions></trkpt>
      <trkpt lon="120.903863" lat="23.474880"><ele>2659.783766</ele><time>2026-09-14T01:47:21Z</time><extensions><speed>0.951847</speed><course>118.740118</course><hAcc>1.601987</hAcc><vAcc>0.690283</vAcc></extensions></trkpt>
      <trkpt lon="120.903871" lat="23.474875"><ele>2659.895988</ele><time>2026-09-14T01:47:22Z</time><extensions><speed>0.997756</speed><course>126.965598</course><hAcc>1.571005</hAcc><vAcc>0.690283</vAcc></extensions></trkpt>
      <trkpt lon="120.903879" lat="23.474869"><ele>2659.989290</ele><time>2026-09-14T01:47:23Z</time><extensions><speed>1.148145</speed><course>133.361740</course><hAcc>1.565611</hAcc><vAcc>0.690283</vAcc></extensions></trkpt>
      <trkpt lon="120.903886" lat="23.474861"><ele>2660.063087</ele><time>2026-09-14T01:47:24Z</time><extensions><speed>1.170510</speed><course>141.713754</course><hAcc>1.559558</hAcc><vAcc>0.690283</vAcc></extensions></trkpt>
      <trkpt lon="120.903893" lat="23.474853"><ele>2660.117636</ele><time>2026-09-14T01:47:25Z</time><extensions><speed>1.110920</speed><course>147.850912</course><hAcc>1.551846</hAcc><vAcc>0.690283</vAcc></extensions></trkpt>
      <trkpt lon="120.903898" lat="23.474845"><ele>2660.153681</ele><time>2026-09-14T01:47:26Z</time><extensions><speed>1.044857</speed><course>150.797256</course><hAcc>1.565309</hAcc><vAcc>0.690284</vAcc></extensions></trkpt>
      <trkpt lon="120.903903" lat="23.474837"><ele>2660.172403</ele><time>2026-09-14T01:47:27Z</time><extensions><speed>0.857033</speed><course>154.248887</course><hAcc>1.609037</hAcc><vAcc>0.690283</vAcc></extensions></trkpt>
      <trkpt lon="120.903907" lat="23.474830"><ele>2660.175154</ele><time>2026-09-14T01:47:28Z</time><extensions><speed>0.934020</speed><course>159.160074</course><hAcc>1.574504</hAcc><vAcc>0.690282</vAcc></extensions></trkpt>
      <trkpt lon="120.903910" lat="23.474822"><ele>2660.163234</ele><time>2026-09-14T01:47:29Z</time><extensions><speed>0.953371</speed><course>158.845421</course><hAcc>1.573162</hAcc><vAcc>0.690282</vAcc></extensions></trkpt>
      <trkpt lon="120.903914" lat="23.474814"><ele>2660.137807</ele><time>2026-09-14T01:47:30Z</time><extensions><speed>1.018658</speed><course>152.303263</course><hAcc>1.590048</hAcc><vAcc>0.690282</vAcc></extensions></trkpt>
      <trkpt lon="120.903919" lat="23.474806"><ele>2660.100144</ele><time>2026-09-14T01:47:31Z</time><extensions><speed>0.979190</speed><course>146.372420</course><hAcc>1.599589</hAcc><vAcc>0.690282</vAcc></extensions></trkpt>
      <trkpt lon="120.903925" lat="23.474799"><ele>2660.051381</ele><time>2026-09-14T01:47:32Z</time><extensions><speed>0.968496</speed><course>137.885303</course><hAcc>1.624556</hAcc><vAcc>0.690283</vAcc></extensions></trkpt>
      <trkpt lon="120.903932" lat="23.474793"><ele>2659.993007</ele><time>2026-09-14T01:47:33Z</time><extensions><speed>0.989089</speed><course>128.460478</course><hAcc>1.650216</hAcc><vAcc>0.690283</vAcc></extensions></trkpt>
      <trkpt lon="120.903941" lat="23.474788"><ele>2659.926759</ele><time>2026-09-14T01:47:34Z</time><extensions><speed>1.082949</speed><course>116.160878</course><hAcc>1.634042</hAcc><vAcc>0.690283</vAcc></extensions></trkpt>
      <trkpt lon="120.903951" lat="23.474784"><ele>2659.854531</ele><time>2026-09-14T01:47:35Z</time><extensions><speed>1.152819</speed><course>108.518331</course><hAcc>1.626329</hAcc><vAcc>0.690283</vAcc></extensions></trkpt>
      <trkpt lon="120.903962" lat="23.474781"><ele>2659.778881</ele><time>2026-09-14T01:47:36Z</time><extensions><speed>1.148126</speed><course>105.917621</course><hAcc>1.639806</hAcc><vAcc>0.690283</vAcc></extensions></trkpt>
      <trkpt lon="120.903973" lat="23.474778"><ele>2659.702435</ele><time>2026-09-14T01:47:37Z</time><extensions><speed>1.195075</speed><course>105.507997</course><hAcc>1.637572</hAcc><vAcc>0.690283</vAcc></extensions></trkpt>
      <trkpt lon="120.903984" lat="23.474775"><ele>2659.627956</ele><time>2026-09-14T01:47:38Z</time><extensions><speed>1.199940</speed><course>107.959139</course><hAcc>1.632636</hAcc><vAcc>0.690283</vAcc></extensions></trkpt>
      <trkpt lon="120.903995" lat="23.474771"><ele>2659.558156</ele><time>2026-09-14T01:47:39Z</time><extensions><speed>1.184502</speed><course>114.154801</course><hAcc>1.631912</hAcc><vAcc>0.690283</vAcc></extensions></trkpt>
      <trkpt lon="120.904004" lat="23.474767"><ele>2659.495289</ele><time>2026-09-14T01:47:40Z</time><extensions><speed>1.010629</speed><course>121.047396</course><hAcc>1.630767</hAcc><vAcc>0.690283</vAcc></extensions></trkpt>
      <trkpt lon="120.904012" lat="23.474762"><ele>2659.441417</ele><time>2026-09-14T01:47:41Z</time><extensions><speed>0.877986</speed><course>130.658520</course><hAcc>1.614202</hAcc><vAcc>0.690283</vAcc></extensions></trkpt>
      <trkpt lon="120.904018" lat="23.474756"><ele>2659.398015</ele><time>2026-09-14T01:47:42Z</time><extensions><speed>0.864639</speed><course>137.554051</course><hAcc>1.604385</hAcc><vAcc>0.690283</vAcc></extensions></trkpt>
      <trkpt lon="120.904024" lat="23.474750"><ele>2659.366206</ele><time>2026-09-14T01:47:43Z</time><extensions><speed>0.923183</speed><course>141.506441</course><hAcc>1.603469</hAcc><vAcc>0.690283</vAcc></extensions></trkpt>
      <trkpt lon="120.904030" lat="23.474744"><ele>2659.346919</ele><time>2026-09-14T01:47:44Z</time><extensions><speed>0.990866</speed><course>146.852729</course><hAcc>1.614836</hAcc><vAcc>0.690283</vAcc></extensions></trkpt>
      <trkpt lon="120.904036" lat="23.474736"><ele>2659.340359</ele><time>2026-09-14T01:47:45Z</time><extensions><speed>1.050472</speed><course>146.000942</course><hAcc>1.613093</hAcc><vAcc>0.690283</vAcc></extensions></trkpt>
      <trkpt lon="120.904042" lat="23.474728"><ele>2659.346893</ele><time>2026-09-14T01:47:46Z</time><extensions><speed>1.059816</speed><course>142.058149</course><hAcc>1.606019</hAcc><vAcc>0.690283</vAcc></extensions></trkpt>
      <trkpt lon="120.904048" lat="23.474721"><ele>2659.366648</ele><time>2026-09-14T01:47:47Z</time><extensions><speed>1.006377</speed><course>137.522282</course><hAcc>1.602059</hAcc><vAcc>0.690283</vAcc></extensions></trkpt>
      <trkpt lon="120.904055" lat="23.474715"><ele>2659.399731</ele><time>2026-09-14T01:47:48Z</time><extensions><speed>0.996740</speed><course>133.608073</course><hAcc>1.607060</hAcc><vAcc>0.690283</vAcc></extensions></trkpt>
      <trkpt lon="120.904063" lat="23.474709"><ele>2659.446568</ele><time>2026-09-14T01:47:49Z</time><extensions><speed>1.053333</speed><course>126.109084</course><hAcc>1.614521</hAcc><vAcc>0.690283</vAcc></extensions></trkpt>
      <trkpt lon="120.904072" lat="23.474703"><ele>2659.507603</ele><time>2026-09-14T01:47:50Z</time><extensions><speed>1.039245</speed><course>123.603309</course><hAcc>1.615115</hAcc><vAcc>0.690283</vAcc></extensions></trkpt>
      <trkpt lon="120.904080" lat="23.474699"><ele>2659.583516</ele><time>2026-09-14T01:47:51Z</time><extensions><speed>1.060758</speed><course>114.437820</course><hAcc>1.599697</hAcc><vAcc>0.690283</vAcc></extensions></trkpt>
      <trkpt lon="120.904090" lat="23.474695"><ele>2659.675011</ele><time>2026-09-14T01:47:52Z</time><extensions><speed>1.080295</speed><course>108.482172</course><hAcc>1.598676</hAcc><vAcc>0.690283</vAcc></extensions></trkpt>
      <trkpt lon="120.904100" lat="23.474692"><ele>2659.782620</ele><time>2026-09-14T01:47:53Z</time><extensions><speed>1.091362</speed><course>107.752897</course><hAcc>1.608406</hAcc><vAcc>0.690283</vAcc></extensions></trkpt>
      <trkpt lon="120.904110" lat="23.474688"><ele>2659.906604</ele><time>2026-09-14T01:47:54Z</time><extensions><speed>1.093578</speed><course>116.442793</course><hAcc>1.624767</hAcc><vAcc>0.690283</vAcc></extensions></trkpt>
      <trkpt lon="120.904119" lat="23.474683"><ele>2660.046812</ele><time>2026-09-14T01:47:55Z</time><extensions><speed>1.095079</speed><course>124.093409</course><hAcc>1.612340</hAcc><vAcc>0.690283</vAcc></extensions></trkpt>
      <trkpt lon="120.904127" lat="23.474677"><ele>2660.202484</ele><time>2026-09-14T01:47:56Z</time><extensions><speed>0.979061</speed><course>130.409268</course><hAcc>1.591207</hAcc><vAcc>0.690283</vAcc></extensions></trkpt>
      <trkpt lon="120.904135" lat="23.474671"><ele>2660.372383</ele><time>2026-09-14T01:47:57Z</time><extensions><speed>1.025078</speed><course>132.997744</course><hAcc>1.586970</hAcc><vAcc>0.690283</vAcc></extensions></trkpt>
      <trkpt lon="120.904141" lat="23.474664"><ele>2660.554965</ele><time>2026-09-14T01:47:58Z</time><extensions><speed>0.988118</speed><course>138.650385</course><hAcc>1.582604</hAcc><vAcc>0.690283</vAcc></extensions></trkpt>
      <trkpt lon="120.904147" lat="23.474657"><ele>2660.748435</ele><time>2026-09-14T01:47:59Z</time><extensions><speed>1.033643</speed><course>148.334939</course><hAcc>1.573784</hAcc><vAcc>0.690283</vAcc></extensions></trkpt>
      <trkpt lon="120.904152" lat="23.474648"><ele>2660.950878</ele><time>2026-09-14T01:48:00Z</time><extensions><speed>1.113007</speed><course>154.040682</course><hAcc>1.562926</hAcc><vAcc>0.690283</vAcc></extensions></trkpt>
      <trkpt lon="120.904156" lat="23.474639"><ele>2661.160349</ele><time>2026-09-14T01:48:01Z</time><extensions><speed>1.104265</speed><course>159.995221</course><hAcc>1.558100</hAcc><vAcc>0.690283</vAcc></extensions></trkpt>
      <trkpt lon="120.904160" lat="23.474630"><ele>2661.374974</ele><time>2026-09-14T01:48:02Z</time><extensions><speed>0.974521</speed><course>160.258470</course><hAcc>1.576986</hAcc><vAcc>0.690283</vAcc></extensions></trkpt>
      <trkpt lon="120.904163" lat="23.474623"><ele>2661.593032</ele><time>2026-09-14T01:48:03Z</time><extensions><speed>0.753265</speed><course>161.162930</course><hAcc>1.615390</hAcc><vAcc>0.690283</vAcc></extensions></trkpt>
      <trkpt lon="120.904165" lat="23.474616"><ele>2661.813131</ele><time>2026-09-14T01:48:04Z</time><extensions><speed>0.876678</speed><course>157.630915</course><hAcc>1.594046</hAcc><vAcc>0.690283</vAcc></extensions></trkpt>
      <trkpt lon="120.904169" lat="23.474609"><ele>2662.034151</ele><time>2026-09-14T01:48:05Z</time><extensions><speed>0.850650</speed><course>150.957568</course><hAcc>1.589369</hAcc><vAcc>0.690283</vAcc></extensions></trkpt>
      <trkpt lon="120.904173" lat="23.474602"><ele>2662.255369</ele><time>2026-09-14T01:48:06Z</time><extensions><speed>0.853902</speed><course>146.540883</course><hAcc>1.607894</hAcc><vAcc>0.690283</vAcc></extensions></trkpt>
      <trkpt lon="120.904178" lat="23.474596"><ele>2662.476541</ele><time>2026-09-14T01:48:07Z</time><extensions><speed>0.882015</speed><course>148.501790</course><hAcc>1.626597</hAcc><vAcc>0.690283</vAcc></extensions></trkpt>
      <trkpt lon="120.904182" lat="23.474589"><ele>2662.697697</ele><time>2026-09-14T01:48:08Z</time><extensions><speed>0.900614</speed><course>153.469655</course><hAcc>1.639971</hAcc><vAcc>0.690283</vAcc></extensions></trkpt>
      <trkpt lon="120.904186" lat="23.474581"><ele>2662.919125</ele><time>2026-09-14T01:48:09Z</time><extensions><speed>0.931108</speed><course>159.129484</course><hAcc>1.654941</hAcc><vAcc>0.690283</vAcc></extensions></trkpt>
      <trkpt lon="120.904189" lat="23.474573"><ele>2663.141305</ele><time>2026-09-14T01:48:10Z</time><extensions><speed>1.009731</speed><course>161.348868</course><hAcc>1.677162</hAcc><vAcc>0.690283</vAcc></extensions></trkpt>
      <trkpt lon="120.904192" lat="23.474564"><ele>2663.364833</ele><time>2026-09-14T01:48:11Z</time><extensions><speed>0.988290</speed><course>163.340862</course><hAcc>1.670604</hAcc><vAcc>0.690283</vAcc></extensions></trkpt>
      <trkpt lon="120.904195" lat="23.474555"><ele>2663.590255</ele><time>2026-09-14T01:48:12Z</time><extensions><speed>0.997269</speed><course>164.718603</course><hAcc>1.642371</hAcc><vAcc>0.690283</vAcc></extensions></trkpt>
      <trkpt lon="120.904198" lat="23.474547"><ele>2663.818243</ele><time>2026-09-14T01:48:13Z</time><extensions><speed>1.012063</speed><course>162.073894</course><hAcc>1.635436</hAcc><vAcc>0.690283</vAcc></extensions></trkpt>
      <trkpt lon="120.904202" lat="23.474537"><ele>2664.049012</ele><time>2026-09-14T01:48:14Z</time><extensions><speed>1.144577</speed><course>157.776301</course><hAcc>1.647218</hAcc><vAcc>0.690283</vAcc></extensions></trkpt>
      <trkpt lon="120.904206" lat="23.474527"><ele>2664.282428</ele><time>2026-09-14T01:48:15Z</time><extensions><speed>1.239807</speed><course>155.723048</course><hAcc>1.648862</hAcc><vAcc>0.690283</vAcc></extensions></trkpt>
      <trkpt lon="120.904212" lat="23.474517"><ele>2664.518051</ele><time>2026-09-14T01:48:16Z</time><extensions><speed>1.219483</speed><course>152.971917</course><hAcc>1.648226</hAcc><vAcc>0.690283</vAcc></extensions></trkpt>
      <trkpt lon="120.904217" lat="23.474508"><ele>2664.754727</ele><time>2026-09-14T01:48:17Z</time><extensions><speed>1.216967</speed><course>147.757565</course><hAcc>1.640111</hAcc><vAcc>0.690283</vAcc></extensions></trkpt>
      <trkpt lon="120.904224" lat="23.474499"><ele>2664.991010</ele><time>2026-09-14T01:48:18Z</time><extensions><speed>1.081823</speed><course>141.074464</course><hAcc>1.623711</hAcc><vAcc>0.690283</vAcc></extensions></trkpt>
      <trkpt lon="120.904230" lat="23.474492"><ele>2665.225139</ele><time>2026-09-14T01:48:19Z</time><extensions><speed>0.980601</speed><course>141.513823</course><hAcc>1.622810</hAcc><vAcc>0.690283</vAcc></extensions></trkpt>
      <trkpt lon="120.904236" lat="23.474485"><ele>2665.455161</ele><time>2026-09-14T01:48:20Z</time><extensions><speed>0.975613</speed><course>140.803628</course><hAcc>1.620586</hAcc><vAcc>0.690283</vAcc></extensions></trkpt>
      <trkpt lon="120.904242" lat="23.474477"><ele>2665.679205</ele><time>2026-09-14T01:48:21Z</time><extensions><speed>1.134622</speed><course>145.417764</course><hAcc>1.609544</hAcc><vAcc>0.690283</vAcc></extensions></trkpt>
      <trkpt lon="120.904249" lat="23.474468"><ele>2665.895488</ele><time>2026-09-14T01:48:22Z</time><extensions><speed>1.311492</speed><course>148.148202</course><hAcc>1.613658</hAcc><vAcc>0.690283</vAcc></extensions></trkpt>
      <trkpt lon="120.904255" lat="23.474458"><ele>2666.102658</ele><time>2026-09-14T01:48:23Z</time><extensions><speed>1.281201</speed><course>152.423057</course><hAcc>1.608303</hAcc><vAcc>0.690283</vAcc></extensions></trkpt>
      <trkpt lon="120.904260" lat="23.474448"><ele>2666.299892</ele><time>2026-09-14T01:48:24Z</time><extensions><speed>1.192441</speed><course>155.211134</course><hAcc>1.602548</hAcc><vAcc>0.690283</vAcc></extensions></trkpt>
      <trkpt lon="120.904265" lat="23.474439"><ele>2666.486852</ele><time>2026-09-14T01:48:25Z</time><extensions><speed>1.056400</speed><course>155.979425</course><hAcc>1.599409</hAcc><vAcc>0.690283</vAcc></extensions></trkpt>
      <trkpt lon="120.904269" lat="23.474430"><ele>2666.663853</ele><time>2026-09-14T01:48:26Z</time><extensions><speed>1.030220</speed><course>157.476655</course><hAcc>1.597890</hAcc><vAcc>0.690283</vAcc></extensions></trkpt>
      <trkpt lon="120.904273" lat="23.474421"><ele>2666.831288</ele><time>2026-09-14T01:48:27Z</time><extensions><speed>1.013998</speed><course>158.365613</course><hAcc>1.600912</hAcc><vAcc>0.690283</vAcc></extensions></trkpt>
      <trkpt lon="120.904277" lat="23.474413"><ele>2666.989793</ele><time>2026-09-14T01:48:28Z</time><extensions><speed>1.043459</speed><course>156.048776</course><hAcc>1.606792</hAcc><vAcc>0.690283</vAcc></extensions></trkpt>
      <trkpt lon="120.904281" lat="23.474405"><ele>2667.140022</ele><time>2026-09-14T01:48:29Z</time><extensions><speed>0.889698</speed><course>154.347366</course><hAcc>1.606870</hAcc><vAcc>0.690283</vAcc></extensions></trkpt>
      <trkpt lon="120.904284" lat="23.474398"><ele>2667.282356</ele><time>2026-09-14T01:48:30Z</time><extensions><speed>0.734676</speed><course>151.236958</course><hAcc>1.594859</hAcc><vAcc>0.690283</vAcc></extensions></trkpt>
      <trkpt lon="120.904288" lat="23.474393"><ele>2667.417154</ele><time>2026-09-14T01:48:31Z</time><extensions><speed>0.585477</speed><course>146.855976</course><hAcc>1.603055</hAcc><vAcc>0.690283</vAcc></extensions></trkpt>
      <trkpt lon="120.904291" lat="23.474389"><ele>2667.544301</ele><time>2026-09-14T01:48:32Z</time><extensions><speed>0.673693</speed><course>141.888200</course><hAcc>1.597289</hAcc><vAcc>0.690284</vAcc></extensions></trkpt>
      <trkpt lon="120.904296" lat="23.474384"><ele>2667.663487</ele><time>2026-09-14T01:48:33Z</time><extensions><speed>0.855431</speed><course>135.862491</course><hAcc>1.607357</hAcc><vAcc>0.690284</vAcc></extensions></trkpt>
      <trkpt lon="120.904304" lat="23.474378"><ele>2667.774316</ele><time>2026-09-14T01:48:34Z</time><extensions><speed>1.145238</speed><course>131.367999</course><hAcc>1.603967</hAcc><vAcc>0.690284</vAcc></extensions></trkpt>
      <trkpt lon="120.904313" lat="23.474371"><ele>2667.875811</ele><time>2026-09-14T01:48:35Z</time><extensions><speed>1.281195</speed><course>129.777370</course><hAcc>1.599199</hAcc><vAcc>0.690285</vAcc></extensions></trkpt>
      <trkpt lon="120.904323" lat="23.474363"><ele>2667.967216</ele><time>2026-09-14T01:48:36Z</time><extensions><speed>1.421455</speed><course>128.375849</course><hAcc>1.593511</hAcc><vAcc>0.690285</vAcc></extensions></trkpt>
      <trkpt lon="120.904334" lat="23.474355"><ele>2668.047541</ele><time>2026-09-14T01:48:37Z</time><extensions><speed>1.385538</speed><course>127.727171</course><hAcc>1.591706</hAcc><vAcc>0.690284</vAcc></extensions></trkpt>
      <trkpt lon="120.904345" lat="23.474348"><ele>2668.115683</ele><time>2026-09-14T01:48:38Z</time><extensions><speed>1.285605</speed><course>124.920732</course><hAcc>1.591447</hAcc><vAcc>0.690284</vAcc></extensions></trkpt>
      <trkpt lon="120.904354" lat="23.474342"><ele>2668.170557</ele><time>2026-09-14T01:48:39Z</time><extensions><speed>1.043664</speed><course>122.735720</course><hAcc>1.594231</hAcc><vAcc>0.690283</vAcc></extensions></trkpt>
      <trkpt lon="120.904363" lat="23.474337"><ele>2668.211118</ele><time>2026-09-14T01:48:40Z</time><extensions><speed>0.971854</speed><course>115.929215</course><hAcc>1.592261</hAcc><vAcc>0.690282</vAcc></extensions></trkpt>
      <trkpt lon="120.904372" lat="23.474334"><ele>2668.236197</ele><time>2026-09-14T01:48:41Z</time><extensions><speed>0.935933</speed><course>112.731193</course><hAcc>1.586062</hAcc><vAcc>0.690281</vAcc></extensions></trkpt>
      <trkpt lon="120.904381" lat="23.474330"><ele>2668.245139</ele><time>2026-09-14T01:48:42Z</time><extensions><speed>1.073870</speed><course>114.048655</course><hAcc>1.593622</hAcc><vAcc>0.690281</vAcc></extensions></trkpt>
      <trkpt lon="120.904391" lat="23.474326"><ele>2668.238019</ele><time>2026-09-14T01:48:43Z</time><extensions><speed>1.176768</speed><course>114.445690</course><hAcc>1.601184</hAcc><vAcc>0.690281</vAcc></extensions></trkpt>
      <trkpt lon="120.904402" lat="23.474322"><ele>2668.215359</ele><time>2026-09-14T01:48:44Z</time><extensions><speed>1.256546</speed><course>112.483582</course><hAcc>1.603369</hAcc><vAcc>0.690282</vAcc></extensions></trkpt>
      <trkpt lon="120.904414" lat="23.474317"><ele>2668.178918</ele><time>2026-09-14T01:48:45Z</time><extensions><speed>1.316267</speed><course>112.758673</course><hAcc>1.601064</hAcc><vAcc>0.690282</vAcc></extensions></trkpt>
      <trkpt lon="120.904426" lat="23.474312"><ele>2668.131249</ele><time>2026-09-14T01:48:46Z</time><extensions><speed>1.323845</speed><course>114.837758</course><hAcc>1.602516</hAcc><vAcc>0.690283</vAcc></extensions></trkpt>
      <trkpt lon="120.904437" lat="23.474307"><ele>2668.075828</ele><time>2026-09-14T01:48:47Z</time><extensions><speed>1.248140</speed><course>118.233589</course><hAcc>1.603089</hAcc><vAcc>0.690283</vAcc></extensions></trkpt>
      <trkpt lon="120.904447" lat="23.474302"><ele>2668.016968</ele><time>2026-09-14T01:48:48Z</time><extensions><speed>1.202803</speed><course>120.263113</course><hAcc>1.599504</hAcc><vAcc>0.690284</vAcc></extensions></trkpt>
      <trkpt lon="120.904458" lat="23.474296"><ele>2667.959184</ele><time>2026-09-14T01:48:49Z</time><extensions><speed>1.218761</speed><course>121.672308</course><hAcc>1.614948</hAcc><vAcc>0.690284</vAcc></extensions></trkpt>
      <trkpt lon="120.904468" lat="23.474291"><ele>2667.906713</ele><time>2026-09-14T01:48:50Z</time><extensions><speed>1.142419</speed><course>120.748493</course><hAcc>1.619542</hAcc><vAcc>0.690284</vAcc></extensions></trkpt>
      <trkpt lon="120.904477" lat="23.474286"><ele>2667.863156</ele><time>2026-09-14T01:48:51Z</time><extensions><speed>1.021862</speed><course>123.323729</course><hAcc>1.611809</hAcc><vAcc>0.690284</vAcc></extensions></trkpt>
      <trkpt lon="120.904484" lat="23.474281"><ele>2667.831005</ele><time>2026-09-14T01:48:52Z</time><extensions><speed>0.883734</speed><course>125.699816</course><hAcc>1.595668</hAcc><vAcc>0.690284</vAcc></extensions></trkpt>
      <trkpt lon="120.904491" lat="23.474276"><ele>2667.811280</ele><time>2026-09-14T01:48:53Z</time><extensions><speed>0.802104</speed><course>127.070699</course><hAcc>1.605473</hAcc><vAcc>0.690284</vAcc></extensions></trkpt>
      <trkpt lon="120.904497" lat="23.474272"><ele>2667.804198</ele><time>2026-09-14T01:48:54Z</time><extensions><speed>0.797111</speed><course>125.815196</course><hAcc>1.634677</hAcc><vAcc>0.690284</vAcc></extensions></trkpt>
      <trkpt lon="120.904504" lat="23.474267"><ele>2667.808580</ele><time>2026-09-14T01:48:55Z</time><extensions><speed>0.937504</speed><course>125.907119</course><hAcc>1.621981</hAcc><vAcc>0.690284</vAcc></extensions></trkpt>
      <trkpt lon="120.904512" lat="23.474262"><ele>2667.822368</ele><time>2026-09-14T01:48:56Z</time><extensions><speed>0.925395</speed><course>128.230020</course><hAcc>1.606906</hAcc><vAcc>0.690284</vAcc></extensions></trkpt>
      <trkpt lon="120.904519" lat="23.474257"><ele>2667.842985</ele><time>2026-09-14T01:48:57Z</time><extensions><speed>0.970759</speed><course>134.416812</course><hAcc>1.630448</hAcc><vAcc>0.690284</vAcc></extensions></trkpt>
      <trkpt lon="120.904526" lat="23.474250"><ele>2667.866674</ele><time>2026-09-14T01:48:58Z</time><extensions><speed>1.075625</speed><course>135.258026</course><hAcc>1.650702</hAcc><vAcc>0.690284</vAcc></extensions></trkpt>
      <trkpt lon="120.904533" lat="23.474243"><ele>2667.889513</ele><time>2026-09-14T01:48:59Z</time><extensions><speed>1.086778</speed><course>134.910672</course><hAcc>1.659250</hAcc><vAcc>0.690284</vAcc></extensions></trkpt>
      <trkpt lon="120.904541" lat="23.474237"><ele>2667.907366</ele><time>2026-09-14T01:49:00Z</time><extensions><speed>0.982348</speed><course>131.241949</course><hAcc>1.652246</hAcc><vAcc>0.690284</vAcc></extensions></trkpt>
      <trkpt lon="120.904548" lat="23.474231"><ele>2667.916136</ele><time>2026-09-14T01:49:01Z</time><extensions><speed>0.970257</speed><course>128.237966</course><hAcc>1.653230</hAcc><vAcc>0.690284</vAcc></extensions></trkpt>
      <trkpt lon="120.904556" lat="23.474226"><ele>2667.912092</ele><time>2026-09-14T01:49:02Z</time><extensions><speed>0.993203</speed><course>123.913073</course><hAcc>1.654025</hAcc><vAcc>0.690283</vAcc></extensions></trkpt>
      <trkpt lon="120.904565" lat="23.474221"><ele>2667.892295</ele><time>2026-09-14T01:49:03Z</time><extensions><speed>1.011587</speed><course>121.665068</course><hAcc>1.645689</hAcc><vAcc>0.690283</vAcc></extensions></trkpt>
      <trkpt lon="120.904573" lat="23.474217"><ele>2667.854574</ele><time>2026-09-14T01:49:04Z</time><extensions><speed>1.002843</speed><course>121.419337</course><hAcc>1.642430</hAcc><vAcc>0.690283</vAcc></extensions></trkpt>
      <trkpt lon="120.904581" lat="23.474212"><ele>2667.797839</ele><time>2026-09-14T01:49:05Z</time><extensions><speed>0.912857</speed><course>122.387756</course><hAcc>1.657271</hAcc><vAcc>0.690283</vAcc></extensions></trkpt>
      <trkpt lon="120.904590" lat="23.474207"><ele>2667.722163</ele><time>2026-09-14T01:49:06Z</time><extensions><speed>1.087736</speed><course>121.957888</course><hAcc>1.642879</hAcc><vAcc>0.690283</vAcc></extensions></trkpt>
      <trkpt lon="120.904599" lat="23.474202"><ele>2667.628602</ele><time>2026-09-14T01:49:07Z</time><extensions><speed>1.238966</speed><course>122.566085</course><hAcc>1.630401</hAcc><vAcc>0.690283</vAcc></extensions></trkpt>
      <trkpt lon="120.904610" lat="23.474196"><ele>2667.519433</ele><time>2026-09-14T01:49:08Z</time><extensions><speed>1.262348</speed><course>122.812119</course><hAcc>1.626396</hAcc><vAcc>0.690283</vAcc></extensions></trkpt>
      <trkpt lon="120.904619" lat="23.474191"><ele>2667.397664</ele><time>2026-09-14T01:49:09Z</time><extensions><speed>1.025829</speed><course>118.111597</course><hAcc>1.624020</hAcc><vAcc>0.690283</vAcc></extensions></trkpt>
      <trkpt lon="120.904628" lat="23.474187"><ele>2667.266735</ele><time>2026-09-14T01:49:10Z</time><extensions><speed>0.858548</speed><course>112.720259</course><hAcc>1.611340</hAcc><vAcc>0.690283</vAcc></extensions></trkpt>
      <trkpt lon="120.904635" lat="23.474185"><ele>2667.130257</ele><time>2026-09-14T01:49:11Z</time><extensions><speed>0.824124</speed><course>107.359988</course><hAcc>1.607590</hAcc><vAcc>0.690283</vAcc></extensions></trkpt>
      <trkpt lon="120.904643" lat="23.474183"><ele>2666.991463</ele><time>2026-09-14T01:49:12Z</time><extensions><speed>0.819097</speed><course>104.537963</course><hAcc>1.618181</hAcc><vAcc>0.690283</vAcc></extensions></trkpt>
      <trkpt lon="120.904651" lat="23.474180"><ele>2666.853199</ele><time>2026-09-14T01:49:13Z</time><extensions><speed>0.924805</speed><course>108.458959</course><hAcc>1.631368</hAcc><vAcc>0.690283</vAcc></extensions></trkpt>
      <trkpt lon="120.904660" lat="23.474178"><ele>2666.717674</ele><time>2026-09-14T01:49:14Z</time><extensions><speed>0.942580</speed><course>108.559258</course><hAcc>1.640814</hAcc><vAcc>0.690283</vAcc></extensions></trkpt>
      <trkpt lon="120.904669" lat="23.474175"><ele>2666.586435</ele><time>2026-09-14T01:49:15Z</time><extensions><speed>1.018758</speed><course>107.337423</course><hAcc>1.644707</hAcc><vAcc>0.690283</vAcc></extensions></trkpt>
      <trkpt lon="120.904679" lat="23.474173"><ele>2666.460779</ele><time>2026-09-14T01:49:16Z</time><extensions><speed>0.980829</speed><course>101.990181</course><hAcc>1.650321</hAcc><vAcc>0.690283</vAcc></extensions></trkpt>
      <trkpt lon="120.904688" lat="23.474172"><ele>2666.341370</ele><time>2026-09-14T01:49:17Z</time><extensions><speed>0.888967</speed><course>91.536639</course><hAcc>1.649277</hAcc><vAcc>0.690283</vAcc></extensions></trkpt>
      <trkpt lon="120.904696" lat="23.474172"><ele>2666.228896</ele><time>2026-09-14T01:49:18Z</time><extensions><speed>0.829607</speed><course>84.932105</course><hAcc>1.659002</hAcc><vAcc>0.690283</vAcc></extensions></trkpt>
      <trkpt lon="120.904705" lat="23.474172"><ele>2666.124048</ele><time>2026-09-14T01:49:19Z</time><extensions><speed>0.961689</speed><course>86.903987</course><hAcc>1.656555</hAcc><vAcc>0.690283</vAcc></extensions></trkpt>
      <trkpt lon="120.904715" lat="23.474172"><ele>2666.027383</ele><time>2026-09-14T01:49:20Z</time><extensions><speed>0.964505</speed><course>95.656581</course><hAcc>1.658472</hAcc><vAcc>0.690283</vAcc></extensions></trkpt>
      <trkpt lon="120.904724" lat="23.474171"><ele>2665.939909</ele><time>2026-09-14T01:49:21Z</time><extensions><speed>0.986319</speed><course>103.595215</course><hAcc>1.653067</hAcc><vAcc>0.690283</vAcc></extensions></trkpt>
      <trkpt lon="120.904733" lat="23.474168"><ele>2665.862608</ele><time>2026-09-14T01:49:22Z</time><extensions><speed>0.888221</speed><course>110.478576</course><hAcc>1.672527</hAcc><vAcc>0.690283</vAcc></extensions></trkpt>
      <trkpt lon="120.904740" lat="23.474165"><ele>2665.796669</ele><time>2026-09-14T01:49:23Z</time><extensions><speed>0.782673</speed><course>117.137407</course><hAcc>1.707267</hAcc><vAcc>0.690283</vAcc></extensions></trkpt>
      <trkpt lon="120.904747" lat="23.474161"><ele>2665.743454</ele><time>2026-09-14T01:49:24Z</time><extensions><speed>0.813657</speed><course>120.983121</course><hAcc>1.670882</hAcc><vAcc>0.690283</vAcc></extensions></trkpt>
      <trkpt lon="120.904754" lat="23.474157"><ele>2665.704027</ele><time>2026-09-14T01:49:25Z</time><extensions><speed>0.841593</speed><course>123.059105</course><hAcc>1.653428</hAcc><vAcc>0.690283</vAcc></extensions></trkpt>
      <trkpt lon="120.904761" lat="23.474153"><ele>2665.679583</ele><time>2026-09-14T01:49:26Z</time><extensions><speed>0.854111</speed><course>124.398766</course><hAcc>1.660326</hAcc><vAcc>0.690283</vAcc></extensions></trkpt>
      <trkpt lon="120.904768" lat="23.474148"><ele>2665.670860</ele><time>2026-09-14T01:49:27Z</time><extensions><speed>0.885780</speed><course>126.400500</course><hAcc>1.668924</hAcc><vAcc>0.690283</vAcc></extensions></trkpt>
      <trkpt lon="120.904775" lat="23.474143"><ele>2665.678236</ele><time>2026-09-14T01:49:28Z</time><extensions><speed>0.968645</speed><course>130.445007</course><hAcc>1.664170</hAcc><vAcc>0.690283</vAcc></extensions></trkpt>
      <trkpt lon="120.904783" lat="23.474136"><ele>2665.701960</ele><time>2026-09-14T01:49:29Z</time><extensions><speed>1.083636</speed><course>136.200801</course><hAcc>1.652420</hAcc><vAcc>0.690283</vAcc></extensions></trkpt>
      <trkpt lon="120.904790" lat="23.474129"><ele>2665.741843</ele><time>2026-09-14T01:49:30Z</time><extensions><speed>1.224983</speed><course>140.855401</course><hAcc>1.644597</hAcc><vAcc>0.690283</vAcc></extensions></trkpt>
      <trkpt lon="120.904798" lat="23.474119"><ele>2665.797731</ele><time>2026-09-14T01:49:31Z</time><extensions><speed>1.369662</speed><course>145.749999</course><hAcc>1.647983</hAcc><vAcc>0.690283</vAcc></extensions></trkpt>
      <trkpt lon="120.904806" lat="23.474108"><ele>2665.869358</ele><time>2026-09-14T01:49:32Z</time><extensions><speed>1.480965</speed><course>150.099860</course><hAcc>1.638236</hAcc><vAcc>0.690284</vAcc></extensions></trkpt>
      <trkpt lon="120.904813" lat="23.474097"><ele>2665.956390</ele><time>2026-09-14T01:49:33Z</time><extensions><speed>1.460576</speed><course>150.603161</course><hAcc>1.628678</hAcc><vAcc>0.690283</vAcc></extensions></trkpt>
      <trkpt lon="120.904820" lat="23.474086"><ele>2666.058550</ele><time>2026-09-14T01:49:34Z</time><extensions><speed>1.376127</speed><course>149.894564</course><hAcc>1.627010</hAcc><vAcc>0.690282</vAcc></extensions></trkpt>
      <trkpt lon="120.904827" lat="23.474075"><ele>2666.175454</ele><time>2026-09-14T01:49:35Z</time><extensions><speed>1.369509</speed><course>146.534236</course><hAcc>1.626149</hAcc><vAcc>0.690282</vAcc></extensions></trkpt>
      <trkpt lon="120.904835" lat="23.474065"><ele>2666.306716</ele><time>2026-09-14T01:49:36Z</time><extensions><speed>1.322625</speed><course>141.327077</course><hAcc>1.621639</hAcc><vAcc>0.690283</vAcc></extensions></trkpt>
      <trkpt lon="120.904843" lat="23.474056"><ele>2666.451882</ele><time>2026-09-14T01:49:37Z</time><extensions><speed>1.261342</speed><course>139.068201</course><hAcc>1.602102</hAcc><vAcc>0.690283</vAcc></extensions></trkpt>
      <trkpt lon="120.904851" lat="23.474048"><ele>2666.610354</ele><time>2026-09-14T01:49:38Z</time><extensions><speed>1.295247</speed><course>138.783089</course><hAcc>1.599490</hAcc><vAcc>0.690283</vAcc></extensions></trkpt>
      <trkpt lon="120.904859" lat="23.474039"><ele>2666.781057</ele><time>2026-09-14T01:49:39Z</time><extensions><speed>1.347453</speed><course>139.046147</course><hAcc>1.616139</hAcc><vAcc>0.690283</vAcc></extensions></trkpt>
      <trkpt lon="120.904868" lat="23.474029"><ele>2666.962753</ele><time>2026-09-14T01:49:40Z</time><extensions><speed>1.390296</speed><course>138.584148</course><hAcc>1.617995</hAcc><vAcc>0.690283</vAcc></extensions></trkpt>
      <trkpt lon="120.904876" lat="23.474020"><ele>2667.153967</ele><time>2026-09-14T01:49:41Z</time><extensions><speed>1.322799</speed><course>139.423250</course><hAcc>1.615841</hAcc><vAcc>0.690283</vAcc></extensions></trkpt>
      <trkpt lon="120.904884" lat="23.474011"><ele>2667.353078</ele><time>2026-09-14T01:49:42Z</time><extensions><speed>1.140450</speed><course>141.031009</course><hAcc>1.614565</hAcc><vAcc>0.690283</vAcc></extensions></trkpt>
      <trkpt lon="120.904891" lat="23.474003"><ele>2667.558460</ele><time>2026-09-14T01:49:43Z</time><extensions><speed>1.102466</speed><course>142.309758</course><hAcc>1.617997</hAcc><vAcc>0.690283</vAcc></extensions></trkpt>
      <trkpt lon="120.904897" lat="23.473995"><ele>2667.768339</ele><time>2026-09-14T01:49:44Z</time><extensions><speed>1.065120</speed><course>146.368642</course><hAcc>1.624788</hAcc><vAcc>0.690283</vAcc></extensions></trkpt>
      <trkpt lon="120.904902" lat="23.473988"><ele>2667.980941</ele><time>2026-09-14T01:49:45Z</time><extensions><speed>0.932109</speed><course>151.489061</course><hAcc>1.629824</hAcc><vAcc>0.690283</vAcc></extensions></trkpt>
      <trkpt lon="120.904906" lat="23.473981"><ele>2668.194396</ele><time>2026-09-14T01:49:46Z</time><extensions><speed>0.755961</speed><course>158.619065</course><hAcc>1.624058</hAcc><vAcc>0.690283</vAcc></extensions></trkpt>
      <trkpt lon="120.904908" lat="23.473975"><ele>2668.406838</ele><time>2026-09-14T01:49:47Z</time><extensions><speed>0.643180</speed><course>160.849181</course><hAcc>1.630617</hAcc><vAcc>0.690283</vAcc></extensions></trkpt>
      <trkpt lon="120.904910" lat="23.473970"><ele>2668.616869</ele><time>2026-09-14T01:49:48Z</time><extensions><speed>0.547506</speed><course>161.871860</course><hAcc>1.637583</hAcc><vAcc>0.690283</vAcc></extensions></trkpt>
      <trkpt lon="120.904912" lat="23.473966"><ele>2668.823264</ele><time>2026-09-14T01:49:49Z</time><extensions><speed>0.533257</speed><course>161.131364</course><hAcc>1.625685</hAcc><vAcc>0.690283</vAcc></extensions></trkpt>
      <trkpt lon="120.904914" lat="23.473961"><ele>2669.025233</ele><time>2026-09-14T01:49:50Z</time><extensions><speed>0.558796</speed><course>154.273691</course><hAcc>1.618615</hAcc><vAcc>0.690283</vAcc></extensions></trkpt>
      <trkpt lon="120.904917" lat="23.473957"><ele>2669.222180</ele><time>2026-09-14T01:49:51Z</time><extensions><speed>0.595902</speed><course>134.588209</course><hAcc>1.614791</hAcc><vAcc>0.690283</vAcc></extensions></trkpt>
      <trkpt lon="120.904922" lat="23.473953"><ele>2669.413438</ele><time>2026-09-14T01:49:52Z</time><extensions><speed>0.684697</speed><course>128.056951</course><hAcc>1.619533</hAcc><vAcc>0.690283</vAcc></extensions></trkpt>
      <trkpt lon="120.904927" lat="23.473949"><ele>2669.598505</ele><time>2026-09-14T01:49:53Z</time><extensions><speed>0.658285</speed><course>128.702858</course><hAcc>1.623624</hAcc><vAcc>0.690283</vAcc></extensions></trkpt>
      <trkpt lon="120.904933" lat="23.473946"><ele>2669.776694</ele><time>2026-09-14T01:49:54Z</time><extensions><speed>0.658955</speed><course>119.221974</course><hAcc>1.606465</hAcc><vAcc>0.690284</vAcc></extensions></trkpt>
      <trkpt lon="120.904938" lat="23.473943"><ele>2669.947350</ele><time>2026-09-14T01:49:55Z</time><extensions><speed>0.662744</speed><course>118.459374</course><hAcc>1.621002</hAcc><vAcc>0.690284</vAcc></extensions></trkpt>
      <trkpt lon="120.904944" lat="23.473940"><ele>2670.109907</ele><time>2026-09-14T01:49:56Z</time><extensions><speed>0.695837</speed><course>112.778367</course><hAcc>1.608339</hAcc><vAcc>0.690284</vAcc></extensions></trkpt>
      <trkpt lon="120.904951" lat="23.473938"><ele>2670.263494</ele><time>2026-09-14T01:49:57Z</time><extensions><speed>0.763253</speed><course>112.112985</course><hAcc>1.615298</hAcc><vAcc>0.690285</vAcc></extensions></trkpt>
      <trkpt lon="120.904958" lat="23.473935"><ele>2670.407438</ele><time>2026-09-14T01:49:58Z</time><extensions><speed>0.757981</speed><course>116.844640</course><hAcc>1.645351</hAcc><vAcc>0.690287</vAcc></extensions></trkpt>
      <trkpt lon="120.904964" lat="23.473932"><ele>2670.541085</ele><time>2026-09-14T01:49:59Z</time><extensions><speed>0.708833</speed><course>121.645818</course><hAcc>1.639953</hAcc><vAcc>0.690283</vAcc></extensions></trkpt>
      <trkpt lon="120.904970" lat="23.473928"><ele>2670.663748</ele><time>2026-09-14T01:50:00Z</time><extensions><speed>0.762691</speed><course>127.038786</course><hAcc>1.629726</hAcc><vAcc>0.690279</vAcc></extensions></trkpt>
      <trkpt lon="120.904976" lat="23.473923"><ele>2670.774969</ele><time>2026-09-14T01:50:01Z</time><extensions><speed>0.819759</speed><course>135.407388</course><hAcc>1.635077</hAcc><vAcc>0.690281</vAcc></extensions></trkpt>
      <trkpt lon="120.904982" lat="23.473917"><ele>2670.874491</ele><time>2026-09-14T01:50:02Z</time><extensions><speed>0.988910</speed><course>138.302481</course><hAcc>1.630600</hAcc><vAcc>0.690281</vAcc></extensions></trkpt>
      <trkpt lon="120.904989" lat="23.473910"><ele>2670.962108</ele><time>2026-09-14T01:50:03Z</time><extensions><speed>1.181795</speed><course>140.612673</course><hAcc>1.635485</hAcc><vAcc>0.690282</vAcc></extensions></trkpt>
      <trkpt lon="120.904996" lat="23.473901"><ele>2671.038001</ele><time>2026-09-14T01:50:04Z</time><extensions><speed>1.284428</speed><course>144.598244</course><hAcc>1.630969</hAcc><vAcc>0.690282</vAcc></extensions></trkpt>
      <trkpt lon="120.905004" lat="23.473891"><ele>2671.102840</ele><time>2026-09-14T01:50:05Z</time><extensions><speed>1.387337</speed><course>147.078650</course><hAcc>1.621980</hAcc><vAcc>0.690282</vAcc></extensions></trkpt>
      <trkpt lon="120.905011" lat="23.473880"><ele>2671.157532</ele><time>2026-09-14T01:50:06Z</time><extensions><speed>1.394498</speed><course>148.758436</course><hAcc>1.615218</hAcc><vAcc>0.690282</vAcc></extensions></trkpt>
      <trkpt lon="120.905017" lat="23.473870"><ele>2671.204074</ele><time>2026-09-14T01:50:07Z</time><extensions><speed>1.336320</speed><course>150.441387</course><hAcc>1.613954</hAcc><vAcc>0.690283</vAcc></extensions></trkpt>
      <trkpt lon="120.905024" lat="23.473860"><ele>2671.244855</ele><time>2026-09-14T01:50:08Z</time><extensions><speed>1.179814</speed><course>150.595298</course><hAcc>1.617546</hAcc><vAcc>0.690283</vAcc></extensions></trkpt>
      <trkpt lon="120.905029" lat="23.473851"><ele>2671.282756</ele><time>2026-09-14T01:50:09Z</time><extensions><speed>1.100021</speed><course>151.792934</course><hAcc>1.622894</hAcc><vAcc>0.690283</vAcc></extensions></trkpt>
      <trkpt lon="120.905034" lat="23.473843"><ele>2671.321140</ele><time>2026-09-14T01:50:10Z</time><extensions><speed>0.958395</speed><course>155.046410</course><hAcc>1.635359</hAcc><vAcc>0.690283</vAcc></extensions></trkpt>
      <trkpt lon="120.905037" lat="23.473835"><ele>2671.363174</ele><time>2026-09-14T01:50:11Z</time><extensions><speed>0.845086</speed><course>160.017988</course><hAcc>1.645320</hAcc><vAcc>0.690283</vAcc></extensions></trkpt>
      <trkpt lon="120.905039" lat="23.473828"><ele>2671.412086</ele><time>2026-09-14T01:50:12Z</time><extensions><speed>0.710471</speed><course>167.273117</course><hAcc>1.641286</hAcc><vAcc>0.690283</vAcc></extensions></trkpt>
      <trkpt lon="120.905040" lat="23.473822"><ele>2671.470747</ele><time>2026-09-14T01:50:13Z</time><extensions><speed>0.680509</speed><course>175.293831</course><hAcc>1.646601</hAcc><vAcc>0.690283</vAcc></extensions></trkpt>
      <trkpt lon="120.905041" lat="23.473816"><ele>2671.541475</ele><time>2026-09-14T01:50:14Z</time><extensions><speed>0.705462</speed><course>178.690275</course><hAcc>1.649192</hAcc><vAcc>0.690283</vAcc></extensions></trkpt>
      <trkpt lon="120.905041" lat="23.473810"><ele>2671.625932</ele><time>2026-09-14T01:50:15Z</time><extensions><speed>0.780480</speed><course>175.180708</course><hAcc>1.638637</hAcc><vAcc>0.690283</vAcc></extensions></trkpt>
      <trkpt lon="120.905042" lat="23.473802"><ele>2671.725202</ele><time>2026-09-14T01:50:16Z</time><extensions><speed>0.861457</speed><course>169.596633</course><hAcc>1.627887</hAcc><vAcc>0.690283</vAcc></extensions></trkpt>
      <trkpt lon="120.905044" lat="23.473794"><ele>2671.839447</ele><time>2026-09-14T01:50:17Z</time><extensions><speed>1.016419</speed><course>164.521277</course><hAcc>1.629988</hAcc><vAcc>0.690283</vAcc></extensions></trkpt>
      <trkpt lon="120.905048" lat="23.473785"><ele>2671.968114</ele><time>2026-09-14T01:50:18Z</time><extensions><speed>1.100536</speed><course>159.212129</course><hAcc>1.625432</hAcc><vAcc>0.690283</vAcc></extensions></trkpt>
      <trkpt lon="120.905052" lat="23.473776"><ele>2672.110080</ele><time>2026-09-14T01:50:19Z</time><extensions><speed>1.045497</speed><course>152.857318</course><hAcc>1.620533</hAcc><vAcc>0.690283</vAcc></extensions></trkpt>
      <trkpt lon="120.905057" lat="23.473769"><ele>2672.263443</ele><time>2026-09-14T01:50:20Z</time><extensions><speed>0.955195</speed><course>150.136224</course><hAcc>1.604308</hAcc><vAcc>0.690283</vAcc></extensions></trkpt>
      <trkpt lon="120.905061" lat="23.473761"><ele>2672.425906</ele><time>2026-09-14T01:50:21Z</time><extensions><speed>0.896973</speed><course>148.872517</course><hAcc>1.599202</hAcc><vAcc>0.690283</vAcc></extensions></trkpt>
      <trkpt lon="120.905066" lat="23.473755"><ele>2672.594699</ele><time>2026-09-14T01:50:22Z</time><extensions><speed>0.833145</speed><course>148.564320</course><hAcc>1.605644</hAcc><vAcc>0.690283</vAcc></extensions></trkpt>
      <trkpt lon="120.905071" lat="23.473748"><ele>2672.766839</ele><time>2026-09-14T01:50:23Z</time><extensions><speed>0.842370</speed><course>144.973013</course><hAcc>1.604365</hAcc><vAcc>0.690283</vAcc></extensions></trkpt>
      <trkpt lon="120.905075" lat="23.473743"><ele>2672.939535</ele><time>2026-09-14T01:50:24Z</time><extensions><speed>0.742601</speed><course>141.481981</course><hAcc>1.597380</hAcc><vAcc>0.690283</vAcc></extensions></trkpt>
      <trkpt lon="120.905080" lat="23.473738"><ele>2673.110177</ele><time>2026-09-14T01:50:25Z</time><extensions><speed>0.751905</speed><course>142.145713</course><hAcc>1.611806</hAcc><vAcc>0.690283</vAcc></extensions></trkpt>
      <trkpt lon="120.905085" lat="23.473732"><ele>2673.276594</ele><time>2026-09-14T01:50:26Z</time><extensions><speed>0.771072</speed><course>142.145491</course><hAcc>1.609025</hAcc><vAcc>0.690283</vAcc></extensions></trkpt>
      <trkpt lon="120.905090" lat="23.473726"><ele>2673.437190</ele><time>2026-09-14T01:50:27Z</time><extensions><speed>0.839268</speed><course>142.434616</course><hAcc>1.625964</hAcc><vAcc>0.690283</vAcc></extensions></trkpt>
      <trkpt lon="120.905095" lat="23.473721"><ele>2673.590940</ele><time>2026-09-14T01:50:28Z</time><extensions><speed>0.824626</speed><course>137.001050</course><hAcc>1.619574</hAcc><vAcc>0.690283</vAcc></extensions></trkpt>
      <trkpt lon="120.905101" lat="23.473716"><ele>2673.737339</ele><time>2026-09-14T01:50:29Z</time><extensions><speed>0.871055</speed><course>127.698338</course><hAcc>1.584792</hAcc><vAcc>0.690283</vAcc></extensions></trkpt>
      <trkpt lon="120.905108" lat="23.473711"><ele>2673.876310</ele><time>2026-09-14T01:50:30Z</time><extensions><speed>0.916398</speed><course>124.263865</course><hAcc>1.571729</hAcc><vAcc>0.690283</vAcc></extensions></trkpt>
      <trkpt lon="120.905116" lat="23.473706"><ele>2674.008077</ele><time>2026-09-14T01:50:31Z</time><extensions><speed>0.973907</speed><course>125.583683</course><hAcc>1.593106</hAcc><vAcc>0.690283</vAcc></extensions></trkpt>
      <trkpt lon="120.905124" lat="23.473701"><ele>2674.133216</ele><time>2026-09-14T01:50:32Z</time><extensions><speed>1.028901</speed><course>126.775639</course><hAcc>1.616472</hAcc><vAcc>0.690283</vAcc></extensions></trkpt>
      <trkpt lon="120.905133" lat="23.473695"><ele>2674.252915</ele><time>2026-09-14T01:50:33Z</time><extensions><speed>1.137076</speed><course>121.898121</course><hAcc>1.586053</hAcc><vAcc>0.690283</vAcc></extensions></trkpt>
      <trkpt lon="120.905143" lat="23.473690"><ele>2674.368446</ele><time>2026-09-14T01:50:34Z</time><extensions><speed>1.214870</speed><course>122.245783</course><hAcc>1.574349</hAcc><vAcc>0.690283</vAcc></extensions></trkpt>
      <trkpt lon="120.905153" lat="23.473684"><ele>2674.481449</ele><time>2026-09-14T01:50:35Z</time><extensions><speed>1.227828</speed><course>123.759483</course><hAcc>1.580986</hAcc><vAcc>0.690283</vAcc></extensions></trkpt>
      <trkpt lon="120.905162" lat="23.473678"><ele>2674.593682</ele><time>2026-09-14T01:50:36Z</time><extensions><speed>1.183245</speed><course>124.754241</course><hAcc>1.590272</hAcc><vAcc>0.690283</vAcc></extensions></trkpt>
      <trkpt lon="120.905171" lat="23.473672"><ele>2674.706887</ele><time>2026-09-14T01:50:37Z</time><extensions><speed>1.117587</speed><course>125.583611</course><hAcc>1.593016</hAcc><vAcc>0.690283</vAcc></extensions></trkpt>
      <trkpt lon="120.905180" lat="23.473667"><ele>2674.822709</ele><time>2026-09-14T01:50:38Z</time><extensions><speed>1.001700</speed><course>124.347780</course><hAcc>1.590059</hAcc><vAcc>0.690284</vAcc></extensions></trkpt>
      <trkpt lon="120.905188" lat="23.473661"><ele>2674.942936</ele><time>2026-09-14T01:50:39Z</time><extensions><speed>1.048042</speed><course>126.081560</course><hAcc>1.608389</hAcc><vAcc>0.690284</vAcc></extensions></trkpt>
      <trkpt lon="120.905196" lat="23.473656"><ele>2675.068943</ele><time>2026-09-14T01:50:40Z</time><extensions><speed>1.022229</speed><course>127.326958</course><hAcc>1.614064</hAcc><vAcc>0.690284</vAcc></extensions></trkpt>
      <trkpt lon="120.905204" lat="23.473651"><ele>2675.201662</ele><time>2026-09-14T01:50:41Z</time><extensions><speed>0.849349</speed><course>122.747580</course><hAcc>1.604915</hAcc><vAcc>0.690285</vAcc></extensions></trkpt>
      <trkpt lon="120.905211" lat="23.473648"><ele>2675.341540</ele><time>2026-09-14T01:50:42Z</time><extensions><speed>0.691509</speed><course>113.104706</course><hAcc>1.583301</hAcc><vAcc>0.690285</vAcc></extensions></trkpt>
      <trkpt lon="120.905216" lat="23.473645"><ele>2675.487574</ele><time>2026-09-14T01:50:43Z</time><extensions><speed>0.595014</speed><course>109.355046</course><hAcc>1.575710</hAcc><vAcc>0.690284</vAcc></extensions></trkpt>
      <trkpt lon="120.905222" lat="23.473643"><ele>2675.638111</ele><time>2026-09-14T01:50:44Z</time><extensions><speed>0.535230</speed><course>115.242997</course><hAcc>1.585877</hAcc><vAcc>0.690284</vAcc></extensions></trkpt>
      <trkpt lon="120.905226" lat="23.473641"><ele>2675.790581</ele><time>2026-09-14T01:50:45Z</time><extensions><speed>0.470024</speed><course>119.817150</course><hAcc>1.582720</hAcc><vAcc>0.690283</vAcc></extensions></trkpt>
      <trkpt lon="120.905230" lat="23.473640"><ele>2675.941706</ele><time>2026-09-14T01:50:46Z</time><extensions><speed>0.434634</speed><course>111.798334</course><hAcc>1.556938</hAcc><vAcc>0.690283</vAcc></extensions></trkpt>
      <trkpt lon="120.905234" lat="23.473638"><ele>2676.088165</ele><time>2026-09-14T01:50:47Z</time><extensions><speed>0.461527</speed><course>104.499689</course><hAcc>1.552686</hAcc><vAcc>0.690283</vAcc></extensions></trkpt>
      <trkpt lon="120.905239" lat="23.473637"><ele>2676.226333</ele><time>2026-09-14T01:50:48Z</time><extensions><speed>0.559700</speed><course>103.173914</course><hAcc>1.579562</hAcc><vAcc>0.690283</vAcc></extensions></trkpt>
      <trkpt lon="120.905245" lat="23.473636"><ele>2676.352891</ele><time>2026-09-14T01:50:49Z</time><extensions><speed>0.703104</speed><course>103.130475</course><hAcc>1.571224</hAcc><vAcc>0.690283</vAcc></extensions></trkpt>
      <trkpt lon="120.905251" lat="23.473634"><ele>2676.465194</ele><time>2026-09-14T01:50:50Z</time><extensions><speed>0.720546</speed><course>108.280301</course><hAcc>1.554507</hAcc><vAcc>0.690283</vAcc></extensions></trkpt>
      <trkpt lon="120.905258" lat="23.473631"><ele>2676.561464</ele><time>2026-09-14T01:50:51Z</time><extensions><speed>0.768760</speed><course>113.464937</course><hAcc>1.570153</hAcc><vAcc>0.690283</vAcc></extensions></trkpt>
      <trkpt lon="120.905265" lat="23.473628"><ele>2676.640633</ele><time>2026-09-14T01:50:52Z</time><extensions><speed>0.766146</speed><course>121.629334</course><hAcc>1.570921</hAcc><vAcc>0.690283</vAcc></extensions></trkpt>
      <trkpt lon="120.905271" lat="23.473624"><ele>2676.702964</ele><time>2026-09-14T01:50:53Z</time><extensions><speed>0.803035</speed><course>124.405615</course><hAcc>1.603970</hAcc><vAcc>0.690283</vAcc></extensions></trkpt>
      <trkpt lon="120.905278" lat="23.473620"><ele>2676.749576</ele><time>2026-09-14T01:50:54Z</time><extensions><speed>0.745960</speed><course>126.875913</course><hAcc>1.626656</hAcc><vAcc>0.690283</vAcc></extensions></trkpt>
      <trkpt lon="120.905283" lat="23.473616"><ele>2676.782348</ele><time>2026-09-14T01:50:55Z</time><extensions><speed>0.657085</speed><course>143.061871</course><hAcc>1.618057</hAcc><vAcc>0.690283</vAcc></extensions></trkpt>
      <trkpt lon="120.905286" lat="23.473610"><ele>2676.803961</ele><time>2026-09-14T01:50:56Z</time><extensions><speed>0.714153</speed><course>154.537962</course><hAcc>1.622281</hAcc><vAcc>0.690282</vAcc></extensions></trkpt>
      <trkpt lon="120.905289" lat="23.473604"><ele>2676.817487</ele><time>2026-09-14T01:50:57Z</time><extensions><speed>0.845743</speed><course>158.630574</course><hAcc>1.641334</hAcc><vAcc>0.690282</vAcc></extensions></trkpt>
      <trkpt lon="120.905293" lat="23.473596"><ele>2676.826463</ele><time>2026-09-14T01:50:58Z</time><extensions><speed>1.000866</speed><course>154.221031</course><hAcc>1.662812</hAcc><vAcc>0.690282</vAcc></extensions></trkpt>
      <trkpt lon="120.905297" lat="23.473588"><ele>2676.834443</ele><time>2026-09-14T01:50:59Z</time><extensions><speed>1.037759</speed><course>149.437183</course><hAcc>1.659458</hAcc><vAcc>0.690282</vAcc></extensions></trkpt>
      <trkpt lon="120.905303" lat="23.473580"><ele>2676.844585</ele><time>2026-09-14T01:51:00Z</time><extensions><speed>1.006272</speed><course>140.922943</course><hAcc>1.663643</hAcc><vAcc>0.690283</vAcc></extensions></trkpt>
      <trkpt lon="120.905310" lat="23.473574"><ele>2676.859745</ele><time>2026-09-14T01:51:01Z</time><extensions><speed>1.034363</speed><course>133.328207</course><hAcc>1.666559</hAcc><vAcc>0.690283</vAcc></extensions></trkpt>
      <trkpt lon="120.905318" lat="23.473567"><ele>2676.882080</ele><time>2026-09-14T01:51:02Z</time><extensions><speed>1.125631</speed><course>131.431641</course><hAcc>1.665121</hAcc><vAcc>0.690283</vAcc></extensions></trkpt>
      <trkpt lon="120.905326" lat="23.473560"><ele>2676.912991</ele><time>2026-09-14T01:51:03Z</time><extensions><speed>1.172456</speed><course>131.280814</course><hAcc>1.672599</hAcc><vAcc>0.690283</vAcc></extensions></trkpt>
      <trkpt lon="120.905334" lat="23.473553"><ele>2676.953239</ele><time>2026-09-14T01:51:04Z</time><extensions><speed>1.086682</speed><course>132.768360</course><hAcc>1.666875</hAcc><vAcc>0.690283</vAcc></extensions></trkpt>
      <trkpt lon="120.905342" lat="23.473547"><ele>2677.003074</ele><time>2026-09-14T01:51:05Z</time><extensions><speed>1.014339</speed><course>132.882144</course><hAcc>1.684774</hAcc><vAcc>0.690283</vAcc></extensions></trkpt>
      <trkpt lon="120.905349" lat="23.473541"><ele>2677.062441</ele><time>2026-09-14T01:51:06Z</time><extensions><speed>1.007599</speed><course>133.635075</course><hAcc>1.684838</hAcc><vAcc>0.690283</vAcc></extensions></trkpt>
      <trkpt lon="120.905356" lat="23.473534"><ele>2677.130892</ele><time>2026-09-14T01:51:07Z</time><extensions><speed>0.958227</speed><course>134.477404</course><hAcc>1.663739</hAcc><vAcc>0.690283</vAcc></extensions></trkpt>
      <trkpt lon="120.905363" lat="23.473528"><ele>2677.207935</ele><time>2026-09-14T01:51:08Z</time><extensions><speed>0.905077</speed><course>135.065266</course><hAcc>1.656936</hAcc><vAcc>0.690283</vAcc></extensions></trkpt>
      <trkpt lon="120.905368" lat="23.473523"><ele>2677.293175</ele><time>2026-09-14T01:51:09Z</time><extensions><speed>0.834783</speed><course>136.744300</course><hAcc>1.669712</hAcc><vAcc>0.690283</vAcc></extensions></trkpt>
      <trkpt lon="120.905373" lat="23.473517"><ele>2677.385970</ele><time>2026-09-14T01:51:10Z</time><extensions><speed>0.787498</speed><course>140.490819</course><hAcc>1.688890</hAcc><vAcc>0.690283</vAcc></extensions></trkpt>
      <trkpt lon="120.905378" lat="23.473511"><ele>2677.485864</ele><time>2026-09-14T01:51:11Z</time><extensions><speed>0.840450</speed><course>144.578621</course><hAcc>1.665127</hAcc><vAcc>0.690283</vAcc></extensions></trkpt>
      <trkpt lon="120.905383" lat="23.473505"><ele>2677.592518</ele><time>2026-09-14T01:51:12Z</time><extensions><speed>1.007003</speed><course>145.986945</course><hAcc>1.646611</hAcc><vAcc>0.690283</vAcc></extensions></trkpt>
      <trkpt lon="120.905389" lat="23.473496"><ele>2677.705861</ele><time>2026-09-14T01:51:13Z</time><extensions><speed>1.176782</speed><course>146.507658</course><hAcc>1.652972</hAcc><vAcc>0.690283</vAcc></extensions></trkpt>
      <trkpt lon="120.905395" lat="23.473487"><ele>2677.826146</ele><time>2026-09-14T01:51:14Z</time><extensions><speed>1.248465</speed><course>147.305053</course><hAcc>1.646100</hAcc><vAcc>0.690283</vAcc></extensions></trkpt>
      <trkpt lon="120.905402" lat="23.473478"><ele>2677.953908</ele><time>2026-09-14T01:51:15Z</time><extensions><speed>1.343581</speed><course>147.901181</course><hAcc>1.634404</hAcc><vAcc>0.690283</vAcc></extensions></trkpt>
      <trkpt lon="120.905408" lat="23.473467"><ele>2678.089717</ele><time>2026-09-14T01:51:16Z</time><extensions><speed>1.303343</speed><course>153.537259</course><hAcc>1.623075</hAcc><vAcc>0.690283</vAcc></extensions></trkpt>
      <trkpt lon="120.905413" lat="23.473457"><ele>2678.233997</ele><time>2026-09-14T01:51:17Z</time><extensions><speed>1.191431</speed><course>161.162691</course><hAcc>1.610884</hAcc><vAcc>0.690283</vAcc></extensions></trkpt>
      <trkpt lon="120.905416" lat="23.473448"><ele>2678.386758</ele><time>2026-09-14T01:51:18Z</time><extensions><speed>1.020993</speed><course>168.609746</course><hAcc>1.604737</hAcc><vAcc>0.690283</vAcc></extensions></trkpt>
      <trkpt lon="120.905417" lat="23.473439"><ele>2678.547376</ele><time>2026-09-14T01:51:19Z</time><extensions><speed>0.894482</speed><course>172.340980</course><hAcc>1.600798</hAcc><vAcc>0.690283</vAcc></extensions></trkpt>
      <trkpt lon="120.905418" lat="23.473432"><ele>2678.714874</ele><time>2026-09-14T01:51:20Z</time><extensions><speed>0.680489</speed><course>174.438252</course><hAcc>1.601939</hAcc><vAcc>0.690283</vAcc></extensions></trkpt>
      <trkpt lon="120.905419" lat="23.473427"><ele>2678.887737</ele><time>2026-09-14T01:51:21Z</time><extensions><speed>0.460143</speed><course>176.341250</course><hAcc>1.592628</hAcc><vAcc>0.690283</vAcc></extensions></trkpt>
      <trkpt lon="120.905419" lat="23.473423"><ele>2679.064211</ele><time>2026-09-14T01:51:22Z</time><extensions><speed>0.306300</speed><course>181.306645</course><hAcc>1.575383</hAcc><vAcc>0.690283</vAcc></extensions></trkpt>
      <trkpt lon="120.905419" lat="23.473421"><ele>2679.242611</ele><time>2026-09-14T01:51:23Z</time><extensions><speed>0.176548</speed><course>168.815660</course><hAcc>1.588678</hAcc><vAcc>0.690283</vAcc></extensions></trkpt>
      <trkpt lon="120.905420" lat="23.473420"><ele>2679.421025</ele><time>2026-09-14T01:51:24Z</time><extensions><speed>0.228432</speed><course>110.312069</course><hAcc>1.621999</hAcc><vAcc>0.690283</vAcc></extensions></trkpt>
      <trkpt lon="120.905423" lat="23.473419"><ele>2679.597730</ele><time>2026-09-14T01:51:25Z</time><extensions><speed>0.454379</speed><course>96.173356</course><hAcc>1.604918</hAcc><vAcc>0.690283</vAcc></extensions></trkpt>
      <trkpt lon="120.905428" lat="23.473419"><ele>2679.771101</ele><time>2026-09-14T01:51:26Z</time><extensions><speed>0.621017</speed><course>96.837591</course><hAcc>1.627396</hAcc><vAcc>0.690283</vAcc></extensions></trkpt>
      <trkpt lon="120.905434" lat="23.473418"><ele>2679.939620</ele><time>2026-09-14T01:51:27Z</time><extensions><speed>0.518501</speed><course>103.548907</course><hAcc>1.662587</hAcc><vAcc>0.690283</vAcc></extensions></trkpt>
      <trkpt lon="120.905438" lat="23.473416"><ele>2680.101985</ele><time>2026-09-14T01:51:28Z</time><extensions><speed>0.345537</speed><course>123.592139</course><hAcc>1.665748</hAcc><vAcc>0.690283</vAcc></extensions></trkpt>
      <trkpt lon="120.905440" lat="23.473414"><ele>2680.257069</ele><time>2026-09-14T01:51:29Z</time><extensions><speed>0.333117</speed><course>161.616734</course><hAcc>1.674629</hAcc><vAcc>0.690283</vAcc></extensions></trkpt>
      <trkpt lon="120.905440" lat="23.473411"><ele>2680.404054</ele><time>2026-09-14T01:51:30Z</time><extensions><speed>0.406759</speed><course>182.458741</course><hAcc>1.707169</hAcc><vAcc>0.690283</vAcc></extensions></trkpt>
      <trkpt lon="120.905440" lat="23.473407"><ele>2680.542432</ele><time>2026-09-14T01:51:31Z</time><extensions><speed>0.430090</speed><course>186.653840</course><hAcc>1.740740</hAcc><vAcc>0.690283</vAcc></extensions></trkpt>
      <trkpt lon="120.905439" lat="23.473404"><ele>2680.671974</ele><time>2026-09-14T01:51:32Z</time><extensions><speed>0.383482</speed><course>187.045520</course><hAcc>1.763017</hAcc><vAcc>0.690283</vAcc></extensions></trkpt>
      <trkpt lon="120.905439" lat="23.473400"><ele>2680.792926</ele><time>2026-09-14T01:51:33Z</time><extensions><speed>0.291210</speed><course>182.895114</course><hAcc>1.776036</hAcc><vAcc>0.690283</vAcc></extensions></trkpt>
      <trkpt lon="120.905439" lat="23.473398"><ele>2680.905692</ele><time>2026-09-14T01:51:34Z</time><extensions><speed>0.186471</speed><course>168.271120</course><hAcc>1.783061</hAcc><vAcc>0.690283</vAcc></extensions></trkpt>
      <trkpt lon="120.905440" lat="23.473397"><ele>2681.010922</ele><time>2026-09-14T01:51:35Z</time><extensions><speed>0.140243</speed><course>124.923688</course><hAcc>1.784709</hAcc><vAcc>0.690283</vAcc></extensions></trkpt>
      <trkpt lon="120.905442" lat="23.473397"><ele>2681.109323</ele><time>2026-09-14T01:51:36Z</time><extensions><speed>0.216545</speed><course>96.386175</course><hAcc>1.780363</hAcc><vAcc>0.690283</vAcc></extensions></trkpt>
      <trkpt lon="120.905444" lat="23.473397"><ele>2681.201367</ele><time>2026-09-14T01:51:37Z</time><extensions><speed>0.244151</speed><course>90.664722</course><hAcc>1.776766</hAcc><vAcc>0.690283</vAcc></extensions></trkpt>
      <trkpt lon="120.905446" lat="23.473397"><ele>2681.287512</ele><time>2026-09-14T01:51:38Z</time><extensions><speed>0.250706</speed><course>88.361064</course><hAcc>1.770451</hAcc><vAcc>0.690283</vAcc></extensions></trkpt>
      <trkpt lon="120.905449" lat="23.473397"><ele>2681.367727</ele><time>2026-09-14T01:51:39Z</time><extensions><speed>0.251700</speed><course>85.795392</course><hAcc>1.758450</hAcc><vAcc>0.690283</vAcc></extensions></trkpt>
      <trkpt lon="120.905451" lat="23.473397"><ele>2681.441726</ele><time>2026-09-14T01:51:40Z</time><extensions><speed>0.226827</speed><course>78.696667</course><hAcc>1.750351</hAcc><vAcc>0.690283</vAcc></extensions></trkpt>
      <trkpt lon="120.905453" lat="23.473398"><ele>2681.509110</ele><time>2026-09-14T01:51:41Z</time><extensions><speed>0.166298</speed><course>63.037301</course><hAcc>1.756824</hAcc><vAcc>0.690283</vAcc></extensions></trkpt>
      <trkpt lon="120.905454" lat="23.473398"><ele>2681.569166</ele><time>2026-09-14T01:51:42Z</time><extensions><speed>0.179799</speed><course>54.086967</course><hAcc>1.759386</hAcc><vAcc>0.690283</vAcc></extensions></trkpt>
      <trkpt lon="120.905456" lat="23.473400"><ele>2681.620762</ele><time>2026-09-14T01:51:43Z</time><extensions><speed>0.223485</speed><course>52.445437</course><hAcc>1.765222</hAcc><vAcc>0.690283</vAcc></extensions></trkpt>
      <trkpt lon="120.905458" lat="23.473401"><ele>2681.663526</ele><time>2026-09-14T01:51:44Z</time><extensions><speed>0.302850</speed><course>53.417933</course><hAcc>1.758500</hAcc><vAcc>0.690283</vAcc></extensions></trkpt>
      <trkpt lon="120.905460" lat="23.473403"><ele>2681.697787</ele><time>2026-09-14T01:51:45Z</time><extensions><speed>0.348349</speed><course>55.481779</course><hAcc>1.755503</hAcc><vAcc>0.690283</vAcc></extensions></trkpt>
      <trkpt lon="120.905463" lat="23.473404"><ele>2681.724569</ele><time>2026-09-14T01:51:46Z</time><extensions><speed>0.319877</speed><course>56.229074</course><hAcc>1.768643</hAcc><vAcc>0.690283</vAcc></extensions></trkpt>
      <trkpt lon="120.905466" lat="23.473406"><ele>2681.744160</ele><time>2026-09-14T01:51:47Z</time><extensions><speed>0.299370</speed><course>57.512094</course><hAcc>1.783343</hAcc><vAcc>0.690283</vAcc></extensions></trkpt>
      <trkpt lon="120.905468" lat="23.473407"><ele>2681.757511</ele><time>2026-09-14T01:51:48Z</time><extensions><speed>0.287745</speed><course>56.696648</course><hAcc>1.788684</hAcc><vAcc>0.690283</vAcc></extensions></trkpt>
      <trkpt lon="120.905470" lat="23.473408"><ele>2681.766137</ele><time>2026-09-14T01:51:49Z</time><extensions><speed>0.214403</speed><course>63.903234</course><hAcc>1.783760</hAcc><vAcc>0.690283</vAcc></extensions></trkpt>
      <trkpt lon="120.905472" lat="23.473409"><ele>2681.771866</ele><time>2026-09-14T01:51:50Z</time><extensions><speed>0.116898</speed><course>89.157279</course><hAcc>1.786992</hAcc><vAcc>0.690283</vAcc></extensions></trkpt>
      <trkpt lon="120.905473" lat="23.473408"><ele>2681.777753</ele><time>2026-09-14T01:51:51Z</time><extensions><speed>0.091821</speed><course>143.158063</course><hAcc>1.807680</hAcc><vAcc>0.690296</vAcc></extensions></trkpt>
      <trkpt lon="120.905473" lat="23.473408"><ele>2681.782915</ele><time>2026-09-14T01:51:52Z</time><extensions><speed>0.105425</speed><course>146.619840</course><hAcc>1.852372</hAcc><vAcc>0.690297</vAcc></extensions></trkpt>
      <trkpt lon="120.905474" lat="23.473407"><ele>2681.788396</ele><time>2026-09-14T01:51:53Z</time><extensions><speed>0.096405</speed><course>149.019778</course><hAcc>1.905732</hAcc><vAcc>0.690333</vAcc></extensions></trkpt>
      <trkpt lon="120.905475" lat="23.473406"><ele>2681.795317</ele><time>2026-09-14T01:51:54Z</time><extensions><speed>0.169232</speed><course>106.753946</course><hAcc>1.827823</hAcc><vAcc>0.690498</vAcc></extensions></trkpt>
      <trkpt lon="120.905477" lat="23.473406"><ele>2681.798187</ele><time>2026-09-14T01:51:55Z</time><extensions><speed>0.282440</speed><course>91.018724</course><hAcc>1.756885</hAcc><vAcc>0.690905</vAcc></extensions></trkpt>
      <trkpt lon="120.905480" lat="23.473406"><ele>2681.797003</ele><time>2026-09-14T01:51:56Z</time><extensions><speed>0.352197</speed><course>86.929532</course><hAcc>1.734346</hAcc><vAcc>0.691880</vAcc></extensions></trkpt>
      <trkpt lon="120.905483" lat="23.473406"><ele>2681.790223</ele><time>2026-09-14T01:51:57Z</time><extensions><speed>0.191634</speed><course>108.237756</course><hAcc>1.742321</hAcc><vAcc>0.693921</vAcc></extensions></trkpt>
      <trkpt lon="120.905484" lat="23.473405"><ele>2681.784983</ele><time>2026-09-14T01:51:58Z</time><extensions><speed>0.166168</speed><course>129.228983</course><hAcc>1.732139</hAcc><vAcc>0.697657</vAcc></extensions></trkpt>
      <trkpt lon="120.905486" lat="23.473404"><ele>2681.776847</ele><time>2026-09-14T01:51:59Z</time><extensions><speed>0.122276</speed><course>135.451167</course><hAcc>1.745831</hAcc><vAcc>0.703721</vAcc></extensions></trkpt>
      <trkpt lon="120.905486" lat="23.473404"><ele>2681.765488</ele><time>2026-09-14T01:52:00Z</time><extensions><speed>0.109064</speed><course>121.995650</course><hAcc>1.728487</hAcc><vAcc>0.712706</vAcc></extensions></trkpt>
      <trkpt lon="120.905488" lat="23.473404"><ele>2681.752203</ele><time>2026-09-14T01:52:01Z</time><extensions><speed>0.108514</speed><course>88.225099</course><hAcc>1.719729</hAcc><vAcc>0.724559</vAcc></extensions></trkpt>
      <trkpt lon="120.905489" lat="23.473404"><ele>2681.738014</ele><time>2026-09-14T01:52:02Z</time><extensions><speed>0.160518</speed><course>59.532696</course><hAcc>1.706838</hAcc><vAcc>0.738662</vAcc></extensions></trkpt>
      <trkpt lon="120.905491" lat="23.473405"><ele>2681.719102</ele><time>2026-09-14T01:52:03Z</time><extensions><speed>0.248119</speed><course>46.945132</course><hAcc>1.663537</hAcc><vAcc>0.754671</vAcc></extensions></trkpt>
      <trkpt lon="120.905493" lat="23.473408"><ele>2681.694294</ele><time>2026-09-14T01:52:04Z</time><extensions><speed>0.343487</speed><course>41.900797</course><hAcc>1.570659</hAcc><vAcc>0.772063</vAcc></extensions></trkpt>
      <trkpt lon="120.905495" lat="23.473410"><ele>2681.655162</ele><time>2026-09-14T01:52:05Z</time><extensions><speed>0.399792</speed><course>39.844707</course><hAcc>1.438781</hAcc><vAcc>0.789926</vAcc></extensions></trkpt>
      <trkpt lon="120.905498" lat="23.473413"><ele>2681.596736</ele><time>2026-09-14T01:52:06Z</time><extensions><speed>0.324474</speed><course>39.027456</course><hAcc>1.349571</hAcc><vAcc>0.807043</vAcc></extensions></trkpt>
      <trkpt lon="120.905499" lat="23.473414"><ele>2681.532506</ele><time>2026-09-14T01:52:06Z</time><extensions><speed>0.042628</speed><course>39.799569</course><hAcc>1.356622</hAcc><vAcc>0.823034</vAcc></extensions></trkpt>
      <trkpt lon="120.905499" lat="23.473414"><ele>2681.564939</ele><time>2026-09-14T01:52:07Z</time><extensions><speed>0.040767</speed><course>40.101805</course><hAcc>1.334642</hAcc><vAcc>0.824206</vAcc></extensions></trkpt>
      <trkpt lon="120.905499" lat="23.473415"><ele>2681.492645</ele><time>2026-09-14T01:52:08Z</time><extensions><speed>0.038132</speed><course>43.148972</course><hAcc>1.302092</hAcc><vAcc>0.850632</vAcc></extensions></trkpt>
      <trkpt lon="120.905500" lat="23.473415"><ele>2681.442865</ele><time>2026-09-14T01:52:09Z</time><extensions><speed>0.032538</speed><course>43.651591</course><hAcc>1.275685</hAcc><vAcc>0.877243</vAcc></extensions></trkpt>
      <trkpt lon="120.905500" lat="23.473415"><ele>2681.411083</ele><time>2026-09-14T01:52:10Z</time><extensions><speed>0.028565</speed><course>43.548045</course><hAcc>1.253476</hAcc><vAcc>0.904520</vAcc></extensions></trkpt>
      <trkpt lon="120.905499" lat="23.473414"><ele>2681.391953</ele><time>2026-09-14T01:52:11Z</time><extensions><speed>0.030067</speed><course>49.037673</course><hAcc>1.215740</hAcc><vAcc>0.931515</vAcc></extensions></trkpt>
      <trkpt lon="120.905499" lat="23.473414"><ele>2681.377007</ele><time>2026-09-14T01:52:12Z</time><extensions><speed>0.009716</speed><course>80.980581</course><hAcc>1.192566</hAcc><vAcc>0.957564</vAcc></extensions></trkpt>
      <trkpt lon="120.905498" lat="23.473413"><ele>2681.366766</ele><time>2026-09-14T01:52:13Z</time><extensions><speed>0.011859</speed><course>203.390829</course><hAcc>1.198307</hAcc><vAcc>0.982012</vAcc></extensions></trkpt>
      <trkpt lon="120.905498" lat="23.473413"><ele>2681.354974</ele><time>2026-09-14T01:52:14Z</time><extensions><speed>0.025789</speed><course>214.886551</course><hAcc>1.192980</hAcc><vAcc>1.004759</vAcc></extensions></trkpt>
      <trkpt lon="120.905497" lat="23.473412"><ele>2681.344335</ele><time>2026-09-14T01:52:15Z</time><extensions><speed>0.029178</speed><course>217.629271</course><hAcc>1.197128</hAcc><vAcc>1.025744</vAcc></extensions></trkpt>
      <trkpt lon="120.905497" lat="23.473412"><ele>2681.334549</ele><time>2026-09-14T01:52:16Z</time><extensions><speed>0.037678</speed><course>218.862180</course><hAcc>1.200507</hAcc><vAcc>1.045252</vAcc></extensions></trkpt>
      <trkpt lon="120.905497" lat="23.473412"><ele>2681.320343</ele><time>2026-09-14T01:52:17Z</time><extensions><speed>0.046391</speed><course>219.158197</course><hAcc>1.209495</hAcc><vAcc>1.063820</vAcc></extensions></trkpt>
      <trkpt lon="120.905497" lat="23.473411"><ele>2681.306313</ele><time>2026-09-14T01:52:18Z</time><extensions><speed>0.054765</speed><course>219.020564</course><hAcc>1.224664</hAcc><vAcc>1.081445</vAcc></extensions></trkpt>
      <trkpt lon="120.905496" lat="23.473411"><ele>2681.287595</ele><time>2026-09-14T01:52:19Z</time><extensions><speed>0.066763</speed><course>218.318577</course><hAcc>1.244879</hAcc><vAcc>1.098400</vAcc></extensions></trkpt>
      <trkpt lon="120.905496" lat="23.473410"><ele>2681.269189</ele><time>2026-09-14T01:52:20Z</time><extensions><speed>0.134667</speed><course>217.513110</course><hAcc>1.260338</hAcc><vAcc>1.114584</vAcc></extensions></trkpt>
      <trkpt lon="120.905494" lat="23.473408"><ele>2681.251629</ele><time>2026-09-14T01:52:21Z</time><extensions><speed>0.469024</speed><course>217.527512</course><hAcc>1.261770</hAcc><vAcc>1.130115</vAcc></extensions></trkpt>
      <trkpt lon="120.905491" lat="23.473405"><ele>2681.229635</ele><time>2026-09-14T01:52:22Z</time><extensions><speed>0.436221</speed><course>217.674024</course><hAcc>1.370951</hAcc><vAcc>1.145386</vAcc></extensions></trkpt>
      <trkpt lon="120.905489" lat="23.473402"><ele>2681.208726</ele><time>2026-09-14T01:52:23Z</time><extensions><speed>0.373614</speed><course>216.659999</course><hAcc>1.487230</hAcc><vAcc>1.160193</vAcc></extensions></trkpt>
      <trkpt lon="120.905487" lat="23.473400"><ele>2681.189369</ele><time>2026-09-14T01:52:24Z</time><extensions><speed>0.153446</speed><course>210.122149</course><hAcc>1.604520</hAcc><vAcc>1.174455</vAcc></extensions></trkpt>
      <trkpt lon="120.905487" lat="23.473399"><ele>2681.165874</ele><time>2026-09-14T01:52:25Z</time><extensions><speed>0.128448</speed><course>187.499018</course><hAcc>1.607554</hAcc><vAcc>1.188439</vAcc></extensions></trkpt>
      <trkpt lon="120.905487" lat="23.473397"><ele>2681.143996</ele><time>2026-09-14T01:52:26Z</time><extensions><speed>0.108470</speed><course>149.512775</course><hAcc>1.627297</hAcc><vAcc>1.201950</vAcc></extensions></trkpt>
      <trkpt lon="120.905488" lat="23.473397"><ele>2681.118110</ele><time>2026-09-14T01:52:27Z</time><extensions><speed>0.140953</speed><course>121.426630</course><hAcc>1.641580</hAcc><vAcc>1.215344</vAcc></extensions></trkpt>
      <trkpt lon="120.905489" lat="23.473396"><ele>2681.094000</ele><time>2026-09-14T01:52:28Z</time><extensions><speed>0.153971</speed><course>111.790489</course><hAcc>1.663334</hAcc><vAcc>1.228331</vAcc></extensions></trkpt>
      <trkpt lon="120.905490" lat="23.473396"><ele>2681.071977</ele><time>2026-09-14T01:52:29Z</time><extensions><speed>0.132079</speed><course>113.596974</course><hAcc>1.693449</hAcc><vAcc>1.240817</vAcc></extensions></trkpt>
      <trkpt lon="120.905491" lat="23.473395"><ele>2681.046027</ele><time>2026-09-14T01:52:30Z</time><extensions><speed>0.066679</speed><course>143.639344</course><hAcc>1.734732</hAcc><vAcc>1.253103</vAcc></extensions></trkpt>
      <trkpt lon="120.905491" lat="23.473394"><ele>2681.022102</ele><time>2026-09-14T01:52:31Z</time><extensions><speed>0.109058</speed><course>202.297781</course><hAcc>1.700760</hAcc><vAcc>1.264946</vAcc></extensions></trkpt>
      <trkpt lon="120.905490" lat="23.473393"><ele>2680.994306</ele><time>2026-09-14T01:52:32Z</time><extensions><speed>0.185038</speed><course>225.565657</course><hAcc>1.683544</hAcc><vAcc>1.276760</vAcc></extensions></trkpt>
      <trkpt lon="120.905488" lat="23.473392"><ele>2680.968580</ele><time>2026-09-14T01:52:33Z</time><extensions><speed>0.249576</speed><course>236.075575</course><hAcc>1.697786</hAcc><vAcc>1.288290</vAcc></extensions></trkpt>
      <trkpt lon="120.905486" lat="23.473391"><ele>2680.945130</ele><time>2026-09-14T01:52:34Z</time><extensions><speed>0.264872</speed><course>241.967041</course><hAcc>1.729255</hAcc><vAcc>1.299566</vAcc></extensions></trkpt>
      <trkpt lon="120.905484" lat="23.473390"><ele>2680.917761</ele><time>2026-09-14T01:52:35Z</time><extensions><speed>0.337550</speed><course>244.872622</course><hAcc>1.721138</hAcc><vAcc>1.310994</vAcc></extensions></trkpt>
      <trkpt lon="120.905480" lat="23.473388"><ele>2680.892680</ele><time>2026-09-14T01:52:36Z</time><extensions><speed>0.376224</speed><course>245.621064</course><hAcc>1.705592</hAcc><vAcc>1.322212</vAcc></extensions></trkpt>
      <trkpt lon="120.905477" lat="23.473387"><ele>2680.863792</ele><time>2026-09-14T01:52:37Z</time><extensions><speed>0.367857</speed><course>244.013692</course><hAcc>1.698692</hAcc><vAcc>1.333543</vAcc></extensions></trkpt>
      <trkpt lon="120.905474" lat="23.473386"><ele>2680.837257</ele><time>2026-09-14T01:52:38Z</time><extensions><speed>0.288197</speed><course>240.460953</course><hAcc>1.707155</hAcc><vAcc>1.344611</vAcc></extensions></trkpt>
      <trkpt lon="120.905472" lat="23.473384"><ele>2680.813203</ele><time>2026-09-14T01:52:39Z</time><extensions><speed>0.217868</speed><course>234.218023</course><hAcc>1.702943</hAcc><vAcc>1.355394</vAcc></extensions></trkpt>
      <trkpt lon="120.905471" lat="23.473383"><ele>2680.785272</ele><time>2026-09-14T01:52:40Z</time><extensions><speed>0.151593</speed><course>224.488357</course><hAcc>1.693949</hAcc><vAcc>1.366305</vAcc></extensions></trkpt>
      <trkpt lon="120.905470" lat="23.473382"><ele>2680.759791</ele><time>2026-09-14T01:52:41Z</time><extensions><speed>0.096233</speed><course>213.349941</course><hAcc>1.679889</hAcc><vAcc>1.376953</vAcc></extensions></trkpt>
      <trkpt lon="120.905470" lat="23.473382"><ele>2680.730543</ele><time>2026-09-14T01:52:42Z</time><extensions><speed>0.053297</speed><course>194.679639</course><hAcc>1.671310</hAcc><vAcc>1.387700</vAcc></extensions></trkpt>
      <trkpt lon="120.905470" lat="23.473381"><ele>2680.703772</ele><time>2026-09-14T01:52:43Z</time><extensions><speed>0.027836</speed><course>142.003909</course><hAcc>1.685930</hAcc><vAcc>1.398158</vAcc></extensions></trkpt>
      <trkpt lon="120.905470" lat="23.473381"><ele>2680.679555</ele><time>2026-09-14T01:52:44Z</time><extensions><speed>0.049492</speed><course>98.537682</course><hAcc>1.648046</hAcc><vAcc>1.408312</vAcc></extensions></trkpt>
      <trkpt lon="120.905471" lat="23.473381"><ele>2680.657895</ele><time>2026-09-14T01:52:45Z</time><extensions><speed>0.073896</speed><course>85.235998</course><hAcc>1.603505</hAcc><vAcc>1.418147</vAcc></extensions></trkpt>
      <trkpt lon="120.905472" lat="23.473382"><ele>2680.638759</ele><time>2026-09-14T01:52:46Z</time><extensions><speed>0.072332</speed><course>79.596795</course><hAcc>1.603906</hAcc><vAcc>1.427603</vAcc></extensions></trkpt>
      <trkpt lon="120.905472" lat="23.473382"><ele>2680.622078</ele><time>2026-09-14T01:52:47Z</time><extensions><speed>0.059142</speed><course>76.607592</course><hAcc>1.632584</hAcc><vAcc>1.436607</vAcc></extensions></trkpt>
      <trkpt lon="120.905473" lat="23.473382"><ele>2680.600947</ele><time>2026-09-14T01:52:48Z</time><extensions><speed>0.043780</speed><course>74.711651</course><hAcc>1.662705</hAcc><vAcc>1.445578</vAcc></extensions></trkpt>
      <trkpt lon="120.905474" lat="23.473382"><ele>2680.582122</ele><time>2026-09-14T01:52:49Z</time><extensions><speed>0.093544</speed><course>71.741137</course><hAcc>1.613718</hAcc><vAcc>1.454077</vAcc></extensions></trkpt>
      <trkpt lon="120.905474" lat="23.473382"><ele>2680.558887</ele><time>2026-09-14T01:52:50Z</time><extensions><speed>0.111559</speed><course>66.127141</course><hAcc>1.613966</hAcc><vAcc>1.462548</vAcc></extensions></trkpt>
      <trkpt lon="120.905475" lat="23.473383"><ele>2680.537890</ele><time>2026-09-14T01:52:51Z</time><extensions><speed>0.104783</speed><course>57.560158</course><hAcc>1.650261</hAcc><vAcc>1.470531</vAcc></extensions></trkpt>
      <trkpt lon="120.905476" lat="23.473383"><ele>2680.519109</ele><time>2026-09-14T01:52:52Z</time><extensions><speed>0.128895</speed><course>46.630191</course><hAcc>1.652125</hAcc><vAcc>1.477966</vAcc></extensions></trkpt>
      <trkpt lon="120.905477" lat="23.473384"><ele>2680.495914</ele><time>2026-09-14T01:52:53Z</time><extensions><speed>0.148849</speed><course>36.628929</course><hAcc>1.652992</hAcc><vAcc>1.485309</vAcc></extensions></trkpt>
      <trkpt lon="120.905478" lat="23.473386"><ele>2680.474764</ele><time>2026-09-14T01:52:54Z</time><extensions><speed>0.153268</speed><course>31.068680</course><hAcc>1.659768</hAcc><vAcc>1.492213</vAcc></extensions></trkpt>
      <trkpt lon="120.905479" lat="23.473387"><ele>2680.449168</ele><time>2026-09-14T01:52:55Z</time><extensions><speed>0.140597</speed><course>30.130131</course><hAcc>1.664255</hAcc><vAcc>1.499270</vAcc></extensions></trkpt>
      <trkpt lon="120.905479" lat="23.473388"><ele>2680.425518</ele><time>2026-09-14T01:52:56Z</time><extensions><speed>0.093265</speed><course>27.038092</course><hAcc>1.675383</hAcc><vAcc>1.506219</vAcc></extensions></trkpt>
      <trkpt lon="120.905479" lat="23.473388"><ele>2680.403841</ele><time>2026-09-14T01:52:57Z</time><extensions><speed>0.048040</speed><course>6.253944</course><hAcc>1.683535</hAcc><vAcc>1.513161</vAcc></extensions></trkpt>
      <trkpt lon="120.905479" lat="23.473388"><ele>2680.377716</ele><time>2026-09-14T01:52:58Z</time><extensions><speed>0.040168</speed><course>290.704903</course><hAcc>1.700157</hAcc><vAcc>1.520614</vAcc></extensions></trkpt>
      <trkpt lon="120.905478" lat="23.473388"><ele>2680.353715</ele><time>2026-09-14T01:52:59Z</time><extensions><speed>0.098166</speed><course>262.121506</course><hAcc>1.667184</hAcc><vAcc>1.528127</vAcc></extensions></trkpt>
      <trkpt lon="120.905477" lat="23.473388"><ele>2680.325575</ele><time>2026-09-14T01:53:00Z</time><extensions><speed>0.136036</speed><course>251.867490</course><hAcc>1.642501</hAcc><vAcc>1.536107</vAcc></extensions></trkpt>
      <trkpt lon="120.905476" lat="23.473388"><ele>2680.299749</ele><time>2026-09-14T01:53:01Z</time><extensions><speed>0.145642</speed><course>248.226974</course><hAcc>1.621350</hAcc><vAcc>1.544068</vAcc></extensions></trkpt>
      <trkpt lon="120.905475" lat="23.473387"><ele>2680.276289</ele><time>2026-09-14T01:53:02Z</time><extensions><speed>0.137169</speed><course>247.886526</course><hAcc>1.602401</hAcc><vAcc>1.551951</vAcc></extensions></trkpt>
      <trkpt lon="120.905473" lat="23.473387"><ele>2680.248794</ele><time>2026-09-14T01:53:03Z</time><extensions><speed>0.129528</speed><course>247.987777</course><hAcc>1.614053</hAcc><vAcc>1.560195</vAcc></extensions></trkpt>
      <trkpt lon="120.905472" lat="23.473387"><ele>2680.223740</ele><time>2026-09-14T01:53:04Z</time><extensions><speed>0.083560</speed><course>244.945705</course><hAcc>1.672275</hAcc><vAcc>1.568311</vAcc></extensions></trkpt>
      <trkpt lon="120.905471" lat="23.473386"><ele>2680.194847</ele><time>2026-09-14T01:53:05Z</time><extensions><speed>0.302454</speed><course>241.790016</course><hAcc>1.612702</hAcc><vAcc>1.576718</vAcc></extensions></trkpt>
      <trkpt lon="120.905467" lat="23.473384"><ele>2680.168475</ele><time>2026-09-14T01:53:06Z</time><extensions><speed>0.640991</speed><course>240.066116</course><hAcc>1.563234</hAcc><vAcc>1.584940</vAcc></extensions></trkpt>
      <trkpt lon="120.905463" lat="23.473382"><ele>2680.144618</ele><time>2026-09-14T01:53:07Z</time><extensions><speed>0.242380</speed><course>251.123499</course><hAcc>1.567841</hAcc><vAcc>1.592943</vAcc></extensions></trkpt>
      <trkpt lon="120.905462" lat="23.473382"><ele>2680.116884</ele><time>2026-09-14T01:53:08Z</time><extensions><speed>0.080762</speed><course>289.554763</course><hAcc>1.580090</hAcc><vAcc>1.601202</vAcc></extensions></trkpt>
      <trkpt lon="120.905461" lat="23.473383"><ele>2680.091677</ele><time>2026-09-14T01:53:09Z</time><extensions><speed>0.077825</speed><course>338.544514</course><hAcc>1.576675</hAcc><vAcc>1.609241</vAcc></extensions></trkpt>
      <trkpt lon="120.905461" lat="23.473383"><ele>2680.068978</ele><time>2026-09-14T01:53:10Z</time><extensions><speed>0.057267</speed><course>4.307287</course><hAcc>1.619687</hAcc><vAcc>1.617008</vAcc></extensions></trkpt>
      <trkpt lon="120.905461" lat="23.473384"><ele>2680.042379</ele><time>2026-09-14T01:53:11Z</time><extensions><speed>0.135763</speed><course>16.419319</course><hAcc>1.567869</hAcc><vAcc>1.624972</vAcc></extensions></trkpt>
      <trkpt lon="120.905462" lat="23.473385"><ele>2680.018270</ele><time>2026-09-14T01:53:12Z</time><extensions><speed>0.149672</speed><course>20.802454</course><hAcc>1.565039</hAcc><vAcc>1.632671</vAcc></extensions></trkpt>
      <trkpt lon="120.905463" lat="23.473387"><ele>2679.990335</ele><time>2026-09-14T01:53:13Z</time><extensions><speed>0.157710</speed><course>25.109637</course><hAcc>1.586231</hAcc><vAcc>1.640590</vAcc></extensions></trkpt>
      <trkpt lon="120.905463" lat="23.473388"><ele>2679.964916</ele><time>2026-09-14T01:53:14Z</time><extensions><speed>0.145236</speed><course>31.918961</course><hAcc>1.619505</hAcc><vAcc>1.648256</vAcc></extensions></trkpt>
      <trkpt lon="120.905464" lat="23.473389"><ele>2679.941983</ele><time>2026-09-14T01:53:15Z</time><extensions><speed>0.201556</speed><course>38.801395</course><hAcc>1.611050</hAcc><vAcc>1.655627</vAcc></extensions></trkpt>
      <trkpt lon="120.905466" lat="23.473391"><ele>2679.915194</ele><time>2026-09-14T01:53:16Z</time><extensions><speed>0.280860</speed><course>44.344879</course><hAcc>1.589251</hAcc><vAcc>1.663183</vAcc></extensions></trkpt>
      <trkpt lon="120.905468" lat="23.473392"><ele>2679.890860</ele><time>2026-09-14T01:53:17Z</time><extensions><speed>0.267811</speed><course>49.920837</course><hAcc>1.603156</hAcc><vAcc>1.670470</vAcc></extensions></trkpt>
      <trkpt lon="120.905470" lat="23.473394"><ele>2679.862754</ele><time>2026-09-14T01:53:18Z</time><extensions><speed>0.237860</speed><course>54.312088</course><hAcc>1.625393</hAcc><vAcc>1.677990</vAcc></extensions></trkpt>
      <trkpt lon="120.905472" lat="23.473395"><ele>2679.837109</ele><time>2026-09-14T01:53:19Z</time><extensions><speed>0.151100</speed><course>58.023889</course><hAcc>1.663707</hAcc><vAcc>1.685291</vAcc></extensions></trkpt>
      <trkpt lon="120.905473" lat="23.473396"><ele>2679.813878</ele><time>2026-09-14T01:53:20Z</time><extensions><speed>0.168078</speed><course>62.520668</course><hAcc>1.637278</hAcc><vAcc>1.692368</vAcc></extensions></trkpt>
      <trkpt lon="120.905474" lat="23.473396"><ele>2679.786813</ele><time>2026-09-14T01:53:21Z</time><extensions><speed>0.151543</speed><course>68.433090</course><hAcc>1.629855</hAcc><vAcc>1.699722</vAcc></extensions></trkpt>
      <trkpt lon="120.905476" lat="23.473396"><ele>2679.762189</ele><time>2026-09-14T01:53:22Z</time><extensions><speed>0.095744</speed><course>84.533970</course><hAcc>1.651814</hAcc><vAcc>1.706873</vAcc></extensions></trkpt>
      <trkpt lon="120.905476" lat="23.473396"><ele>2679.733906</ele><time>2026-09-14T01:53:23Z</time><extensions><speed>0.094750</speed><course>121.124025</course><hAcc>1.627550</hAcc><vAcc>1.714289</vAcc></extensions></trkpt>
      <trkpt lon="120.905477" lat="23.473395"><ele>2679.708119</ele><time>2026-09-14T01:53:24Z</time><extensions><speed>0.140003</speed><course>164.083917</course><hAcc>1.624660</hAcc><vAcc>1.721492</vAcc></extensions></trkpt>
      <trkpt lon="120.905478" lat="23.473395"><ele>2679.684777</ele><time>2026-09-14T01:53:25Z</time><extensions><speed>0.066402</speed><course>109.447539</course><hAcc>1.657844</hAcc><vAcc>1.728463</vAcc></extensions></trkpt>
      <trkpt lon="120.905478" lat="23.473394"><ele>2679.657671</ele><time>2026-09-14T01:53:26Z</time><extensions><speed>0.072899</speed><course>87.451204</course><hAcc>1.664666</hAcc><vAcc>1.735699</vAcc></extensions></trkpt>
      <trkpt lon="120.905479" lat="23.473394"><ele>2679.633029</ele><time>2026-09-14T01:53:27Z</time><extensions><speed>0.109922</speed><course>92.827613</course><hAcc>1.618956</hAcc><vAcc>1.742712</vAcc></extensions></trkpt>
      <trkpt lon="120.905480" lat="23.473394"><ele>2679.604790</ele><time>2026-09-14T01:53:28Z</time><extensions><speed>0.107321</speed><course>105.775056</course><hAcc>1.604392</hAcc><vAcc>1.749975</vAcc></extensions></trkpt>
      <trkpt lon="120.905481" lat="23.473394"><ele>2679.579058</ele><time>2026-09-14T01:53:29Z</time><extensions><speed>0.102199</speed><course>124.603529</course><hAcc>1.603837</hAcc><vAcc>1.757010</vAcc></extensions></trkpt>
      <trkpt lon="120.905482" lat="23.473393"><ele>2679.555767</ele><time>2026-09-14T01:53:30Z</time><extensions><speed>0.093378</speed><course>137.006546</course><hAcc>1.631429</hAcc><vAcc>1.763800</vAcc></extensions></trkpt>
      <trkpt lon="120.905482" lat="23.473393"><ele>2679.528807</ele><time>2026-09-14T01:53:31Z</time><extensions><speed>0.040905</speed><course>139.253791</course><hAcc>1.700769</hAcc><vAcc>1.770843</vAcc></extensions></trkpt>
      <trkpt lon="120.905483" lat="23.473392"><ele>2679.504299</ele><time>2026-09-14T01:53:32Z</time><extensions><speed>0.114537</speed><course>136.553568</course><hAcc>1.641822</hAcc><vAcc>1.777655</vAcc></extensions></trkpt>
      <trkpt lon="120.905484" lat="23.473391"><ele>2679.482184</ele><time>2026-09-14T01:53:33Z</time><extensions><speed>0.160211</speed><course>138.033912</course><hAcc>1.625658</hAcc><vAcc>1.784205</vAcc></extensions></trkpt>
      <trkpt lon="120.905485" lat="23.473390"><ele>2679.456363</ele><time>2026-09-14T01:53:34Z</time><extensions><speed>0.161639</speed><course>140.721051</course><hAcc>1.660442</hAcc><vAcc>1.790981</vAcc></extensions></trkpt>
      <trkpt lon="120.905486" lat="23.473389"><ele>2679.432936</ele><time>2026-09-14T01:53:35Z</time><extensions><speed>0.158796</speed><course>140.207232</course><hAcc>1.678428</hAcc><vAcc>1.797507</vAcc></extensions></trkpt>
      <trkpt lon="120.905487" lat="23.473388"><ele>2679.405898</ele><time>2026-09-14T01:53:36Z</time><extensions><speed>0.127130</speed><course>133.216257</course><hAcc>1.687928</hAcc><vAcc>1.804278</vAcc></extensions></trkpt>
      <trkpt lon="120.905488" lat="23.473388"><ele>2679.381284</ele><time>2026-09-14T01:53:37Z</time><extensions><speed>0.087607</speed><course>120.087381</course><hAcc>1.687501</hAcc><vAcc>1.810809</vAcc></extensions></trkpt>
      <trkpt lon="120.905488" lat="23.473388"><ele>2679.359030</ele><time>2026-09-14T01:53:38Z</time><extensions><speed>0.045236</speed><course>87.322336</course><hAcc>1.677477</hAcc><vAcc>1.817074</vAcc></extensions></trkpt>
      <trkpt lon="120.905489" lat="23.473388"><ele>2679.333124</ele><time>2026-09-14T01:53:39Z</time><extensions><speed>0.040216</speed><course>12.911086</course><hAcc>1.658763</hAcc><vAcc>1.823562</vAcc></extensions></trkpt>
      <trkpt lon="120.905489" lat="23.473388"><ele>2679.309570</ele><time>2026-09-14T01:53:40Z</time><extensions><speed>0.057471</speed><course>349.980790</course><hAcc>1.637155</hAcc><vAcc>1.829803</vAcc></extensions></trkpt>
      <trkpt lon="120.905489" lat="23.473389"><ele>2679.282459</ele><time>2026-09-14T01:53:41Z</time><extensions><speed>0.061614</speed><course>350.640774</course><hAcc>1.622202</hAcc><vAcc>1.836298</vAcc></extensions></trkpt>
      <trkpt lon="120.905488" lat="23.473389"><ele>2679.257712</ele><time>2026-09-14T01:53:42Z</time><extensions><speed>0.048138</speed><course>356.373889</course><hAcc>1.644653</hAcc><vAcc>1.842583</vAcc></extensions></trkpt>
      <trkpt lon="120.905489" lat="23.473390"><ele>2679.235256</ele><time>2026-09-14T01:53:43Z</time><extensions><speed>0.028298</speed><course>16.755932</course><hAcc>1.672813</hAcc><vAcc>1.848652</vAcc></extensions></trkpt>
      <trkpt lon="120.905489" lat="23.473390"><ele>2679.209169</ele><time>2026-09-14T01:53:44Z</time><extensions><speed>0.060517</speed><course>47.371465</course><hAcc>1.620481</hAcc><vAcc>1.855005</vAcc></extensions></trkpt>
      <trkpt lon="120.905489" lat="23.473390"><ele>2679.185406</ele><time>2026-09-14T01:53:45Z</time><extensions><speed>0.092248</speed><course>69.817606</course><hAcc>1.614623</hAcc><vAcc>1.861159</vAcc></extensions></trkpt>
      <trkpt lon="120.905490" lat="23.473391"><ele>2679.158160</ele><time>2026-09-14T01:53:46Z</time><extensions><speed>0.115320</speed><course>88.611384</course><hAcc>1.658545</hAcc><vAcc>1.867588</vAcc></extensions></trkpt>
      <trkpt lon="120.905492" lat="23.473390"><ele>2679.133292</ele><time>2026-09-14T01:53:47Z</time><extensions><speed>0.214714</speed><course>102.059013</course><hAcc>1.659337</hAcc><vAcc>1.873814</vAcc></extensions></trkpt>
      <trkpt lon="120.905494" lat="23.473391"><ele>2679.110728</ele><time>2026-09-14T01:53:48Z</time><extensions><speed>0.122007</speed><course>50.540950</course><hAcc>1.693891</hAcc><vAcc>1.879822</vAcc></extensions></trkpt>
      <trkpt lon="120.905494" lat="23.473392"><ele>2679.090365</ele><time>2026-09-14T01:53:49Z</time><extensions><speed>0.165611</speed><course>20.796850</course><hAcc>1.701136</hAcc><vAcc>1.885597</vAcc></extensions></trkpt>
      <trkpt lon="120.905495" lat="23.473393"><ele>2679.072122</ele><time>2026-09-14T01:53:50Z</time><extensions><speed>0.189501</speed><course>15.164793</course><hAcc>1.713179</hAcc><vAcc>1.891113</vAcc></extensions></trkpt>
      <trkpt lon="120.905495" lat="23.473395"><ele>2679.050048</ele><time>2026-09-14T01:53:51Z</time><extensions><speed>0.201255</speed><course>13.369337</course><hAcc>1.715428</hAcc><vAcc>1.896858</vAcc></extensions></trkpt>
      <trkpt lon="120.905495" lat="23.473396"><ele>2679.030130</ele><time>2026-09-14T01:53:52Z</time><extensions><speed>0.202654</speed><course>10.549550</course><hAcc>1.707675</hAcc><vAcc>1.902334</vAcc></extensions></trkpt>
      <trkpt lon="120.905496" lat="23.473398"><ele>2679.012274</ele><time>2026-09-14T01:53:53Z</time><extensions><speed>0.243168</speed><course>4.926356</course><hAcc>1.674135</hAcc><vAcc>1.907521</vAcc></extensions></trkpt>
      <trkpt lon="120.905496" lat="23.473400"><ele>2678.990608</ele><time>2026-09-14T01:53:54Z</time><extensions><speed>0.095542</speed><course>2.466924</course><hAcc>1.656751</hAcc><vAcc>1.912914</vAcc></extensions></trkpt>
      <trkpt lon="120.905496" lat="23.473400"><ele>2678.971029</ele><time>2026-09-14T01:53:55Z</time><extensions><speed>0.024928</speed><course>295.876291</course><hAcc>1.675875</hAcc><vAcc>1.918022</vAcc></extensions></trkpt>
      <trkpt lon="120.905495" lat="23.473400"><ele>2678.953446</ele><time>2026-09-14T01:53:56Z</time><extensions><speed>0.039576</speed><course>227.469375</course><hAcc>1.732294</hAcc><vAcc>1.922824</vAcc></extensions></trkpt>
      <trkpt lon="120.905494" lat="23.473400"><ele>2678.931998</ele><time>2026-09-14T01:53:57Z</time><extensions><speed>0.169139</speed><course>227.140266</course><hAcc>1.634486</hAcc><vAcc>1.927822</vAcc></extensions></trkpt>
      <trkpt lon="120.905493" lat="23.473398"><ele>2678.912527</ele><time>2026-09-14T01:53:58Z</time><extensions><speed>0.227903</speed><course>230.378650</course><hAcc>1.548796</hAcc><vAcc>1.932554</vAcc></extensions></trkpt>
      <trkpt lon="120.905491" lat="23.473397"><ele>2678.889260</ele><time>2026-09-14T01:53:59Z</time><extensions><speed>0.259370</speed><course>233.874509</course><hAcc>1.489762</hAcc><vAcc>1.937551</vAcc></extensions></trkpt>
      <trkpt lon="120.905488" lat="23.473395"><ele>2678.867941</ele><time>2026-09-14T01:54:00Z</time><extensions><speed>0.191722</speed><course>237.389096</course><hAcc>1.487110</hAcc><vAcc>1.942378</vAcc></extensions></trkpt>
      <trkpt lon="120.905487" lat="23.473394"><ele>2678.848500</ele><time>2026-09-14T01:54:01Z</time><extensions><speed>0.037822</speed><course>240.900710</course><hAcc>1.539566</hAcc><vAcc>1.947046</vAcc></extensions></trkpt>
      <trkpt lon="120.905486" lat="23.473394"><ele>2678.825232</ele><time>2026-09-14T01:54:02Z</time><extensions><speed>0.051338</speed><course>243.194746</course><hAcc>1.510861</hAcc><vAcc>1.952059</vAcc></extensions></trkpt>
      <trkpt lon="120.905485" lat="23.473393"><ele>2678.803903</ele><time>2026-09-14T01:54:03Z</time><extensions><speed>0.202838</speed><course>240.649797</course><hAcc>1.394369</hAcc><vAcc>1.956951</vAcc></extensions></trkpt>
      <trkpt lon="120.905483" lat="23.473392"><ele>2678.778919</ele><time>2026-09-14T01:54:04Z</time><extensions><speed>0.238753</speed><course>238.601038</course><hAcc>1.320447</hAcc><vAcc>1.962207</vAcc></extensions></trkpt>
      <trkpt lon="120.905481" lat="23.473391"><ele>2678.755972</ele><time>2026-09-14T01:54:05Z</time><extensions><speed>0.111416</speed><course>237.569231</course><hAcc>1.336449</hAcc><vAcc>1.967357</vAcc></extensions></trkpt>
      <trkpt lon="120.905480" lat="23.473391"><ele>2678.735011</ele><time>2026-09-14T01:54:06Z</time><extensions><speed>0.050565</speed><course>236.772254</course><hAcc>1.340805</hAcc><vAcc>1.972384</vAcc></extensions></trkpt>
      <trkpt lon="120.905479" lat="23.473390"><ele>2678.710456</ele><time>2026-09-14T01:54:07Z</time><extensions><speed>0.062469</speed><course>236.321059</course><hAcc>1.325483</hAcc><vAcc>1.977764</vAcc></extensions></trkpt>
      <trkpt lon="120.905479" lat="23.473390"><ele>2678.687985</ele><time>2026-09-14T01:54:08Z</time><extensions><speed>0.076032</speed><course>236.064123</course><hAcc>1.315846</hAcc><vAcc>1.983011</vAcc></extensions></trkpt>
      <trkpt lon="120.905478" lat="23.473389"><ele>2678.662097</ele><time>2026-09-14T01:54:09Z</time><extensions><speed>0.154943</speed><course>235.967967</course><hAcc>1.293419</hAcc><vAcc>1.988586</vAcc></extensions></trkpt>
      <trkpt lon="120.905477" lat="23.473389"><ele>2678.638387</ele><time>2026-09-14T01:54:10Z</time><extensions><speed>0.099297</speed><course>235.958977</course><hAcc>1.320482</hAcc><vAcc>1.994007</vAcc></extensions></trkpt>
      <trkpt lon="120.905476" lat="23.473388"><ele>2678.616790</ele><time>2026-09-14T01:54:11Z</time><extensions><speed>0.066802</speed><course>235.956789</course><hAcc>1.348812</hAcc><vAcc>1.999257</vAcc></extensions></trkpt>
      <trkpt lon="120.905476" lat="23.473388"><ele>2678.591784</ele><time>2026-09-14T01:54:12Z</time><extensions><speed>0.045434</speed><course>235.956355</course><hAcc>1.378191</hAcc><vAcc>2.004805</vAcc></extensions></trkpt>
      <trkpt lon="120.905475" lat="23.473388"><ele>2678.568952</ele><time>2026-09-14T01:54:13Z</time><extensions><speed>0.042411</speed><course>235.956279</course><hAcc>1.399463</hAcc><vAcc>2.010175</vAcc></extensions></trkpt>
      <trkpt lon="120.905474" lat="23.473387"><ele>2678.542844</ele><time>2026-09-14T01:54:14Z</time><extensions><speed>0.152511</speed><course>235.956271</course><hAcc>1.377691</hAcc><vAcc>2.015827</vAcc></extensions></trkpt>
      <trkpt lon="120.905473" lat="23.473386"><ele>2678.518965</ele><time>2026-09-14T01:54:15Z</time><extensions><speed>0.165514</speed><course>235.956269</course><hAcc>1.466468</hAcc><vAcc>2.021292</vAcc></extensions></trkpt>
      <trkpt lon="120.905472" lat="23.473386"><ele>2678.497239</ele><time>2026-09-14T01:54:16Z</time><extensions><speed>0.139251</speed><course>235.956269</course><hAcc>1.583156</hAcc><vAcc>2.026554</vAcc></extensions></trkpt>
      <trkpt lon="120.905471" lat="23.473385"><ele>2678.472209</ele><time>2026-09-14T01:54:17Z</time><extensions><speed>0.104105</speed><course>235.956268</course><hAcc>1.662533</hAcc><vAcc>2.032088</vAcc></extensions></trkpt>
      <trkpt lon="120.905470" lat="23.473385"><ele>2678.449365</ele><time>2026-09-14T01:54:18Z</time><extensions><speed>0.071883</speed><course>235.956268</course><hAcc>1.701315</hAcc><vAcc>2.037423</vAcc></extensions></trkpt>
      <trkpt lon="120.905470" lat="23.473384"><ele>2678.428633</ele><time>2026-09-14T01:54:19Z</time><extensions><speed>0.048109</speed><course>235.956267</course><hAcc>1.709695</hAcc><vAcc>2.042541</vAcc></extensions></trkpt>
      <trkpt lon="120.905469" lat="23.473384"><ele>2678.404583</ele><time>2026-09-14T01:54:20Z</time><extensions><speed>0.030996</speed><course>235.956267</course><hAcc>1.705247</hAcc><vAcc>2.047906</vAcc></extensions></trkpt>
      <trkpt lon="120.905469" lat="23.473384"><ele>2678.382670</ele><time>2026-09-14T01:54:21Z</time><extensions><speed>0.018889</speed><course>235.956267</course><hAcc>1.704481</hAcc><vAcc>2.053059</vAcc></extensions></trkpt>
      <trkpt lon="120.905469" lat="23.473384"><ele>2678.357528</ele><time>2026-09-14T01:54:22Z</time><extensions><speed>0.010559</speed><course>235.956267</course><hAcc>1.716931</hAcc><vAcc>2.058467</vAcc></extensions></trkpt>
      <trkpt lon="120.905469" lat="23.473384"><ele>2678.334561</ele><time>2026-09-14T01:54:23Z</time><extensions><speed>0.005793</speed><course>235.956266</course><hAcc>1.732145</hAcc><vAcc>2.063667</vAcc></extensions></trkpt>
      <trkpt lon="120.905469" lat="23.473384"><ele>2678.313690</ele><time>2026-09-14T01:54:24Z</time><extensions><speed>0.003637</speed><course>235.956266</course><hAcc>1.731822</hAcc><vAcc>2.068644</vAcc></extensions></trkpt>
      <trkpt lon="120.905469" lat="23.473384"><ele>2678.289554</ele><time>2026-09-14T01:54:25Z</time><extensions><speed>0.002962</speed><course>235.956266</course><hAcc>1.712403</hAcc><vAcc>2.073862</vAcc></extensions></trkpt>
      <trkpt lon="120.905469" lat="23.473384"><ele>2678.267528</ele><time>2026-09-14T01:54:26Z</time><extensions><speed>0.002160</speed><course>235.956266</course><hAcc>1.719923</hAcc><vAcc>2.078868</vAcc></extensions></trkpt>
      <trkpt lon="120.905469" lat="23.473384"><ele>2678.242321</ele><time>2026-09-14T01:54:27Z</time><extensions><speed>0.001484</speed><course>235.956267</course><hAcc>1.739668</hAcc><vAcc>2.084133</vAcc></extensions></trkpt>
      <trkpt lon="120.905469" lat="23.473384"><ele>2678.219243</ele><time>2026-09-14T01:54:28Z</time><extensions><speed>0.000961</speed><course>235.956268</course><hAcc>1.756689</hAcc><vAcc>2.089207</vAcc></extensions></trkpt>
      <trkpt lon="120.905469" lat="23.473384"><ele>2678.198209</ele><time>2026-09-14T01:54:29Z</time><extensions><speed>0.000596</speed><course>235.956271</course><hAcc>1.765828</hAcc><vAcc>2.094086</vAcc></extensions></trkpt>
      <trkpt lon="120.905469" lat="23.473384"><ele>2678.173944</ele><time>2026-09-14T01:54:30Z</time><extensions><speed>0.000359</speed><course>235.956277</course><hAcc>1.767609</hAcc><vAcc>2.099237</vAcc></extensions></trkpt>
      <trkpt lon="120.905469" lat="23.473384"><ele>2678.151760</ele><time>2026-09-14T01:54:31Z</time><extensions><speed>0.000209</speed><course>235.956287</course><hAcc>1.764627</hAcc><vAcc>2.104204</vAcc></extensions></trkpt>
      <trkpt lon="120.905469" lat="23.473384"><ele>2678.126449</ele><time>2026-09-14T01:54:32Z</time><extensions><speed>0.000119</speed><course>235.956304</course><hAcc>1.758484</hAcc><vAcc>2.109440</vAcc></extensions></trkpt>
      <trkpt lon="120.905469" lat="23.473384"><ele>2678.103269</ele><time>2026-09-14T01:54:33Z</time><extensions><speed>0.000065</speed><course>235.956331</course><hAcc>1.751560</hAcc><vAcc>2.114490</vAcc></extensions></trkpt>
      <trkpt lon="120.905469" lat="23.473384"><ele>2678.082139</ele><time>2026-09-14T01:54:34Z</time><extensions><speed>0.000033</speed><course>235.956386</course><hAcc>1.744569</hAcc><vAcc>2.119345</vAcc></extensions></trkpt>
      <trkpt lon="120.905469" lat="23.473384"><ele>2678.057840</ele><time>2026-09-14T01:54:35Z</time><extensions><speed>0.003857</speed><course>281.300048</course><hAcc>1.732014</hAcc><vAcc>2.124466</vAcc></extensions></trkpt>
      <trkpt lon="120.905469" lat="23.473384"><ele>2678.035626</ele><time>2026-09-14T01:54:36Z</time><extensions><speed>0.009065</speed><course>282.980867</course><hAcc>1.717549</hAcc><vAcc>2.129397</vAcc></extensions></trkpt>
      <trkpt lon="120.905469" lat="23.473384"><ele>2678.010361</ele><time>2026-09-14T01:54:37Z</time><extensions><speed>0.014252</speed><course>284.364366</course><hAcc>1.703976</hAcc><vAcc>2.134586</vAcc></extensions></trkpt>
      <trkpt lon="120.905468" lat="23.473384"><ele>2677.987224</ele><time>2026-09-14T01:54:38Z</time><extensions><speed>0.020713</speed><course>283.235229</course><hAcc>1.684663</hAcc><vAcc>2.139584</vAcc></extensions></trkpt>
      <trkpt lon="120.905468" lat="23.473384"><ele>2677.966131</ele><time>2026-09-14T01:54:39Z</time><extensions><speed>0.025954</speed><course>286.123518</course><hAcc>1.674945</hAcc><vAcc>2.144382</vAcc></extensions></trkpt>
      <trkpt lon="120.905468" lat="23.473384"><ele>2677.941942</ele><time>2026-09-14T01:54:40Z</time><extensions><speed>0.033500</speed><course>288.256685</course><hAcc>1.666606</hAcc><vAcc>2.149436</vAcc></extensions></trkpt>
      <trkpt lon="120.905468" lat="23.473384"><ele>2677.919825</ele><time>2026-09-14T01:54:41Z</time><extensions><speed>0.041529</speed><course>289.533135</course><hAcc>1.669164</hAcc><vAcc>2.154296</vAcc></extensions></trkpt>
      <trkpt lon="120.905467" lat="23.473384"><ele>2677.899704</ele><time>2026-09-14T01:54:42Z</time><extensions><speed>0.055060</speed><course>291.378651</course><hAcc>1.674064</hAcc><vAcc>2.158949</vAcc></extensions></trkpt>
      <trkpt lon="120.905467" lat="23.473385"><ele>2677.876485</ele><time>2026-09-14T01:54:43Z</time><extensions><speed>0.074214</speed><course>294.523104</course><hAcc>1.683725</hAcc><vAcc>2.163840</vAcc></extensions></trkpt>
      <trkpt lon="120.905466" lat="23.473385"><ele>2677.855285</ele><time>2026-09-14T01:54:44Z</time><extensions><speed>0.099083</speed><course>300.454709</course><hAcc>1.691679</hAcc><vAcc>2.168529</vAcc></extensions></trkpt>
      <trkpt lon="120.905465" lat="23.473385"><ele>2677.831039</ele><time>2026-09-14T01:54:45Z</time><extensions><speed>0.133321</speed><course>311.936683</course><hAcc>1.686700</hAcc><vAcc>2.173465</vAcc></extensions></trkpt>
      <trkpt lon="120.905464" lat="23.473386"><ele>2677.808848</ele><time>2026-09-14T01:54:46Z</time><extensions><speed>0.137458</speed><course>329.618391</course><hAcc>1.707187</hAcc><vAcc>2.178205</vAcc></extensions></trkpt>
      <trkpt lon="120.905464" lat="23.473388"><ele>2677.788633</ele><time>2026-09-14T01:54:47Z</time><extensions><speed>0.131031</speed><course>350.123821</course><hAcc>1.732318</hAcc><vAcc>2.182734</vAcc></extensions></trkpt>
      <trkpt lon="120.905464" lat="23.473389"><ele>2677.765359</ele><time>2026-09-14T01:54:48Z</time><extensions><speed>0.146422</speed><course>7.323203</course><hAcc>1.748965</hAcc><vAcc>2.187500</vAcc></extensions></trkpt>
      <trkpt lon="120.905464" lat="23.473390"><ele>2677.744077</ele><time>2026-09-14T01:54:49Z</time><extensions><speed>0.143604</speed><course>18.359139</course><hAcc>1.756076</hAcc><vAcc>2.192066</vAcc></extensions></trkpt>
      <trkpt lon="120.905464" lat="23.473391"><ele>2677.719795</ele><time>2026-09-14T01:54:50Z</time><extensions><speed>0.120371</speed><course>26.598296</course><hAcc>1.755223</hAcc><vAcc>2.196883</vAcc></extensions></trkpt>
      <trkpt lon="120.905465" lat="23.473392"><ele>2677.697526</ele><time>2026-09-14T01:54:51Z</time><extensions><speed>0.075564</speed><course>50.813237</course><hAcc>1.749855</hAcc><vAcc>2.201517</vAcc></extensions></trkpt>
      <trkpt lon="120.905466" lat="23.473392"><ele>2677.677185</ele><time>2026-09-14T01:54:52Z</time><extensions><speed>0.056715</speed><course>67.832589</course><hAcc>1.740436</hAcc><vAcc>2.205967</vAcc></extensions></trkpt>
      <trkpt lon="120.905466" lat="23.473392"><ele>2677.658674</ele><time>2026-09-14T01:54:53Z</time><extensions><speed>0.050046</speed><course>84.274982</course><hAcc>1.729628</hAcc><vAcc>2.210227</vAcc></extensions></trkpt>
      <trkpt lon="120.905467" lat="23.473392"><ele>2677.641918</ele><time>2026-09-14T01:54:54Z</time><extensions><speed>0.050682</speed><course>84.967404</course><hAcc>1.718214</hAcc><vAcc>2.214286</vAcc></extensions></trkpt>
      <trkpt lon="120.905467" lat="23.473392"><ele>2677.621908</ele><time>2026-09-14T01:54:55Z</time><extensions><speed>0.057881</speed><course>79.236476</course><hAcc>1.713474</hAcc><vAcc>2.218583</vAcc></extensions></trkpt>
      <trkpt lon="120.905468" lat="23.473393"><ele>2677.603706</ele><time>2026-09-14T01:54:56Z</time><extensions><speed>0.068539</speed><course>72.907350</course><hAcc>1.719819</hAcc><vAcc>2.222674</vAcc></extensions></trkpt>
      <trkpt lon="120.905469" lat="23.473393"><ele>2677.587231</ele><time>2026-09-14T01:54:57Z</time><extensions><speed>0.106053</speed><course>69.238100</course><hAcc>1.707919</hAcc><vAcc>2.226549</vAcc></extensions></trkpt>
      <trkpt lon="120.905470" lat="23.473393"><ele>2677.567491</ele><time>2026-09-14T01:54:58Z</time><extensions><speed>0.131105</speed><course>67.938780</course><hAcc>1.722170</hAcc><vAcc>2.230653</vAcc></extensions></trkpt>
      <trkpt lon="120.905471" lat="23.473394"><ele>2677.549523</ele><time>2026-09-14T01:54:59Z</time><extensions><speed>0.198792</speed><course>68.121138</course><hAcc>1.711321</hAcc><vAcc>2.234543</vAcc></extensions></trkpt>
      <trkpt lon="120.905473" lat="23.473395"><ele>2677.528401</ele><time>2026-09-14T01:55:00Z</time><extensions><speed>0.230543</speed><course>69.926659</course><hAcc>1.713364</hAcc><vAcc>2.238657</vAcc></extensions></trkpt>
      <trkpt lon="120.905475" lat="23.473395"><ele>2677.509084</ele><time>2026-09-14T01:55:01Z</time><extensions><speed>0.234278</speed><course>73.391752</course><hAcc>1.724365</hAcc><vAcc>2.242566</vAcc></extensions></trkpt>
      <trkpt lon="120.905478" lat="23.473396"><ele>2677.491471</ele><time>2026-09-14T01:55:02Z</time><extensions><speed>0.228892</speed><course>77.867499</course><hAcc>1.733020</hAcc><vAcc>2.246275</vAcc></extensions></trkpt>
      <trkpt lon="120.905480" lat="23.473396"><ele>2677.470636</ele><time>2026-09-14T01:55:03Z</time><extensions><speed>0.210886</speed><course>83.234600</course><hAcc>1.735050</hAcc><vAcc>2.250245</vAcc></extensions></trkpt>
      <trkpt lon="120.905482" lat="23.473396"><ele>2677.451494</ele><time>2026-09-14T01:55:04Z</time><extensions><speed>0.179031</speed><course>89.757744</course><hAcc>1.733906</hAcc><vAcc>2.254064</vAcc></extensions></trkpt>
      <trkpt lon="120.905483" lat="23.473396"><ele>2677.433964</ele><time>2026-09-14T01:55:05Z</time><extensions><speed>0.140447</speed><course>95.765941</course><hAcc>1.736918</hAcc><vAcc>2.257741</vAcc></extensions></trkpt>
      <trkpt lon="120.905484" lat="23.473396"><ele>2677.413190</ele><time>2026-09-14T01:55:06Z</time><extensions><speed>0.100068</speed><course>105.909157</course><hAcc>1.750490</hAcc><vAcc>2.261717</vAcc></extensions></trkpt>
      <trkpt lon="120.905485" lat="23.473396"><ele>2677.394092</ele><time>2026-09-14T01:55:07Z</time><extensions><speed>0.074032</speed><course>117.782107</course><hAcc>1.756145</hAcc><vAcc>2.265566</vAcc></extensions></trkpt>
      <trkpt lon="120.905486" lat="23.473395"><ele>2677.371876</ele><time>2026-09-14T01:55:08Z</time><extensions><speed>0.064703</speed><course>127.072538</course><hAcc>1.741852</hAcc><vAcc>2.269719</vAcc></extensions></trkpt>
      <trkpt lon="120.905486" lat="23.473395"><ele>2677.351422</ele><time>2026-09-14T01:55:09Z</time><extensions><speed>0.050088</speed><course>131.994770</course><hAcc>1.740554</hAcc><vAcc>2.273745</vAcc></extensions></trkpt>
      <trkpt lon="120.905487" lat="23.473395"><ele>2677.332678</ele><time>2026-09-14T01:55:10Z</time><extensions><speed>0.036170</speed><course>135.161502</course><hAcc>1.747212</hAcc><vAcc>2.277628</vAcc></extensions></trkpt>
      <trkpt lon="120.905487" lat="23.473394"><ele>2677.310866</ele><time>2026-09-14T01:55:11Z</time><extensions><speed>0.024484</speed><course>137.475023</course><hAcc>1.753978</hAcc><vAcc>2.281791</vAcc></extensions></trkpt>
      <trkpt lon="120.905487" lat="23.473394"><ele>2677.290826</ele><time>2026-09-14T01:55:12Z</time><extensions><speed>0.015973</speed><course>139.343948</course><hAcc>1.755770</hAcc><vAcc>2.285807</vAcc></extensions></trkpt>
      <trkpt lon="120.905487" lat="23.473394"><ele>2677.267829</ele><time>2026-09-14T01:55:13Z</time><extensions><speed>0.010048</speed><course>140.960284</course><hAcc>1.753885</hAcc><vAcc>2.290103</vAcc></extensions></trkpt>
      <trkpt lon="120.905487" lat="23.473394"><ele>2677.246661</ele><time>2026-09-14T01:55:14Z</time><extensions><speed>0.005344</speed><course>108.584518</course><hAcc>1.748990</hAcc><vAcc>2.294256</vAcc></extensions></trkpt>
      <trkpt lon="120.905487" lat="23.473394"><ele>2677.227252</ele><time>2026-09-14T01:55:15Z</time><extensions><speed>0.006765</speed><course>51.909506</course><hAcc>1.739919</hAcc><vAcc>2.298260</vAcc></extensions></trkpt>
      <trkpt lon="120.905487" lat="23.473394"><ele>2677.204889</ele><time>2026-09-14T01:55:16Z</time><extensions><speed>0.012269</speed><course>32.882148</course><hAcc>1.728396</hAcc><vAcc>2.302536</vAcc></extensions></trkpt>
      <trkpt lon="120.905487" lat="23.473395"><ele>2677.184343</ele><time>2026-09-14T01:55:17Z</time><extensions><speed>0.019309</speed><course>27.520451</course><hAcc>1.713581</hAcc><vAcc>2.306664</vAcc></extensions></trkpt>
      <trkpt lon="120.905487" lat="23.473395"><ele>2677.160949</ele><time>2026-09-14T01:55:18Z</time><extensions><speed>0.027780</speed><course>25.693488</course><hAcc>1.696386</hAcc><vAcc>2.311055</vAcc></extensions></trkpt>
      <trkpt lon="120.905487" lat="23.473395"><ele>2677.139432</ele><time>2026-09-14T01:55:19Z</time><extensions><speed>0.036590</speed><course>24.946667</course><hAcc>1.686095</hAcc><vAcc>2.315291</vAcc></extensions></trkpt>
      <trkpt lon="120.905488" lat="23.473395"><ele>2677.119720</ele><time>2026-09-14T01:55:20Z</time><extensions><speed>0.046109</speed><course>24.519646</course><hAcc>1.685356</hAcc><vAcc>2.319363</vAcc></extensions></trkpt>
      <trkpt lon="120.905488" lat="23.473396"><ele>2677.097149</ele><time>2026-09-14T01:55:21Z</time><extensions><speed>0.057320</speed><course>24.080929</course><hAcc>1.692483</hAcc><vAcc>2.323689</vAcc></extensions></trkpt>
      <trkpt lon="120.905488" lat="23.473396"><ele>2677.076425</ele><time>2026-09-14T01:55:22Z</time><extensions><speed>0.076922</speed><course>23.402435</course><hAcc>1.696613</hAcc><vAcc>2.327852</vAcc></extensions></trkpt>
      <trkpt lon="120.905488" lat="23.473397"><ele>2677.052934</ele><time>2026-09-14T01:55:23Z</time><extensions><speed>0.103375</speed><course>22.179644</course><hAcc>1.695156</hAcc><vAcc>2.332262</vAcc></extensions></trkpt>
      <trkpt lon="120.905489" lat="23.473398"><ele>2677.031338</ele><time>2026-09-14T01:55:24Z</time><extensions><speed>0.136114</speed><course>19.800481</course><hAcc>1.679775</hAcc><vAcc>2.336505</vAcc></extensions></trkpt>
      <trkpt lon="120.905489" lat="23.473399"><ele>2677.011560</ele><time>2026-09-14T01:55:25Z</time><extensions><speed>0.111278</speed><course>23.336041</course><hAcc>1.686685</hAcc><vAcc>2.340575</vAcc></extensions></trkpt>
      <trkpt lon="120.905490" lat="23.473400"><ele>2676.988995</ele><time>2026-09-14T01:55:26Z</time><extensions><speed>0.082858</speed><course>25.378841</course><hAcc>1.699616</hAcc><vAcc>2.344886</vAcc></extensions></trkpt>
      <trkpt lon="120.905490" lat="23.473401"><ele>2676.968280</ele><time>2026-09-14T01:55:27Z</time><extensions><speed>0.057749</speed><course>26.748590</course><hAcc>1.705734</hAcc><vAcc>2.349027</vAcc></extensions></trkpt>
      <trkpt lon="120.905490" lat="23.473401"><ele>2676.949345</ele><time>2026-09-14T01:55:28Z</time><extensions><speed>0.038540</speed><course>27.753097</course><hAcc>1.706764</hAcc><vAcc>2.352987</vAcc></extensions></trkpt>
      <trkpt lon="120.905490" lat="23.473401"><ele>2676.927598</ele><time>2026-09-14T01:55:29Z</time><extensions><speed>0.023961</speed><course>28.532561</course><hAcc>1.717265</hAcc><vAcc>2.357176</vAcc></extensions></trkpt>
      <trkpt lon="120.905490" lat="23.473401"><ele>2676.907661</ele><time>2026-09-14T01:55:30Z</time><extensions><speed>0.013005</speed><course>29.213128</course><hAcc>1.738491</hAcc><vAcc>2.361188</vAcc></extensions></trkpt>
      <trkpt lon="120.905491" lat="23.473401"><ele>2676.884988</ele><time>2026-09-14T01:55:31Z</time><extensions><speed>0.008550</speed><course>29.833715</course><hAcc>1.732945</hAcc><vAcc>2.365432</vAcc></extensions></trkpt>
      <trkpt lon="120.905491" lat="23.473401"><ele>2676.864160</ele><time>2026-09-14T01:55:32Z</time><extensions><speed>0.006410</speed><course>30.281568</course><hAcc>1.718188</hAcc><vAcc>2.369502</vAcc></extensions></trkpt>
      <trkpt lon="120.905491" lat="23.473401"><ele>2676.845104</ele><time>2026-09-14T01:55:33Z</time><extensions><speed>0.004531</speed><course>30.582955</course><hAcc>1.722354</hAcc><vAcc>2.373389</vAcc></extensions></trkpt>
      <trkpt lon="120.905491" lat="23.473402"><ele>2676.823278</ele><time>2026-09-14T01:55:34Z</time><extensions><speed>0.003046</speed><course>30.808828</course><hAcc>1.735862</hAcc><vAcc>2.377501</vAcc></extensions></trkpt>
      <trkpt lon="120.905491" lat="23.473402"><ele>2676.803244</ele><time>2026-09-14T01:55:35Z</time><extensions><speed>0.001981</speed><course>30.993047</course><hAcc>1.746288</hAcc><vAcc>2.381438</vAcc></extensions></trkpt>
      <trkpt lon="120.905491" lat="23.473402"><ele>2676.780508</ele><time>2026-09-14T01:55:36Z</time><extensions><speed>0.001246</speed><course>31.153269</course><hAcc>1.751665</hAcc><vAcc>2.385608</vAcc></extensions></trkpt>
      <trkpt lon="120.905491" lat="23.473402"><ele>2676.759587</ele><time>2026-09-14T01:55:37Z</time><extensions><speed>0.000764</speed><course>31.300834</course><hAcc>1.752911</hAcc><vAcc>2.389615</vAcc></extensions></trkpt>
      <trkpt lon="120.905491" lat="23.473402"><ele>2676.740400</ele><time>2026-09-14T01:55:38Z</time><extensions><speed>0.000450</speed><course>31.444493</course><hAcc>1.752661</hAcc><vAcc>2.393455</vAcc></extensions></trkpt>
      <trkpt lon="120.905491" lat="23.473402"><ele>2676.718474</ele><time>2026-09-14T01:55:39Z</time><extensions><speed>0.000261</speed><course>31.592679</course><hAcc>1.747884</hAcc><vAcc>2.397536</vAcc></extensions></trkpt>
      <trkpt lon="120.905491" lat="23.473402"><ele>2676.698316</ele><time>2026-09-14T01:55:40Z</time><extensions><speed>0.000150</speed><course>31.749997</course><hAcc>1.740687</hAcc><vAcc>2.401457</vAcc></extensions></trkpt>
      <trkpt lon="120.905491" lat="23.473402"><ele>2676.675500</ele><time>2026-09-14T01:55:41Z</time><extensions><speed>0.000081</speed><course>31.924145</course><hAcc>1.736808</hAcc><vAcc>2.405616</vAcc></extensions></trkpt>
      <trkpt lon="120.905491" lat="23.473402"><ele>2676.654495</ele><time>2026-09-14T01:55:42Z</time><extensions><speed>0.000043</speed><course>32.131630</course><hAcc>1.730949</hAcc><vAcc>2.409615</vAcc></extensions></trkpt>
      <trkpt lon="120.905491" lat="23.473402"><ele>2676.635227</ele><time>2026-09-14T01:55:43Z</time><extensions><speed>0.000023</speed><course>32.387854</course><hAcc>1.719196</hAcc><vAcc>2.413449</vAcc></extensions></trkpt>
      <trkpt lon="120.905491" lat="23.473402"><ele>2676.613266</ele><time>2026-09-14T01:55:44Z</time><extensions><speed>0.000012</speed><course>32.708311</course><hAcc>1.710954</hAcc><vAcc>2.417519</vAcc></extensions></trkpt>
      <trkpt lon="120.905491" lat="23.473402"><ele>2676.593076</ele><time>2026-09-14T01:55:45Z</time><extensions><speed>0.000006</speed><course>33.124672</course><hAcc>1.711175</hAcc><vAcc>2.421426</vAcc></extensions></trkpt>
      <trkpt lon="120.905491" lat="23.473402"><ele>2676.570279</ele><time>2026-09-14T01:55:46Z</time><extensions><speed>0.000003</speed><course>33.704312</course><hAcc>1.727139</hAcc><vAcc>2.425564</vAcc></extensions></trkpt>
      <trkpt lon="120.905491" lat="23.473402"><ele>2676.549291</ele><time>2026-09-14T01:55:47Z</time><extensions><speed>0.000506</speed><course>4.172278</course><hAcc>1.736480</hAcc><vAcc>2.429539</vAcc></extensions></trkpt>
      <trkpt lon="120.905491" lat="23.473402"><ele>2676.530036</ele><time>2026-09-14T01:55:48Z</time><extensions><speed>0.001562</speed><course>4.121711</course><hAcc>1.718276</hAcc><vAcc>2.433347</vAcc></extensions></trkpt>
      <trkpt lon="120.905491" lat="23.473402"><ele>2676.508146</ele><time>2026-09-14T01:55:49Z</time><extensions><speed>0.003067</speed><course>4.113608</course><hAcc>1.719861</hAcc><vAcc>2.437383</vAcc></extensions></trkpt>
      <trkpt lon="120.905491" lat="23.473402"><ele>2676.488018</ele><time>2026-09-14T01:55:50Z</time><extensions><speed>0.005274</speed><course>4.111473</course><hAcc>1.733931</hAcc><vAcc>2.441255</vAcc></extensions></trkpt>
      <trkpt lon="120.905491" lat="23.473402"><ele>2676.469583</ele><time>2026-09-14T01:55:51Z</time><extensions><speed>0.008543</speed><course>4.110835</course><hAcc>1.746451</hAcc><vAcc>2.444954</vAcc></extensions></trkpt>
      <trkpt lon="120.905491" lat="23.473402"><ele>2676.448487</ele><time>2026-09-14T01:55:52Z</time><extensions><speed>0.013215</speed><course>4.110638</course><hAcc>1.754239</hAcc><vAcc>2.448872</vAcc></extensions></trkpt>
      <trkpt lon="120.905491" lat="23.473402"><ele>2676.429111</ele><time>2026-09-14T01:55:53Z</time><extensions><speed>0.019735</speed><course>4.110579</course><hAcc>1.756619</hAcc><vAcc>2.452622</vAcc></extensions></trkpt>
      <trkpt lon="120.905491" lat="23.473402"><ele>2676.407140</ele><time>2026-09-14T01:55:54Z</time><extensions><speed>0.027940</speed><course>4.110561</course><hAcc>1.756695</hAcc><vAcc>2.456593</vAcc></extensions></trkpt>
      <trkpt lon="120.905491" lat="23.473402"><ele>2676.386922</ele><time>2026-09-14T01:55:55Z</time><extensions><speed>0.038732</speed><course>8.305613</course><hAcc>1.756279</hAcc><vAcc>2.460399</vAcc></extensions></trkpt>
      <trkpt lon="120.905491" lat="23.473403"><ele>2676.368386</ele><time>2026-09-14T01:55:56Z</time><extensions><speed>0.049895</speed><course>12.677887</course><hAcc>1.755610</hAcc><vAcc>2.464033</vAcc></extensions></trkpt>
      <trkpt lon="120.905491" lat="23.473403"><ele>2676.351453</ele><time>2026-09-14T01:55:57Z</time><extensions><speed>0.055814</speed><course>18.565989</course><hAcc>1.752192</hAcc><vAcc>2.467487</vAcc></extensions></trkpt>
      <trkpt lon="120.905491" lat="23.473404"><ele>2676.336040</ele><time>2026-09-14T01:55:58Z</time><extensions><speed>0.057714</speed><course>27.678876</course><hAcc>1.747314</hAcc><vAcc>2.470760</vAcc></extensions></trkpt>
      <trkpt lon="120.905492" lat="23.473404"><ele>2676.317806</ele><time>2026-09-14T01:55:59Z</time><extensions><speed>0.064283</speed><course>38.111113</course><hAcc>1.740889</hAcc><vAcc>2.474245</vAcc></extensions></trkpt>
      <trkpt lon="120.905492" lat="23.473405"><ele>2676.301122</ele><time>2026-09-14T01:56:00Z</time><extensions><speed>0.078830</speed><course>46.649135</course><hAcc>1.734400</hAcc><vAcc>2.477557</vAcc></extensions></trkpt>
      <trkpt lon="120.905493" lat="23.473405"><ele>2676.285913</ele><time>2026-09-14T01:56:01Z</time><extensions><speed>0.101538</speed><course>51.972793</course><hAcc>1.730599</hAcc><vAcc>2.480691</vAcc></extensions></trkpt>
      <trkpt lon="120.905494" lat="23.473406"><ele>2676.267877</ele><time>2026-09-14T01:56:02Z</time><extensions><speed>0.130912</speed><course>54.738982</course><hAcc>1.732626</hAcc><vAcc>2.484040</vAcc></extensions></trkpt>
      <trkpt lon="120.905495" lat="23.473407"><ele>2676.251359</ele><time>2026-09-14T01:56:03Z</time><extensions><speed>0.164940</speed><course>55.907964</course><hAcc>1.740318</hAcc><vAcc>2.487216</vAcc></extensions></trkpt>
      <trkpt lon="120.905496" lat="23.473408"><ele>2676.232100</ele><time>2026-09-14T01:56:04Z</time><extensions><speed>0.201115</speed><course>56.033757</course><hAcc>1.743703</hAcc><vAcc>2.490606</vAcc></extensions></trkpt>
      <trkpt lon="120.905498" lat="23.473409"><ele>2676.214394</ele><time>2026-09-14T01:56:05Z</time><extensions><speed>0.239684</speed><course>55.147632</course><hAcc>1.729630</hAcc><vAcc>2.493831</vAcc></extensions></trkpt>
      <trkpt lon="120.905500" lat="23.473410"><ele>2676.198156</ele><time>2026-09-14T01:56:06Z</time><extensions><speed>0.214586</speed><course>54.079941</course><hAcc>1.730831</hAcc><vAcc>2.496895</vAcc></extensions></trkpt>
      <trkpt lon="120.905502" lat="23.473411"><ele>2676.179121</ele><time>2026-09-14T01:56:07Z</time><extensions><speed>0.167175</speed><course>53.540602</course><hAcc>1.738342</hAcc><vAcc>2.500195</vAcc></extensions></trkpt>
      <trkpt lon="120.905503" lat="23.473412"><ele>2676.161557</ele><time>2026-09-14T01:56:08Z</time><extensions><speed>0.119705</speed><course>54.895976</course><hAcc>1.742543</hAcc><vAcc>2.503365</vAcc></extensions></trkpt>
      <trkpt lon="120.905503" lat="23.473412"><ele>2676.141262</ele><time>2026-09-14T01:56:09Z</time><extensions><speed>0.080499</speed><course>59.010680</course><hAcc>1.743049</hAcc><vAcc>2.506795</vAcc></extensions></trkpt>
      <trkpt lon="120.905504" lat="23.473412"><ele>2676.122479</ele><time>2026-09-14T01:56:10Z</time><extensions><speed>0.051108</speed><course>70.011809</course><hAcc>1.741912</hAcc><vAcc>2.510112</vAcc></extensions></trkpt>
      <trkpt lon="120.905504" lat="23.473412"><ele>2676.105148</ele><time>2026-09-14T01:56:11Z</time><extensions><speed>0.035227</speed><course>96.750179</course><hAcc>1.738496</hAcc><vAcc>2.513315</vAcc></extensions></trkpt>
      <trkpt lon="120.905505" lat="23.473412"><ele>2676.085093</ele><time>2026-09-14T01:56:12Z</time><extensions><speed>0.037841</speed><course>132.366653</course><hAcc>1.734883</hAcc><vAcc>2.516783</vAcc></extensions></trkpt>
      <trkpt lon="120.905505" lat="23.473412"><ele>2676.066557</ele><time>2026-09-14T01:56:13Z</time><extensions><speed>0.055693</speed><course>151.845299</course><hAcc>1.729480</hAcc><vAcc>2.520136</vAcc></extensions></trkpt>
      <trkpt lon="120.905505" lat="23.473411"><ele>2676.049493</ele><time>2026-09-14T01:56:14Z</time><extensions><speed>0.081596</speed><course>159.471969</course><hAcc>1.723237</hAcc><vAcc>2.523363</vAcc></extensions></trkpt>
      <trkpt lon="120.905506" lat="23.473411"><ele>2676.029741</ele><time>2026-09-14T01:56:15Z</time><extensions><speed>0.114548</speed><course>162.676711</course><hAcc>1.714501</hAcc><vAcc>2.526839</vAcc></extensions></trkpt>
      <trkpt lon="120.905506" lat="23.473409"><ele>2676.011522</ele><time>2026-09-14T01:56:16Z</time><extensions><speed>0.147896</speed><course>163.990429</course><hAcc>1.706692</hAcc><vAcc>2.530185</vAcc></extensions></trkpt>
      <trkpt lon="120.905506" lat="23.473408"><ele>2675.990721</ele><time>2026-09-14T01:56:17Z</time><extensions><speed>0.179255</speed><course>164.642664</course><hAcc>1.703386</hAcc><vAcc>2.533773</vAcc></extensions></trkpt>
      <trkpt lon="120.905507" lat="23.473407"><ele>2675.971513</ele><time>2026-09-14T01:56:18Z</time><extensions><speed>0.143925</speed><course>165.067526</course><hAcc>1.731605</hAcc><vAcc>2.537227</vAcc></extensions></trkpt>
      <trkpt lon="120.905507" lat="23.473405"><ele>2675.953841</ele><time>2026-09-14T01:56:19Z</time><extensions><speed>0.117732</speed><course>165.957960</course><hAcc>1.738707</hAcc><vAcc>2.540538</vAcc></extensions></trkpt>
      <trkpt lon="120.905507" lat="23.473404"><ele>2675.933609</ele><time>2026-09-14T01:56:20Z</time><extensions><speed>0.109090</speed><course>168.046045</course><hAcc>1.719791</hAcc><vAcc>2.544076</vAcc></extensions></trkpt>
      <trkpt lon="120.905508" lat="23.473404"><ele>2675.914953</ele><time>2026-09-14T01:56:21Z</time><extensions><speed>0.083188</speed><course>172.759295</course><hAcc>1.724626</hAcc><vAcc>2.547471</vAcc></extensions></trkpt>
      <trkpt lon="120.905508" lat="23.473403"><ele>2675.893787</ele><time>2026-09-14T01:56:22Z</time><extensions><speed>0.056934</speed><course>184.727798</course><hAcc>1.742495</hAcc><vAcc>2.551094</vAcc></extensions></trkpt>
      <trkpt lon="120.905507" lat="23.473403"><ele>2675.874233</ele><time>2026-09-14T01:56:23Z</time><extensions><speed>0.039116</speed><course>214.258794</course><hAcc>1.759791</hAcc><vAcc>2.554581</vAcc></extensions></trkpt>
      <trkpt lon="120.905507" lat="23.473402"><ele>2675.856223</ele><time>2026-09-14T01:56:24Z</time><extensions><speed>0.042516</speed><course>257.613074</course><hAcc>1.770820</hAcc><vAcc>2.557926</vAcc></extensions></trkpt>
      <trkpt lon="120.905507" lat="23.473402"><ele>2675.835704</ele><time>2026-09-14T01:56:25Z</time><extensions><speed>0.063514</speed><course>283.000548</course><hAcc>1.773508</hAcc><vAcc>2.561499</vAcc></extensions></trkpt>
      <trkpt lon="120.905506" lat="23.473403"><ele>2675.816769</ele><time>2026-09-14T01:56:26Z</time><extensions><speed>0.088900</speed><course>291.264211</course><hAcc>1.775191</hAcc><vAcc>2.564934</vAcc></extensions></trkpt>
      <trkpt lon="120.905505" lat="23.473403"><ele>2675.795386</ele><time>2026-09-14T01:56:27Z</time><extensions><speed>0.116044</speed><course>291.219847</course><hAcc>1.776224</hAcc><vAcc>2.568593</vAcc></extensions></trkpt>
      <trkpt lon="120.905504" lat="23.473403"><ele>2675.775632</ele><time>2026-09-14T01:56:28Z</time><extensions><speed>0.126393</speed><course>269.013031</course><hAcc>1.779528</hAcc><vAcc>2.572111</vAcc></extensions></trkpt>
      <trkpt lon="120.905502" lat="23.473403"><ele>2675.757442</ele><time>2026-09-14T01:56:29Z</time><extensions><speed>0.151072</speed><course>256.902212</course><hAcc>1.782357</hAcc><vAcc>2.575484</vAcc></extensions></trkpt>
      <trkpt lon="120.905501" lat="23.473403"><ele>2675.736780</ele><time>2026-09-14T01:56:30Z</time><extensions><speed>0.182915</speed><course>253.447177</course><hAcc>1.767288</hAcc><vAcc>2.579078</vAcc></extensions></trkpt>
      <trkpt lon="120.905499" lat="23.473402"><ele>2675.717716</ele><time>2026-09-14T01:56:31Z</time><extensions><speed>0.191554</speed><course>250.495415</course><hAcc>1.752600</hAcc><vAcc>2.582528</vAcc></extensions></trkpt>
      <trkpt lon="120.905497" lat="23.473401"><ele>2675.696283</ele><time>2026-09-14T01:56:32Z</time><extensions><speed>0.178733</speed><course>250.842198</course><hAcc>1.740718</hAcc><vAcc>2.586191</vAcc></extensions></trkpt>
      <trkpt lon="120.905496" lat="23.473401"><ele>2675.676486</ele><time>2026-09-14T01:56:33Z</time><extensions><speed>0.152241</speed><course>256.231357</course><hAcc>1.735445</hAcc><vAcc>2.589710</vAcc></extensions></trkpt>
      <trkpt lon="120.905495" lat="23.473401"><ele>2675.658257</ele><time>2026-09-14T01:56:34Z</time><extensions><speed>0.121825</speed><course>262.155868</course><hAcc>1.740243</hAcc><vAcc>2.593079</vAcc></extensions></trkpt>
      <trkpt lon="120.905493" lat="23.473401"><ele>2675.637612</ele><time>2026-09-14T01:56:35Z</time><extensions><speed>0.098870</speed><course>265.522734</course><hAcc>1.744167</hAcc><vAcc>2.596661</vAcc></extensions></trkpt>
      <trkpt lon="120.905493" lat="23.473401"><ele>2675.618566</ele><time>2026-09-14T01:56:36Z</time><extensions><speed>0.082904</speed><course>266.213126</course><hAcc>1.736763</hAcc><vAcc>2.600096</vAcc></extensions></trkpt>
      <trkpt lon="120.905492" lat="23.473400"><ele>2675.601056</ele><time>2026-09-14T01:56:37Z</time><extensions><speed>0.072646</speed><course>265.087689</course><hAcc>1.717425</hAcc><vAcc>2.603377</vAcc></extensions></trkpt>
      <trkpt lon="120.905491" lat="23.473400"><ele>2675.581109</ele><time>2026-09-14T01:56:38Z</time><extensions><speed>0.057587</speed><course>242.264253</course><hAcc>1.714340</hAcc><vAcc>2.606863</vAcc></extensions></trkpt>
      <trkpt lon="120.905491" lat="23.473400"><ele>2675.562727</ele><time>2026-09-14T01:56:39Z</time><extensions><speed>0.048079</speed><course>220.746296</course><hAcc>1.722982</hAcc><vAcc>2.610198</vAcc></extensions></trkpt>
      <trkpt lon="120.905491" lat="23.473400"><ele>2675.541970</ele><time>2026-09-14T01:56:40Z</time><extensions><speed>0.049428</speed><course>194.116257</course><hAcc>1.734266</hAcc><vAcc>2.613740</vAcc></extensions></trkpt>
      <trkpt lon="120.905491" lat="23.473399"><ele>2675.522808</ele><time>2026-09-14T01:56:41Z</time><extensions><speed>0.053247</speed><course>180.374034</course><hAcc>1.731607</hAcc><vAcc>2.617132</vAcc></extensions></trkpt>
      <trkpt lon="120.905491" lat="23.473399"><ele>2675.505179</ele><time>2026-09-14T01:56:42Z</time><extensions><speed>0.057148</speed><course>168.759204</course><hAcc>1.731883</hAcc><vAcc>2.620371</vAcc></extensions></trkpt>
      <trkpt lon="120.905491" lat="23.473398"><ele>2675.485156</ele><time>2026-09-14T01:56:43Z</time><extensions><speed>0.054727</speed><course>156.648596</course><hAcc>1.715967</hAcc><vAcc>2.623810</vAcc></extensions></trkpt>
      <trkpt lon="120.905491" lat="23.473398"><ele>2675.466686</ele><time>2026-09-14T01:56:44Z</time><extensions><speed>0.063253</speed><course>150.864939</course><hAcc>1.711905</hAcc><vAcc>2.627100</vAcc></extensions></trkpt>
      <trkpt lon="120.905491" lat="23.473397"><ele>2675.445890</ele><time>2026-09-14T01:56:45Z</time><extensions><speed>0.055290</speed><course>150.003628</course><hAcc>1.725583</hAcc><vAcc>2.630595</vAcc></extensions></trkpt>
      <trkpt lon="120.905492" lat="23.473397"><ele>2675.426666</ele><time>2026-09-14T01:56:46Z</time><extensions><speed>0.044918</speed><course>149.065922</course><hAcc>1.732975</hAcc><vAcc>2.633949</vAcc></extensions></trkpt>
      <trkpt lon="120.905492" lat="23.473396"><ele>2675.408946</ele><time>2026-09-14T01:56:47Z</time><extensions><speed>0.043869</speed><course>147.067433</course><hAcc>1.722213</hAcc><vAcc>2.637159</vAcc></extensions></trkpt>
      <trkpt lon="120.905492" lat="23.473396"><ele>2675.388838</ele><time>2026-09-14T01:56:48Z</time><extensions><speed>0.048464</speed><course>145.338992</course><hAcc>1.708943</hAcc><vAcc>2.640581</vAcc></extensions></trkpt>
      <trkpt lon="120.905492" lat="23.473396"><ele>2675.370265</ele><time>2026-09-14T01:56:49Z</time><extensions><speed>0.047013</speed><course>147.666571</course><hAcc>1.720912</hAcc><vAcc>2.643864</vAcc></extensions></trkpt>
      <trkpt lon="120.905493" lat="23.473395"><ele>2675.349375</ele><time>2026-09-14T01:56:50Z</time><extensions><speed>0.036372</speed><course>152.160235</course><hAcc>1.751102</hAcc><vAcc>2.647356</vAcc></extensions></trkpt>
      <trkpt lon="120.905493" lat="23.473395"><ele>2675.330056</ele><time>2026-09-14T01:56:51Z</time><extensions><speed>0.015227</speed><course>126.050205</course><hAcc>1.740340</hAcc><vAcc>2.650709</vAcc></extensions></trkpt>
      <trkpt lon="120.905493" lat="23.473395"><ele>2675.312241</ele><time>2026-09-14T01:56:52Z</time><extensions><speed>0.036473</speed><course>10.182560</course><hAcc>1.737111</hAcc><vAcc>2.653920</vAcc></extensions></trkpt>
      <trkpt lon="120.905493" lat="23.473396"><ele>2675.292087</ele><time>2026-09-14T01:56:53Z</time><extensions><speed>0.080752</speed><course>358.666362</course><hAcc>1.743542</hAcc><vAcc>2.657339</vAcc></extensions></trkpt>
      <trkpt lon="120.905493" lat="23.473397"><ele>2675.273470</ele><time>2026-09-14T01:56:54Z</time><extensions><speed>0.079994</speed><course>356.118793</course><hAcc>1.755747</hAcc><vAcc>2.660616</vAcc></extensions></trkpt>
      <trkpt lon="120.905493" lat="23.473397"><ele>2675.252580</ele><time>2026-09-14T01:56:55Z</time><extensions><speed>0.031723</speed><course>2.229304</course><hAcc>1.766599</hAcc><vAcc>2.664098</vAcc></extensions></trkpt>
      <trkpt lon="120.905493" lat="23.473397"><ele>2675.233259</ele><time>2026-09-14T01:56:56Z</time><extensions><speed>0.002923</speed><course>113.775033</course><hAcc>1.766028</hAcc><vAcc>2.667439</vAcc></extensions></trkpt>
      <trkpt lon="120.905493" lat="23.473397"><ele>2675.215442</ele><time>2026-09-14T01:56:57Z</time><extensions><speed>0.008756</speed><course>205.160266</course><hAcc>1.763462</hAcc><vAcc>2.670637</vAcc></extensions></trkpt>
      <trkpt lon="120.905493" lat="23.473397"><ele>2675.195342</ele><time>2026-09-14T01:56:58Z</time><extensions><speed>0.014207</speed><course>258.741028</course><hAcc>1.762793</hAcc><vAcc>2.674036</vAcc></extensions></trkpt>
      <trkpt lon="120.905492" lat="23.473397"><ele>2675.176772</ele><time>2026-09-14T01:56:59Z</time><extensions><speed>0.024905</speed><course>288.217832</course><hAcc>1.759915</hAcc><vAcc>2.677292</vAcc></extensions></trkpt>
      <trkpt lon="120.905492" lat="23.473397"><ele>2675.159673</ele><time>2026-09-14T01:57:00Z</time><extensions><speed>0.034082</speed><course>302.465297</course><hAcc>1.755812</hAcc><vAcc>2.680403</vAcc></extensions></trkpt>
      <trkpt lon="120.905492" lat="23.473397"><ele>2675.143948</ele><time>2026-09-14T01:57:01Z</time><extensions><speed>0.030391</speed><course>319.500376</course><hAcc>1.759918</hAcc><vAcc>2.683364</vAcc></extensions></trkpt>
      <trkpt lon="120.905492" lat="23.473398"><ele>2675.129564</ele><time>2026-09-14T01:57:02Z</time><extensions><speed>0.004889</speed><course>92.319417</course><hAcc>1.773720</hAcc><vAcc>2.686170</vAcc></extensions></trkpt>
      <trkpt lon="120.905492" lat="23.473398"><ele>2675.112704</ele><time>2026-09-14T01:57:03Z</time><extensions><speed>0.030845</speed><course>136.132654</course><hAcc>1.759875</hAcc><vAcc>2.689167</vAcc></extensions></trkpt>
      <trkpt lon="120.905492" lat="23.473397"><ele>2675.097221</ele><time>2026-09-14T01:57:04Z</time><extensions><speed>0.054770</speed><course>147.222253</course><hAcc>1.753838</hAcc><vAcc>2.692010</vAcc></extensions></trkpt>
      <trkpt lon="120.905493" lat="23.473397"><ele>2675.083055</ele><time>2026-09-14T01:57:05Z</time><extensions><speed>0.067938</speed><course>148.631832</course><hAcc>1.755990</hAcc><vAcc>2.694693</vAcc></extensions></trkpt>
      <trkpt lon="120.905493" lat="23.473396"><ele>2675.066406</ele><time>2026-09-14T01:57:06Z</time><extensions><speed>0.058884</speed><course>129.273656</course><hAcc>1.751906</hAcc><vAcc>2.697560</vAcc></extensions></trkpt>
      <trkpt lon="120.905494" lat="23.473396"><ele>2675.051105</ele><time>2026-09-14T01:57:07Z</time><extensions><speed>0.058934</speed><course>86.602999</course><hAcc>1.744222</hAcc><vAcc>2.700273</vAcc></extensions></trkpt>
      <trkpt lon="120.905494" lat="23.473396"><ele>2675.033399</ele><time>2026-09-14T01:57:08Z</time><extensions><speed>0.081577</speed><course>52.639983</course><hAcc>1.756611</hAcc><vAcc>2.703174</vAcc></extensions></trkpt>
      <trkpt lon="120.905495" lat="23.473397"><ele>2675.017057</ele><time>2026-09-14T01:57:09Z</time><extensions><speed>0.085533</speed><course>57.183038</course><hAcc>1.778225</hAcc><vAcc>2.705932</vAcc></extensions></trkpt>
      <trkpt lon="120.905496" lat="23.473397"><ele>2675.002003</ele><time>2026-09-14T01:57:10Z</time><extensions><speed>0.115605</speed><course>52.443364</course><hAcc>1.758260</hAcc><vAcc>2.708552</vAcc></extensions></trkpt>
      <trkpt lon="120.905497" lat="23.473398"><ele>2674.984483</ele><time>2026-09-14T01:57:11Z</time><extensions><speed>0.132480</speed><course>48.106134</course><hAcc>1.750624</hAcc><vAcc>2.711384</vAcc></extensions></trkpt>
      <trkpt lon="120.905498" lat="23.473399"><ele>2674.968253</ele><time>2026-09-14T01:57:12Z</time><extensions><speed>0.130365</speed><course>47.559286</course><hAcc>1.755596</hAcc><vAcc>2.714101</vAcc></extensions></trkpt>
      <trkpt lon="120.905499" lat="23.473399"><ele>2674.949600</ele><time>2026-09-14T01:57:13Z</time><extensions><speed>0.109955</speed><course>56.574475</course><hAcc>1.764546</hAcc><vAcc>2.717048</vAcc></extensions></trkpt>
      <trkpt lon="120.905500" lat="23.473400"><ele>2674.932273</ele><time>2026-09-14T01:57:14Z</time><extensions><speed>0.098630</speed><course>68.994837</course><hAcc>1.772371</hAcc><vAcc>2.719893</vAcc></extensions></trkpt>
      <trkpt lon="120.905501" lat="23.473400"><ele>2674.916219</ele><time>2026-09-14T01:57:15Z</time><extensions><speed>0.107608</speed><course>93.785696</course><hAcc>1.774850</hAcc><vAcc>2.722635</vAcc></extensions></trkpt>
      <trkpt lon="120.905502" lat="23.473400"><ele>2674.897750</ele><time>2026-09-14T01:57:16Z</time><extensions><speed>0.140483</speed><course>109.008528</course><hAcc>1.774231</hAcc><vAcc>2.725610</vAcc></extensions></trkpt>
      <trkpt lon="120.905503" lat="23.473399"><ele>2674.880611</ele><time>2026-09-14T01:57:17Z</time><extensions><speed>0.209970</speed><course>122.161482</course><hAcc>1.774283</hAcc><vAcc>2.728482</vAcc></extensions></trkpt>
      <trkpt lon="120.905505" lat="23.473398"><ele>2674.861149</ele><time>2026-09-14T01:57:18Z</time><extensions><speed>0.300663</speed><course>127.923328</course><hAcc>1.772230</hAcc><vAcc>2.731581</vAcc></extensions></trkpt>
      <trkpt lon="120.905508" lat="23.473395"><ele>2674.843079</ele><time>2026-09-14T01:57:19Z</time><extensions><speed>0.418491</speed><course>133.151532</course><hAcc>1.773763</hAcc><vAcc>2.734572</vAcc></extensions></trkpt>
      <trkpt lon="120.905511" lat="23.473392"><ele>2674.826352</ele><time>2026-09-14T01:57:20Z</time><extensions><speed>0.517929</speed><course>134.334477</course><hAcc>1.773268</hAcc><vAcc>2.737450</vAcc></extensions></trkpt>
      <trkpt lon="120.905515" lat="23.473389"><ele>2674.807330</ele><time>2026-09-14T01:57:21Z</time><extensions><speed>0.586038</speed><course>132.917065</course><hAcc>1.771477</hAcc><vAcc>2.740544</vAcc></extensions></trkpt>
      <trkpt lon="120.905520" lat="23.473385"><ele>2674.789701</ele><time>2026-09-14T01:57:22Z</time><extensions><speed>0.616490</speed><course>129.275369</course><hAcc>1.769095</hAcc><vAcc>2.743522</vAcc></extensions></trkpt>
      <trkpt lon="120.905525" lat="23.473382"><ele>2674.773417</ele><time>2026-09-14T01:57:23Z</time><extensions><speed>0.623058</speed><course>124.927347</course><hAcc>1.767620</hAcc><vAcc>2.746376</vAcc></extensions></trkpt>
      <trkpt lon="120.905530" lat="23.473379"><ele>2674.754839</ele><time>2026-09-14T01:57:24Z</time><extensions><speed>0.615028</speed><course>120.576429</course><hAcc>1.767059</hAcc><vAcc>2.749435</vAcc></extensions></trkpt>
      <trkpt lon="120.905535" lat="23.473377"><ele>2674.737646</ele><time>2026-09-14T01:57:25Z</time><extensions><speed>0.592551</speed><course>115.079054</course><hAcc>1.765926</hAcc><vAcc>2.752369</vAcc></extensions></trkpt>
      <trkpt lon="120.905540" lat="23.473375"><ele>2674.718224</ele><time>2026-09-14T01:57:26Z</time><extensions><speed>0.565248</speed><course>107.299778</course><hAcc>1.763072</hAcc><vAcc>2.755504</vAcc></extensions></trkpt>
      <trkpt lon="120.905546" lat="23.473374"><ele>2674.698267</ele><time>2026-09-14T01:57:27Z</time><extensions><speed>0.545232</speed><course>93.795539</course><hAcc>1.752646</hAcc><vAcc>2.758418</vAcc></extensions></trkpt>
      <trkpt lon="120.905551" lat="23.473374"><ele>2674.660258</ele><time>2026-09-14T01:57:28Z</time><extensions><speed>0.555115</speed><course>75.920599</course><hAcc>1.733555</hAcc><vAcc>2.760319</vAcc></extensions></trkpt>
      <trkpt lon="120.905556" lat="23.473376"><ele>2674.624761</ele><time>2026-09-14T01:57:29Z</time><extensions><speed>0.601766</speed><course>60.890901</course><hAcc>1.712093</hAcc><vAcc>2.761963</vAcc></extensions></trkpt>
      <trkpt lon="120.905561" lat="23.473380"><ele>2674.587882</ele><time>2026-09-14T01:57:30Z</time><extensions><speed>0.698489</speed><course>48.122304</course><hAcc>1.695897</hAcc><vAcc>2.763739</vAcc></extensions></trkpt>
      <trkpt lon="120.905565" lat="23.473384"><ele>2674.552592</ele><time>2026-09-14T01:57:31Z</time><extensions><speed>0.585615</speed><course>36.759372</course><hAcc>1.683659</hAcc><vAcc>2.765384</vAcc></extensions></trkpt>
      <trkpt lon="120.905568" lat="23.473389"><ele>2674.514258</ele><time>2026-09-14T01:57:32Z</time><extensions><speed>0.614088</speed><course>17.368369</course><hAcc>1.651189</hAcc><vAcc>2.767341</vAcc></extensions></trkpt>
      <trkpt lon="120.905568" lat="23.473394"><ele>2674.474721</ele><time>2026-09-14T01:57:33Z</time><extensions><speed>0.567107</speed><course>353.075278</course><hAcc>1.634294</hAcc><vAcc>2.769376</vAcc></extensions></trkpt>
      <trkpt lon="120.905567" lat="23.473400"><ele>2674.431349</ele><time>2026-09-14T01:57:34Z</time><extensions><speed>0.650844</speed><course>348.283552</course><hAcc>1.582160</hAcc><vAcc>2.771497</vAcc></extensions></trkpt>
      <trkpt lon="120.905565" lat="23.473405"><ele>2674.376863</ele><time>2026-09-14T01:57:35Z</time><extensions><speed>0.672432</speed><course>342.222520</course><hAcc>1.523150</hAcc><vAcc>2.773768</vAcc></extensions></trkpt>
      <trkpt lon="120.905563" lat="23.473411"><ele>2674.309875</ele><time>2026-09-14T01:57:36Z</time><extensions><speed>0.637950</speed><course>337.681049</course><hAcc>1.490598</hAcc><vAcc>2.774864</vAcc></extensions></trkpt>
      <trkpt lon="120.905561" lat="23.473415"><ele>2674.279358</ele><time>2026-09-14T01:57:36Z</time><extensions><speed>0.582124</speed><course>334.631107</course><hAcc>1.497311</hAcc><vAcc>2.770569</vAcc></extensions></trkpt>
      <trkpt lon="120.905561" lat="23.473416"><ele>2674.702639</ele><time>2026-09-14T01:57:37Z</time><extensions><speed>0.582448</speed><course>334.391673</course><hAcc>1.496208</hAcc><vAcc>2.732018</vAcc></extensions></trkpt>
      <trkpt lon="120.905558" lat="23.473420"><ele>2674.619008</ele><time>2026-09-14T01:57:38Z</time><extensions><speed>0.486282</speed><course>324.489104</course><hAcc>1.507138</hAcc><vAcc>2.733682</vAcc></extensions></trkpt>
      <trkpt lon="120.905555" lat="23.473424"><ele>2674.543203</ele><time>2026-09-14T01:57:39Z</time><extensions><speed>0.547607</speed><course>323.984748</course><hAcc>1.506447</hAcc><vAcc>2.735696</vAcc></extensions></trkpt>
      <trkpt lon="120.905551" lat="23.473428"><ele>2674.478176</ele><time>2026-09-14T01:57:40Z</time><extensions><speed>0.660661</speed><course>325.811056</course><hAcc>1.510975</hAcc><vAcc>2.738887</vAcc></extensions></trkpt>
      <trkpt lon="120.905548" lat="23.473434"><ele>2674.419737</ele><time>2026-09-14T01:57:41Z</time><extensions><speed>0.718479</speed><course>326.986581</course><hAcc>1.514277</hAcc><vAcc>2.743674</vAcc></extensions></trkpt>
      <trkpt lon="120.905544" lat="23.473439"><ele>2674.370320</ele><time>2026-09-14T01:57:42Z</time><extensions><speed>0.642573</speed><course>329.809859</course><hAcc>1.548600</hAcc><vAcc>2.749496</vAcc></extensions></trkpt>
      <trkpt lon="120.905541" lat="23.473443"><ele>2674.328873</ele><time>2026-09-14T01:57:43Z</time><extensions><speed>0.501117</speed><course>332.879279</course><hAcc>1.600993</hAcc><vAcc>2.755983</vAcc></extensions></trkpt>
      <trkpt lon="120.905539" lat="23.473447"><ele>2674.291015</ele><time>2026-09-14T01:57:44Z</time><extensions><speed>0.447401</speed><course>336.121540</course><hAcc>1.620949</hAcc><vAcc>2.763093</vAcc></extensions></trkpt>
      <trkpt lon="120.905537" lat="23.473451"><ele>2674.259283</ele><time>2026-09-14T01:57:45Z</time><extensions><speed>0.402280</speed><course>327.522727</course><hAcc>1.620774</hAcc><vAcc>2.770253</vAcc></extensions></trkpt>
      <trkpt lon="120.905535" lat="23.473453"><ele>2674.232839</ele><time>2026-09-14T01:57:46Z</time><extensions><speed>0.427774</speed><course>318.351305</course><hAcc>1.613967</hAcc><vAcc>2.777256</vAcc></extensions></trkpt>
      <trkpt lon="120.905532" lat="23.473456"><ele>2674.207546</ele><time>2026-09-14T01:57:47Z</time><extensions><speed>0.495214</speed><course>314.965854</course><hAcc>1.633396</hAcc><vAcc>2.784270</vAcc></extensions></trkpt>
      <trkpt lon="120.905528" lat="23.473460"><ele>2674.186268</ele><time>2026-09-14T01:57:48Z</time><extensions><speed>0.486118</speed><course>312.098230</course><hAcc>1.667080</hAcc><vAcc>2.790910</vAcc></extensions></trkpt>
      <trkpt lon="120.905525" lat="23.473462"><ele>2674.165061</ele><time>2026-09-14T01:57:49Z</time><extensions><speed>0.428588</speed><course>310.650081</course><hAcc>1.688062</hAcc><vAcc>2.797435</vAcc></extensions></trkpt>
      <trkpt lon="120.905522" lat="23.473465"><ele>2674.146961</ele><time>2026-09-14T01:57:50Z</time><extensions><speed>0.398280</speed><course>308.426407</course><hAcc>1.693515</hAcc><vAcc>2.803524</vAcc></extensions></trkpt>
      <trkpt lon="120.905519" lat="23.473467"><ele>2674.131565</ele><time>2026-09-14T01:57:51Z</time><extensions><speed>0.383329</speed><course>306.552528</course><hAcc>1.693996</hAcc><vAcc>2.809170</vAcc></extensions></trkpt>
      <trkpt lon="120.905516" lat="23.473469"><ele>2674.115133</ele><time>2026-09-14T01:57:52Z</time><extensions><speed>0.390451</speed><course>306.765019</course><hAcc>1.689742</hAcc><vAcc>2.814693</vAcc></extensions></trkpt>
      <trkpt lon="120.905513" lat="23.473471"><ele>2674.100885</ele><time>2026-09-14T01:57:53Z</time><extensions><speed>0.433056</speed><course>310.743984</course><hAcc>1.681851</hAcc><vAcc>2.819808</vAcc></extensions></trkpt>
      <trkpt lon="120.905509" lat="23.473474"><ele>2674.085190</ele><time>2026-09-14T01:57:54Z</time><extensions><speed>0.499237</speed><course>316.543420</course><hAcc>1.680379</hAcc><vAcc>2.824843</vAcc></extensions></trkpt>
      <trkpt lon="120.905506" lat="23.473478"><ele>2674.071333</ele><time>2026-09-14T01:57:55Z</time><extensions><speed>0.566127</speed><course>313.749837</course><hAcc>1.686387</hAcc><vAcc>2.829521</vAcc></extensions></trkpt>
      <trkpt lon="120.905502" lat="23.473481"><ele>2674.059125</ele><time>2026-09-14T01:57:56Z</time><extensions><speed>0.538834</speed><course>306.895240</course><hAcc>1.687097</hAcc><vAcc>2.833863</vAcc></extensions></trkpt>
      <trkpt lon="120.905497" lat="23.473484"><ele>2674.045031</ele><time>2026-09-14T01:57:57Z</time><extensions><speed>0.537789</speed><course>306.910694</course><hAcc>1.692622</hAcc><vAcc>2.838199</vAcc></extensions></trkpt>
      <trkpt lon="120.905494" lat="23.473486"><ele>2674.032417</ele><time>2026-09-14T01:57:58Z</time><extensions><speed>0.423127</speed><course>311.994644</course><hAcc>1.709395</hAcc><vAcc>2.842246</vAcc></extensions></trkpt>
      <trkpt lon="120.905491" lat="23.473489"><ele>2674.017806</ele><time>2026-09-14T01:57:59Z</time><extensions><speed>0.348478</speed><course>318.212848</course><hAcc>1.704596</hAcc><vAcc>2.846327</vAcc></extensions></trkpt>
      <trkpt lon="120.905489" lat="23.473491"><ele>2674.004581</ele><time>2026-09-14T01:58:00Z</time><extensions><speed>0.285948</speed><course>332.804995</course><hAcc>1.705502</hAcc><vAcc>2.850156</vAcc></extensions></trkpt>
      <trkpt lon="120.905489" lat="23.473493"><ele>2673.992643</ele><time>2026-09-14T01:58:01Z</time><extensions><speed>0.210920</speed><course>2.701517</course><hAcc>1.722335</hAcc><vAcc>2.853746</vAcc></extensions></trkpt>
      <trkpt lon="120.905490" lat="23.473495"><ele>2673.978553</ele><time>2026-09-14T01:58:02Z</time><extensions><speed>0.197846</speed><course>50.636805</course><hAcc>1.742555</hAcc><vAcc>2.857417</vAcc></extensions></trkpt>
      <trkpt lon="120.905492" lat="23.473495"><ele>2673.965715</ele><time>2026-09-14T01:58:03Z</time><extensions><speed>0.253571</speed><course>78.381958</course><hAcc>1.758825</hAcc><vAcc>2.860876</vAcc></extensions></trkpt>
      <trkpt lon="120.905495" lat="23.473496"><ele>2673.954059</ele><time>2026-09-14T01:58:04Z</time><extensions><speed>0.352943</speed><course>93.791392</course><hAcc>1.764711</hAcc><vAcc>2.864131</vAcc></extensions></trkpt>
      <trkpt lon="120.905499" lat="23.473495"><ele>2673.943516</ele><time>2026-09-14T01:58:05Z</time><extensions><speed>0.444162</speed><course>99.547543</course><hAcc>1.768251</hAcc><vAcc>2.867188</vAcc></extensions></trkpt>
      <trkpt lon="120.905503" lat="23.473494"><ele>2673.934019</ele><time>2026-09-14T01:58:06Z</time><extensions><speed>0.544426</speed><course>103.123291</course><hAcc>1.767345</hAcc><vAcc>2.870052</vAcc></extensions></trkpt>
      <trkpt lon="120.905509" lat="23.473493"><ele>2673.922153</ele><time>2026-09-14T01:58:07Z</time><extensions><speed>0.582051</speed><course>104.385596</course><hAcc>1.768649</hAcc><vAcc>2.873037</vAcc></extensions></trkpt>
      <trkpt lon="120.905514" lat="23.473492"><ele>2673.911354</ele><time>2026-09-14T01:58:08Z</time><extensions><speed>0.581438</speed><course>105.664387</course><hAcc>1.770566</hAcc><vAcc>2.875844</vAcc></extensions></trkpt>
      <trkpt lon="120.905520" lat="23.473490"><ele>2673.901571</ele><time>2026-09-14T01:58:09Z</time><extensions><speed>0.569663</speed><course>107.308441</course><hAcc>1.771781</hAcc><vAcc>2.878475</vAcc></extensions></trkpt>
      <trkpt lon="120.905525" lat="23.473489"><ele>2673.889411</ele><time>2026-09-14T01:58:10Z</time><extensions><speed>0.562493</speed><course>107.357910</course><hAcc>1.768141</hAcc><vAcc>2.881239</vAcc></extensions></trkpt>
      <trkpt lon="120.905531" lat="23.473487"><ele>2673.878296</ele><time>2026-09-14T01:58:11Z</time><extensions><speed>0.611869</speed><course>109.791202</course><hAcc>1.765888</hAcc><vAcc>2.883840</vAcc></extensions></trkpt>
      <trkpt lon="120.905537" lat="23.473485"><ele>2673.864848</ele><time>2026-09-14T01:58:12Z</time><extensions><speed>0.617311</speed><course>108.796598</course><hAcc>1.763845</hAcc><vAcc>2.886588</vAcc></extensions></trkpt>
      <trkpt lon="120.905542" lat="23.473483"><ele>2673.852470</ele><time>2026-09-14T01:58:13Z</time><extensions><speed>0.617676</speed><course>105.910684</course><hAcc>1.758858</hAcc><vAcc>2.889189</vAcc></extensions></trkpt>
      <trkpt lon="120.905549" lat="23.473482"><ele>2673.841096</ele><time>2026-09-14T01:58:14Z</time><extensions><speed>0.633244</speed><course>101.999582</course><hAcc>1.745757</hAcc><vAcc>2.891649</vAcc></extensions></trkpt>
      <trkpt lon="120.905555" lat="23.473481"><ele>2673.827366</ele><time>2026-09-14T01:58:15Z</time><extensions><speed>0.640457</speed><course>95.957081</course><hAcc>1.722316</hAcc><vAcc>2.894280</vAcc></extensions></trkpt>
      <trkpt lon="120.905561" lat="23.473481"><ele>2673.814656</ele><time>2026-09-14T01:58:16Z</time><extensions><speed>0.683552</speed><course>91.551635</course><hAcc>1.689271</hAcc><vAcc>2.896794</vAcc></extensions></trkpt>
      <trkpt lon="120.905568" lat="23.473481"><ele>2673.799636</ele><time>2026-09-14T01:58:17Z</time><extensions><speed>0.710741</speed><course>85.592298</course><hAcc>1.654033</hAcc><vAcc>2.899496</vAcc></extensions></trkpt>
      <trkpt lon="120.905575" lat="23.473482"><ele>2673.785674</ele><time>2026-09-14T01:58:18Z</time><extensions><speed>0.757870</speed><course>80.763031</course><hAcc>1.630750</hAcc><vAcc>2.902094</vAcc></extensions></trkpt>
      <trkpt lon="120.905582" lat="23.473483"><ele>2673.772730</ele><time>2026-09-14T01:58:19Z</time><extensions><speed>0.682663</speed><course>83.896234</course><hAcc>1.630487</hAcc><vAcc>2.904589</vAcc></extensions></trkpt>
      <trkpt lon="120.905588" lat="23.473483"><ele>2673.757506</ele><time>2026-09-14T01:58:20Z</time><extensions><speed>0.425047</speed><course>90.859178</course><hAcc>1.650026</hAcc><vAcc>2.907279</vAcc></extensions></trkpt>
      <trkpt lon="120.905592" lat="23.473483"><ele>2673.743359</ele><time>2026-09-14T01:58:21Z</time><extensions><speed>0.484180</speed><course>93.439734</course><hAcc>1.627962</hAcc><vAcc>2.909868</vAcc></extensions></trkpt>
      <trkpt lon="120.905598" lat="23.473482"><ele>2673.727009</ele><time>2026-09-14T01:58:22Z</time><extensions><speed>0.641512</speed><course>94.925062</course><hAcc>1.613982</hAcc><vAcc>2.912651</vAcc></extensions></trkpt>
      <trkpt lon="120.905604" lat="23.473482"><ele>2673.711803</ele><time>2026-09-14T01:58:23Z</time><extensions><speed>0.638149</speed><course>96.967815</course><hAcc>1.630577</hAcc><vAcc>2.915331</vAcc></extensions></trkpt>
      <trkpt lon="120.905610" lat="23.473482"><ele>2673.697701</ele><time>2026-09-14T01:58:24Z</time><extensions><speed>0.650344</speed><course>89.588237</course><hAcc>1.651498</hAcc><vAcc>2.917904</vAcc></extensions></trkpt>
      <trkpt lon="120.905616" lat="23.473482"><ele>2673.681427</ele><time>2026-09-14T01:58:25Z</time><extensions><speed>0.620128</speed><course>86.817399</course><hAcc>1.678106</hAcc><vAcc>2.920666</vAcc></extensions></trkpt>
      <trkpt lon="120.905622" lat="23.473482"><ele>2673.666310</ele><time>2026-09-14T01:58:26Z</time><extensions><speed>0.539540</speed><course>87.298094</course><hAcc>1.706596</hAcc><vAcc>2.923320</vAcc></extensions></trkpt>
      <trkpt lon="120.905627" lat="23.473482"><ele>2673.649096</ele><time>2026-09-14T01:58:27Z</time><extensions><speed>0.453882</speed><course>93.653589</course><hAcc>1.727835</hAcc><vAcc>2.926159</vAcc></extensions></trkpt>
      <trkpt lon="120.905631" lat="23.473481"><ele>2673.633091</ele><time>2026-09-14T01:58:28Z</time><extensions><speed>0.372126</speed><course>106.061960</course><hAcc>1.756214</hAcc><vAcc>2.928888</vAcc></extensions></trkpt>
      <trkpt lon="120.905634" lat="23.473480"><ele>2673.618253</ele><time>2026-09-14T01:58:29Z</time><extensions><speed>0.290672</speed><course>129.286243</course><hAcc>1.791773</hAcc><vAcc>2.931504</vAcc></extensions></trkpt>
      <trkpt lon="120.905636" lat="23.473479"><ele>2673.601339</ele><time>2026-09-14T01:58:30Z</time><extensions><speed>0.288742</speed><course>95.843354</course><hAcc>1.808400</hAcc><vAcc>2.934300</vAcc></extensions></trkpt>
      <trkpt lon="120.905639" lat="23.473479"><ele>2673.585631</ele><time>2026-09-14T01:58:31Z</time><extensions><speed>0.367474</speed><course>80.208183</course><hAcc>1.810639</hAcc><vAcc>2.936982</vAcc></extensions></trkpt>
      <trkpt lon="120.905643" lat="23.473480"><ele>2673.571090</ele><time>2026-09-14T01:58:32Z</time><extensions><speed>0.433244</speed><course>70.311833</course><hAcc>1.810760</hAcc><vAcc>2.939547</vAcc></extensions></trkpt>
      <trkpt lon="120.905647" lat="23.473482"><ele>2673.554472</ele><time>2026-09-14T01:58:33Z</time><extensions><speed>0.518057</speed><course>54.597053</course><hAcc>1.812262</hAcc><vAcc>2.942285</vAcc></extensions></trkpt>
      <trkpt lon="120.905651" lat="23.473486"><ele>2673.539057</ele><time>2026-09-14T01:58:34Z</time><extensions><speed>0.648554</speed><course>39.293906</course><hAcc>1.810572</hAcc><vAcc>2.944907</vAcc></extensions></trkpt>
      <trkpt lon="120.905655" lat="23.473491"><ele>2673.521625</ele><time>2026-09-14T01:58:35Z</time><extensions><speed>0.780178</speed><course>29.221874</course><hAcc>1.806683</hAcc><vAcc>2.947701</vAcc></extensions></trkpt>
      <trkpt lon="120.905659" lat="23.473498"><ele>2673.505431</ele><time>2026-09-14T01:58:36Z</time><extensions><speed>0.826876</speed><course>22.423290</course><hAcc>1.805179</hAcc><vAcc>2.950380</vAcc></extensions></trkpt>
      <trkpt lon="120.905661" lat="23.473505"><ele>2673.490431</ele><time>2026-09-14T01:58:37Z</time><extensions><speed>0.780488</speed><course>16.415382</course><hAcc>1.804029</hAcc><vAcc>2.952939</vAcc></extensions></trkpt>
      <trkpt lon="120.905663" lat="23.473511"><ele>2673.473410</ele><time>2026-09-14T01:58:38Z</time><extensions><speed>0.718658</speed><course>8.760159</course><hAcc>1.797075</hAcc><vAcc>2.955666</vAcc></extensions></trkpt>
      <trkpt lon="120.905663" lat="23.473518"><ele>2673.457608</ele><time>2026-09-14T01:58:39Z</time><extensions><speed>0.658135</speed><course>358.307412</course><hAcc>1.789880</hAcc><vAcc>2.958277</vAcc></extensions></trkpt>
      <trkpt lon="120.905662" lat="23.473523"><ele>2673.439835</ele><time>2026-09-14T01:58:40Z</time><extensions><speed>0.613663</speed><course>347.865092</course><hAcc>1.789194</hAcc><vAcc>2.961059</vAcc></extensions></trkpt>
      <trkpt lon="120.905661" lat="23.473529"><ele>2673.423306</ele><time>2026-09-14T01:58:41Z</time><extensions><speed>0.601660</speed><course>338.408462</course><hAcc>1.786059</hAcc><vAcc>2.963728</vAcc></extensions></trkpt>
      <trkpt lon="120.905658" lat="23.473534"><ele>2673.407971</ele><time>2026-09-14T01:58:42Z</time><extensions><speed>0.610828</speed><course>331.577657</course><hAcc>1.782773</hAcc><vAcc>2.966283</vAcc></extensions></trkpt>
      <trkpt lon="120.905655" lat="23.473538"><ele>2673.390645</ele><time>2026-09-14T01:58:43Z</time><extensions><speed>0.618052</speed><course>325.966273</course><hAcc>1.779620</hAcc><vAcc>2.969011</vAcc></extensions></trkpt>
      <trkpt lon="120.905651" lat="23.473543"><ele>2673.374541</ele><time>2026-09-14T01:58:44Z</time><extensions><speed>0.609196</speed><course>321.547389</course><hAcc>1.777891</hAcc><vAcc>2.971627</vAcc></extensions></trkpt>
      <trkpt lon="120.905648" lat="23.473547"><ele>2673.356498</ele><time>2026-09-14T01:58:45Z</time><extensions><speed>0.594249</speed><course>320.142158</course><hAcc>1.779290</hAcc><vAcc>2.974416</vAcc></extensions></trkpt>
      <trkpt lon="120.905644" lat="23.473551"><ele>2673.339711</ele><time>2026-09-14T01:58:46Z</time><extensions><speed>0.580331</speed><course>317.949200</course><hAcc>1.777301</hAcc><vAcc>2.977092</vAcc></extensions></trkpt>
      <trkpt lon="120.905640" lat="23.473555"><ele>2673.324132</ele><time>2026-09-14T01:58:47Z</time><extensions><speed>0.576109</speed><course>320.011027</course><hAcc>1.776957</hAcc><vAcc>2.979655</vAcc></extensions></trkpt>
      <trkpt lon="120.905637" lat="23.473559"><ele>2673.306602</ele><time>2026-09-14T01:58:48Z</time><extensions><speed>0.568337</speed><course>320.478531</course><hAcc>1.774570</hAcc><vAcc>2.982388</vAcc></extensions></trkpt>
      <trkpt lon="120.905633" lat="23.473563"><ele>2673.290308</ele><time>2026-09-14T01:58:49Z</time><extensions><speed>0.552322</speed><course>322.721561</course><hAcc>1.773164</hAcc><vAcc>2.985008</vAcc></extensions></trkpt>
      <trkpt lon="120.905630" lat="23.473567"><ele>2673.272110</ele><time>2026-09-14T01:58:50Z</time><extensions><speed>0.529659</speed><course>324.132405</course><hAcc>1.772222</hAcc><vAcc>2.987797</vAcc></extensions></trkpt>
      <trkpt lon="120.905627" lat="23.473571"><ele>2673.255179</ele><time>2026-09-14T01:58:51Z</time><extensions><speed>0.511724</speed><course>323.376684</course><hAcc>1.772333</hAcc><vAcc>2.990473</vAcc></extensions></trkpt>
      <trkpt lon="120.905624" lat="23.473574"><ele>2673.239465</ele><time>2026-09-14T01:58:52Z</time><extensions><speed>0.511580</speed><course>319.740447</course><hAcc>1.773663</hAcc><vAcc>2.993033</vAcc></extensions></trkpt>
      <trkpt lon="120.905620" lat="23.473578"><ele>2673.221837</ele><time>2026-09-14T01:58:53Z</time><extensions><speed>0.522921</speed><course>312.581931</course><hAcc>1.775564</hAcc><vAcc>2.995760</vAcc></extensions></trkpt>
      <trkpt lon="120.905616" lat="23.473581"><ele>2673.205451</ele><time>2026-09-14T01:58:54Z</time><extensions><speed>0.556719</speed><course>306.339671</course><hAcc>1.775661</hAcc><vAcc>2.998373</vAcc></extensions></trkpt>
      <trkpt lon="120.905611" lat="23.473584"><ele>2673.190261</ele><time>2026-09-14T01:58:55Z</time><extensions><speed>0.592661</speed><course>301.617832</course><hAcc>1.774635</hAcc><vAcc>3.000870</vAcc></extensions></trkpt>
      <trkpt lon="120.905606" lat="23.473587"><ele>2673.173136</ele><time>2026-09-14T01:58:56Z</time><extensions><speed>0.624088</speed><course>298.240211</course><hAcc>1.772373</hAcc><vAcc>3.003529</vAcc></extensions></trkpt>
      <trkpt lon="120.905601" lat="23.473589"><ele>2673.157233</ele><time>2026-09-14T01:58:57Z</time><extensions><speed>0.636205</speed><course>299.561696</course><hAcc>1.773510</hAcc><vAcc>3.006073</vAcc></extensions></trkpt>
      <trkpt lon="120.905596" lat="23.473592"><ele>2673.139444</ele><time>2026-09-14T01:58:58Z</time><extensions><speed>0.633030</speed><course>303.500034</course><hAcc>1.776527</hAcc><vAcc>3.008780</vAcc></extensions></trkpt>
      <trkpt lon="120.905590" lat="23.473596"><ele>2673.122899</ele><time>2026-09-14T01:58:59Z</time><extensions><speed>0.619074</speed><course>304.228378</course><hAcc>1.776200</hAcc><vAcc>3.011373</vAcc></extensions></trkpt>
      <trkpt lon="120.905585" lat="23.473599"><ele>2673.107553</ele><time>2026-09-14T01:59:00Z</time><extensions><speed>0.597434</speed><course>302.945686</course><hAcc>1.774129</hAcc><vAcc>3.013849</vAcc></extensions></trkpt>
      <trkpt lon="120.905581" lat="23.473601"><ele>2673.090305</ele><time>2026-09-14T01:59:01Z</time><extensions><speed>0.572738</speed><course>301.686014</course><hAcc>1.773058</hAcc><vAcc>3.016486</vAcc></extensions></trkpt>
      <trkpt lon="120.905576" lat="23.473604"><ele>2673.074275</ele><time>2026-09-14T01:59:02Z</time><extensions><speed>0.542682</speed><course>299.594045</course><hAcc>1.771275</hAcc><vAcc>3.019009</vAcc></extensions></trkpt>
      <trkpt lon="120.905571" lat="23.473606"><ele>2673.056368</ele><time>2026-09-14T01:59:03Z</time><extensions><speed>0.505714</speed><course>298.977442</course><hAcc>1.769178</hAcc><vAcc>3.021696</vAcc></extensions></trkpt>
      <trkpt lon="120.905567" lat="23.473609"><ele>2673.039696</ele><time>2026-09-14T01:59:04Z</time><extensions><speed>0.470604</speed><course>300.264719</course><hAcc>1.766901</hAcc><vAcc>3.024272</vAcc></extensions></trkpt>
      <trkpt lon="120.905563" lat="23.473611"><ele>2673.024207</ele><time>2026-09-14T01:59:05Z</time><extensions><speed>0.446483</speed><course>299.429799</course><hAcc>1.761271</hAcc><vAcc>3.026739</vAcc></extensions></trkpt>
      <trkpt lon="120.905559" lat="23.473613"><ele>2673.006840</ele><time>2026-09-14T01:59:06Z</time><extensions><speed>0.439639</speed><course>296.294052</course><hAcc>1.748219</hAcc><vAcc>3.029370</vAcc></extensions></trkpt>
      <trkpt lon="120.905555" lat="23.473614"><ele>2672.990679</ele><time>2026-09-14T01:59:07Z</time><extensions><speed>0.461513</speed><course>288.407467</course><hAcc>1.722699</hAcc><vAcc>3.031892</vAcc></extensions></trkpt>
      <trkpt lon="120.905551" lat="23.473616"><ele>2672.975669</ele><time>2026-09-14T01:59:08Z</time><extensions><speed>0.490507</speed><course>283.883154</course><hAcc>1.699436</hAcc><vAcc>3.034305</vAcc></extensions></trkpt>
      <trkpt lon="120.905546" lat="23.473616"><ele>2672.961776</ele><time>2026-09-14T01:59:09Z</time><extensions><speed>0.559415</speed><course>277.092310</course><hAcc>1.690970</hAcc><vAcc>3.036604</vAcc></extensions></trkpt>
      <trkpt lon="120.905540" lat="23.473618"><ele>2672.948951</ele><time>2026-09-14T01:59:10Z</time><extensions><speed>0.579568</speed><course>292.069467</course><hAcc>1.697379</hAcc><vAcc>3.038786</vAcc></extensions></trkpt>
      <trkpt lon="120.905535" lat="23.473620"><ele>2672.934122</ele><time>2026-09-14T01:59:11Z</time><extensions><speed>0.594740</speed><course>300.550198</course><hAcc>1.675345</hAcc><vAcc>3.041128</vAcc></extensions></trkpt>
      <trkpt lon="120.905530" lat="23.473623"><ele>2672.920394</ele><time>2026-09-14T01:59:12Z</time><extensions><speed>0.667915</speed><course>305.894932</course><hAcc>1.652060</hAcc><vAcc>3.043355</vAcc></extensions></trkpt>
      <trkpt lon="120.905525" lat="23.473627"><ele>2672.904716</ele><time>2026-09-14T01:59:13Z</time><extensions><speed>0.741929</speed><course>310.670733</course><hAcc>1.642760</hAcc><vAcc>3.045737</vAcc></extensions></trkpt>
      <trkpt lon="120.905519" lat="23.473632"><ele>2672.890172</ele><time>2026-09-14T01:59:14Z</time><extensions><speed>0.776436</speed><course>313.662712</course><hAcc>1.650914</hAcc><vAcc>3.048005</vAcc></extensions></trkpt>
      <trkpt lon="120.905514" lat="23.473637"><ele>2672.876709</ele><time>2026-09-14T01:59:15Z</time><extensions><speed>0.737461</speed><course>319.402189</course><hAcc>1.638907</hAcc><vAcc>3.050156</vAcc></extensions></trkpt>
      <trkpt lon="120.905509" lat="23.473642"><ele>2672.861277</ele><time>2026-09-14T01:59:16Z</time><extensions><speed>0.747645</speed><course>319.001382</course><hAcc>1.628716</hAcc><vAcc>3.052467</vAcc></extensions></trkpt>
      <trkpt lon="120.905505" lat="23.473647"><ele>2672.846941</ele><time>2026-09-14T01:59:17Z</time><extensions><speed>0.691437</speed><course>314.923198</course><hAcc>1.632490</hAcc><vAcc>3.054669</vAcc></extensions></trkpt>
      <trkpt lon="120.905500" lat="23.473651"><ele>2672.833648</ele><time>2026-09-14T01:59:18Z</time><extensions><speed>0.656348</speed><course>308.704360</course><hAcc>1.645720</hAcc><vAcc>3.056764</vAcc></extensions></trkpt>
      <trkpt lon="120.905495" lat="23.473655"><ele>2672.818349</ele><time>2026-09-14T01:59:19Z</time><extensions><speed>0.721174</speed><course>308.866225</course><hAcc>1.657631</hAcc><vAcc>3.059031</vAcc></extensions></trkpt>
      <trkpt lon="120.905489" lat="23.473659"><ele>2672.804100</ele><time>2026-09-14T01:59:20Z</time><extensions><speed>0.708221</speed><course>314.125815</course><hAcc>1.643185</hAcc><vAcc>3.061203</vAcc></extensions></trkpt>
      <trkpt lon="120.905485" lat="23.473664"><ele>2672.787883</ele><time>2026-09-14T01:59:21Z</time><extensions><speed>0.742956</speed><course>319.171834</course><hAcc>1.635967</hAcc><vAcc>3.063555</vAcc></extensions></trkpt>
      <trkpt lon="120.905480" lat="23.473669"><ele>2672.772748</ele><time>2026-09-14T01:59:22Z</time><extensions><speed>0.790833</speed><course>321.629011</course><hAcc>1.633809</hAcc><vAcc>3.065819</vAcc></extensions></trkpt>
      <trkpt lon="120.905475" lat="23.473675"><ele>2672.758657</ele><time>2026-09-14T01:59:23Z</time><extensions><speed>0.790644</speed><course>321.484538</course><hAcc>1.641801</hAcc><vAcc>3.067991</vAcc></extensions></trkpt>
      <trkpt lon="120.905470" lat="23.473680"><ele>2672.742613</ele><time>2026-09-14T01:59:24Z</time><extensions><speed>0.765116</speed><course>320.617093</course><hAcc>1.658500</hAcc><vAcc>3.070341</vAcc></extensions></trkpt>
      <trkpt lon="120.905466" lat="23.473686"><ele>2672.727649</ele><time>2026-09-14T01:59:25Z</time><extensions><speed>0.734005</speed><course>324.207340</course><hAcc>1.645569</hAcc><vAcc>3.072600</vAcc></extensions></trkpt>
      <trkpt lon="120.905462" lat="23.473692"><ele>2672.710786</ele><time>2026-09-14T01:59:26Z</time><extensions><speed>0.810040</speed><course>325.477498</course><hAcc>1.640589</hAcc><vAcc>3.075035</vAcc></extensions></trkpt>
      <trkpt lon="120.905457" lat="23.473698"><ele>2672.695039</ele><time>2026-09-14T01:59:27Z</time><extensions><speed>0.865925</speed><course>325.440935</course><hAcc>1.654082</hAcc><vAcc>3.077382</vAcc></extensions></trkpt>
      <trkpt lon="120.905452" lat="23.473704"><ele>2672.680367</ele><time>2026-09-14T01:59:28Z</time><extensions><speed>0.775596</speed><course>328.896941</course><hAcc>1.647338</hAcc><vAcc>3.079637</vAcc></extensions></trkpt>
      <trkpt lon="120.905449" lat="23.473710"><ele>2672.663793</ele><time>2026-09-14T01:59:29Z</time><extensions><speed>0.730575</speed><course>330.703698</course><hAcc>1.647843</hAcc><vAcc>3.082067</vAcc></extensions></trkpt>
      <trkpt lon="120.905445" lat="23.473715"><ele>2672.648332</ele><time>2026-09-14T01:59:30Z</time><extensions><speed>0.706625</speed><course>330.325994</course><hAcc>1.652824</hAcc><vAcc>3.084405</vAcc></extensions></trkpt>
      <trkpt lon="120.905442" lat="23.473721"><ele>2672.631030</ele><time>2026-09-14T01:59:31Z</time><extensions><speed>0.709154</speed><course>329.714558</course><hAcc>1.652121</hAcc><vAcc>3.086913</vAcc></extensions></trkpt>
      <trkpt lon="120.905438" lat="23.473726"><ele>2672.614880</ele><time>2026-09-14T01:59:32Z</time><extensions><speed>0.644760</speed><course>329.771183</course><hAcc>1.652805</hAcc><vAcc>3.089326</vAcc></extensions></trkpt>
      <trkpt lon="120.905435" lat="23.473731"><ele>2672.599842</ele><time>2026-09-14T01:59:33Z</time><extensions><speed>0.667566</speed><course>329.016840</course><hAcc>1.644213</hAcc><vAcc>3.091643</vAcc></extensions></trkpt>
      <trkpt lon="120.905431" lat="23.473736"><ele>2672.582962</ele><time>2026-09-14T01:59:34Z</time><extensions><speed>0.640869</speed><course>329.428938</course><hAcc>1.637686</hAcc><vAcc>3.094126</vAcc></extensions></trkpt>
      <trkpt lon="120.905428" lat="23.473741"><ele>2672.567226</ele><time>2026-09-14T01:59:35Z</time><extensions><speed>0.581052</speed><course>325.908502</course><hAcc>1.636854</hAcc><vAcc>3.096510</vAcc></extensions></trkpt>
      <trkpt lon="120.905425" lat="23.473745"><ele>2672.549701</ele><time>2026-09-14T01:59:36Z</time><extensions><speed>0.536215</speed><course>320.573821</course><hAcc>1.642183</hAcc><vAcc>3.099057</vAcc></extensions></trkpt>
      <trkpt lon="120.905422" lat="23.473749"><ele>2672.533352</ele><time>2026-09-14T01:59:37Z</time><extensions><speed>0.574798</speed><course>322.525396</course><hAcc>1.646979</hAcc><vAcc>3.101505</vAcc></extensions></trkpt>
      <trkpt lon="120.905418" lat="23.473753"><ele>2672.518133</ele><time>2026-09-14T01:59:38Z</time><extensions><speed>0.562383</speed><course>319.112906</course><hAcc>1.631932</hAcc><vAcc>3.103850</vAcc></extensions></trkpt>
      <trkpt lon="120.905414" lat="23.473757"><ele>2672.501113</ele><time>2026-09-14T01:59:39Z</time><extensions><speed>0.605751</speed><course>321.188440</course><hAcc>1.619703</hAcc><vAcc>3.106356</vAcc></extensions></trkpt>
      <trkpt lon="120.905411" lat="23.473761"><ele>2672.485249</ele><time>2026-09-14T01:59:40Z</time><extensions><speed>0.612839</speed><course>322.144858</course><hAcc>1.623097</hAcc><vAcc>3.108759</vAcc></extensions></trkpt>
      <trkpt lon="120.905407" lat="23.473766"><ele>2672.470503</ele><time>2026-09-14T01:59:41Z</time><extensions><speed>0.583491</speed><course>324.074964</course><hAcc>1.640795</hAcc><vAcc>3.111058</vAcc></extensions></trkpt>
      <trkpt lon="120.905404" lat="23.473770"><ele>2672.453947</ele><time>2026-09-14T01:59:42Z</time><extensions><speed>0.626747</speed><course>327.747966</course><hAcc>1.658141</hAcc><vAcc>3.113512</vAcc></extensions></trkpt>
      <trkpt lon="120.905401" lat="23.473775"><ele>2672.438533</ele><time>2026-09-14T01:59:43Z</time><extensions><speed>0.534020</speed><course>332.620139</course><hAcc>1.649094</hAcc><vAcc>3.115861</vAcc></extensions></trkpt>
      <trkpt lon="120.905399" lat="23.473780"><ele>2672.421352</ele><time>2026-09-14T01:59:44Z</time><extensions><speed>0.623620</speed><course>342.210202</course><hAcc>1.623636</hAcc><vAcc>3.118365</vAcc></extensions></trkpt>
      <trkpt lon="120.905397" lat="23.473785"><ele>2672.405336</ele><time>2026-09-14T01:59:45Z</time><extensions><speed>0.698248</speed><course>348.638007</course><hAcc>1.628259</hAcc><vAcc>3.120765</vAcc></extensions></trkpt>
      <trkpt lon="120.905396" lat="23.473791"><ele>2672.390442</ele><time>2026-09-14T01:59:46Z</time><extensions><speed>0.653611</speed><course>349.062006</course><hAcc>1.644273</hAcc><vAcc>3.123059</vAcc></extensions></trkpt>
      <trkpt lon="120.905395" lat="23.473797"><ele>2672.373770</ele><time>2026-09-14T01:59:47Z</time><extensions><speed>0.527250</speed><course>350.275608</course><hAcc>1.656441</hAcc><vAcc>3.125504</vAcc></extensions></trkpt>
      <trkpt lon="120.905394" lat="23.473801"><ele>2672.358240</ele><time>2026-09-14T01:59:48Z</time><extensions><speed>0.510802</speed><course>347.972784</course><hAcc>1.647024</hAcc><vAcc>3.127845</vAcc></extensions></trkpt>
      <trkpt lon="120.905392" lat="23.473806"><ele>2672.340962</ele><time>2026-09-14T01:59:49Z</time><extensions><speed>0.548471</speed><course>347.573703</course><hAcc>1.630089</hAcc><vAcc>3.130340</vAcc></extensions></trkpt>
      <trkpt lon="120.905391" lat="23.473811"><ele>2672.324841</ele><time>2026-09-14T01:59:50Z</time><extensions><speed>0.487263</speed><course>345.639646</course><hAcc>1.617344</hAcc><vAcc>3.132734</vAcc></extensions></trkpt>
      <trkpt lon="120.905390" lat="23.473815"><ele>2672.309833</ele><time>2026-09-14T01:59:51Z</time><extensions><speed>0.530338</speed><course>345.025646</course><hAcc>1.587241</hAcc><vAcc>3.135025</vAcc></extensions></trkpt>
      <trkpt lon="120.905388" lat="23.473820"><ele>2672.293052</ele><time>2026-09-14T01:59:52Z</time><extensions><speed>0.563790</speed><course>347.295217</course><hAcc>1.601646</hAcc><vAcc>3.137473</vAcc></extensions></trkpt>
      <trkpt lon="120.905387" lat="23.473825"><ele>2672.277405</ele><time>2026-09-14T01:59:53Z</time><extensions><speed>0.538370</speed><course>346.219785</course><hAcc>1.630380</hAcc><vAcc>3.139820</vAcc></extensions></trkpt>
      <trkpt lon="120.905386" lat="23.473830"><ele>2672.260030</ele><time>2026-09-14T01:59:54Z</time><extensions><speed>0.548278</speed><course>345.001744</course><hAcc>1.612641</hAcc><vAcc>3.142321</vAcc></extensions></trkpt>
      <trkpt lon="120.905384" lat="23.473835"><ele>2672.243814</ele><time>2026-09-14T01:59:55Z</time><extensions><speed>0.658666</speed><course>343.677872</course><hAcc>1.578292</hAcc><vAcc>3.144722</vAcc></extensions></trkpt>
      <trkpt lon="120.905382" lat="23.473842"><ele>2672.228713</ele><time>2026-09-14T01:59:56Z</time><extensions><speed>0.782484</speed><course>348.342463</course><hAcc>1.578893</hAcc><vAcc>3.147022</vAcc></extensions></trkpt>
      <trkpt lon="120.905381" lat="23.473849"><ele>2672.211868</ele><time>2026-09-14T01:59:57Z</time><extensions><speed>0.861166</speed><course>352.467415</course><hAcc>1.602990</hAcc><vAcc>3.149474</vAcc></extensions></trkpt>
      <trkpt lon="120.905380" lat="23.473857"><ele>2672.196161</ele><time>2026-09-14T01:59:58Z</time><extensions><speed>0.867454</speed><course>354.006095</course><hAcc>1.610038</hAcc><vAcc>3.151826</vAcc></extensions></trkpt>
      <trkpt lon="120.905379" lat="23.473865"><ele>2672.178750</ele><time>2026-09-14T01:59:59Z</time><extensions><speed>0.931333</speed><course>353.692202</course><hAcc>1.599592</hAcc><vAcc>3.154328</vAcc></extensions></trkpt>
      <trkpt lon="120.905378" lat="23.473873"><ele>2672.162500</ele><time>2026-09-14T02:00:00Z</time><extensions><speed>0.906847</speed><course>356.020356</course><hAcc>1.613407</hAcc><vAcc>3.156730</vAcc></extensions></trkpt>
      <trkpt lon="120.905378" lat="23.473882"><ele>2672.147367</ele><time>2026-09-14T02:00:01Z</time><extensions><speed>0.935803</speed><course>357.677061</course><hAcc>1.604362</hAcc><vAcc>3.159029</vAcc></extensions></trkpt>
      <trkpt lon="120.905378" lat="23.473890"><ele>2672.130512</ele><time>2026-09-14T02:00:02Z</time><extensions><speed>0.939024</speed><course>0.665876</course><hAcc>1.610168</hAcc><vAcc>3.161479</vAcc></extensions></trkpt>
      <trkpt lon="120.905378" lat="23.473898"><ele>2672.114794</ele><time>2026-09-14T02:00:03Z</time><extensions><speed>0.906695</speed><course>3.932934</course><hAcc>1.627904</hAcc><vAcc>3.163826</vAcc></extensions></trkpt>
      <trkpt lon="120.905379" lat="23.473907"><ele>2672.100172</ele><time>2026-09-14T02:00:04Z</time><extensions><speed>0.935732</speed><course>5.933453</course><hAcc>1.626183</hAcc><vAcc>3.166070</vAcc></extensions></trkpt>
      <trkpt lon="120.905380" lat="23.473915"><ele>2672.083816</ele><time>2026-09-14T02:00:05Z</time><extensions><speed>0.965261</speed><course>6.305179</course><hAcc>1.652269</hAcc><vAcc>3.168461</vAcc></extensions></trkpt>
      <trkpt lon="120.905381" lat="23.473924"><ele>2672.068576</ele><time>2026-09-14T02:00:06Z</time><extensions><speed>0.900034</speed><course>6.149028</course><hAcc>1.685000</hAcc><vAcc>3.170749</vAcc></extensions></trkpt>
      <trkpt lon="120.905382" lat="23.473931"><ele>2672.051636</ele><time>2026-09-14T02:00:07Z</time><extensions><speed>0.680149</speed><course>7.169689</course><hAcc>1.677609</hAcc><vAcc>3.173183</vAcc></extensions></trkpt>
      <trkpt lon="120.905383" lat="23.473937"><ele>2672.035834</ele><time>2026-09-14T02:00:08Z</time><extensions><speed>0.579749</speed><course>8.983473</course><hAcc>1.676760</hAcc><vAcc>3.175516</vAcc></extensions></trkpt>
      <trkpt lon="120.905384" lat="23.473942"><ele>2672.021126</ele><time>2026-09-14T02:00:09Z</time><extensions><speed>0.614513</speed><course>11.093658</course><hAcc>1.692054</hAcc><vAcc>3.177745</vAcc></extensions></trkpt>
      <trkpt lon="120.905385" lat="23.473948"><ele>2672.004707</ele><time>2026-09-14T02:00:10Z</time><extensions><speed>0.650147</speed><course>12.575046</course><hAcc>1.709696</hAcc><vAcc>3.180120</vAcc></extensions></trkpt>
      <trkpt lon="120.905387" lat="23.473953"><ele>2671.989399</ele><time>2026-09-14T02:00:11Z</time><extensions><speed>0.662695</speed><course>13.990524</course><hAcc>1.708410</hAcc><vAcc>3.182392</vAcc></extensions></trkpt>
      <trkpt lon="120.905388" lat="23.473959"><ele>2671.975153</ele><time>2026-09-14T02:00:12Z</time><extensions><speed>0.634100</speed><course>15.583814</course><hAcc>1.684033</hAcc><vAcc>3.184562</vAcc></extensions></trkpt>
      <trkpt lon="120.905390" lat="23.473965"><ele>2671.961929</ele><time>2026-09-14T02:00:13Z</time><extensions><speed>0.678756</speed><course>14.994694</course><hAcc>1.653893</hAcc><vAcc>3.186629</vAcc></extensions></trkpt>
      <trkpt lon="120.905392" lat="23.473971"><ele>2671.949680</ele><time>2026-09-14T02:00:14Z</time><extensions><speed>0.763784</speed><course>12.437040</course><hAcc>1.649053</hAcc><vAcc>3.188593</vAcc></extensions></trkpt>
      <trkpt lon="120.905393" lat="23.473978"><ele>2671.935587</ele><time>2026-09-14T02:00:15Z</time><extensions><speed>0.752553</speed><course>8.470318</course><hAcc>1.647685</hAcc><vAcc>3.190703</vAcc></extensions></trkpt>
      <trkpt lon="120.905394" lat="23.473986"><ele>2671.922496</ele><time>2026-09-14T02:00:16Z</time><extensions><speed>0.900716</speed><course>9.896197</course><hAcc>1.603565</hAcc><vAcc>3.192711</vAcc></extensions></trkpt>
      <trkpt lon="120.905395" lat="23.473994"><ele>2671.907619</ele><time>2026-09-14T02:00:17Z</time><extensions><speed>0.913823</speed><course>6.328505</course><hAcc>1.604475</hAcc><vAcc>3.194864</vAcc></extensions></trkpt>
      <trkpt lon="120.905396" lat="23.474003"><ele>2671.893771</ele><time>2026-09-14T02:00:18Z</time><extensions><speed>0.990262</speed><course>4.027581</course><hAcc>1.585701</hAcc><vAcc>3.196915</vAcc></extensions></trkpt>
      <trkpt lon="120.905396" lat="23.474011"><ele>2671.880914</ele><time>2026-09-14T02:00:19Z</time><extensions><speed>0.921516</speed><course>2.484987</course><hAcc>1.567298</hAcc><vAcc>3.198863</vAcc></extensions></trkpt>
      <trkpt lon="120.905396" lat="23.474020"><ele>2671.866258</ele><time>2026-09-14T02:00:20Z</time><extensions><speed>0.895963</speed><course>358.988247</course><hAcc>1.555342</hAcc><vAcc>3.200958</vAcc></extensions></trkpt>
      <trkpt lon="120.905395" lat="23.474027"><ele>2671.852604</ele><time>2026-09-14T02:00:21Z</time><extensions><speed>0.797208</speed><course>356.281641</course><hAcc>1.579422</hAcc><vAcc>3.202956</vAcc></extensions></trkpt>
      <trkpt lon="120.905395" lat="23.474035"><ele>2671.837172</ele><time>2026-09-14T02:00:22Z</time><extensions><speed>0.848670</speed><course>352.628915</course><hAcc>1.572406</hAcc><vAcc>3.205107</vAcc></extensions></trkpt>
      <trkpt lon="120.905393" lat="23.474042"><ele>2671.822751</ele><time>2026-09-14T02:00:23Z</time><extensions><speed>0.864454</speed><course>348.001215</course><hAcc>1.552002</hAcc><vAcc>3.207171</vAcc></extensions></trkpt>
      <trkpt lon="120.905392" lat="23.474049"><ele>2671.809289</ele><time>2026-09-14T02:00:24Z</time><extensions><speed>0.753461</speed><course>347.037062</course><hAcc>1.557834</hAcc><vAcc>3.209150</vAcc></extensions></trkpt>
      <trkpt lon="120.905390" lat="23.474055"><ele>2671.794024</ele><time>2026-09-14T02:00:25Z</time><extensions><speed>0.532101</speed><course>344.231109</course><hAcc>1.541672</hAcc><vAcc>3.211292</vAcc></extensions></trkpt>
      <trkpt lon="120.905390" lat="23.474058"><ele>2671.779745</ele><time>2026-09-14T02:00:26Z</time><extensions><speed>0.280123</speed><course>359.134578</course><hAcc>1.518249</hAcc><vAcc>3.213354</vAcc></extensions></trkpt>
      <trkpt lon="120.905390" lat="23.474060"><ele>2671.766418</ele><time>2026-09-14T02:00:27Z</time><extensions><speed>0.430517</speed><course>15.043045</course><hAcc>1.532445</hAcc><vAcc>3.215334</vAcc></extensions></trkpt>
      <trkpt lon="120.905392" lat="23.474064"><ele>2671.751298</ele><time>2026-09-14T02:00:28Z</time><extensions><speed>0.432093</speed><course>23.097841</course><hAcc>1.537940</hAcc><vAcc>3.217475</vAcc></extensions></trkpt>
      <trkpt lon="120.905394" lat="23.474067"><ele>2671.737168</ele><time>2026-09-14T02:00:29Z</time><extensions><speed>0.415196</speed><course>36.547877</course><hAcc>1.534878</hAcc><vAcc>3.219532</vAcc></extensions></trkpt>
      <trkpt lon="120.905397" lat="23.474069"><ele>2671.721297</ele><time>2026-09-14T02:00:30Z</time><extensions><speed>0.463142</speed><course>66.387413</course><hAcc>1.539926</hAcc><vAcc>3.221748</vAcc></extensions></trkpt>
      <trkpt lon="120.905402" lat="23.474069"><ele>2671.706449</ele><time>2026-09-14T02:00:31Z</time><extensions><speed>0.436002</speed><course>89.561160</course><hAcc>1.565633</hAcc><vAcc>3.223880</vAcc></extensions></trkpt>
      <trkpt lon="120.905406" lat="23.474068"><ele>2671.692595</ele><time>2026-09-14T02:00:32Z</time><extensions><speed>0.523297</speed><course>128.655994</course><hAcc>1.574257</hAcc><vAcc>3.225924</vAcc></extensions></trkpt>
      <trkpt lon="120.905410" lat="23.474063"><ele>2671.677009</ele><time>2026-09-14T02:00:33Z</time><extensions><speed>0.732370</speed><course>144.689250</course><hAcc>1.568187</hAcc><vAcc>3.228122</vAcc></extensions></trkpt>
      <trkpt lon="120.905414" lat="23.474057"><ele>2671.662446</ele><time>2026-09-14T02:00:34Z</time><extensions><speed>0.794395</speed><course>148.113470</course><hAcc>1.588782</hAcc><vAcc>3.230232</vAcc></extensions></trkpt>
      <trkpt lon="120.905418" lat="23.474051"><ele>2671.646185</ele><time>2026-09-14T02:00:35Z</time><extensions><speed>0.797840</speed><course>148.393631</course><hAcc>1.615197</hAcc><vAcc>3.232496</vAcc></extensions></trkpt>
      <trkpt lon="120.905422" lat="23.474045"><ele>2671.630973</ele><time>2026-09-14T02:00:36Z</time><extensions><speed>0.681637</speed><course>146.606579</course><hAcc>1.639355</hAcc><vAcc>3.234672</vAcc></extensions></trkpt>
      <trkpt lon="120.905425" lat="23.474039"><ele>2671.616770</ele><time>2026-09-14T02:00:37Z</time><extensions><speed>0.590335</speed><course>151.670126</course><hAcc>1.649712</hAcc><vAcc>3.236761</vAcc></extensions></trkpt>
      <trkpt lon="120.905428" lat="23.474034"><ele>2671.600868</ele><time>2026-09-14T02:00:38Z</time><extensions><speed>0.601466</speed><course>157.776129</course><hAcc>1.625444</hAcc><vAcc>3.239002</vAcc></extensions></trkpt>
      <trkpt lon="120.905429" lat="23.474029"><ele>2671.586003</ele><time>2026-09-14T02:00:39Z</time><extensions><speed>0.508436</speed><course>163.892590</course><hAcc>1.607976</hAcc><vAcc>3.241155</vAcc></extensions></trkpt>
      <trkpt lon="120.905430" lat="23.474024"><ele>2671.569480</ele><time>2026-09-14T02:00:40Z</time><extensions><speed>0.371446</speed><course>165.978015</course><hAcc>1.602839</hAcc><vAcc>3.243458</vAcc></extensions></trkpt>
      <trkpt lon="120.905431" lat="23.474020"><ele>2671.554023</ele><time>2026-09-14T02:00:41Z</time><extensions><speed>0.565852</speed><course>169.858649</course><hAcc>1.581610</hAcc><vAcc>3.245671</vAcc></extensions></trkpt>
      <trkpt lon="120.905433" lat="23.474013"><ele>2671.539595</ele><time>2026-09-14T02:00:42Z</time><extensions><speed>0.762581</speed><course>166.446753</course><hAcc>1.587196</hAcc><vAcc>3.247794</vAcc></extensions></trkpt>
      <trkpt lon="120.905434" lat="23.474009"><ele>2671.523508</ele><time>2026-09-14T02:00:43Z</time><extensions><speed>0.288941</speed><course>168.163732</course><hAcc>1.585584</hAcc><vAcc>3.250064</vAcc></extensions></trkpt>
      <trkpt lon="120.905434" lat="23.474005"><ele>2671.508473</ele><time>2026-09-14T02:00:44Z</time><extensions><speed>0.395812</speed><course>176.509245</course><hAcc>1.561408</hAcc><vAcc>3.252243</vAcc></extensions></trkpt>
      <trkpt lon="120.905435" lat="23.474002"><ele>2671.491813</ele><time>2026-09-14T02:00:45Z</time><extensions><speed>0.392857</speed><course>179.166189</course><hAcc>1.559527</hAcc><vAcc>3.254567</vAcc></extensions></trkpt>
      <trkpt lon="120.905435" lat="23.473999"><ele>2671.476231</ele><time>2026-09-14T02:00:46Z</time><extensions><speed>0.225977</speed><course>179.503858</course><hAcc>1.582958</hAcc><vAcc>3.256799</vAcc></extensions></trkpt>
      <trkpt lon="120.905435" lat="23.473996"><ele>2671.461689</ele><time>2026-09-14T02:00:47Z</time><extensions><speed>0.277265</speed><course>177.793278</course><hAcc>1.603122</hAcc><vAcc>3.258938</vAcc></extensions></trkpt>
      <trkpt lon="120.905435" lat="23.473993"><ele>2671.445510</ele><time>2026-09-14T02:00:48Z</time><extensions><speed>0.403287</speed><course>175.560190</course><hAcc>1.596518</hAcc><vAcc>3.261220</vAcc></extensions></trkpt>
      <trkpt lon="120.905436" lat="23.473989"><ele>2671.430390</ele><time>2026-09-14T02:00:49Z</time><extensions><speed>0.461868</speed><course>171.608939</course><hAcc>1.602893</hAcc><vAcc>3.263409</vAcc></extensions></trkpt>
      <trkpt lon="120.905437" lat="23.473984"><ele>2671.416295</ele><time>2026-09-14T02:00:50Z</time><extensions><speed>0.628579</speed><course>167.029764</course><hAcc>1.584087</hAcc><vAcc>3.265503</vAcc></extensions></trkpt>
      <trkpt lon="120.905439" lat="23.473979"><ele>2671.400562</ele><time>2026-09-14T02:00:51Z</time><extensions><speed>0.627158</speed><course>160.177175</course><hAcc>1.581040</hAcc><vAcc>3.267736</vAcc></extensions></trkpt>
      <trkpt lon="120.905442" lat="23.473974"><ele>2671.385874</ele><time>2026-09-14T02:00:52Z</time><extensions><speed>0.543880</speed><course>150.075872</course><hAcc>1.603406</hAcc><vAcc>3.269874</vAcc></extensions></trkpt>
      <trkpt lon="120.905445" lat="23.473969"><ele>2671.369577</ele><time>2026-09-14T02:00:53Z</time><extensions><speed>0.836416</speed><course>149.851650</course><hAcc>1.612471</hAcc><vAcc>3.272152</vAcc></extensions></trkpt>
      <trkpt lon="120.905450" lat="23.473962"><ele>2671.354346</ele><time>2026-09-14T02:00:54Z</time><extensions><speed>0.998561</speed><course>143.158537</course><hAcc>1.605653</hAcc><vAcc>3.274336</vAcc></extensions></trkpt>
      <trkpt lon="120.905457" lat="23.473955"><ele>2671.340142</ele><time>2026-09-14T02:00:55Z</time><extensions><speed>0.933945</speed><course>136.087443</course><hAcc>1.608906</hAcc><vAcc>3.276424</vAcc></extensions></trkpt>
      <trkpt lon="120.905463" lat="23.473949"><ele>2671.324319</ele><time>2026-09-14T02:00:56Z</time><extensions><speed>0.920100</speed><course>134.383186</course><hAcc>1.606445</hAcc><vAcc>3.278649</vAcc></extensions></trkpt>
      <trkpt lon="120.905470" lat="23.473944"><ele>2671.309539</ele><time>2026-09-14T02:00:57Z</time><extensions><speed>0.925602</speed><course>128.490741</course><hAcc>1.596980</hAcc><vAcc>3.280779</vAcc></extensions></trkpt>
      <trkpt lon="120.905477" lat="23.473938"><ele>2671.293165</ele><time>2026-09-14T02:00:58Z</time><extensions><speed>0.947873</speed><course>125.440631</course><hAcc>1.600466</hAcc><vAcc>3.283049</vAcc></extensions></trkpt>
      <trkpt lon="120.905485" lat="23.473933"><ele>2671.277848</ele><time>2026-09-14T02:00:59Z</time><extensions><speed>1.039649</speed><course>125.266195</course><hAcc>1.609786</hAcc><vAcc>3.285227</vAcc></extensions></trkpt>
      <trkpt lon="120.905493" lat="23.473928"><ele>2671.263549</ele><time>2026-09-14T02:01:00Z</time><extensions><speed>0.951004</speed><course>130.725683</course><hAcc>1.648984</hAcc><vAcc>3.287313</vAcc></extensions></trkpt>
      <trkpt lon="120.905499" lat="23.473922"><ele>2671.247635</ele><time>2026-09-14T02:01:01Z</time><extensions><speed>0.885156</speed><course>132.532338</course><hAcc>1.650068</hAcc><vAcc>3.289539</vAcc></extensions></trkpt>
      <trkpt lon="120.905505" lat="23.473917"><ele>2671.232758</ele><time>2026-09-14T02:01:02Z</time><extensions><speed>0.830650</speed><course>136.809839</course><hAcc>1.653658</hAcc><vAcc>3.291675</vAcc></extensions></trkpt>
      <trkpt lon="120.905510" lat="23.473912"><ele>2671.216302</ele><time>2026-09-14T02:01:03Z</time><extensions><speed>0.712884</speed><course>139.791255</course><hAcc>1.673011</hAcc><vAcc>3.293949</vAcc></extensions></trkpt>
      <trkpt lon="120.905514" lat="23.473907"><ele>2671.200905</ele><time>2026-09-14T02:01:04Z</time><extensions><speed>0.620695</speed><course>143.093353</course><hAcc>1.692315</hAcc><vAcc>3.296133</vAcc></extensions></trkpt>
      <trkpt lon="120.905518" lat="23.473903"><ele>2671.186526</ele><time>2026-09-14T02:01:05Z</time><extensions><speed>0.525178</speed><course>145.175578</course><hAcc>1.706738</hAcc><vAcc>3.298226</vAcc></extensions></trkpt>
      <trkpt lon="120.905521" lat="23.473899"><ele>2671.170558</ele><time>2026-09-14T02:01:06Z</time><extensions><speed>0.435306</speed><course>144.852697</course><hAcc>1.706427</hAcc><vAcc>3.300456</vAcc></extensions></trkpt>
      <trkpt lon="120.905523" lat="23.473896"><ele>2671.155629</ele><time>2026-09-14T02:01:07Z</time><extensions><speed>0.414175</speed><course>139.012961</course><hAcc>1.710053</hAcc><vAcc>3.302596</vAcc></extensions></trkpt>
      <trkpt lon="120.905526" lat="23.473893"><ele>2671.139136</ele><time>2026-09-14T02:01:08Z</time><extensions><speed>0.452781</speed><course>130.656719</course><hAcc>1.719187</hAcc><vAcc>3.304872</vAcc></extensions></trkpt>
      <trkpt lon="120.905530" lat="23.473891"><ele>2671.123703</ele><time>2026-09-14T02:01:09Z</time><extensions><speed>0.480251</speed><course>125.253497</course><hAcc>1.726847</hAcc><vAcc>3.307058</vAcc></extensions></trkpt>
      <trkpt lon="120.905534" lat="23.473888"><ele>2671.109291</ele><time>2026-09-14T02:01:10Z</time><extensions><speed>0.554431</speed><course>123.397474</course><hAcc>1.708033</hAcc><vAcc>3.309151</vAcc></extensions></trkpt>
      <trkpt lon="120.905539" lat="23.473885"><ele>2671.093307</ele><time>2026-09-14T02:01:11Z</time><extensions><speed>0.629695</speed><course>125.566666</course><hAcc>1.693660</hAcc><vAcc>3.311379</vAcc></extensions></trkpt>
      <trkpt lon="120.905544" lat="23.473882"><ele>2671.078363</ele><time>2026-09-14T02:01:12Z</time><extensions><speed>0.637396</speed><course>128.198554</course><hAcc>1.687261</hAcc><vAcc>3.313517</vAcc></extensions></trkpt>
      <trkpt lon="120.905549" lat="23.473878"><ele>2671.064421</ele><time>2026-09-14T02:01:13Z</time><extensions><speed>0.661848</speed><course>130.162765</course><hAcc>1.676396</hAcc><vAcc>3.315560</vAcc></extensions></trkpt>
      <trkpt lon="120.905554" lat="23.473874"><ele>2671.048892</ele><time>2026-09-14T02:01:14Z</time><extensions><speed>0.731453</speed><course>132.850564</course><hAcc>1.667742</hAcc><vAcc>3.317738</vAcc></extensions></trkpt>
      <trkpt lon="120.905559" lat="23.473869"><ele>2671.034385</ele><time>2026-09-14T02:01:15Z</time><extensions><speed>0.632602</speed><course>133.980935</course><hAcc>1.642403</hAcc><vAcc>3.319822</vAcc></extensions></trkpt>
      <trkpt lon="120.905563" lat="23.473866"><ele>2671.020859</ele><time>2026-09-14T02:01:16Z</time><extensions><speed>0.543493</speed><course>134.866544</course><hAcc>1.635776</hAcc><vAcc>3.321813</vAcc></extensions></trkpt>
      <trkpt lon="120.905567" lat="23.473862"><ele>2671.008278</ele><time>2026-09-14T02:01:17Z</time><extensions><speed>0.660550</speed><course>132.721184</course><hAcc>1.639826</hAcc><vAcc>3.323708</vAcc></extensions></trkpt>
      <trkpt lon="120.905572" lat="23.473858"><ele>2670.996605</ele><time>2026-09-14T02:01:18Z</time><extensions><speed>0.639792</speed><course>131.824942</course><hAcc>1.631485</hAcc><vAcc>3.325506</vAcc></extensions></trkpt>
      <trkpt lon="120.905577" lat="23.473854"><ele>2670.983255</ele><time>2026-09-14T02:01:19Z</time><extensions><speed>0.614738</speed><course>129.274054</course><hAcc>1.626569</hAcc><vAcc>3.327434</vAcc></extensions></trkpt>
      <trkpt lon="120.905581" lat="23.473851"><ele>2670.970833</ele><time>2026-09-14T02:01:20Z</time><extensions><speed>0.622113</speed><course>125.997616</course><hAcc>1.626713</hAcc><vAcc>3.329265</vAcc></extensions></trkpt>
      <trkpt lon="120.905586" lat="23.473848"><ele>2670.956759</ele><time>2026-09-14T02:01:21Z</time><extensions><speed>0.582551</speed><course>124.277250</course><hAcc>1.634362</hAcc><vAcc>3.331229</vAcc></extensions></trkpt>
      <trkpt lon="120.905591" lat="23.473845"><ele>2670.943631</ele><time>2026-09-14T02:01:22Z</time><extensions><speed>0.602061</speed><course>122.808291</course><hAcc>1.625772</hAcc><vAcc>3.333099</vAcc></extensions></trkpt>
      <trkpt lon="120.905597" lat="23.473842"><ele>2670.931408</ele><time>2026-09-14T02:01:23Z</time><extensions><speed>0.728887</speed><course>122.015821</course><hAcc>1.607688</hAcc><vAcc>3.334877</vAcc></extensions></trkpt>
      <trkpt lon="120.905603" lat="23.473838"><ele>2670.917517</ele><time>2026-09-14T02:01:24Z</time><extensions><speed>0.684752</speed><course>120.981089</course><hAcc>1.617080</hAcc><vAcc>3.336791</vAcc></extensions></trkpt>
      <trkpt lon="120.905608" lat="23.473835"><ele>2670.904542</ele><time>2026-09-14T02:01:25Z</time><extensions><speed>0.545910</speed><course>119.735544</course><hAcc>1.628646</hAcc><vAcc>3.338617</vAcc></extensions></trkpt>
      <trkpt lon="120.905614" lat="23.473833"><ele>2670.889927</ele><time>2026-09-14T02:01:26Z</time><extensions><speed>0.733846</speed><course>118.032447</course><hAcc>1.582713</hAcc><vAcc>3.340584</vAcc></extensions></trkpt>
      <trkpt lon="120.905620" lat="23.473829"><ele>2670.876234</ele><time>2026-09-14T02:01:27Z</time><extensions><speed>0.806358</speed><course>116.303484</course><hAcc>1.569448</hAcc><vAcc>3.342472</vAcc></extensions></trkpt>
      <trkpt lon="120.905627" lat="23.473826"><ele>2670.863421</ele><time>2026-09-14T02:01:28Z</time><extensions><speed>0.799085</speed><course>114.572616</course><hAcc>1.599739</hAcc><vAcc>3.344284</vAcc></extensions></trkpt>
      <trkpt lon="120.905634" lat="23.473823"><ele>2670.848939</ele><time>2026-09-14T02:01:29Z</time><extensions><speed>0.755972</speed><course>114.631784</course><hAcc>1.625725</hAcc><vAcc>3.346245</vAcc></extensions></trkpt>
      <trkpt lon="120.905641" lat="23.473820"><ele>2670.835362</ele><time>2026-09-14T02:01:30Z</time><extensions><speed>0.804569</speed><course>113.645287</course><hAcc>1.577711</hAcc><vAcc>3.348133</vAcc></extensions></trkpt>
      <trkpt lon="120.905649" lat="23.473817"><ele>2670.820158</ele><time>2026-09-14T02:01:31Z</time><extensions><speed>0.867239</speed><course>114.140406</course><hAcc>1.565130</hAcc><vAcc>3.350170</vAcc></extensions></trkpt>
      <trkpt lon="120.905657" lat="23.473814"><ele>2670.805892</ele><time>2026-09-14T02:01:32Z</time><extensions><speed>0.897002</speed><course>115.062434</course><hAcc>1.587864</hAcc><vAcc>3.352134</vAcc></extensions></trkpt>
      <trkpt lon="120.905665" lat="23.473811"><ele>2670.792532</ele><time>2026-09-14T02:01:33Z</time><extensions><speed>0.843068</speed><course>114.922961</course><hAcc>1.596618</hAcc><vAcc>3.354022</vAcc></extensions></trkpt>
      <trkpt lon="120.905672" lat="23.473808"><ele>2670.777556</ele><time>2026-09-14T02:01:34Z</time><extensions><speed>0.784760</speed><course>114.702572</course><hAcc>1.623264</hAcc><vAcc>3.356057</vAcc></extensions></trkpt>
      <trkpt lon="120.905679" lat="23.473805"><ele>2670.763519</ele><time>2026-09-14T02:01:35Z</time><extensions><speed>0.795690</speed><course>114.097437</course><hAcc>1.632998</hAcc><vAcc>3.358015</vAcc></extensions></trkpt>
      <trkpt lon="120.905686" lat="23.473802"><ele>2670.750390</ele><time>2026-09-14T02:01:36Z</time><extensions><speed>0.764351</speed><course>112.746504</course><hAcc>1.624670</hAcc><vAcc>3.359894</vAcc></extensions></trkpt>
      <trkpt lon="120.905693" lat="23.473799"><ele>2670.735654</ele><time>2026-09-14T02:01:37Z</time><extensions><speed>0.758345</speed><course>112.245951</course><hAcc>1.630934</hAcc><vAcc>3.361914</vAcc></extensions></trkpt>
      <trkpt lon="120.905700" lat="23.473797"><ele>2670.721858</ele><time>2026-09-14T02:01:38Z</time><extensions><speed>0.780340</speed><course>112.435666</course><hAcc>1.642970</hAcc><vAcc>3.363854</vAcc></extensions></trkpt>
      <trkpt lon="120.905707" lat="23.473794"><ele>2670.706497</ele><time>2026-09-14T02:01:39Z</time><extensions><speed>0.775326</speed><course>112.441726</course><hAcc>1.653625</hAcc><vAcc>3.365932</vAcc></extensions></trkpt>
      <trkpt lon="120.905714" lat="23.473791"><ele>2670.692102</ele><time>2026-09-14T02:01:40Z</time><extensions><speed>0.813812</speed><course>112.175941</course><hAcc>1.655301</hAcc><vAcc>3.367930</vAcc></extensions></trkpt>
      <trkpt lon="120.905722" lat="23.473789"><ele>2670.678644</ele><time>2026-09-14T02:01:41Z</time><extensions><speed>0.799990</speed><course>110.799129</course><hAcc>1.655229</hAcc><vAcc>3.369844</vAcc></extensions></trkpt>
      <trkpt lon="120.905729" lat="23.473786"><ele>2670.663616</ele><time>2026-09-14T02:01:42Z</time><extensions><speed>0.770456</speed><course>108.270521</course><hAcc>1.649334</hAcc><vAcc>3.371893</vAcc></extensions></trkpt>
      <trkpt lon="120.905736" lat="23.473784"><ele>2670.649546</ele><time>2026-09-14T02:01:43Z</time><extensions><speed>0.775985</speed><course>106.109686</course><hAcc>1.635304</hAcc><vAcc>3.373860</vAcc></extensions></trkpt>
      <trkpt lon="120.905744" lat="23.473783"><ele>2670.633940</ele><time>2026-09-14T02:01:44Z</time><extensions><speed>0.822389</speed><course>105.497266</course><hAcc>1.622866</hAcc><vAcc>3.375961</vAcc></extensions></trkpt>
      <trkpt lon="120.905751" lat="23.473781"><ele>2670.619312</ele><time>2026-09-14T02:01:45Z</time><extensions><speed>0.787350</speed><course>105.847995</course><hAcc>1.624778</hAcc><vAcc>3.377981</vAcc></extensions></trkpt>
      <trkpt lon="120.905759" lat="23.473779"><ele>2670.605626</ele><time>2026-09-14T02:01:46Z</time><extensions><speed>0.852379</speed><course>105.342271</course><hAcc>1.605801</hAcc><vAcc>3.379919</vAcc></extensions></trkpt>
      <trkpt lon="120.905767" lat="23.473777"><ele>2670.590394</ele><time>2026-09-14T02:01:47Z</time><extensions><speed>0.856106</speed><course>106.324148</course><hAcc>1.614091</hAcc><vAcc>3.381991</vAcc></extensions></trkpt>
      <trkpt lon="120.905775" lat="23.473775"><ele>2670.576124</ele><time>2026-09-14T02:01:48Z</time><extensions><speed>0.863393</speed><course>103.455038</course><hAcc>1.595561</hAcc><vAcc>3.383982</vAcc></extensions></trkpt>
      <trkpt lon="120.905784" lat="23.473773"><ele>2670.560346</ele><time>2026-09-14T02:01:49Z</time><extensions><speed>0.886250</speed><course>104.343196</course><hAcc>1.612246</hAcc><vAcc>3.386106</vAcc></extensions></trkpt>
      <trkpt lon="120.905792" lat="23.473771"><ele>2670.545555</ele><time>2026-09-14T02:01:50Z</time><extensions><speed>0.857271</speed><course>103.049422</course><hAcc>1.622186</hAcc><vAcc>3.388147</vAcc></extensions></trkpt>
      <trkpt lon="120.905800" lat="23.473769"><ele>2670.531716</ele><time>2026-09-14T02:01:51Z</time><extensions><speed>0.767584</speed><course>101.691776</course><hAcc>1.638594</hAcc><vAcc>3.390105</vAcc></extensions></trkpt>
      <trkpt lon="120.905806" lat="23.473768"><ele>2670.516356</ele><time>2026-09-14T02:01:52Z</time><extensions><speed>0.587972</speed><course>97.212821</course><hAcc>1.650181</hAcc><vAcc>3.392194</vAcc></extensions></trkpt>
      <trkpt lon="120.905811" lat="23.473768"><ele>2670.501968</ele><time>2026-09-14T02:01:53Z</time><extensions><speed>0.426448</speed><course>93.965333</course><hAcc>1.673243</hAcc><vAcc>3.394200</vAcc></extensions></trkpt>
      <trkpt lon="120.905815" lat="23.473768"><ele>2670.486093</ele><time>2026-09-14T02:01:54Z</time><extensions><speed>0.290673</speed><course>89.129819</course><hAcc>1.689166</hAcc><vAcc>3.396337</vAcc></extensions></trkpt>
      <trkpt lon="120.905817" lat="23.473768"><ele>2670.471211</ele><time>2026-09-14T02:01:55Z</time><extensions><speed>0.214247</speed><course>91.897566</course><hAcc>1.713025</hAcc><vAcc>3.398390</vAcc></extensions></trkpt>
      <trkpt lon="120.905819" lat="23.473768"><ele>2670.457290</ele><time>2026-09-14T02:01:56Z</time><extensions><speed>0.178857</speed><course>102.958515</course><hAcc>1.741215</hAcc><vAcc>3.400357</vAcc></extensions></trkpt>
      <trkpt lon="120.905821" lat="23.473767"><ele>2670.441869</ele><time>2026-09-14T02:01:57Z</time><extensions><speed>0.214261</speed><course>115.758017</course><hAcc>1.754352</hAcc><vAcc>3.402454</vAcc></extensions></trkpt>
      <trkpt lon="120.905822" lat="23.473766"><ele>2670.427426</ele><time>2026-09-14T02:01:58Z</time><extensions><speed>0.188640</speed><course>127.128439</course><hAcc>1.759382</hAcc><vAcc>3.404465</vAcc></extensions></trkpt>
      <trkpt lon="120.905823" lat="23.473765"><ele>2670.413928</ele><time>2026-09-14T02:01:59Z</time><extensions><speed>0.104187</speed><course>147.952252</course><hAcc>1.762532</hAcc><vAcc>3.406390</vAcc></extensions></trkpt>
      <trkpt lon="120.905824" lat="23.473764"><ele>2670.398926</ele><time>2026-09-14T02:02:00Z</time><extensions><speed>0.059696</speed><course>164.664042</course><hAcc>1.758307</hAcc><vAcc>3.408442</vAcc></extensions></trkpt>
      <trkpt lon="120.905824" lat="23.473764"><ele>2670.384886</ele><time>2026-09-14T02:02:01Z</time><extensions><speed>0.022896</speed><course>167.463870</course><hAcc>1.750448</hAcc><vAcc>3.410407</vAcc></extensions></trkpt>
      <trkpt lon="120.905824" lat="23.473764"><ele>2670.369367</ele><time>2026-09-14T02:02:02Z</time><extensions><speed>0.012068</speed><course>342.108037</course><hAcc>1.749697</hAcc><vAcc>3.412499</vAcc></extensions></trkpt>
      <trkpt lon="120.905824" lat="23.473764"><ele>2670.354828</ele><time>2026-09-14T02:02:03Z</time><extensions><speed>0.024720</speed><course>355.861957</course><hAcc>1.757953</hAcc><vAcc>3.414505</vAcc></extensions></trkpt>
      <trkpt lon="120.905824" lat="23.473764"><ele>2670.341235</ele><time>2026-09-14T02:02:04Z</time><extensions><speed>0.024753</speed><course>29.356841</course><hAcc>1.744002</hAcc><vAcc>3.416424</vAcc></extensions></trkpt>
      <trkpt lon="120.905824" lat="23.473765"><ele>2670.326150</ele><time>2026-09-14T02:02:05Z</time><extensions><speed>0.012399</speed><course>18.501633</course><hAcc>1.737652</hAcc><vAcc>3.418469</vAcc></extensions></trkpt>
      <trkpt lon="120.905824" lat="23.473765"><ele>2670.312027</ele><time>2026-09-14T02:02:06Z</time><extensions><speed>0.015848</speed><course>155.984107</course><hAcc>1.735434</hAcc><vAcc>3.420428</vAcc></extensions></trkpt>
      <trkpt lon="120.905824" lat="23.473764"><ele>2670.296445</ele><time>2026-09-14T02:02:07Z</time><extensions><speed>0.045510</speed><course>165.086027</course><hAcc>1.740989</hAcc><vAcc>3.422512</vAcc></extensions></trkpt>
      <trkpt lon="120.905824" lat="23.473764"><ele>2670.281837</ele><time>2026-09-14T02:02:08Z</time><extensions><speed>0.055841</speed><course>168.401235</course><hAcc>1.751221</hAcc><vAcc>3.424513</vAcc></extensions></trkpt>
      <trkpt lon="120.905824" lat="23.473763"><ele>2670.268166</ele><time>2026-09-14T02:02:09Z</time><extensions><speed>0.066840</speed><course>144.488302</course><hAcc>1.742126</hAcc><vAcc>3.426430</vAcc></extensions></trkpt>
      <trkpt lon="120.905825" lat="23.473763"><ele>2670.253010</ele><time>2026-09-14T02:02:10Z</time><extensions><speed>0.036031</speed><course>110.729528</course><hAcc>1.736131</hAcc><vAcc>3.428475</vAcc></extensions></trkpt>
      <trkpt lon="120.905825" lat="23.473763"><ele>2670.238806</ele><time>2026-09-14T02:02:11Z</time><extensions><speed>0.048266</speed><course>58.508478</course><hAcc>1.732497</hAcc><vAcc>3.430437</vAcc></extensions></trkpt>
      <trkpt lon="120.905826" lat="23.473763"><ele>2670.223143</ele><time>2026-09-14T02:02:12Z</time><extensions><speed>0.061065</speed><course>39.618545</course><hAcc>1.728198</hAcc><vAcc>3.432527</vAcc></extensions></trkpt>
      <trkpt lon="120.905826" lat="23.473764"><ele>2670.208454</ele><time>2026-09-14T02:02:13Z</time><extensions><speed>0.053430</speed><course>35.244144</course><hAcc>1.729183</hAcc><vAcc>3.434534</vAcc></extensions></trkpt>
      <trkpt lon="120.905826" lat="23.473764"><ele>2670.194703</ele><time>2026-09-14T02:02:14Z</time><extensions><speed>0.028704</speed><course>341.031186</course><hAcc>1.742523</hAcc><vAcc>3.436458</vAcc></extensions></trkpt>
      <trkpt lon="120.905826" lat="23.473764"><ele>2670.179492</ele><time>2026-09-14T02:02:15Z</time><extensions><speed>0.039464</speed><course>265.328071</course><hAcc>1.736381</hAcc><vAcc>3.438507</vAcc></extensions></trkpt>
      <trkpt lon="120.905825" lat="23.473764"><ele>2670.165237</ele><time>2026-09-14T02:02:16Z</time><extensions><speed>0.072226</speed><course>233.234454</course><hAcc>1.723257</hAcc><vAcc>3.440473</vAcc></extensions></trkpt>
      <trkpt lon="120.905825" lat="23.473763"><ele>2670.149543</ele><time>2026-09-14T02:02:17Z</time><extensions><speed>0.091978</speed><course>219.419988</course><hAcc>1.726537</hAcc><vAcc>3.442564</vAcc></extensions></trkpt>
      <trkpt lon="120.905824" lat="23.473763"><ele>2670.134824</ele><time>2026-09-14T02:02:18Z</time><extensions><speed>0.088554</speed><course>213.469485</course><hAcc>1.739675</hAcc><vAcc>3.444573</vAcc></extensions></trkpt>
      <trkpt lon="120.905824" lat="23.473762"><ele>2670.121046</ele><time>2026-09-14T02:02:19Z</time><extensions><speed>0.085434</speed><course>210.767464</course><hAcc>1.738635</hAcc><vAcc>3.446497</vAcc></extensions></trkpt>
      <trkpt lon="120.905823" lat="23.473762"><ele>2670.108173</ele><time>2026-09-14T02:02:20Z</time><extensions><speed>0.076137</speed><course>206.033412</course><hAcc>1.741654</hAcc><vAcc>3.448337</vAcc></extensions></trkpt>
      <trkpt lon="120.905823" lat="23.473761"><ele>2670.096171</ele><time>2026-09-14T02:02:21Z</time><extensions><speed>0.065249</speed><course>200.056451</course><hAcc>1.745454</hAcc><vAcc>3.450090</vAcc></extensions></trkpt>
      <trkpt lon="120.905823" lat="23.473760"><ele>2670.085008</ele><time>2026-09-14T02:02:22Z</time><extensions><speed>0.045106</speed><course>193.140772</course><hAcc>1.747150</hAcc><vAcc>3.451756</vAcc></extensions></trkpt>
      <trkpt lon="120.905823" lat="23.473760"><ele>2670.072290</ele><time>2026-09-14T02:02:23Z</time><extensions><speed>0.016788</speed><course>169.638407</course><hAcc>1.746619</hAcc><vAcc>3.453541</vAcc></extensions></trkpt>
      <trkpt lon="120.905823" lat="23.473760"><ele>2670.060433</ele><time>2026-09-14T02:02:24Z</time><extensions><speed>0.018599</speed><course>53.679170</course><hAcc>1.743401</hAcc><vAcc>3.455239</vAcc></extensions></trkpt>
      <trkpt lon="120.905823" lat="23.473760"><ele>2670.047044</ele><time>2026-09-14T02:02:25Z</time><extensions><speed>0.037486</speed><course>36.713883</course><hAcc>1.735243</hAcc><vAcc>3.457058</vAcc></extensions></trkpt>
      <trkpt lon="120.905823" lat="23.473761"><ele>2670.034533</ele><time>2026-09-14T02:02:26Z</time><extensions><speed>0.043137</speed><course>30.277812</course><hAcc>1.728033</hAcc><vAcc>3.458790</vAcc></extensions></trkpt>
      <trkpt lon="120.905824" lat="23.473761"><ele>2670.022867</ele><time>2026-09-14T02:02:27Z</time><extensions><speed>0.037921</speed><course>14.825737</course><hAcc>1.733895</hAcc><vAcc>3.460436</vAcc></extensions></trkpt>
      <trkpt lon="120.905824" lat="23.473761"><ele>2670.009658</ele><time>2026-09-14T02:02:28Z</time><extensions><speed>0.026346</speed><course>0.238072</course><hAcc>1.750960</hAcc><vAcc>3.462203</vAcc></extensions></trkpt>
      <trkpt lon="120.905824" lat="23.473762"><ele>2669.997303</ele><time>2026-09-14T02:02:29Z</time><extensions><speed>0.025334</speed><course>341.838309</course><hAcc>1.728373</hAcc><vAcc>3.463888</vAcc></extensions></trkpt>
      <trkpt lon="120.905823" lat="23.473762"><ele>2669.983417</ele><time>2026-09-14T02:02:30Z</time><extensions><speed>0.024918</speed><course>323.778310</course><hAcc>1.717569</hAcc><vAcc>3.465702</vAcc></extensions></trkpt>
      <trkpt lon="120.905823" lat="23.473762"><ele>2669.970385</ele><time>2026-09-14T02:02:31Z</time><extensions><speed>0.024823</speed><course>308.148237</course><hAcc>1.728266</hAcc><vAcc>3.467442</vAcc></extensions></trkpt>
      <trkpt lon="120.905823" lat="23.473762"><ele>2669.958167</ele><time>2026-09-14T02:02:32Z</time><extensions><speed>0.020675</speed><course>300.037956</course><hAcc>1.748206</hAcc><vAcc>3.469111</vAcc></extensions></trkpt>
      <trkpt lon="120.905823" lat="23.473762"><ele>2669.944396</ele><time>2026-09-14T02:02:33Z</time><extensions><speed>0.016992</speed><course>297.342647</course><hAcc>1.741718</hAcc><vAcc>3.470918</vAcc></extensions></trkpt>
      <trkpt lon="120.905823" lat="23.473762"><ele>2669.931464</ele><time>2026-09-14T02:02:34Z</time><extensions><speed>0.011067</speed><course>298.810376</course><hAcc>1.740712</hAcc><vAcc>3.472657</vAcc></extensions></trkpt>
      <trkpt lon="120.905823" lat="23.473762"><ele>2669.917015</ele><time>2026-09-14T02:02:35Z</time><extensions><speed>0.004533</speed><course>326.635436</course><hAcc>1.746794</hAcc><vAcc>3.474533</vAcc></extensions></trkpt>
      <trkpt lon="120.905823" lat="23.473762"><ele>2669.903430</ele><time>2026-09-14T02:02:36Z</time><extensions><speed>0.006802</speed><course>60.519688</course><hAcc>1.753833</hAcc><vAcc>3.476343</vAcc></extensions></trkpt>
      <trkpt lon="120.905823" lat="23.473762"><ele>2669.890678</ele><time>2026-09-14T02:02:37Z</time><extensions><speed>0.017333</speed><course>75.506594</course><hAcc>1.758580</hAcc><vAcc>3.478084</vAcc></extensions></trkpt>
      <trkpt lon="120.905823" lat="23.473762"><ele>2669.876414</ele><time>2026-09-14T02:02:38Z</time><extensions><speed>0.031920</speed><course>77.019852</course><hAcc>1.760929</hAcc><vAcc>3.479960</vAcc></extensions></trkpt>
      <trkpt lon="120.905824" lat="23.473762"><ele>2669.863017</ele><time>2026-09-14T02:02:39Z</time><extensions><speed>0.052740</speed><course>76.172857</course><hAcc>1.761462</hAcc><vAcc>3.481766</vAcc></extensions></trkpt>
      <trkpt lon="120.905824" lat="23.473763"><ele>2669.848149</ele><time>2026-09-14T02:02:40Z</time><extensions><speed>0.081335</speed><course>73.727704</course><hAcc>1.761178</hAcc><vAcc>3.483705</vAcc></extensions></trkpt>
      <trkpt lon="120.905825" lat="23.473763"><ele>2669.834177</ele><time>2026-09-14T02:02:41Z</time><extensions><speed>0.122077</speed><course>69.024073</course><hAcc>1.760781</hAcc><vAcc>3.485573</vAcc></extensions></trkpt>
      <trkpt lon="120.905826" lat="23.473763"><ele>2669.821071</ele><time>2026-09-14T02:02:42Z</time><extensions><speed>0.127019</speed><course>60.528111</course><hAcc>1.761199</hAcc><vAcc>3.487368</vAcc></extensions></trkpt>
      <trkpt lon="120.905827" lat="23.473764"><ele>2669.806513</ele><time>2026-09-14T02:02:43Z</time><extensions><speed>0.140170</speed><course>57.563027</course><hAcc>1.759758</hAcc><vAcc>3.489290</vAcc></extensions></trkpt>
      <trkpt lon="120.905828" lat="23.473765"><ele>2669.792845</ele><time>2026-09-14T02:02:44Z</time><extensions><speed>0.141352</speed><course>56.216276</course><hAcc>1.755555</hAcc><vAcc>3.491139</vAcc></extensions></trkpt>
      <trkpt lon="120.905830" lat="23.473765"><ele>2669.780041</ele><time>2026-09-14T02:02:45Z</time><extensions><speed>0.146499</speed><course>60.807397</course><hAcc>1.746018</hAcc><vAcc>3.492912</vAcc></extensions></trkpt>
      <trkpt lon="120.905831" lat="23.473766"><ele>2669.765768</ele><time>2026-09-14T02:02:46Z</time><extensions><speed>0.126341</speed><course>67.981064</course><hAcc>1.736133</hAcc><vAcc>3.494810</vAcc></extensions></trkpt>
      <trkpt lon="120.905832" lat="23.473766"><ele>2669.752383</ele><time>2026-09-14T02:02:47Z</time><extensions><speed>0.072281</speed><course>81.195065</course><hAcc>1.729665</hAcc><vAcc>3.496632</vAcc></extensions></trkpt>
      <trkpt lon="120.905832" lat="23.473766"><ele>2669.737560</ele><time>2026-09-14T02:02:48Z</time><extensions><speed>0.045705</speed><course>119.106622</course><hAcc>1.733244</hAcc><vAcc>3.498578</vAcc></extensions></trkpt>
      <trkpt lon="120.905833" lat="23.473766"><ele>2669.723646</ele><time>2026-09-14T02:02:49Z</time><extensions><speed>0.044936</speed><course>159.763183</course><hAcc>1.743698</hAcc><vAcc>3.500447</vAcc></extensions></trkpt>
      <trkpt lon="120.905833" lat="23.473765"><ele>2669.710612</ele><time>2026-09-14T02:02:50Z</time><extensions><speed>0.062240</speed><course>177.005985</course><hAcc>1.713672</hAcc><vAcc>3.502238</vAcc></extensions></trkpt>
      <trkpt lon="120.905833" lat="23.473765"><ele>2669.696151</ele><time>2026-09-14T02:02:51Z</time><extensions><speed>0.071606</speed><course>188.029435</course><hAcc>1.696868</hAcc><vAcc>3.504150</vAcc></extensions></trkpt>
      <trkpt lon="120.905832" lat="23.473764"><ele>2669.682586</ele><time>2026-09-14T02:02:52Z</time><extensions><speed>0.082852</speed><course>200.811326</course><hAcc>1.704032</hAcc><vAcc>3.505983</vAcc></extensions></trkpt>
      <trkpt lon="120.905832" lat="23.473763"><ele>2669.667611</ele><time>2026-09-14T02:02:53Z</time><extensions><speed>0.094547</speed><course>207.101420</course><hAcc>1.715719</hAcc><vAcc>3.507939</vAcc></extensions></trkpt>
      <trkpt lon="120.905832" lat="23.473762"><ele>2669.653548</ele><time>2026-09-14T02:02:54Z</time><extensions><speed>0.112039</speed><course>209.842661</course><hAcc>1.714095</hAcc><vAcc>3.509819</vAcc></extensions></trkpt>
      <trkpt lon="120.905831" lat="23.473761"><ele>2669.640363</ele><time>2026-09-14T02:02:55Z</time><extensions><speed>0.106055</speed><course>210.530561</course><hAcc>1.717719</hAcc><vAcc>3.511621</vAcc></extensions></trkpt>
      <trkpt lon="120.905830" lat="23.473761"><ele>2669.625755</ele><time>2026-09-14T02:02:56Z</time><extensions><speed>0.082761</speed><course>216.720853</course><hAcc>1.725520</hAcc><vAcc>3.513546</vAcc></extensions></trkpt>
      <trkpt lon="120.905830" lat="23.473760"><ele>2669.612043</ele><time>2026-09-14T02:02:57Z</time><extensions><speed>0.059755</speed><course>217.103405</course><hAcc>1.717973</hAcc><vAcc>3.515395</vAcc></extensions></trkpt>
      <trkpt lon="120.905830" lat="23.473760"><ele>2669.596933</ele><time>2026-09-14T02:02:58Z</time><extensions><speed>0.045699</speed><course>216.154649</course><hAcc>1.721730</hAcc><vAcc>3.517365</vAcc></extensions></trkpt>
      <trkpt lon="120.905830" lat="23.473760"><ele>2669.582739</ele><time>2026-09-14T02:02:59Z</time><extensions><speed>0.043148</speed><course>202.421850</course><hAcc>1.728462</hAcc><vAcc>3.519260</vAcc></extensions></trkpt>
      <trkpt lon="120.905829" lat="23.473759"><ele>2669.569431</ele><time>2026-09-14T02:03:00Z</time><extensions><speed>0.060266</speed><course>183.912828</course><hAcc>1.724030</hAcc><vAcc>3.521076</vAcc></extensions></trkpt>
      <trkpt lon="120.905829" lat="23.473758"><ele>2669.554723</ele><time>2026-09-14T02:03:01Z</time><extensions><speed>0.089512</speed><course>189.392753</course><hAcc>1.722089</hAcc><vAcc>3.523013</vAcc></extensions></trkpt>
      <trkpt lon="120.905829" lat="23.473758"><ele>2669.540919</ele><time>2026-09-14T02:03:02Z</time><extensions><speed>0.104429</speed><course>198.621170</course><hAcc>1.738975</hAcc><vAcc>3.524872</vAcc></extensions></trkpt>
      <trkpt lon="120.905829" lat="23.473757"><ele>2669.525743</ele><time>2026-09-14T02:03:03Z</time><extensions><speed>0.091692</speed><course>203.093905</course><hAcc>1.756022</hAcc><vAcc>3.526851</vAcc></extensions></trkpt>
      <trkpt lon="120.905828" lat="23.473756"><ele>2669.511488</ele><time>2026-09-14T02:03:04Z</time><extensions><speed>0.096710</speed><course>209.324125</course><hAcc>1.734729</hAcc><vAcc>3.528752</vAcc></extensions></trkpt>
      <trkpt lon="120.905828" lat="23.473755"><ele>2669.498123</ele><time>2026-09-14T02:03:05Z</time><extensions><speed>0.093951</speed><course>217.617687</course><hAcc>1.726687</hAcc><vAcc>3.530575</vAcc></extensions></trkpt>
      <trkpt lon="120.905827" lat="23.473755"><ele>2669.483368</ele><time>2026-09-14T02:03:06Z</time><extensions><speed>0.095489</speed><course>227.658833</course><hAcc>1.733016</hAcc><vAcc>3.532516</vAcc></extensions></trkpt>
      <trkpt lon="120.905826" lat="23.473754"><ele>2669.469519</ele><time>2026-09-14T02:03:07Z</time><extensions><speed>0.105443</speed><course>237.104510</course><hAcc>1.741636</hAcc><vAcc>3.534379</vAcc></extensions></trkpt>
      <trkpt lon="120.905825" lat="23.473754"><ele>2669.456546</ele><time>2026-09-14T02:03:08Z</time><extensions><speed>0.120103</speed><course>245.502310</course><hAcc>1.747924</hAcc><vAcc>3.536163</vAcc></extensions></trkpt>
      <trkpt lon="120.905824" lat="23.473753"><ele>2669.442176</ele><time>2026-09-14T02:03:09Z</time><extensions><speed>0.130611</speed><course>252.660023</course><hAcc>1.750168</hAcc><vAcc>3.538063</vAcc></extensions></trkpt>
      <trkpt lon="120.905823" lat="23.473753"><ele>2669.428700</ele><time>2026-09-14T02:03:10Z</time><extensions><speed>0.115009</speed><course>263.064318</course><hAcc>1.748113</hAcc><vAcc>3.539884</vAcc></extensions></trkpt>
      <trkpt lon="120.905822" lat="23.473753"><ele>2669.413852</ele><time>2026-09-14T02:03:11Z</time><extensions><speed>0.099010</speed><course>275.620572</course><hAcc>1.746553</hAcc><vAcc>3.541822</vAcc></extensions></trkpt>
      <trkpt lon="120.905821" lat="23.473753"><ele>2669.399911</ele><time>2026-09-14T02:03:12Z</time><extensions><speed>0.088245</speed><course>285.902673</course><hAcc>1.745702</hAcc><vAcc>3.543681</vAcc></extensions></trkpt>
      <trkpt lon="120.905820" lat="23.473753"><ele>2669.386850</ele><time>2026-09-14T02:03:13Z</time><extensions><speed>0.081597</speed><course>299.012035</course><hAcc>1.741857</hAcc><vAcc>3.545461</vAcc></extensions></trkpt>
      <trkpt lon="120.905820" lat="23.473754"><ele>2669.372408</ele><time>2026-09-14T02:03:14Z</time><extensions><speed>0.084175</speed><course>312.966018</course><hAcc>1.737434</hAcc><vAcc>3.547356</vAcc></extensions></trkpt>
      <trkpt lon="120.905819" lat="23.473754"><ele>2669.358857</ele><time>2026-09-14T02:03:15Z</time><extensions><speed>0.099096</speed><course>323.020875</course><hAcc>1.730258</hAcc><vAcc>3.549172</vAcc></extensions></trkpt>
      <trkpt lon="120.905818" lat="23.473755"><ele>2669.343946</ele><time>2026-09-14T02:03:16Z</time><extensions><speed>0.117772</speed><course>328.064991</course><hAcc>1.727857</hAcc><vAcc>3.551104</vAcc></extensions></trkpt>
      <trkpt lon="120.905818" lat="23.473756"><ele>2669.329939</ele><time>2026-09-14T02:03:17Z</time><extensions><speed>0.130965</speed><course>329.153977</course><hAcc>1.732614</hAcc><vAcc>3.552960</vAcc></extensions></trkpt>
      <trkpt lon="120.905817" lat="23.473757"><ele>2669.316802</ele><time>2026-09-14T02:03:18Z</time><extensions><speed>0.120512</speed><course>325.408342</course><hAcc>1.736869</hAcc><vAcc>3.554738</vAcc></extensions></trkpt>
      <trkpt lon="120.905816" lat="23.473758"><ele>2669.302300</ele><time>2026-09-14T02:03:19Z</time><extensions><speed>0.106365</speed><course>318.033894</course><hAcc>1.719539</hAcc><vAcc>3.556633</vAcc></extensions></trkpt>
      <trkpt lon="120.905816" lat="23.473758"><ele>2669.288682</ele><time>2026-09-14T02:03:20Z</time><extensions><speed>0.080972</speed><course>305.473550</course><hAcc>1.712967</hAcc><vAcc>3.558452</vAcc></extensions></trkpt>
      <trkpt lon="120.905815" lat="23.473759"><ele>2669.273714</ele><time>2026-09-14T02:03:21Z</time><extensions><speed>0.073792</speed><course>273.869299</course><hAcc>1.728041</hAcc><vAcc>3.560388</vAcc></extensions></trkpt>
      <trkpt lon="120.905814" lat="23.473758"><ele>2669.259646</ele><time>2026-09-14T02:03:22Z</time><extensions><speed>0.100060</speed><course>244.432210</course><hAcc>1.755067</hAcc><vAcc>3.562248</vAcc></extensions></trkpt>
      <trkpt lon="120.905813" lat="23.473758"><ele>2669.246450</ele><time>2026-09-14T02:03:23Z</time><extensions><speed>0.160560</speed><course>231.181076</course><hAcc>1.739048</hAcc><vAcc>3.564031</vAcc></extensions></trkpt>
      <trkpt lon="120.905812" lat="23.473757"><ele>2669.234094</ele><time>2026-09-14T02:03:24Z</time><extensions><speed>0.218955</speed><course>225.892787</course><hAcc>1.733582</hAcc><vAcc>3.565737</vAcc></extensions></trkpt>
      <trkpt lon="120.905810" lat="23.473755"><ele>2669.222546</ele><time>2026-09-14T02:03:25Z</time><extensions><speed>0.250500</speed><course>221.511886</course><hAcc>1.742106</hAcc><vAcc>3.567365</vAcc></extensions></trkpt>
      <trkpt lon="120.905808" lat="23.473753"><ele>2669.209574</ele><time>2026-09-14T02:03:26Z</time><extensions><speed>0.278039</speed><course>219.794822</course><hAcc>1.750376</hAcc><vAcc>3.569106</vAcc></extensions></trkpt>
      <trkpt lon="120.905807" lat="23.473751"><ele>2669.197432</ele><time>2026-09-14T02:03:27Z</time><extensions><speed>0.274703</speed><course>217.202607</course><hAcc>1.753514</hAcc><vAcc>3.570768</vAcc></extensions></trkpt>
      <trkpt lon="120.905805" lat="23.473749"><ele>2669.186089</ele><time>2026-09-14T02:03:28Z</time><extensions><speed>0.254363</speed><course>216.255498</course><hAcc>1.757241</hAcc><vAcc>3.572351</vAcc></extensions></trkpt>
      <trkpt lon="120.905804" lat="23.473748"><ele>2669.173311</ele><time>2026-09-14T02:03:29Z</time><extensions><speed>0.213429</speed><course>215.146317</course><hAcc>1.760622</hAcc><vAcc>3.574047</vAcc></extensions></trkpt>
      <trkpt lon="120.905803" lat="23.473746"><ele>2669.161349</ele><time>2026-09-14T02:03:30Z</time><extensions><speed>0.174575</speed><course>215.170659</course><hAcc>1.757774</hAcc><vAcc>3.575664</vAcc></extensions></trkpt>
      <trkpt lon="120.905802" lat="23.473745"><ele>2669.150174</ele><time>2026-09-14T02:03:31Z</time><extensions><speed>0.132700</speed><course>216.251852</course><hAcc>1.756503</hAcc><vAcc>3.577202</vAcc></extensions></trkpt>
      <trkpt lon="120.905801" lat="23.473744"><ele>2669.137558</ele><time>2026-09-14T02:03:32Z</time><extensions><speed>0.100338</speed><course>217.575070</course><hAcc>1.757148</hAcc><vAcc>3.578853</vAcc></extensions></trkpt>
      <trkpt lon="120.905801" lat="23.473744"><ele>2669.125738</ele><time>2026-09-14T02:03:33Z</time><extensions><speed>0.079359</speed><course>219.866801</course><hAcc>1.757883</hAcc><vAcc>3.580428</vAcc></extensions></trkpt>
      <trkpt lon="120.905800" lat="23.473743"><ele>2669.112492</ele><time>2026-09-14T02:03:34Z</time><extensions><speed>0.070332</speed><course>222.887273</course><hAcc>1.757616</hAcc><vAcc>3.582121</vAcc></extensions></trkpt>
      <trkpt lon="120.905800" lat="23.473743"><ele>2669.100048</ele><time>2026-09-14T02:03:35Z</time><extensions><speed>0.070257</speed><course>225.833365</course><hAcc>1.757351</hAcc><vAcc>3.583744</vAcc></extensions></trkpt>
      <trkpt lon="120.905799" lat="23.473742"><ele>2669.088369</ele><time>2026-09-14T02:03:36Z</time><extensions><speed>0.074988</speed><course>228.428963</course><hAcc>1.756848</hAcc><vAcc>3.585300</vAcc></extensions></trkpt>
      <trkpt lon="120.905798" lat="23.473742"><ele>2669.075246</ele><time>2026-09-14T02:03:37Z</time><extensions><speed>0.077136</speed><course>230.946375</course><hAcc>1.756479</hAcc><vAcc>3.586979</vAcc></extensions></trkpt>
      <trkpt lon="120.905798" lat="23.473741"><ele>2669.062906</ele><time>2026-09-14T02:03:38Z</time><extensions><speed>0.061597</speed><course>235.785847</course><hAcc>1.758129</hAcc><vAcc>3.588593</vAcc></extensions></trkpt>
      <trkpt lon="120.905797" lat="23.473741"><ele>2669.049150</ele><time>2026-09-14T02:03:39Z</time><extensions><speed>0.061943</speed><course>251.039267</course><hAcc>1.764285</hAcc><vAcc>3.590332</vAcc></extensions></trkpt>
      <trkpt lon="120.905797" lat="23.473741"><ele>2669.036197</ele><time>2026-09-14T02:03:40Z</time><extensions><speed>0.055435</speed><course>266.028974</course><hAcc>1.759808</hAcc><vAcc>3.592008</vAcc></extensions></trkpt>
      <trkpt lon="120.905796" lat="23.473741"><ele>2669.024020</ele><time>2026-09-14T02:03:41Z</time><extensions><speed>0.040221</speed><course>281.438379</course><hAcc>1.756632</hAcc><vAcc>3.593621</vAcc></extensions></trkpt>
      <trkpt lon="120.905796" lat="23.473741"><ele>2669.010434</ele><time>2026-09-14T02:03:42Z</time><extensions><speed>0.043147</speed><course>276.508981</course><hAcc>1.758707</hAcc><vAcc>3.595357</vAcc></extensions></trkpt>
      <trkpt lon="120.905796" lat="23.473741"><ele>2668.997649</ele><time>2026-09-14T02:03:43Z</time><extensions><speed>0.026734</speed><course>278.503543</course><hAcc>1.759790</hAcc><vAcc>3.597030</vAcc></extensions></trkpt>
      <trkpt lon="120.905795" lat="23.473741"><ele>2668.983483</ele><time>2026-09-14T02:03:44Z</time><extensions><speed>0.007514</speed><course>285.190636</course><hAcc>1.758546</hAcc><vAcc>3.598826</vAcc></extensions></trkpt>
      <trkpt lon="120.905795" lat="23.473741"><ele>2668.970144</ele><time>2026-09-14T02:03:45Z</time><extensions><speed>0.010780</speed><course>54.659353</course><hAcc>1.754415</hAcc><vAcc>3.600556</vAcc></extensions></trkpt>
      <trkpt lon="120.905796" lat="23.473741"><ele>2668.957609</ele><time>2026-09-14T02:03:46Z</time><extensions><speed>0.017177</speed><course>50.593940</course><hAcc>1.749751</hAcc><vAcc>3.602220</vAcc></extensions></trkpt>
      <trkpt lon="120.905796" lat="23.473741"><ele>2668.943697</ele><time>2026-09-14T02:03:47Z</time><extensions><speed>0.020139</speed><course>37.882397</course><hAcc>1.747761</hAcc><vAcc>3.604003</vAcc></extensions></trkpt>
      <trkpt lon="120.905796" lat="23.473742"><ele>2668.930611</ele><time>2026-09-14T02:03:48Z</time><extensions><speed>0.034788</speed><course>38.683229</course><hAcc>1.744723</hAcc><vAcc>3.605720</vAcc></extensions></trkpt>
      <trkpt lon="120.905796" lat="23.473742"><ele>2668.916180</ele><time>2026-09-14T02:03:49Z</time><extensions><speed>0.038440</speed><course>39.762081</course><hAcc>1.747076</hAcc><vAcc>3.607554</vAcc></extensions></trkpt>
      <trkpt lon="120.905796" lat="23.473742"><ele>2668.902598</ele><time>2026-09-14T02:03:50Z</time><extensions><speed>0.038224</speed><course>45.615838</course><hAcc>1.735102</hAcc><vAcc>3.609320</vAcc></extensions></trkpt>
      <trkpt lon="120.905797" lat="23.473742"><ele>2668.889840</ele><time>2026-09-14T02:03:51Z</time><extensions><speed>0.031378</speed><course>50.138381</course><hAcc>1.728258</hAcc><vAcc>3.611015</vAcc></extensions></trkpt>
      <trkpt lon="120.905797" lat="23.473743"><ele>2668.875735</ele><time>2026-09-14T02:03:52Z</time><extensions><speed>0.022901</speed><course>52.714243</course><hAcc>1.726946</hAcc><vAcc>3.612827</vAcc></extensions></trkpt>
      <trkpt lon="120.905797" lat="23.473743"><ele>2668.862472</ele><time>2026-09-14T02:03:53Z</time><extensions><speed>0.016303</speed><course>54.419092</course><hAcc>1.720603</hAcc><vAcc>3.614568</vAcc></extensions></trkpt>
      <trkpt lon="120.905797" lat="23.473743"><ele>2668.850025</ele><time>2026-09-14T02:03:54Z</time><extensions><speed>0.010931</speed><course>55.625336</course><hAcc>1.715500</hAcc><vAcc>3.616238</vAcc></extensions></trkpt>
      <trkpt lon="120.905797" lat="23.473743"><ele>2668.836228</ele><time>2026-09-14T02:03:55Z</time><extensions><speed>0.007206</speed><course>56.540916</course><hAcc>1.709300</hAcc><vAcc>3.618021</vAcc></extensions></trkpt>
      <trkpt lon="120.905797" lat="23.473743"><ele>2668.823266</ele><time>2026-09-14T02:03:56Z</time><extensions><speed>0.004589</speed><course>57.258917</course><hAcc>1.704271</hAcc><vAcc>3.619732</vAcc></extensions></trkpt>
      <trkpt lon="120.905797" lat="23.473743"><ele>2668.808981</ele><time>2026-09-14T02:03:57Z</time><extensions><speed>0.002993</speed><course>57.828412</course><hAcc>1.698687</hAcc><vAcc>3.621555</vAcc></extensions></trkpt>
      <trkpt lon="120.905797" lat="23.473743"><ele>2668.795548</ele><time>2026-09-14T02:03:58Z</time><extensions><speed>0.001813</speed><course>58.281087</course><hAcc>1.703495</hAcc><vAcc>3.623307</vAcc></extensions></trkpt>
      <trkpt lon="120.905797" lat="23.473743"><ele>2668.782940</ele><time>2026-09-14T02:03:59Z</time><extensions><speed>0.001189</speed><course>58.647769</course><hAcc>1.704630</hAcc><vAcc>3.624985</vAcc></extensions></trkpt>
      <trkpt lon="120.905797" lat="23.473743"><ele>2668.769006</ele><time>2026-09-14T02:04:00Z</time><extensions><speed>0.000749</speed><course>58.926097</course><hAcc>1.716405</hAcc><vAcc>3.626774</vAcc></extensions></trkpt>
      <trkpt lon="120.905797" lat="23.473743"><ele>2668.755911</ele><time>2026-09-14T02:04:01Z</time><extensions><speed>0.004391</speed><course>37.524519</course><hAcc>1.723723</hAcc><vAcc>3.628491</vAcc></extensions></trkpt>
      <trkpt lon="120.905797" lat="23.473743"><ele>2668.741509</ele><time>2026-09-14T02:04:02Z</time><extensions><speed>0.011808</speed><course>35.609498</course><hAcc>1.718713</hAcc><vAcc>3.630319</vAcc></extensions></trkpt>
      <trkpt lon="120.905798" lat="23.473743"><ele>2668.727960</ele><time>2026-09-14T02:04:03Z</time><extensions><speed>0.023073</speed><course>35.130926</course><hAcc>1.725975</hAcc><vAcc>3.632076</vAcc></extensions></trkpt>
      <trkpt lon="120.905798" lat="23.473743"><ele>2668.715233</ele><time>2026-09-14T02:04:04Z</time><extensions><speed>0.039187</speed><course>34.963937</course><hAcc>1.739910</hAcc><vAcc>3.633762</vAcc></extensions></trkpt>
      <trkpt lon="120.905798" lat="23.473744"><ele>2668.701179</ele><time>2026-09-14T02:04:05Z</time><extensions><speed>0.062677</speed><course>34.898458</course><hAcc>1.748564</hAcc><vAcc>3.635560</vAcc></extensions></trkpt>
      <trkpt lon="120.905799" lat="23.473744"><ele>2668.687964</ele><time>2026-09-14T02:04:06Z</time><extensions><speed>0.098843</speed><course>34.946884</course><hAcc>1.749748</hAcc><vAcc>3.637287</vAcc></extensions></trkpt>
      <trkpt lon="120.905799" lat="23.473745"><ele>2668.673458</ele><time>2026-09-14T02:04:07Z</time><extensions><speed>0.145034</speed><course>34.915411</course><hAcc>1.744974</hAcc><vAcc>3.639126</vAcc></extensions></trkpt>
      <trkpt lon="120.905800" lat="23.473747"><ele>2668.659809</ele><time>2026-09-14T02:04:08Z</time><extensions><speed>0.201683</speed><course>34.876253</course><hAcc>1.733058</hAcc><vAcc>3.640893</vAcc></extensions></trkpt>
      <trkpt lon="120.905802" lat="23.473748"><ele>2668.646985</ele><time>2026-09-14T02:04:09Z</time><extensions><speed>0.261694</speed><course>34.857293</course><hAcc>1.719593</hAcc><vAcc>3.642589</vAcc></extensions></trkpt>
      <trkpt lon="120.905803" lat="23.473750"><ele>2668.632860</ele><time>2026-09-14T02:04:10Z</time><extensions><speed>0.296030</speed><course>34.851213</course><hAcc>1.720401</hAcc><vAcc>3.644395</vAcc></extensions></trkpt>
      <trkpt lon="120.905805" lat="23.473753"><ele>2668.619578</ele><time>2026-09-14T02:04:11Z</time><extensions><speed>0.261260</speed><course>34.859431</course><hAcc>1.733877</hAcc><vAcc>3.646130</vAcc></extensions></trkpt>
      <trkpt lon="120.905806" lat="23.473754"><ele>2668.605016</ele><time>2026-09-14T02:04:12Z</time><extensions><speed>0.254690</speed><course>34.899875</course><hAcc>1.722057</hAcc><vAcc>3.647974</vAcc></extensions></trkpt>
      <trkpt lon="120.905807" lat="23.473756"><ele>2668.591314</ele><time>2026-09-14T02:04:13Z</time><extensions><speed>0.232000</speed><course>35.020737</course><hAcc>1.715028</hAcc><vAcc>3.649747</vAcc></extensions></trkpt>
      <trkpt lon="120.905809" lat="23.473758"><ele>2668.578441</ele><time>2026-09-14T02:04:14Z</time><extensions><speed>0.243896</speed><course>35.293145</course><hAcc>1.699713</hAcc><vAcc>3.651447</vAcc></extensions></trkpt>
      <trkpt lon="120.905810" lat="23.473760"><ele>2668.564278</ele><time>2026-09-14T02:04:15Z</time><extensions><speed>0.235144</speed><course>35.853349</course><hAcc>1.701303</hAcc><vAcc>3.653257</vAcc></extensions></trkpt>
      <trkpt lon="120.905811" lat="23.473761"><ele>2668.550961</ele><time>2026-09-14T02:04:16Z</time><extensions><speed>0.202063</speed><course>37.179620</course><hAcc>1.720672</hAcc><vAcc>3.654994</vAcc></extensions></trkpt>
      <trkpt lon="120.905812" lat="23.473763"><ele>2668.538460</ele><time>2026-09-14T02:04:17Z</time><extensions><speed>0.117399</speed><course>33.953513</course><hAcc>1.748986</hAcc><vAcc>3.656658</vAcc></extensions></trkpt>
      <trkpt lon="120.905813" lat="23.473763"><ele>2668.524661</ele><time>2026-09-14T02:04:18Z</time><extensions><speed>0.089092</speed><course>31.139035</course><hAcc>1.734500</hAcc><vAcc>3.658429</vAcc></extensions></trkpt>
      <trkpt lon="120.905813" lat="23.473764"><ele>2668.511695</ele><time>2026-09-14T02:04:19Z</time><extensions><speed>0.062321</speed><course>28.400080</course><hAcc>1.730184</hAcc><vAcc>3.660128</vAcc></extensions></trkpt>
      <trkpt lon="120.905813" lat="23.473764"><ele>2668.497453</ele><time>2026-09-14T02:04:20Z</time><extensions><speed>0.041052</speed><course>24.639020</course><hAcc>1.736937</hAcc><vAcc>3.661933</vAcc></extensions></trkpt>
      <trkpt lon="120.905814" lat="23.473765"><ele>2668.484057</ele><time>2026-09-14T02:04:21Z</time><extensions><speed>0.027044</speed><course>17.159198</course><hAcc>1.744647</hAcc><vAcc>3.663667</vAcc></extensions></trkpt>
      <trkpt lon="120.905814" lat="23.473765"><ele>2668.471480</ele><time>2026-09-14T02:04:22Z</time><extensions><speed>0.019136</speed><course>3.830480</course><hAcc>1.749770</hAcc><vAcc>3.665327</vAcc></extensions></trkpt>
      <trkpt lon="120.905814" lat="23.473765"><ele>2668.457614</ele><time>2026-09-14T02:04:23Z</time><extensions><speed>0.016663</speed><course>347.185591</course><hAcc>1.750879</hAcc><vAcc>3.667093</vAcc></extensions></trkpt>
      <trkpt lon="120.905814" lat="23.473765"><ele>2668.444579</ele><time>2026-09-14T02:04:24Z</time><extensions><speed>0.019253</speed><course>342.004635</course><hAcc>1.750507</hAcc><vAcc>3.668788</vAcc></extensions></trkpt>
      <trkpt lon="120.905814" lat="23.473765"><ele>2668.430272</ele><time>2026-09-14T02:04:25Z</time><extensions><speed>0.027440</speed><course>352.762887</course><hAcc>1.748870</hAcc><vAcc>3.670590</vAcc></extensions></trkpt>
      <trkpt lon="120.905814" lat="23.473766"><ele>2668.416807</ele><time>2026-09-14T02:04:26Z</time><extensions><speed>0.047450</speed><course>10.922443</course><hAcc>1.748461</hAcc><vAcc>3.672321</vAcc></extensions></trkpt>
      <trkpt lon="120.905814" lat="23.473766"><ele>2668.404153</ele><time>2026-09-14T02:04:27Z</time><extensions><speed>0.070784</speed><course>14.634053</course><hAcc>1.750794</hAcc><vAcc>3.673981</vAcc></extensions></trkpt>
      <trkpt lon="120.905814" lat="23.473767"><ele>2668.392280</ele><time>2026-09-14T02:04:28Z</time><extensions><speed>0.101594</speed><course>19.535510</course><hAcc>1.746276</hAcc><vAcc>3.675570</vAcc></extensions></trkpt>
      <trkpt lon="120.905814" lat="23.473768"><ele>2668.381163</ele><time>2026-09-14T02:04:29Z</time><extensions><speed>0.123546</speed><course>24.807758</course><hAcc>1.738782</hAcc><vAcc>3.677087</vAcc></extensions></trkpt>
      <trkpt lon="120.905815" lat="23.473769"><ele>2668.368719</ele><time>2026-09-14T02:04:30Z</time><extensions><speed>0.103130</speed><course>21.195521</course><hAcc>1.735530</hAcc><vAcc>3.678710</vAcc></extensions></trkpt>
      <trkpt lon="120.905815" lat="23.473769"><ele>2668.357045</ele><time>2026-09-14T02:04:31Z</time><extensions><speed>0.063090</speed><course>20.690021</course><hAcc>1.733282</hAcc><vAcc>3.680260</vAcc></extensions></trkpt>
      <trkpt lon="120.905815" lat="23.473770"><ele>2668.346114</ele><time>2026-09-14T02:04:32Z</time><extensions><speed>0.007607</speed><course>283.755555</course><hAcc>1.734034</hAcc><vAcc>3.681739</vAcc></extensions></trkpt>
      <trkpt lon="120.905815" lat="23.473769"><ele>2668.333834</ele><time>2026-09-14T02:04:33Z</time><extensions><speed>0.055723</speed><course>214.519520</course><hAcc>1.731083</hAcc><vAcc>3.683323</vAcc></extensions></trkpt>
      <trkpt lon="120.905814" lat="23.473769"><ele>2668.322321</ele><time>2026-09-14T02:04:34Z</time><extensions><speed>0.108577</speed><course>217.000419</course><hAcc>1.730643</hAcc><vAcc>3.684834</vAcc></extensions></trkpt>
      <trkpt lon="120.905814" lat="23.473768"><ele>2668.309488</ele><time>2026-09-14T02:04:35Z</time><extensions><speed>0.152648</speed><course>217.747840</course><hAcc>1.736787</hAcc><vAcc>3.686452</vAcc></extensions></trkpt>
      <trkpt lon="120.905813" lat="23.473767"><ele>2668.297430</ele><time>2026-09-14T02:04:36Z</time><extensions><speed>0.196665</speed><course>217.192902</course><hAcc>1.737522</hAcc><vAcc>3.687999</vAcc></extensions></trkpt>
      <trkpt lon="120.905811" lat="23.473765"><ele>2668.286116</ele><time>2026-09-14T02:04:37Z</time><extensions><speed>0.229830</speed><course>214.515713</course><hAcc>1.727178</hAcc><vAcc>3.689476</vAcc></extensions></trkpt>
      <trkpt lon="120.905810" lat="23.473763"><ele>2668.273459</ele><time>2026-09-14T02:04:38Z</time><extensions><speed>0.219327</speed><course>209.545483</course><hAcc>1.724592</hAcc><vAcc>3.691064</vAcc></extensions></trkpt>
      <trkpt lon="120.905809" lat="23.473762"><ele>2668.261548</ele><time>2026-09-14T02:04:39Z</time><extensions><speed>0.186827</speed><course>202.947404</course><hAcc>1.725614</hAcc><vAcc>3.692587</vAcc></extensions></trkpt>
      <trkpt lon="120.905809" lat="23.473760"><ele>2668.250354</ele><time>2026-09-14T02:04:40Z</time><extensions><speed>0.149309</speed><course>194.177667</course><hAcc>1.726791</hAcc><vAcc>3.694048</vAcc></extensions></trkpt>
      <trkpt lon="120.905808" lat="23.473759"><ele>2668.237803</ele><time>2026-09-14T02:04:41Z</time><extensions><speed>0.126676</speed><course>194.841686</course><hAcc>1.737572</hAcc><vAcc>3.695623</vAcc></extensions></trkpt>
      <trkpt lon="120.905808" lat="23.473758"><ele>2668.225987</ele><time>2026-09-14T02:04:42Z</time><extensions><speed>0.114559</speed><course>193.644728</course><hAcc>1.741713</hAcc><vAcc>3.697137</vAcc></extensions></trkpt>
      <trkpt lon="120.905808" lat="23.473757"><ele>2668.212837</ele><time>2026-09-14T02:04:43Z</time><extensions><speed>0.102453</speed><course>187.609949</course><hAcc>1.738544</hAcc><vAcc>3.698767</vAcc></extensions></trkpt>
      <trkpt lon="120.905808" lat="23.473756"><ele>2668.200444</ele><time>2026-09-14T02:04:44Z</time><extensions><speed>0.089179</speed><course>174.141418</course><hAcc>1.728103</hAcc><vAcc>3.700336</vAcc></extensions></trkpt>
      <trkpt lon="120.905808" lat="23.473755"><ele>2668.188786</ele><time>2026-09-14T02:04:45Z</time><extensions><speed>0.073316</speed><course>160.168828</course><hAcc>1.726604</hAcc><vAcc>3.701844</vAcc></extensions></trkpt>
      <trkpt lon="120.905808" lat="23.473755"><ele>2668.175801</ele><time>2026-09-14T02:04:46Z</time><extensions><speed>0.063072</speed><course>141.071857</course><hAcc>1.726455</hAcc><vAcc>3.703465</vAcc></extensions></trkpt>
      <trkpt lon="120.905809" lat="23.473755"><ele>2668.163569</ele><time>2026-09-14T02:04:47Z</time><extensions><speed>0.060316</speed><course>120.784162</course><hAcc>1.720895</hAcc><vAcc>3.705025</vAcc></extensions></trkpt>
      <trkpt lon="120.905809" lat="23.473754"><ele>2668.150037</ele><time>2026-09-14T02:04:48Z</time><extensions><speed>0.040656</speed><course>123.905741</course><hAcc>1.716612</hAcc><vAcc>3.706698</vAcc></extensions></trkpt>
      <trkpt lon="120.905810" lat="23.473754"><ele>2668.137278</ele><time>2026-09-14T02:04:49Z</time><extensions><speed>0.026168</speed><course>126.319505</course><hAcc>1.710749</hAcc><vAcc>3.708309</vAcc></extensions></trkpt>
      <trkpt lon="120.905810" lat="23.473754"><ele>2668.125267</ele><time>2026-09-14T02:04:50Z</time><extensions><speed>0.016259</speed><course>128.289730</course><hAcc>1.703686</hAcc><vAcc>3.709859</vAcc></extensions></trkpt>
      <trkpt lon="120.905810" lat="23.473754"><ele>2668.111955</ele><time>2026-09-14T02:04:51Z</time><extensions><speed>0.009642</speed><course>124.787854</course><hAcc>1.696399</hAcc><vAcc>3.711521</vAcc></extensions></trkpt>
      <trkpt lon="120.905810" lat="23.473754"><ele>2668.099411</ele><time>2026-09-14T02:04:52Z</time><extensions><speed>0.005250</speed><course>109.913232</course><hAcc>1.695520</hAcc><vAcc>3.713121</vAcc></extensions></trkpt>
      <trkpt lon="120.905810" lat="23.473754"><ele>2668.085600</ele><time>2026-09-14T02:04:53Z</time><extensions><speed>0.003816</speed><course>67.792337</course><hAcc>1.694614</hAcc><vAcc>3.714831</vAcc></extensions></trkpt>
      <trkpt lon="120.905810" lat="23.473754"><ele>2668.072580</ele><time>2026-09-14T02:04:54Z</time><extensions><speed>0.005989</speed><course>31.206180</course><hAcc>1.699277</hAcc><vAcc>3.716478</vAcc></extensions></trkpt>
      <trkpt lon="120.905810" lat="23.473754"><ele>2668.060325</ele><time>2026-09-14T02:04:55Z</time><extensions><speed>0.008985</speed><course>15.292266</course><hAcc>1.716040</hAcc><vAcc>3.718060</vAcc></extensions></trkpt>
      <trkpt lon="120.905810" lat="23.473754"><ele>2668.046798</ele><time>2026-09-14T02:04:56Z</time><extensions><speed>0.016831</speed><course>9.761026</course><hAcc>1.707225</hAcc><vAcc>3.719752</vAcc></extensions></trkpt>
      <trkpt lon="120.905810" lat="23.473754"><ele>2668.034057</ele><time>2026-09-14T02:04:57Z</time><extensions><speed>0.026010</speed><course>8.850198</course><hAcc>1.714570</hAcc><vAcc>3.721379</vAcc></extensions></trkpt>
      <trkpt lon="120.905810" lat="23.473755"><ele>2668.020071</ele><time>2026-09-14T02:04:58Z</time><extensions><speed>0.037188</speed><course>10.417866</course><hAcc>1.733943</hAcc><vAcc>3.723113</vAcc></extensions></trkpt>
      <trkpt lon="120.905810" lat="23.473755"><ele>2668.006890</ele><time>2026-09-14T02:04:59Z</time><extensions><speed>0.050181</speed><course>14.168370</course><hAcc>1.750956</hAcc><vAcc>3.724782</vAcc></extensions></trkpt>
      <trkpt lon="120.905810" lat="23.473756"><ele>2667.994489</ele><time>2026-09-14T02:05:00Z</time><extensions><speed>0.063528</speed><course>21.141345</course><hAcc>1.758525</hAcc><vAcc>3.726385</vAcc></extensions></trkpt>
      <trkpt lon="120.905811" lat="23.473756"><ele>2667.980830</ele><time>2026-09-14T02:05:01Z</time><extensions><speed>0.072196</speed><course>35.342929</course><hAcc>1.759599</hAcc><vAcc>3.728094</vAcc></extensions></trkpt>
      <trkpt lon="120.905811" lat="23.473756"><ele>2667.967966</ele><time>2026-09-14T02:05:02Z</time><extensions><speed>0.024547</speed><course>291.659016</course><hAcc>1.764874</hAcc><vAcc>3.729737</vAcc></extensions></trkpt>
      <trkpt lon="120.905810" lat="23.473756"><ele>2667.955873</ele><time>2026-09-14T02:05:03Z</time><extensions><speed>0.088925</speed><course>241.101086</course><hAcc>1.767582</hAcc><vAcc>3.731312</vAcc></extensions></trkpt>
      <trkpt lon="120.905809" lat="23.473756"><ele>2667.942532</ele><time>2026-09-14T02:05:04Z</time><extensions><speed>0.135935</speed><course>232.866274</course><hAcc>1.764618</hAcc><vAcc>3.732991</vAcc></extensions></trkpt>
      <trkpt lon="120.905808" lat="23.473755"><ele>2667.929977</ele><time>2026-09-14T02:05:05Z</time><extensions><speed>0.145695</speed><course>229.708920</course><hAcc>1.758687</hAcc><vAcc>3.734602</vAcc></extensions></trkpt>
      <trkpt lon="120.905807" lat="23.473754"><ele>2667.916187</ele><time>2026-09-14T02:05:06Z</time><extensions><speed>0.126253</speed><course>228.521755</course><hAcc>1.751245</hAcc><vAcc>3.736317</vAcc></extensions></trkpt>
      <trkpt lon="120.905806" lat="23.473753"><ele>2667.903199</ele><time>2026-09-14T02:05:07Z</time><extensions><speed>0.099613</speed><course>227.867076</course><hAcc>1.743356</hAcc><vAcc>3.737965</vAcc></extensions></trkpt>
      <trkpt lon="120.905806" lat="23.473753"><ele>2667.890988</ele><time>2026-09-14T02:05:08Z</time><extensions><speed>0.077031</speed><course>227.522576</course><hAcc>1.736052</hAcc><vAcc>3.739544</vAcc></extensions></trkpt>
      <trkpt lon="120.905805" lat="23.473752"><ele>2667.877536</ele><time>2026-09-14T02:05:09Z</time><extensions><speed>0.061302</speed><course>227.618147</course><hAcc>1.732669</hAcc><vAcc>3.741226</vAcc></extensions></trkpt>
      <trkpt lon="120.905805" lat="23.473752"><ele>2667.864872</ele><time>2026-09-14T02:05:10Z</time><extensions><speed>0.056992</speed><course>227.680287</course><hAcc>1.732326</hAcc><vAcc>3.742840</vAcc></extensions></trkpt>
      <trkpt lon="120.905804" lat="23.473752"><ele>2667.850987</ele><time>2026-09-14T02:05:11Z</time><extensions><speed>0.060473</speed><course>228.014643</course><hAcc>1.738025</hAcc><vAcc>3.744557</vAcc></extensions></trkpt>
      <trkpt lon="120.905804" lat="23.473751"><ele>2667.837902</ele><time>2026-09-14T02:05:12Z</time><extensions><speed>0.082168</speed><course>227.898490</course><hAcc>1.731902</hAcc><vAcc>3.746208</vAcc></extensions></trkpt>
      <trkpt lon="120.905803" lat="23.473751"><ele>2667.825589</ele><time>2026-09-14T02:05:13Z</time><extensions><speed>0.113510</speed><course>227.535743</course><hAcc>1.731161</hAcc><vAcc>3.747792</vAcc></extensions></trkpt>
      <trkpt lon="120.905802" lat="23.473750"><ele>2667.812045</ele><time>2026-09-14T02:05:14Z</time><extensions><speed>0.156274</speed><course>227.096733</course><hAcc>1.732847</hAcc><vAcc>3.749480</vAcc></extensions></trkpt>
      <trkpt lon="120.905801" lat="23.473749"><ele>2667.799287</ele><time>2026-09-14T02:05:15Z</time><extensions><speed>0.193842</speed><course>226.606162</course><hAcc>1.740413</hAcc><vAcc>3.751101</vAcc></extensions></trkpt>
      <trkpt lon="120.905799" lat="23.473747"><ele>2667.785318</ele><time>2026-09-14T02:05:16Z</time><extensions><speed>0.202597</speed><course>225.460976</course><hAcc>1.750109</hAcc><vAcc>3.752826</vAcc></extensions></trkpt>
      <trkpt lon="120.905798" lat="23.473746"><ele>2667.772153</ele><time>2026-09-14T02:05:17Z</time><extensions><speed>0.180872</speed><course>223.403220</course><hAcc>1.758566</hAcc><vAcc>3.754485</vAcc></extensions></trkpt>
      <trkpt lon="120.905797" lat="23.473745"><ele>2667.759762</ele><time>2026-09-14T02:05:18Z</time><extensions><speed>0.150998</speed><course>219.900633</course><hAcc>1.765830</hAcc><vAcc>3.756077</vAcc></extensions></trkpt>
      <trkpt lon="120.905796" lat="23.473744"><ele>2667.746155</ele><time>2026-09-14T02:05:19Z</time><extensions><speed>0.121945</speed><course>212.654492</course><hAcc>1.769922</hAcc><vAcc>3.757771</vAcc></extensions></trkpt>
      <trkpt lon="120.905796" lat="23.473743"><ele>2667.733338</ele><time>2026-09-14T02:05:20Z</time><extensions><speed>0.090861</speed><course>199.893555</course><hAcc>1.771968</hAcc><vAcc>3.759398</vAcc></extensions></trkpt>
      <trkpt lon="120.905796" lat="23.473743"><ele>2667.719320</ele><time>2026-09-14T02:05:21Z</time><extensions><speed>0.062027</speed><course>175.649169</course><hAcc>1.776196</hAcc><vAcc>3.761128</vAcc></extensions></trkpt>
      <trkpt lon="120.905796" lat="23.473742"><ele>2667.706107</ele><time>2026-09-14T02:05:22Z</time><extensions><speed>0.051029</speed><course>192.598467</course><hAcc>1.782827</hAcc><vAcc>3.762791</vAcc></extensions></trkpt>
      <trkpt lon="120.905795" lat="23.473742"><ele>2667.693673</ele><time>2026-09-14T02:05:23Z</time><extensions><speed>0.031802</speed><course>224.765362</course><hAcc>1.783654</hAcc><vAcc>3.764386</vAcc></extensions></trkpt>
      <trkpt lon="120.905795" lat="23.473742"><ele>2667.680040</ele><time>2026-09-14T02:05:24Z</time><extensions><speed>0.022677</speed><course>325.560354</course><hAcc>1.779904</hAcc><vAcc>3.766082</vAcc></extensions></trkpt>
      <trkpt lon="120.905795" lat="23.473742"><ele>2667.667199</ele><time>2026-09-14T02:05:25Z</time><extensions><speed>0.053607</speed><course>7.990649</course><hAcc>1.776731</hAcc><vAcc>3.767711</vAcc></extensions></trkpt>
      <trkpt lon="120.905795" lat="23.473743"><ele>2667.655124</ele><time>2026-09-14T02:05:26Z</time><extensions><speed>0.060579</speed><course>6.043459</course><hAcc>1.780243</hAcc><vAcc>3.769272</vAcc></extensions></trkpt>
      <trkpt lon="120.905795" lat="23.473743"><ele>2667.641837</ele><time>2026-09-14T02:05:27Z</time><extensions><speed>0.050272</speed><course>334.132002</course><hAcc>1.781089</hAcc><vAcc>3.770933</vAcc></extensions></trkpt>
      <trkpt lon="120.905795" lat="23.473743"><ele>2667.629329</ele><time>2026-09-14T02:05:28Z</time><extensions><speed>0.047068</speed><course>327.381354</course><hAcc>1.776101</hAcc><vAcc>3.772526</vAcc></extensions></trkpt>
      <trkpt lon="120.905795" lat="23.473744"><ele>2667.615625</ele><time>2026-09-14T02:05:29Z</time><extensions><speed>0.045816</speed><course>328.222318</course><hAcc>1.773061</hAcc><vAcc>3.774218</vAcc></extensions></trkpt>
      <trkpt lon="120.905794" lat="23.473744"><ele>2667.602714</ele><time>2026-09-14T02:05:30Z</time><extensions><speed>0.047813</speed><course>319.598548</course><hAcc>1.771290</hAcc><vAcc>3.775844</vAcc></extensions></trkpt>
      <trkpt lon="120.905794" lat="23.473744"><ele>2667.590571</ele><time>2026-09-14T02:05:31Z</time><extensions><speed>0.048157</speed><course>317.618865</course><hAcc>1.771084</hAcc><vAcc>3.777401</vAcc></extensions></trkpt>
      <trkpt lon="120.905794" lat="23.473745"><ele>2667.579167</ele><time>2026-09-14T02:05:32Z</time><extensions><speed>0.044789</speed><course>315.168849</course><hAcc>1.775668</hAcc><vAcc>3.778891</vAcc></extensions></trkpt>
      <trkpt lon="120.905794" lat="23.473745"><ele>2667.568476</ele><time>2026-09-14T02:05:33Z</time><extensions><speed>0.032250</speed><course>338.062356</course><hAcc>1.776492</hAcc><vAcc>3.780311</vAcc></extensions></trkpt>
      <trkpt lon="120.905794" lat="23.473745"><ele>2667.556520</ele><time>2026-09-14T02:05:34Z</time><extensions><speed>0.028013</speed><course>15.506832</course><hAcc>1.767535</hAcc><vAcc>3.781831</vAcc></extensions></trkpt>
      <trkpt lon="120.905794" lat="23.473745"><ele>2667.545290</ele><time>2026-09-14T02:05:35Z</time><extensions><speed>0.015216</speed><course>324.496094</course><hAcc>1.764994</hAcc><vAcc>3.783283</vAcc></extensions></trkpt>
      <trkpt lon="120.905793" lat="23.473745"><ele>2667.534759</ele><time>2026-09-14T02:05:36Z</time><extensions><speed>0.013777</speed><course>289.714451</course><hAcc>1.765169</hAcc><vAcc>3.784667</vAcc></extensions></trkpt>
      <trkpt lon="120.905793" lat="23.473746"><ele>2667.522957</ele><time>2026-09-14T02:05:37Z</time><extensions><speed>0.012248</speed><course>274.883837</course><hAcc>1.757919</hAcc><vAcc>3.786151</vAcc></extensions></trkpt>
      <trkpt lon="120.905793" lat="23.473746"><ele>2667.511869</ele><time>2026-09-14T02:05:38Z</time><extensions><speed>0.009569</speed><course>267.362747</course><hAcc>1.747667</hAcc><vAcc>3.787568</vAcc></extensions></trkpt>
      <trkpt lon="120.905793" lat="23.473746"><ele>2667.499531</ele><time>2026-09-14T02:05:39Z</time><extensions><speed>0.006911</speed><course>262.706013</course><hAcc>1.734968</hAcc><vAcc>3.789085</vAcc></extensions></trkpt>
      <trkpt lon="120.905793" lat="23.473745"><ele>2667.487920</ele><time>2026-09-14T02:05:40Z</time><extensions><speed>0.004623</speed><course>259.443809</course><hAcc>1.725391</hAcc><vAcc>3.790537</vAcc></extensions></trkpt>
      <trkpt lon="120.905793" lat="23.473745"><ele>2667.477006</ele><time>2026-09-14T02:05:41Z</time><extensions><speed>0.002859</speed><course>256.875599</course><hAcc>1.717256</hAcc><vAcc>3.791925</vAcc></extensions></trkpt>
      <trkpt lon="120.905793" lat="23.473745"><ele>2667.464824</ele><time>2026-09-14T02:05:42Z</time><extensions><speed>0.001903</speed><course>254.777674</course><hAcc>1.694776</hAcc><vAcc>3.793416</vAcc></extensions></trkpt>
      <trkpt lon="120.905793" lat="23.473745"><ele>2667.453343</ele><time>2026-09-14T02:05:43Z</time><extensions><speed>0.001235</speed><course>253.183221</course><hAcc>1.677592</hAcc><vAcc>3.794848</vAcc></extensions></trkpt>
      <trkpt lon="120.905793" lat="23.473745"><ele>2667.440600</ele><time>2026-09-14T02:05:44Z</time><extensions><speed>0.000756</speed><course>251.939384</course><hAcc>1.675126</hAcc><vAcc>3.796388</vAcc></extensions></trkpt>
      <trkpt lon="120.905793" lat="23.473745"><ele>2667.428570</ele><time>2026-09-14T02:05:45Z</time><extensions><speed>0.000444</speed><course>250.930298</course><hAcc>1.682373</hAcc><vAcc>3.797871</vAcc></extensions></trkpt>
      <trkpt lon="120.905793" lat="23.473745"><ele>2667.417228</ele><time>2026-09-14T02:05:46Z</time><extensions><speed>0.000277</speed><course>250.131729</course><hAcc>1.690314</hAcc><vAcc>3.799298</vAcc></extensions></trkpt>
      <trkpt lon="120.905793" lat="23.473745"><ele>2667.404624</ele><time>2026-09-14T02:05:47Z</time><extensions><speed>0.002532</speed><course>241.709354</course><hAcc>1.702270</hAcc><vAcc>3.800833</vAcc></extensions></trkpt>
      <trkpt lon="120.905793" lat="23.473745"><ele>2667.392727</ele><time>2026-09-14T02:05:48Z</time><extensions><speed>0.007215</speed><course>237.491547</course><hAcc>1.710154</hAcc><vAcc>3.802313</vAcc></extensions></trkpt>
      <trkpt lon="120.905793" lat="23.473745"><ele>2667.381518</ele><time>2026-09-14T02:05:49Z</time><extensions><speed>0.016383</speed><course>240.223507</course><hAcc>1.701009</hAcc><vAcc>3.803735</vAcc></extensions></trkpt>
      <trkpt lon="120.905793" lat="23.473745"><ele>2667.369056</ele><time>2026-09-14T02:05:50Z</time><extensions><speed>0.027769</speed><course>240.637148</course><hAcc>1.717477</hAcc><vAcc>3.805263</vAcc></extensions></trkpt>
      <trkpt lon="120.905792" lat="23.473745"><ele>2667.357302</ele><time>2026-09-14T02:05:51Z</time><extensions><speed>0.042777</speed><course>241.390727</course><hAcc>1.744016</hAcc><vAcc>3.806733</vAcc></extensions></trkpt>
      <trkpt lon="120.905792" lat="23.473745"><ele>2667.344325</ele><time>2026-09-14T02:05:52Z</time><extensions><speed>0.062411</speed><course>242.600197</course><hAcc>1.762056</hAcc><vAcc>3.808309</vAcc></extensions></trkpt>
      <trkpt lon="120.905791" lat="23.473745"><ele>2667.332077</ele><time>2026-09-14T02:05:53Z</time><extensions><speed>0.086640</speed><course>243.593675</course><hAcc>1.773066</hAcc><vAcc>3.809825</vAcc></extensions></trkpt>
      <trkpt lon="120.905790" lat="23.473744"><ele>2667.320538</ele><time>2026-09-14T02:05:54Z</time><extensions><speed>0.113290</speed><course>244.501506</course><hAcc>1.780244</hAcc><vAcc>3.811282</vAcc></extensions></trkpt>
      <trkpt lon="120.905789" lat="23.473744"><ele>2667.307775</ele><time>2026-09-14T02:05:55Z</time><extensions><speed>0.137591</speed><course>245.980581</course><hAcc>1.780889</hAcc><vAcc>3.812842</vAcc></extensions></trkpt>
      <trkpt lon="120.905788" lat="23.473743"><ele>2667.295738</ele><time>2026-09-14T02:05:56Z</time><extensions><speed>0.139256</speed><course>248.836261</course><hAcc>1.775907</hAcc><vAcc>3.814342</vAcc></extensions></trkpt>
      <trkpt lon="120.905787" lat="23.473743"><ele>2667.282509</ele><time>2026-09-14T02:05:57Z</time><extensions><speed>0.080222</speed><course>262.412486</course><hAcc>1.763387</hAcc><vAcc>3.815944</vAcc></extensions></trkpt>
      <trkpt lon="120.905786" lat="23.473743"><ele>2667.270021</ele><time>2026-09-14T02:05:58Z</time><extensions><speed>0.052309</speed><course>322.691200</course><hAcc>1.757443</hAcc><vAcc>3.817486</vAcc></extensions></trkpt>
      <trkpt lon="120.905786" lat="23.473744"><ele>2667.258251</ele><time>2026-09-14T02:05:59Z</time><extensions><speed>0.093943</speed><course>19.762920</course><hAcc>1.752194</hAcc><vAcc>3.818968</vAcc></extensions></trkpt>
      <trkpt lon="120.905787" lat="23.473745"><ele>2667.245277</ele><time>2026-09-14T02:06:00Z</time><extensions><speed>0.096322</speed><course>18.227323</course><hAcc>1.746952</hAcc><vAcc>3.820552</vAcc></extensions></trkpt>
      <trkpt lon="120.905787" lat="23.473745"><ele>2667.233037</ele><time>2026-09-14T02:06:01Z</time><extensions><speed>0.098352</speed><course>23.723557</course><hAcc>1.743823</hAcc><vAcc>3.822077</vAcc></extensions></trkpt>
      <trkpt lon="120.905787" lat="23.473746"><ele>2667.219615</ele><time>2026-09-14T02:06:02Z</time><extensions><speed>0.061009</speed><course>25.192373</course><hAcc>1.760205</hAcc><vAcc>3.823702</vAcc></extensions></trkpt>
      <trkpt lon="120.905788" lat="23.473746"><ele>2667.206946</ele><time>2026-09-14T02:06:03Z</time><extensions><speed>0.039996</speed><course>53.145663</course><hAcc>1.759990</hAcc><vAcc>3.825266</vAcc></extensions></trkpt>
      <trkpt lon="120.905788" lat="23.473746"><ele>2667.195007</ele><time>2026-09-14T02:06:04Z</time><extensions><speed>0.059233</speed><course>88.996261</course><hAcc>1.740194</hAcc><vAcc>3.826770</vAcc></extensions></trkpt>
      <trkpt lon="120.905789" lat="23.473746"><ele>2667.181876</ele><time>2026-09-14T02:06:05Z</time><extensions><speed>0.091518</speed><course>100.989775</course><hAcc>1.736933</hAcc><vAcc>3.828374</vAcc></extensions></trkpt>
      <trkpt lon="120.905790" lat="23.473746"><ele>2667.169488</ele><time>2026-09-14T02:06:06Z</time><extensions><speed>0.096115</speed><course>107.215913</course><hAcc>1.747771</hAcc><vAcc>3.829916</vAcc></extensions></trkpt>
      <trkpt lon="120.905791" lat="23.473746"><ele>2667.155944</ele><time>2026-09-14T02:06:07Z</time><extensions><speed>0.083330</speed><course>106.688961</course><hAcc>1.756809</hAcc><vAcc>3.831557</vAcc></extensions></trkpt>
      <trkpt lon="120.905791" lat="23.473746"><ele>2667.143161</ele><time>2026-09-14T02:06:08Z</time><extensions><speed>0.057648</speed><course>100.192909</course><hAcc>1.759245</hAcc><vAcc>3.833135</vAcc></extensions></trkpt>
      <trkpt lon="120.905792" lat="23.473746"><ele>2667.131115</ele><time>2026-09-14T02:06:09Z</time><extensions><speed>0.049264</speed><course>74.220822</course><hAcc>1.757867</hAcc><vAcc>3.834652</vAcc></extensions></trkpt>
      <trkpt lon="120.905792" lat="23.473746"><ele>2667.117902</ele><time>2026-09-14T02:06:10Z</time><extensions><speed>0.066639</speed><course>47.471424</course><hAcc>1.756034</hAcc><vAcc>3.836266</vAcc></extensions></trkpt>
      <trkpt lon="120.905793" lat="23.473747"><ele>2667.105440</ele><time>2026-09-14T02:06:11Z</time><extensions><speed>0.104142</speed><course>35.236197</course><hAcc>1.755089</hAcc><vAcc>3.837817</vAcc></extensions></trkpt>
      <trkpt lon="120.905794" lat="23.473748"><ele>2667.093706</ele><time>2026-09-14T02:06:12Z</time><extensions><speed>0.156842</speed><course>30.653451</course><hAcc>1.754197</hAcc><vAcc>3.839306</vAcc></extensions></trkpt>
      <trkpt lon="120.905794" lat="23.473749"><ele>2667.080794</ele><time>2026-09-14T02:06:13Z</time><extensions><speed>0.225554</speed><course>29.002503</course><hAcc>1.751852</hAcc><vAcc>3.840890</vAcc></extensions></trkpt>
      <trkpt lon="120.905796" lat="23.473751"><ele>2667.068624</ele><time>2026-09-14T02:06:14Z</time><extensions><speed>0.294704</speed><course>28.419614</course><hAcc>1.753618</hAcc><vAcc>3.842412</vAcc></extensions></trkpt>
      <trkpt lon="120.905797" lat="23.473754"><ele>2667.055292</ele><time>2026-09-14T02:06:15Z</time><extensions><speed>0.344308</speed><course>28.234950</course><hAcc>1.753644</hAcc><vAcc>3.844030</vAcc></extensions></trkpt>
      <trkpt lon="120.905799" lat="23.473757"><ele>2667.042714</ele><time>2026-09-14T02:06:16Z</time><extensions><speed>0.329313</speed><course>28.303624</course><hAcc>1.743261</hAcc><vAcc>3.845585</vAcc></extensions></trkpt>
      <trkpt lon="120.905800" lat="23.473759"><ele>2667.030869</ele><time>2026-09-14T02:06:17Z</time><extensions><speed>0.209407</speed><course>26.597177</course><hAcc>1.735640</hAcc><vAcc>3.847076</vAcc></extensions></trkpt>
      <trkpt lon="120.905801" lat="23.473760"><ele>2667.017868</ele><time>2026-09-14T02:06:18Z</time><extensions><speed>0.094895</speed><course>24.168657</course><hAcc>1.729510</hAcc><vAcc>3.848662</vAcc></extensions></trkpt>
      <trkpt lon="120.905801" lat="23.473760"><ele>2667.005610</ele><time>2026-09-14T02:06:19Z</time><extensions><speed>0.027887</speed><course>13.716208</course><hAcc>1.735827</hAcc><vAcc>3.850185</vAcc></extensions></trkpt>
      <trkpt lon="120.905801" lat="23.473761"><ele>2666.992207</ele><time>2026-09-14T02:06:20Z</time><extensions><speed>0.008924</speed><course>20.872551</course><hAcc>1.751358</hAcc><vAcc>3.851803</vAcc></extensions></trkpt>
      <trkpt lon="120.905801" lat="23.473761"><ele>2666.979557</ele><time>2026-09-14T02:06:21Z</time><extensions><speed>0.021020</speed><course>58.680211</course><hAcc>1.722507</hAcc><vAcc>3.853359</vAcc></extensions></trkpt>
      <trkpt lon="120.905801" lat="23.473761"><ele>2666.967636</ele><time>2026-09-14T02:06:22Z</time><extensions><speed>0.016998</speed><course>55.571813</course><hAcc>1.705820</hAcc><vAcc>3.854853</vAcc></extensions></trkpt>
      <trkpt lon="120.905801" lat="23.473761"><ele>2666.954558</ele><time>2026-09-14T02:06:23Z</time><extensions><speed>0.021216</speed><course>43.464579</course><hAcc>1.710693</hAcc><vAcc>3.856443</vAcc></extensions></trkpt>
      <trkpt lon="120.905801" lat="23.473761"><ele>2666.942220</ele><time>2026-09-14T02:06:24Z</time><extensions><speed>0.022192</speed><course>345.804081</course><hAcc>1.737799</hAcc><vAcc>3.857972</vAcc></extensions></trkpt>
      <trkpt lon="120.905801" lat="23.473762"><ele>2666.928753</ele><time>2026-09-14T02:06:25Z</time><extensions><speed>0.045390</speed><course>333.395950</course><hAcc>1.750807</hAcc><vAcc>3.859595</vAcc></extensions></trkpt>
      <trkpt lon="120.905801" lat="23.473762"><ele>2666.916041</ele><time>2026-09-14T02:06:26Z</time><extensions><speed>0.093238</speed><course>336.781324</course><hAcc>1.730300</hAcc><vAcc>3.861157</vAcc></extensions></trkpt>
      <trkpt lon="120.905800" lat="23.473763"><ele>2666.904059</ele><time>2026-09-14T02:06:27Z</time><extensions><speed>0.147156</speed><course>343.962002</course><hAcc>1.726639</hAcc><vAcc>3.862657</vAcc></extensions></trkpt>
      <trkpt lon="120.905800" lat="23.473765"><ele>2666.890929</ele><time>2026-09-14T02:06:28Z</time><extensions><speed>0.196750</speed><course>350.562750</course><hAcc>1.741831</hAcc><vAcc>3.864252</vAcc></extensions></trkpt>
      <trkpt lon="120.905800" lat="23.473767"><ele>2666.878542</ele><time>2026-09-14T02:06:29Z</time><extensions><speed>0.230890</speed><course>355.061229</course><hAcc>1.754246</hAcc><vAcc>3.865785</vAcc></extensions></trkpt>
      <trkpt lon="120.905800" lat="23.473769"><ele>2666.865031</ele><time>2026-09-14T02:06:30Z</time><extensions><speed>0.241165</speed><course>0.316078</course><hAcc>1.760413</hAcc><vAcc>3.867412</vAcc></extensions></trkpt>
      <trkpt lon="120.905800" lat="23.473771"><ele>2666.852273</ele><time>2026-09-14T02:06:31Z</time><extensions><speed>0.231925</speed><course>3.264239</course><hAcc>1.763100</hAcc><vAcc>3.868977</vAcc></extensions></trkpt>
      <trkpt lon="120.905800" lat="23.473773"><ele>2666.840250</ele><time>2026-09-14T02:06:32Z</time><extensions><speed>0.200977</speed><course>358.999312</course><hAcc>1.768247</hAcc><vAcc>3.870480</vAcc></extensions></trkpt>
      <trkpt lon="120.905800" lat="23.473774"><ele>2666.827092</ele><time>2026-09-14T02:06:33Z</time><extensions><speed>0.185300</speed><course>0.911542</course><hAcc>1.769261</hAcc><vAcc>3.872077</vAcc></extensions></trkpt>
      <trkpt lon="120.905800" lat="23.473776"><ele>2666.814679</ele><time>2026-09-14T02:06:34Z</time><extensions><speed>0.179478</speed><course>10.407737</course><hAcc>1.762977</hAcc><vAcc>3.873611</vAcc></extensions></trkpt>
      <trkpt lon="120.905800" lat="23.473777"><ele>2666.802987</ele><time>2026-09-14T02:06:35Z</time><extensions><speed>0.140499</speed><course>10.620355</course><hAcc>1.761811</hAcc><vAcc>3.875083</vAcc></extensions></trkpt>
      <trkpt lon="120.905800" lat="23.473778"><ele>2666.791994</ele><time>2026-09-14T02:06:36Z</time><extensions><speed>0.097937</speed><course>17.454401</course><hAcc>1.759090</hAcc><vAcc>3.876490</vAcc></extensions></trkpt>
      <trkpt lon="120.905801" lat="23.473779"><ele>2666.781670</ele><time>2026-09-14T02:06:37Z</time><extensions><speed>0.046353</speed><course>71.827177</course><hAcc>1.752239</hAcc><vAcc>3.877834</vAcc></extensions></trkpt>
      <trkpt lon="120.905801" lat="23.473778"><ele>2666.770145</ele><time>2026-09-14T02:06:38Z</time><extensions><speed>0.154605</speed><course>198.446780</course><hAcc>1.750758</hAcc><vAcc>3.879271</vAcc></extensions></trkpt>
      <trkpt lon="120.905800" lat="23.473776"><ele>2666.759307</ele><time>2026-09-14T02:06:39Z</time><extensions><speed>0.316957</speed><course>199.385373</course><hAcc>1.744929</hAcc><vAcc>3.880644</vAcc></extensions></trkpt>
      <trkpt lon="120.905799" lat="23.473773"><ele>2666.749135</ele><time>2026-09-14T02:06:40Z</time><extensions><speed>0.423316</speed><course>198.925405</course><hAcc>1.734977</hAcc><vAcc>3.881953</vAcc></extensions></trkpt>
      <trkpt lon="120.905797" lat="23.473769"><ele>2666.737763</ele><time>2026-09-14T02:06:41Z</time><extensions><speed>0.438704</speed><course>198.630018</course><hAcc>1.730008</hAcc><vAcc>3.883352</vAcc></extensions></trkpt>
      <trkpt lon="120.905796" lat="23.473766"><ele>2666.727070</ele><time>2026-09-14T02:06:42Z</time><extensions><speed>0.348146</speed><course>198.374643</course><hAcc>1.745249</hAcc><vAcc>3.884688</vAcc></extensions></trkpt>
      <trkpt lon="120.905795" lat="23.473763"><ele>2666.715197</ele><time>2026-09-14T02:06:43Z</time><extensions><speed>0.303866</speed><course>198.913369</course><hAcc>1.746567</hAcc><vAcc>3.886117</vAcc></extensions></trkpt>
      <trkpt lon="120.905794" lat="23.473760"><ele>2666.704008</ele><time>2026-09-14T02:06:44Z</time><extensions><speed>0.319671</speed><course>198.557086</course><hAcc>1.730840</hAcc><vAcc>3.887485</vAcc></extensions></trkpt>
      <trkpt lon="120.905793" lat="23.473758"><ele>2666.693473</ele><time>2026-09-14T02:06:45Z</time><extensions><speed>0.336820</speed><course>197.716778</course><hAcc>1.728596</hAcc><vAcc>3.888793</vAcc></extensions></trkpt>
      <trkpt lon="120.905792" lat="23.473754"><ele>2666.681737</ele><time>2026-09-14T02:06:46Z</time><extensions><speed>0.368462</speed><course>196.569877</course><hAcc>1.731786</hAcc><vAcc>3.890198</vAcc></extensions></trkpt>
      <trkpt lon="120.905791" lat="23.473751"><ele>2666.670661</ele><time>2026-09-14T02:06:47Z</time><extensions><speed>0.400398</speed><course>195.238129</course><hAcc>1.729415</hAcc><vAcc>3.891548</vAcc></extensions></trkpt>
      <trkpt lon="120.905790" lat="23.473748"><ele>2666.658395</ele><time>2026-09-14T02:06:48Z</time><extensions><speed>0.385445</speed><course>193.269261</course><hAcc>1.718502</hAcc><vAcc>3.892999</vAcc></extensions></trkpt>
      <trkpt lon="120.905790" lat="23.473745"><ele>2666.646800</ele><time>2026-09-14T02:06:49Z</time><extensions><speed>0.311817</speed><course>190.103906</course><hAcc>1.700190</hAcc><vAcc>3.894396</vAcc></extensions></trkpt>
      <trkpt lon="120.905789" lat="23.473743"><ele>2666.635852</ele><time>2026-09-14T02:06:50Z</time><extensions><speed>0.208765</speed><course>183.834617</course><hAcc>1.682324</hAcc><vAcc>3.895742</vAcc></extensions></trkpt>
      <trkpt lon="120.905789" lat="23.473741"><ele>2666.623708</ele><time>2026-09-14T02:06:51Z</time><extensions><speed>0.089820</speed><course>155.037487</course><hAcc>1.680034</hAcc><vAcc>3.897189</vAcc></extensions></trkpt>
      <trkpt lon="120.905790" lat="23.473741"><ele>2666.612228</ele><time>2026-09-14T02:06:52Z</time><extensions><speed>0.095216</speed><course>81.606138</course><hAcc>1.661026</hAcc><vAcc>3.898584</vAcc></extensions></trkpt>
      <trkpt lon="120.905791" lat="23.473742"><ele>2666.599591</ele><time>2026-09-14T02:06:53Z</time><extensions><speed>0.137914</speed><course>57.510133</course><hAcc>1.635804</hAcc><vAcc>3.900078</vAcc></extensions></trkpt>
      <trkpt lon="120.905792" lat="23.473742"><ele>2666.587640</ele><time>2026-09-14T02:06:54Z</time><extensions><speed>0.161330</speed><course>47.239353</course><hAcc>1.614472</hAcc><vAcc>3.901520</vAcc></extensions></trkpt>
      <trkpt lon="120.905793" lat="23.473743"><ele>2666.576356</ele><time>2026-09-14T02:06:55Z</time><extensions><speed>0.154163</speed><course>36.911110</course><hAcc>1.604607</hAcc><vAcc>3.902908</vAcc></extensions></trkpt>
      <trkpt lon="120.905794" lat="23.473745"><ele>2666.563906</ele><time>2026-09-14T02:06:56Z</time><extensions><speed>0.138384</speed><course>30.216940</course><hAcc>1.610896</hAcc><vAcc>3.904395</vAcc></extensions></trkpt>
      <trkpt lon="120.905795" lat="23.473746"><ele>2666.552141</ele><time>2026-09-14T02:06:57Z</time><extensions><speed>0.152367</speed><course>28.335138</course><hAcc>1.602070</hAcc><vAcc>3.905827</vAcc></extensions></trkpt>
      <trkpt lon="120.905796" lat="23.473747"><ele>2666.541044</ele><time>2026-09-14T02:06:58Z</time><extensions><speed>0.150770</speed><course>29.725413</course><hAcc>1.600561</hAcc><vAcc>3.907204</vAcc></extensions></trkpt>
      <trkpt lon="120.905797" lat="23.473748"><ele>2666.528785</ele><time>2026-09-14T02:06:59Z</time><extensions><speed>0.151137</speed><course>34.448675</course><hAcc>1.606454</hAcc><vAcc>3.908677</vAcc></extensions></trkpt>
      <trkpt lon="120.905798" lat="23.473749"><ele>2666.517210</ele><time>2026-09-14T02:07:00Z</time><extensions><speed>0.171571</speed><course>41.652706</course><hAcc>1.612252</hAcc><vAcc>3.910094</vAcc></extensions></trkpt>
      <trkpt lon="120.905799" lat="23.473751"><ele>2666.504496</ele><time>2026-09-14T02:07:01Z</time><extensions><speed>0.231047</speed><course>50.090010</course><hAcc>1.613648</hAcc><vAcc>3.911607</vAcc></extensions></trkpt>
      <trkpt lon="120.905801" lat="23.473752"><ele>2666.492483</ele><time>2026-09-14T02:07:02Z</time><extensions><speed>0.241709</speed><course>51.626320</course><hAcc>1.612311</hAcc><vAcc>3.913062</vAcc></extensions></trkpt>
      <trkpt lon="120.905802" lat="23.473753"><ele>2666.481152</ele><time>2026-09-14T02:07:03Z</time><extensions><speed>0.148917</speed><course>45.761275</course><hAcc>1.627859</hAcc><vAcc>3.914461</vAcc></extensions></trkpt>
      <trkpt lon="120.905803" lat="23.473754"><ele>2666.468682</ele><time>2026-09-14T02:07:04Z</time><extensions><speed>0.111121</speed><course>42.511141</course><hAcc>1.637639</hAcc><vAcc>3.915953</vAcc></extensions></trkpt>
      <trkpt lon="120.905804" lat="23.473755"><ele>2666.456908</ele><time>2026-09-14T02:07:05Z</time><extensions><speed>0.102650</speed><course>42.694458</course><hAcc>1.640935</hAcc><vAcc>3.917388</vAcc></extensions></trkpt>
      <trkpt lon="120.905805" lat="23.473755"><ele>2666.444014</ele><time>2026-09-14T02:07:06Z</time><extensions><speed>0.108522</speed><course>44.804504</course><hAcc>1.647178</hAcc><vAcc>3.918916</vAcc></extensions></trkpt>
      <trkpt lon="120.905806" lat="23.473756"><ele>2666.431828</ele><time>2026-09-14T02:07:07Z</time><extensions><speed>0.125202</speed><course>47.218164</course><hAcc>1.656468</hAcc><vAcc>3.920388</vAcc></extensions></trkpt>
      <trkpt lon="120.905807" lat="23.473757"><ele>2666.420328</ele><time>2026-09-14T02:07:08Z</time><extensions><speed>0.150208</speed><course>49.445328</course><hAcc>1.665475</hAcc><vAcc>3.921802</vAcc></extensions></trkpt>
      <trkpt lon="120.905808" lat="23.473758"><ele>2666.407700</ele><time>2026-09-14T02:07:09Z</time><extensions><speed>0.167416</speed><course>52.133737</course><hAcc>1.676641</hAcc><vAcc>3.923311</vAcc></extensions></trkpt>
      <trkpt lon="120.905809" lat="23.473759"><ele>2666.395772</ele><time>2026-09-14T02:07:10Z</time><extensions><speed>0.124601</speed><course>50.897743</course><hAcc>1.693006</hAcc><vAcc>3.924762</vAcc></extensions></trkpt>
      <trkpt lon="120.905810" lat="23.473759"><ele>2666.382735</ele><time>2026-09-14T02:07:11Z</time><extensions><speed>0.103603</speed><course>50.192442</course><hAcc>1.694166</hAcc><vAcc>3.926307</vAcc></extensions></trkpt>
      <trkpt lon="120.905810" lat="23.473760"><ele>2666.370414</ele><time>2026-09-14T02:07:12Z</time><extensions><speed>0.079278</speed><course>49.795936</course><hAcc>1.702485</hAcc><vAcc>3.927794</vAcc></extensions></trkpt>
      <trkpt lon="120.905811" lat="23.473760"><ele>2666.358785</ele><time>2026-09-14T02:07:13Z</time><extensions><speed>0.056494</speed><course>49.536145</course><hAcc>1.713719</hAcc><vAcc>3.929223</vAcc></extensions></trkpt>
      <trkpt lon="120.905811" lat="23.473761"><ele>2666.346043</ele><time>2026-09-14T02:07:14Z</time><extensions><speed>0.038097</speed><course>49.344436</course><hAcc>1.718504</hAcc><vAcc>3.930745</vAcc></extensions></trkpt>
      <trkpt lon="120.905811" lat="23.473761"><ele>2666.334008</ele><time>2026-09-14T02:07:15Z</time><extensions><speed>0.024457</speed><course>49.189932</course><hAcc>1.715269</hAcc><vAcc>3.932209</vAcc></extensions></trkpt>
      <trkpt lon="120.905812" lat="23.473761"><ele>2666.320883</ele><time>2026-09-14T02:07:16Z</time><extensions><speed>0.014993</speed><course>49.056360</course><hAcc>1.706171</hAcc><vAcc>3.933764</vAcc></extensions></trkpt>
      <trkpt lon="120.905812" lat="23.473761"><ele>2666.308479</ele><time>2026-09-14T02:07:17Z</time><extensions><speed>0.008902</speed><course>48.934870</course><hAcc>1.692684</hAcc><vAcc>3.935261</vAcc></extensions></trkpt>
      <trkpt lon="120.905812" lat="23.473761"><ele>2666.296773</ele><time>2026-09-14T02:07:18Z</time><extensions><speed>0.005287</speed><course>48.823933</course><hAcc>1.679134</hAcc><vAcc>3.936699</vAcc></extensions></trkpt>
      <trkpt lon="120.905812" lat="23.473761"><ele>2666.283968</ele><time>2026-09-14T02:07:19Z</time><extensions><speed>0.002929</speed><course>48.723498</course><hAcc>1.679235</hAcc><vAcc>3.938228</vAcc></extensions></trkpt>
      <trkpt lon="120.905812" lat="23.473761"><ele>2666.271873</ele><time>2026-09-14T02:07:20Z</time><extensions><speed>0.001656</speed><course>48.632009</course><hAcc>1.686522</hAcc><vAcc>3.939699</vAcc></extensions></trkpt>
      <trkpt lon="120.905812" lat="23.473761"><ele>2666.260467</ele><time>2026-09-14T02:07:21Z</time><extensions><speed>0.002275</speed><course>233.529825</course><hAcc>1.699479</hAcc><vAcc>3.941109</vAcc></extensions></trkpt>
      <trkpt lon="120.905812" lat="23.473761"><ele>2666.247953</ele><time>2026-09-14T02:07:22Z</time><extensions><speed>0.008385</speed><course>238.628415</course><hAcc>1.697551</hAcc><vAcc>3.942610</vAcc></extensions></trkpt>
      <trkpt lon="120.905812" lat="23.473761"><ele>2666.236141</ele><time>2026-09-14T02:07:23Z</time><extensions><speed>0.020255</speed><course>239.950533</course><hAcc>1.684323</hAcc><vAcc>3.944052</vAcc></extensions></trkpt>
      <trkpt lon="120.905811" lat="23.473761"><ele>2666.223239</ele><time>2026-09-14T02:07:24Z</time><extensions><speed>0.035757</speed><course>240.663394</course><hAcc>1.699458</hAcc><vAcc>3.945583</vAcc></extensions></trkpt>
      <trkpt lon="120.905811" lat="23.473761"><ele>2666.211051</ele><time>2026-09-14T02:07:25Z</time><extensions><speed>0.056168</speed><course>242.084047</course><hAcc>1.725819</hAcc><vAcc>3.947055</vAcc></extensions></trkpt>
      <trkpt lon="120.905810" lat="23.473760"><ele>2666.199554</ele><time>2026-09-14T02:07:26Z</time><extensions><speed>0.085217</speed><course>243.062648</course><hAcc>1.745538</hAcc><vAcc>3.948467</vAcc></extensions></trkpt>
      <trkpt lon="120.905809" lat="23.473760"><ele>2666.185126</ele><time>2026-09-14T02:07:27Z</time><extensions><speed>0.123279</speed><course>243.602747</course><hAcc>1.756694</hAcc><vAcc>3.949937</vAcc></extensions></trkpt>
      <trkpt lon="120.905808" lat="23.473759"><ele>2666.152052</ele><time>2026-09-14T02:07:28Z</time><extensions><speed>0.172076</speed><course>244.488453</course><hAcc>1.760850</hAcc><vAcc>3.951040</vAcc></extensions></trkpt>
      <trkpt lon="120.905806" lat="23.473759"><ele>2666.120135</ele><time>2026-09-14T02:07:29Z</time><extensions><speed>0.220772</speed><course>245.775272</course><hAcc>1.763551</hAcc><vAcc>3.952072</vAcc></extensions></trkpt>
      <trkpt lon="120.905804" lat="23.473758"><ele>2666.087362</ele><time>2026-09-14T02:07:30Z</time><extensions><speed>0.248326</speed><course>248.245859</course><hAcc>1.764142</hAcc><vAcc>3.953204</vAcc></extensions></trkpt>
      <trkpt lon="120.905802" lat="23.473757"><ele>2666.055046</ele><time>2026-09-14T02:07:31Z</time><extensions><speed>0.213723</speed><course>255.640193</course><hAcc>1.755149</hAcc><vAcc>3.954315</vAcc></extensions></trkpt>
      <trkpt lon="120.905800" lat="23.473757"><ele>2666.022386</ele><time>2026-09-14T02:07:32Z</time><extensions><speed>0.123632</speed><course>276.634757</course><hAcc>1.736853</hAcc><vAcc>3.955432</vAcc></extensions></trkpt>
      <trkpt lon="120.905800" lat="23.473757"><ele>2665.986386</ele><time>2026-09-14T02:07:33Z</time><extensions><speed>0.081953</speed><course>311.643862</course><hAcc>1.718559</hAcc><vAcc>3.956697</vAcc></extensions></trkpt>
      <trkpt lon="120.905799" lat="23.473758"><ele>2665.946958</ele><time>2026-09-14T02:07:34Z</time><extensions><speed>0.088053</speed><course>5.987478</course><hAcc>1.684613</hAcc><vAcc>3.957843</vAcc></extensions></trkpt>
      <trkpt lon="120.905800" lat="23.473759"><ele>2665.899711</ele><time>2026-09-14T02:07:35Z</time><extensions><speed>0.126827</speed><course>36.141295</course><hAcc>1.627229</hAcc><vAcc>3.958639</vAcc></extensions></trkpt>
      <trkpt lon="120.905801" lat="23.473760"><ele>2665.842750</ele><time>2026-09-14T02:07:36Z</time><extensions><speed>0.146634</speed><course>51.572212</course><hAcc>1.564686</hAcc><vAcc>3.957986</vAcc></extensions></trkpt>
      <trkpt lon="120.905802" lat="23.473760"><ele>2665.836317</ele><time>2026-09-14T02:07:36Z</time><extensions><speed>0.132585</speed><course>59.298210</course><hAcc>1.542054</hAcc><vAcc>3.950989</vAcc></extensions></trkpt>
      <trkpt lon="120.905802" lat="23.473760"><ele>2666.399500</ele><time>2026-09-14T02:07:37Z</time><extensions><speed>0.131324</speed><course>59.643223</course><hAcc>1.542594</hAcc><vAcc>3.903762</vAcc></extensions></trkpt>
      <trkpt lon="120.905803" lat="23.473761"><ele>2666.328069</ele><time>2026-09-14T02:07:38Z</time><extensions><speed>0.137788</speed><course>68.474930</course><hAcc>1.572944</hAcc><vAcc>3.902295</vAcc></extensions></trkpt>
      <trkpt lon="120.905804" lat="23.473761"><ele>2666.263067</ele><time>2026-09-14T02:07:39Z</time><extensions><speed>0.141638</speed><course>82.351004</course><hAcc>1.632383</hAcc><vAcc>3.901188</vAcc></extensions></trkpt>
      <trkpt lon="120.905806" lat="23.473761"><ele>2666.204474</ele><time>2026-09-14T02:07:40Z</time><extensions><speed>0.192576</speed><course>99.110191</course><hAcc>1.677705</hAcc><vAcc>3.901267</vAcc></extensions></trkpt>
      <trkpt lon="120.905808" lat="23.473760"><ele>2666.152016</ele><time>2026-09-14T02:07:41Z</time><extensions><speed>0.274615</speed><course>111.674687</course><hAcc>1.698038</hAcc><vAcc>3.902639</vAcc></extensions></trkpt>
      <trkpt lon="120.905811" lat="23.473759"><ele>2666.103598</ele><time>2026-09-14T02:07:42Z</time><extensions><speed>0.349085</speed><course>122.168124</course><hAcc>1.709524</hAcc><vAcc>3.905259</vAcc></extensions></trkpt>
      <trkpt lon="120.905814" lat="23.473757"><ele>2666.060477</ele><time>2026-09-14T02:07:43Z</time><extensions><speed>0.454716</speed><course>125.486967</course><hAcc>1.726408</hAcc><vAcc>3.908713</vAcc></extensions></trkpt>
      <trkpt lon="120.905817" lat="23.473754"><ele>2666.022164</ele><time>2026-09-14T02:07:44Z</time><extensions><speed>0.491901</speed><course>137.073208</course><hAcc>1.744910</hAcc><vAcc>3.912731</vAcc></extensions></trkpt>
      <trkpt lon="120.905821" lat="23.473751"><ele>2665.986488</ele><time>2026-09-14T02:07:45Z</time><extensions><speed>0.447871</speed><course>132.341209</course><hAcc>1.736440</hAcc><vAcc>3.917223</vAcc></extensions></trkpt>
      <trkpt lon="120.905824" lat="23.473749"><ele>2665.954748</ele><time>2026-09-14T02:07:46Z</time><extensions><speed>0.375653</speed><course>130.369666</course><hAcc>1.707366</hAcc><vAcc>3.921868</vAcc></extensions></trkpt>
      <trkpt lon="120.905827" lat="23.473747"><ele>2665.924834</ele><time>2026-09-14T02:07:47Z</time><extensions><speed>0.400822</speed><course>124.774335</course><hAcc>1.676671</hAcc><vAcc>3.926672</vAcc></extensions></trkpt>
      <trkpt lon="120.905830" lat="23.473745"><ele>2665.898129</ele><time>2026-09-14T02:07:48Z</time><extensions><speed>0.422783</speed><course>119.954901</course><hAcc>1.659439</hAcc><vAcc>3.931399</vAcc></extensions></trkpt>
      <trkpt lon="120.905834" lat="23.473743"><ele>2665.874300</ele><time>2026-09-14T02:07:49Z</time><extensions><speed>0.484692</speed><course>117.196650</course><hAcc>1.665790</hAcc><vAcc>3.935982</vAcc></extensions></trkpt>
      <trkpt lon="120.905838" lat="23.473741"><ele>2665.851345</ele><time>2026-09-14T02:07:50Z</time><extensions><speed>0.507494</speed><course>116.105069</course><hAcc>1.689603</hAcc><vAcc>3.940522</vAcc></extensions></trkpt>
      <trkpt lon="120.905843" lat="23.473738"><ele>2665.830759</ele><time>2026-09-14T02:07:51Z</time><extensions><speed>0.618025</speed><course>116.099671</course><hAcc>1.689080</hAcc><vAcc>3.944852</vAcc></extensions></trkpt>
      <trkpt lon="120.905849" lat="23.473736"><ele>2665.810605</ele><time>2026-09-14T02:07:52Z</time><extensions><speed>0.662184</speed><course>117.625365</course><hAcc>1.654880</hAcc><vAcc>3.949101</vAcc></extensions></trkpt>
      <trkpt lon="120.905855" lat="23.473733"><ele>2665.792437</ele><time>2026-09-14T02:07:53Z</time><extensions><speed>0.718867</speed><course>118.377037</course><hAcc>1.634001</hAcc><vAcc>3.953122</vAcc></extensions></trkpt>
      <trkpt lon="120.905861" lat="23.473729"><ele>2665.776077</ele><time>2026-09-14T02:07:54Z</time><extensions><speed>0.730799</speed><course>119.343312</course><hAcc>1.628290</hAcc><vAcc>3.956916</vAcc></extensions></trkpt>
      <trkpt lon="120.905867" lat="23.473726"><ele>2665.759653</ele><time>2026-09-14T02:07:55Z</time><extensions><speed>0.759688</speed><course>120.445733</course><hAcc>1.621741</hAcc><vAcc>3.960629</vAcc></extensions></trkpt>
      <trkpt lon="120.905874" lat="23.473722"><ele>2665.744790</ele><time>2026-09-14T02:07:56Z</time><extensions><speed>0.811873</speed><course>121.230129</course><hAcc>1.619565</hAcc><vAcc>3.964125</vAcc></extensions></trkpt>
      <trkpt lon="120.905881" lat="23.473718"><ele>2665.729654</ele><time>2026-09-14T02:07:57Z</time><extensions><speed>0.907204</speed><course>120.445681</course><hAcc>1.631445</hAcc><vAcc>3.967554</vAcc></extensions></trkpt>
      <trkpt lon="120.905889" lat="23.473714"><ele>2665.715893</ele><time>2026-09-14T02:07:58Z</time><extensions><speed>0.913190</speed><course>120.667253</course><hAcc>1.632275</hAcc><vAcc>3.970784</vAcc></extensions></trkpt>
      <trkpt lon="120.905896" lat="23.473710"><ele>2665.703403</ele><time>2026-09-14T02:07:59Z</time><extensions><speed>0.825685</speed><course>122.896313</course><hAcc>1.615493</hAcc><vAcc>3.973822</vAcc></extensions></trkpt>
      <trkpt lon="120.905902" lat="23.473706"><ele>2665.690381</ele><time>2026-09-14T02:08:00Z</time><extensions><speed>0.679619</speed><course>126.877119</course><hAcc>1.598414</hAcc><vAcc>3.976819</vAcc></extensions></trkpt>
      <trkpt lon="120.905908" lat="23.473702"><ele>2665.678506</ele><time>2026-09-14T02:08:01Z</time><extensions><speed>0.665210</speed><course>129.346101</course><hAcc>1.584545</hAcc><vAcc>3.979643</vAcc></extensions></trkpt>
      <trkpt lon="120.905913" lat="23.473698"><ele>2665.665994</ele><time>2026-09-14T02:08:02Z</time><extensions><speed>0.719130</speed><course>128.098349</course><hAcc>1.586065</hAcc><vAcc>3.982444</vAcc></extensions></trkpt>
      <trkpt lon="120.905919" lat="23.473693"><ele>2665.654533</ele><time>2026-09-14T02:08:03Z</time><extensions><speed>0.823891</speed><course>124.311692</course><hAcc>1.595198</hAcc><vAcc>3.985087</vAcc></extensions></trkpt>
      <trkpt lon="120.905926" lat="23.473689"><ele>2665.644058</ele><time>2026-09-14T02:08:04Z</time><extensions><speed>0.851939</speed><course>122.343003</course><hAcc>1.588065</hAcc><vAcc>3.987581</vAcc></extensions></trkpt>
      <trkpt lon="120.905932" lat="23.473685"><ele>2665.632795</ele><time>2026-09-14T02:08:05Z</time><extensions><speed>0.708636</speed><course>119.432830</course><hAcc>1.583217</hAcc><vAcc>3.990073</vAcc></extensions></trkpt>
      <trkpt lon="120.905939" lat="23.473682"><ele>2665.622451</ele><time>2026-09-14T02:08:06Z</time><extensions><speed>0.899134</speed><course>118.413236</course><hAcc>1.576682</hAcc><vAcc>3.992430</vAcc></extensions></trkpt>
      <trkpt lon="120.905946" lat="23.473678"><ele>2665.612973</ele><time>2026-09-14T02:08:07Z</time><extensions><speed>0.851877</speed><course>121.971942</course><hAcc>1.585258</hAcc><vAcc>3.994656</vAcc></extensions></trkpt>
      <trkpt lon="120.905954" lat="23.473673"><ele>2665.602602</ele><time>2026-09-14T02:08:08Z</time><extensions><speed>0.940488</speed><course>123.586131</course><hAcc>1.586612</hAcc><vAcc>3.996899</vAcc></extensions></trkpt>
      <trkpt lon="120.905962" lat="23.473668"><ele>2665.593052</ele><time>2026-09-14T02:08:09Z</time><extensions><speed>1.034770</speed><course>119.733283</course><hAcc>1.594300</hAcc><vAcc>3.999023</vAcc></extensions></trkpt>
      <trkpt lon="120.905970" lat="23.473664"><ele>2665.582574</ele><time>2026-09-14T02:08:10Z</time><extensions><speed>0.856033</speed><course>120.193408</course><hAcc>1.599843</hAcc><vAcc>4.001174</vAcc></extensions></trkpt>
      <trkpt lon="120.905976" lat="23.473660"><ele>2665.572885</ele><time>2026-09-14T02:08:11Z</time><extensions><speed>0.701285</speed><course>129.050047</course><hAcc>1.591460</hAcc><vAcc>4.003215</vAcc></extensions></trkpt>
      <trkpt lon="120.905981" lat="23.473656"><ele>2665.563945</ele><time>2026-09-14T02:08:12Z</time><extensions><speed>0.614021</speed><course>133.266804</course><hAcc>1.596581</hAcc><vAcc>4.005151</vAcc></extensions></trkpt>
      <trkpt lon="120.905985" lat="23.473653"><ele>2665.554014</ele><time>2026-09-14T02:08:13Z</time><extensions><speed>0.528439</speed><course>133.747811</course><hAcc>1.606744</hAcc><vAcc>4.007125</vAcc></extensions></trkpt>
      <trkpt lon="120.905988" lat="23.473649"><ele>2665.544810</ele><time>2026-09-14T02:08:14Z</time><extensions><speed>0.524800</speed><course>130.319622</course><hAcc>1.611138</hAcc><vAcc>4.009002</vAcc></extensions></trkpt>
      <trkpt lon="120.905993" lat="23.473647"><ele>2665.534597</ele><time>2026-09-14T02:08:15Z</time><extensions><speed>0.562401</speed><course>121.570713</course><hAcc>1.616446</hAcc><vAcc>4.010925</vAcc></extensions></trkpt>
      <trkpt lon="120.905997" lat="23.473644"><ele>2665.525094</ele><time>2026-09-14T02:08:16Z</time><extensions><speed>0.482467</speed><course>122.160751</course><hAcc>1.602128</hAcc><vAcc>4.012758</vAcc></extensions></trkpt>
      <trkpt lon="120.906001" lat="23.473642"><ele>2665.516268</ele><time>2026-09-14T02:08:17Z</time><extensions><speed>0.499162</speed><course>108.998548</course><hAcc>1.603433</hAcc><vAcc>4.014502</vAcc></extensions></trkpt>
      <trkpt lon="120.906007" lat="23.473642"><ele>2665.506390</ele><time>2026-09-14T02:08:18Z</time><extensions><speed>0.645427</speed><course>83.972036</course><hAcc>1.631912</hAcc><vAcc>4.016303</vAcc></extensions></trkpt>
      <trkpt lon="120.906013" lat="23.473643"><ele>2665.497180</ele><time>2026-09-14T02:08:19Z</time><extensions><speed>0.609235</speed><course>79.632665</course><hAcc>1.629771</hAcc><vAcc>4.018021</vAcc></extensions></trkpt>
      <trkpt lon="120.906018" lat="23.473644"><ele>2665.486921</ele><time>2026-09-14T02:08:20Z</time><extensions><speed>0.462614</speed><course>78.543174</course><hAcc>1.623887</hAcc><vAcc>4.019799</vAcc></extensions></trkpt>
      <trkpt lon="120.906022" lat="23.473644"><ele>2665.477330</ele><time>2026-09-14T02:08:21Z</time><extensions><speed>0.343639</speed><course>76.069650</course><hAcc>1.640449</hAcc><vAcc>4.021498</vAcc></extensions></trkpt>
      <trkpt lon="120.906024" lat="23.473645"><ele>2665.468379</ele><time>2026-09-14T02:08:22Z</time><extensions><speed>0.253390</speed><course>70.482036</course><hAcc>1.661800</hAcc><vAcc>4.023121</vAcc></extensions></trkpt>
      <trkpt lon="120.906026" lat="23.473646"><ele>2665.458355</ele><time>2026-09-14T02:08:23Z</time><extensions><speed>0.104060</speed><course>43.709453</course><hAcc>1.667261</hAcc><vAcc>4.024809</vAcc></extensions></trkpt>
      <trkpt lon="120.906026" lat="23.473647"><ele>2665.448974</ele><time>2026-09-14T02:08:24Z</time><extensions><speed>0.107491</speed><course>348.713844</course><hAcc>1.681657</hAcc><vAcc>4.026423</vAcc></extensions></trkpt>
      <trkpt lon="120.906026" lat="23.473648"><ele>2665.438529</ele><time>2026-09-14T02:08:25Z</time><extensions><speed>0.175490</speed><course>337.853154</course><hAcc>1.697967</hAcc><vAcc>4.028105</vAcc></extensions></trkpt>
      <trkpt lon="120.906024" lat="23.473650"><ele>2665.428733</ele><time>2026-09-14T02:08:26Z</time><extensions><speed>0.253003</speed><course>327.534806</course><hAcc>1.709449</hAcc><vAcc>4.029716</vAcc></extensions></trkpt>
      <trkpt lon="120.906023" lat="23.473652"><ele>2665.419562</ele><time>2026-09-14T02:08:27Z</time><extensions><speed>0.337424</speed><course>325.565336</course><hAcc>1.719584</hAcc><vAcc>4.031257</vAcc></extensions></trkpt>
      <trkpt lon="120.906021" lat="23.473655"><ele>2665.409307</ele><time>2026-09-14T02:08:28Z</time><extensions><speed>0.430071</speed><course>324.592519</course><hAcc>1.721918</hAcc><vAcc>4.032869</vAcc></extensions></trkpt>
      <trkpt lon="120.906018" lat="23.473659"><ele>2665.399686</ele><time>2026-09-14T02:08:29Z</time><extensions><speed>0.479999</speed><course>327.118289</course><hAcc>1.728435</hAcc><vAcc>4.034414</vAcc></extensions></trkpt>
      <trkpt lon="120.906015" lat="23.473663"><ele>2665.390673</ele><time>2026-09-14T02:08:30Z</time><extensions><speed>0.546949</speed><course>326.489787</course><hAcc>1.727700</hAcc><vAcc>4.035891</vAcc></extensions></trkpt>
      <trkpt lon="120.906012" lat="23.473667"><ele>2665.380571</ele><time>2026-09-14T02:08:31Z</time><extensions><speed>0.586542</speed><course>324.910904</course><hAcc>1.728994</hAcc><vAcc>4.037441</vAcc></extensions></trkpt>
      <trkpt lon="120.906009" lat="23.473671"><ele>2665.371087</ele><time>2026-09-14T02:08:32Z</time><extensions><speed>0.629265</speed><course>323.432944</course><hAcc>1.728168</hAcc><vAcc>4.038926</vAcc></extensions></trkpt>
      <trkpt lon="120.906005" lat="23.473676"><ele>2665.360525</ele><time>2026-09-14T02:08:33Z</time><extensions><speed>0.671810</speed><course>322.951780</course><hAcc>1.727412</hAcc><vAcc>4.040485</vAcc></extensions></trkpt>
      <trkpt lon="120.906001" lat="23.473681"><ele>2665.350591</ele><time>2026-09-14T02:08:34Z</time><extensions><speed>0.689910</speed><course>324.513668</course><hAcc>1.731648</hAcc><vAcc>4.041980</vAcc></extensions></trkpt>
      <trkpt lon="120.905997" lat="23.473687"><ele>2665.341266</ele><time>2026-09-14T02:08:35Z</time><extensions><speed>0.737688</speed><course>327.406957</course><hAcc>1.732549</hAcc><vAcc>4.043412</vAcc></extensions></trkpt>
      <trkpt lon="120.905993" lat="23.473693"><ele>2665.330859</ele><time>2026-09-14T02:08:36Z</time><extensions><speed>0.770669</speed><course>330.405064</course><hAcc>1.730499</hAcc><vAcc>4.044920</vAcc></extensions></trkpt>
      <trkpt lon="120.905989" lat="23.473699"><ele>2665.321069</ele><time>2026-09-14T02:08:37Z</time><extensions><speed>0.778721</speed><course>333.246927</course><hAcc>1.722127</hAcc><vAcc>4.046365</vAcc></extensions></trkpt>
      <trkpt lon="120.905986" lat="23.473705"><ele>2665.310204</ele><time>2026-09-14T02:08:38Z</time><extensions><speed>0.758141</speed><course>334.985310</course><hAcc>1.721852</hAcc><vAcc>4.047888</vAcc></extensions></trkpt>
      <trkpt lon="120.905983" lat="23.473711"><ele>2665.299966</ele><time>2026-09-14T02:08:39Z</time><extensions><speed>0.708286</speed><course>335.887669</course><hAcc>1.726956</hAcc><vAcc>4.049352</vAcc></extensions></trkpt>
      <trkpt lon="120.905980" lat="23.473717"><ele>2665.290332</ele><time>2026-09-14T02:08:40Z</time><extensions><speed>0.710936</speed><course>335.529636</course><hAcc>1.725956</hAcc><vAcc>4.050755</vAcc></extensions></trkpt>
      <trkpt lon="120.905977" lat="23.473723"><ele>2665.279618</ele><time>2026-09-14T02:08:41Z</time><extensions><speed>0.680606</speed><course>337.076732</course><hAcc>1.726788</hAcc><vAcc>4.052238</vAcc></extensions></trkpt>
      <trkpt lon="120.905974" lat="23.473729"><ele>2665.269522</ele><time>2026-09-14T02:08:42Z</time><extensions><speed>0.684424</speed><course>337.841385</course><hAcc>1.726116</hAcc><vAcc>4.053662</vAcc></extensions></trkpt>
      <trkpt lon="120.905972" lat="23.473735"><ele>2665.260022</ele><time>2026-09-14T02:08:43Z</time><extensions><speed>0.726105</speed><course>337.080322</course><hAcc>1.725240</hAcc><vAcc>4.055028</vAcc></extensions></trkpt>
      <trkpt lon="120.905969" lat="23.473741"><ele>2665.251098</ele><time>2026-09-14T02:08:44Z</time><extensions><speed>0.745594</speed><course>337.457770</course><hAcc>1.724845</hAcc><vAcc>4.056335</vAcc></extensions></trkpt>
      <trkpt lon="120.905966" lat="23.473748"><ele>2665.242731</ele><time>2026-09-14T02:08:45Z</time><extensions><speed>0.781817</speed><course>337.602345</course><hAcc>1.722269</hAcc><vAcc>4.057583</vAcc></extensions></trkpt>
      <trkpt lon="120.905963" lat="23.473754"><ele>2665.233244</ele><time>2026-09-14T02:08:46Z</time><extensions><speed>0.771622</speed><course>337.923456</course><hAcc>1.727707</hAcc><vAcc>4.058910</vAcc></extensions></trkpt>
      <trkpt lon="120.905960" lat="23.473761"><ele>2665.224328</ele><time>2026-09-14T02:08:47Z</time><extensions><speed>0.823895</speed><course>337.199556</course><hAcc>1.728555</hAcc><vAcc>4.060179</vAcc></extensions></trkpt>
      <trkpt lon="120.905957" lat="23.473768"><ele>2665.214303</ele><time>2026-09-14T02:08:48Z</time><extensions><speed>0.823072</speed><course>336.883034</course><hAcc>1.733705</hAcc><vAcc>4.061529</vAcc></extensions></trkpt>
      <trkpt lon="120.905953" lat="23.473775"><ele>2665.204871</ele><time>2026-09-14T02:08:49Z</time><extensions><speed>0.852444</speed><course>334.727555</course><hAcc>1.734823</hAcc><vAcc>4.062820</vAcc></extensions></trkpt>
      <trkpt lon="120.905950" lat="23.473782"><ele>2665.196006</ele><time>2026-09-14T02:08:50Z</time><extensions><speed>0.883298</speed><course>333.880145</course><hAcc>1.731378</hAcc><vAcc>4.064054</vAcc></extensions></trkpt>
      <trkpt lon="120.905946" lat="23.473789"><ele>2665.186026</ele><time>2026-09-14T02:08:51Z</time><extensions><speed>0.866204</speed><course>333.765618</course><hAcc>1.732600</hAcc><vAcc>4.065369</vAcc></extensions></trkpt>
      <trkpt lon="120.905942" lat="23.473796"><ele>2665.176627</ele><time>2026-09-14T02:08:52Z</time><extensions><speed>0.812688</speed><course>333.709694</course><hAcc>1.737020</hAcc><vAcc>4.066628</vAcc></extensions></trkpt>
      <trkpt lon="120.905939" lat="23.473802"><ele>2665.167780</ele><time>2026-09-14T02:08:53Z</time><extensions><speed>0.789968</speed><course>332.790489</course><hAcc>1.735261</hAcc><vAcc>4.067833</vAcc></extensions></trkpt>
      <trkpt lon="120.905935" lat="23.473809"><ele>2665.157808</ele><time>2026-09-14T02:08:54Z</time><extensions><speed>0.750931</speed><course>331.266329</course><hAcc>1.733546</hAcc><vAcc>4.069124</vAcc></extensions></trkpt>
      <trkpt lon="120.905932" lat="23.473814"><ele>2665.148392</ele><time>2026-09-14T02:08:55Z</time><extensions><speed>0.674887</speed><course>328.957152</course><hAcc>1.737582</hAcc><vAcc>4.070364</vAcc></extensions></trkpt>
      <trkpt lon="120.905928" lat="23.473819"><ele>2665.137868</ele><time>2026-09-14T02:08:56Z</time><extensions><speed>0.637062</speed><course>326.013834</course><hAcc>1.737966</hAcc><vAcc>4.071690</vAcc></extensions></trkpt>
      <trkpt lon="120.905925" lat="23.473824"><ele>2665.127917</ele><time>2026-09-14T02:08:57Z</time><extensions><speed>0.607861</speed><course>324.460382</course><hAcc>1.736499</hAcc><vAcc>4.072968</vAcc></extensions></trkpt>
      <trkpt lon="120.905921" lat="23.473829"><ele>2665.118522</ele><time>2026-09-14T02:08:58Z</time><extensions><speed>0.602305</speed><course>324.988898</course><hAcc>1.734183</hAcc><vAcc>4.074197</vAcc></extensions></trkpt>
      <trkpt lon="120.905918" lat="23.473833"><ele>2665.108020</ele><time>2026-09-14T02:08:59Z</time><extensions><speed>0.593116</speed><course>326.576462</course><hAcc>1.737293</hAcc><vAcc>4.075513</vAcc></extensions></trkpt>
      <trkpt lon="120.905914" lat="23.473838"><ele>2665.098091</ele><time>2026-09-14T02:09:00Z</time><extensions><speed>0.607162</speed><course>328.421594</course><hAcc>1.739340</hAcc><vAcc>4.076781</vAcc></extensions></trkpt>
      <trkpt lon="120.905911" lat="23.473843"><ele>2665.087073</ele><time>2026-09-14T02:09:01Z</time><extensions><speed>0.648433</speed><course>329.672065</course><hAcc>1.739612</hAcc><vAcc>4.078136</vAcc></extensions></trkpt>
      <trkpt lon="120.905908" lat="23.473848"><ele>2665.076643</ele><time>2026-09-14T02:09:02Z</time><extensions><speed>0.684224</speed><course>329.972744</course><hAcc>1.740981</hAcc><vAcc>4.079443</vAcc></extensions></trkpt>
      <trkpt lon="120.905904" lat="23.473854"><ele>2665.066785</ele><time>2026-09-14T02:09:03Z</time><extensions><speed>0.740280</speed><course>328.453467</course><hAcc>1.738886</hAcc><vAcc>4.080701</vAcc></extensions></trkpt>
      <trkpt lon="120.905900" lat="23.473859"><ele>2665.055843</ele><time>2026-09-14T02:09:04Z</time><extensions><speed>0.772714</speed><course>325.776636</course><hAcc>1.739066</hAcc><vAcc>4.082047</vAcc></extensions></trkpt>
      <trkpt lon="120.905896" lat="23.473865"><ele>2665.045491</ele><time>2026-09-14T02:09:05Z</time><extensions><speed>0.763274</speed><course>323.591524</course><hAcc>1.743113</hAcc><vAcc>4.083344</vAcc></extensions></trkpt>
      <trkpt lon="120.905891" lat="23.473870"><ele>2665.034076</ele><time>2026-09-14T02:09:06Z</time><extensions><speed>0.743522</speed><course>323.143569</course><hAcc>1.740037</hAcc><vAcc>4.084727</vAcc></extensions></trkpt>
      <trkpt lon="120.905887" lat="23.473876"><ele>2665.023269</ele><time>2026-09-14T02:09:07Z</time><extensions><speed>0.726609</speed><course>323.777769</course><hAcc>1.727893</hAcc><vAcc>4.086061</vAcc></extensions></trkpt>
      <trkpt lon="120.905882" lat="23.473881"><ele>2665.013053</ele><time>2026-09-14T02:09:08Z</time><extensions><speed>0.740314</speed><course>317.500489</course><hAcc>1.706409</hAcc><vAcc>4.087345</vAcc></extensions></trkpt>
      <trkpt lon="120.905877" lat="23.473886"><ele>2665.001780</ele><time>2026-09-14T02:09:09Z</time><extensions><speed>0.759601</speed><course>310.295066</course><hAcc>1.675385</hAcc><vAcc>4.088714</vAcc></extensions></trkpt>
      <trkpt lon="120.905871" lat="23.473890"><ele>2664.991114</ele><time>2026-09-14T02:09:10Z</time><extensions><speed>0.730834</speed><course>307.327060</course><hAcc>1.643837</hAcc><vAcc>4.090033</vAcc></extensions></trkpt>
      <trkpt lon="120.905866" lat="23.473894"><ele>2664.979409</ele><time>2026-09-14T02:09:11Z</time><extensions><speed>0.728158</speed><course>306.107318</course><hAcc>1.639693</hAcc><vAcc>4.091437</vAcc></extensions></trkpt>
      <trkpt lon="120.905860" lat="23.473898"><ele>2664.968328</ele><time>2026-09-14T02:09:12Z</time><extensions><speed>0.728831</speed><course>310.867286</course><hAcc>1.672443</hAcc><vAcc>4.092789</vAcc></extensions></trkpt>
      <trkpt lon="120.905854" lat="23.473903"><ele>2664.957852</ele><time>2026-09-14T02:09:13Z</time><extensions><speed>0.849887</speed><course>308.500877</course><hAcc>1.648085</hAcc><vAcc>4.094090</vAcc></extensions></trkpt>
      <trkpt lon="120.905847" lat="23.473908"><ele>2664.946339</ele><time>2026-09-14T02:09:14Z</time><extensions><speed>0.878541</speed><course>308.854957</course><hAcc>1.630538</hAcc><vAcc>4.095475</vAcc></extensions></trkpt>
      <trkpt lon="120.905841" lat="23.473913"><ele>2664.935444</ele><time>2026-09-14T02:09:15Z</time><extensions><speed>0.869065</speed><course>317.709554</course><hAcc>1.613950</hAcc><vAcc>4.096808</vAcc></extensions></trkpt>
      <trkpt lon="120.905836" lat="23.473919"><ele>2664.925155</ele><time>2026-09-14T02:09:16Z</time><extensions><speed>0.870927</speed><course>327.409946</course><hAcc>1.612371</hAcc><vAcc>4.098089</vAcc></extensions></trkpt>
      <trkpt lon="120.905832" lat="23.473926"><ele>2664.913826</ele><time>2026-09-14T02:09:17Z</time><extensions><speed>0.851108</speed><course>331.914518</course><hAcc>1.617924</hAcc><vAcc>4.099452</vAcc></extensions></trkpt>
      <trkpt lon="120.905828" lat="23.473932"><ele>2664.903114</ele><time>2026-09-14T02:09:18Z</time><extensions><speed>0.751447</speed><course>333.527708</course><hAcc>1.626220</hAcc><vAcc>4.100762</vAcc></extensions></trkpt>
      <trkpt lon="120.905825" lat="23.473938"><ele>2664.891385</ele><time>2026-09-14T02:09:19Z</time><extensions><speed>0.666909</speed><course>332.772700</course><hAcc>1.623951</hAcc><vAcc>4.102154</vAcc></extensions></trkpt>
      <trkpt lon="120.905822" lat="23.473943"><ele>2664.880285</ele><time>2026-09-14T02:09:20Z</time><extensions><speed>0.609912</speed><course>330.636634</course><hAcc>1.617133</hAcc><vAcc>4.103494</vAcc></extensions></trkpt>
      <trkpt lon="120.905819" lat="23.473948"><ele>2664.869796</ele><time>2026-09-14T02:09:21Z</time><extensions><speed>0.610480</speed><course>328.670872</course><hAcc>1.620107</hAcc><vAcc>4.104781</vAcc></extensions></trkpt>
      <trkpt lon="120.905816" lat="23.473953"><ele>2664.858284</ele><time>2026-09-14T02:09:22Z</time><extensions><speed>0.587666</speed><course>328.563656</course><hAcc>1.643774</hAcc><vAcc>4.106148</vAcc></extensions></trkpt>
      <trkpt lon="120.905813" lat="23.473957"><ele>2664.847395</ele><time>2026-09-14T02:09:23Z</time><extensions><speed>0.658631</speed><course>329.775386</course><hAcc>1.616663</hAcc><vAcc>4.107464</vAcc></extensions></trkpt>
      <trkpt lon="120.905810" lat="23.473963"><ele>2664.835497</ele><time>2026-09-14T02:09:24Z</time><extensions><speed>0.721942</speed><course>330.319022</course><hAcc>1.615405</hAcc><vAcc>4.108860</vAcc></extensions></trkpt>
      <trkpt lon="120.905806" lat="23.473969"><ele>2664.824231</ele><time>2026-09-14T02:09:25Z</time><extensions><speed>0.740783</speed><course>330.767790</course><hAcc>1.645629</hAcc><vAcc>4.110205</vAcc></extensions></trkpt>
      <trkpt lon="120.905803" lat="23.473974"><ele>2664.813578</ele><time>2026-09-14T02:09:26Z</time><extensions><speed>0.517929</speed><course>332.366901</course><hAcc>1.645848</hAcc><vAcc>4.111498</vAcc></extensions></trkpt>
      <trkpt lon="120.905801" lat="23.473978"><ele>2664.801909</ele><time>2026-09-14T02:09:27Z</time><extensions><speed>0.444984</speed><course>336.263459</course><hAcc>1.626791</hAcc><vAcc>4.112872</vAcc></extensions></trkpt>
      <trkpt lon="120.905799" lat="23.473982"><ele>2664.790865</ele><time>2026-09-14T02:09:28Z</time><extensions><speed>0.528456</speed><course>338.781068</course><hAcc>1.615496</hAcc><vAcc>4.114195</vAcc></extensions></trkpt>
      <trkpt lon="120.905797" lat="23.473987"><ele>2664.778825</ele><time>2026-09-14T02:09:29Z</time><extensions><speed>0.609549</speed><course>338.418449</course><hAcc>1.622527</hAcc><vAcc>4.115599</vAcc></extensions></trkpt>
      <trkpt lon="120.905795" lat="23.473992"><ele>2664.767422</ele><time>2026-09-14T02:09:30Z</time><extensions><speed>0.713519</speed><course>337.184852</course><hAcc>1.615603</hAcc><vAcc>4.116951</vAcc></extensions></trkpt>
      <trkpt lon="120.905792" lat="23.473999"><ele>2664.756637</ele><time>2026-09-14T02:09:31Z</time><extensions><speed>0.793322</speed><course>336.457367</course><hAcc>1.606094</hAcc><vAcc>4.118251</vAcc></extensions></trkpt>
      <trkpt lon="120.905789" lat="23.474005"><ele>2664.744849</ele><time>2026-09-14T02:09:32Z</time><extensions><speed>0.796392</speed><course>338.019448</course><hAcc>1.581936</hAcc><vAcc>4.119632</vAcc></extensions></trkpt>
      <trkpt lon="120.905786" lat="23.474012"><ele>2664.733691</ele><time>2026-09-14T02:09:33Z</time><extensions><speed>0.780711</speed><course>338.692514</course><hAcc>1.593435</hAcc><vAcc>4.120961</vAcc></extensions></trkpt>
      <trkpt lon="120.905784" lat="23.474019"><ele>2664.721545</ele><time>2026-09-14T02:09:34Z</time><extensions><speed>0.956121</speed><course>343.548492</course><hAcc>1.570435</hAcc><vAcc>4.122370</vAcc></extensions></trkpt>
      <trkpt lon="120.905781" lat="23.474029"><ele>2664.710041</ele><time>2026-09-14T02:09:35Z</time><extensions><speed>1.175140</speed><course>345.718345</course><hAcc>1.552664</hAcc><vAcc>4.123727</vAcc></extensions></trkpt>
      <trkpt lon="120.905778" lat="23.474039"><ele>2664.699160</ele><time>2026-09-14T02:09:36Z</time><extensions><speed>1.125889</speed><course>347.223559</course><hAcc>1.543067</hAcc><vAcc>4.125032</vAcc></extensions></trkpt>
      <trkpt lon="120.905776" lat="23.474049"><ele>2664.687286</ele><time>2026-09-14T02:09:37Z</time><extensions><speed>1.089882</speed><course>347.735755</course><hAcc>1.531395</hAcc><vAcc>4.126417</vAcc></extensions></trkpt>
      <trkpt lon="120.905774" lat="23.474058"><ele>2664.676046</ele><time>2026-09-14T02:09:38Z</time><extensions><speed>0.988892</speed><course>348.083200</course><hAcc>1.520836</hAcc><vAcc>4.127749</vAcc></extensions></trkpt>
      <trkpt lon="120.905772" lat="23.474067"><ele>2664.665423</ele><time>2026-09-14T02:09:39Z</time><extensions><speed>0.980758</speed><course>345.847843</course><hAcc>1.561866</hAcc><vAcc>4.129029</vAcc></extensions></trkpt>
      <trkpt lon="120.905769" lat="23.474075"><ele>2664.653802</ele><time>2026-09-14T02:09:40Z</time><extensions><speed>0.833254</speed><course>344.693556</course><hAcc>1.604739</hAcc><vAcc>4.130387</vAcc></extensions></trkpt>
      <trkpt lon="120.905767" lat="23.474082"><ele>2664.642808</ele><time>2026-09-14T02:09:41Z</time><extensions><speed>0.815669</speed><course>348.359864</course><hAcc>1.570800</hAcc><vAcc>4.131693</vAcc></extensions></trkpt>
      <trkpt lon="120.905766" lat="23.474089"><ele>2664.630833</ele><time>2026-09-14T02:09:42Z</time><extensions><speed>0.774199</speed><course>349.287534</course><hAcc>1.557165</hAcc><vAcc>4.133077</vAcc></extensions></trkpt>
      <trkpt lon="120.905764" lat="23.474096"><ele>2664.619495</ele><time>2026-09-14T02:09:43Z</time><extensions><speed>0.739811</speed><course>348.693534</course><hAcc>1.585181</hAcc><vAcc>4.134409</vAcc></extensions></trkpt>
      <trkpt lon="120.905763" lat="23.474102"><ele>2664.608774</ele><time>2026-09-14T02:09:44Z</time><extensions><speed>0.724243</speed><course>347.743513</course><hAcc>1.620309</hAcc><vAcc>4.135688</vAcc></extensions></trkpt>
      <trkpt lon="120.905761" lat="23.474108"><ele>2664.597063</ele><time>2026-09-14T02:09:45Z</time><extensions><speed>0.754071</speed><course>346.765756</course><hAcc>1.641397</hAcc><vAcc>4.137045</vAcc></extensions></trkpt>
      <trkpt lon="120.905760" lat="23.474115"><ele>2664.585978</ele><time>2026-09-14T02:09:46Z</time><extensions><speed>0.726712</speed><course>345.668964</course><hAcc>1.653688</hAcc><vAcc>4.138351</vAcc></extensions></trkpt>
      <trkpt lon="120.905758" lat="23.474121"><ele>2664.575501</ele><time>2026-09-14T02:09:47Z</time><extensions><speed>0.723453</speed><course>345.203986</course><hAcc>1.657060</hAcc><vAcc>4.139604</vAcc></extensions></trkpt>
      <trkpt lon="120.905756" lat="23.474127"><ele>2664.565611</ele><time>2026-09-14T02:09:48Z</time><extensions><speed>0.690670</speed><course>344.047408</course><hAcc>1.656602</hAcc><vAcc>4.140804</vAcc></extensions></trkpt>
      <trkpt lon="120.905754" lat="23.474133"><ele>2664.556288</ele><time>2026-09-14T02:09:49Z</time><extensions><speed>0.701251</speed><course>344.331548</course><hAcc>1.648097</hAcc><vAcc>4.141952</vAcc></extensions></trkpt>
      <trkpt lon="120.905752" lat="23.474140"><ele>2664.545931</ele><time>2026-09-14T02:09:50Z</time><extensions><speed>0.758896</speed><course>345.169149</course><hAcc>1.633222</hAcc><vAcc>4.143179</vAcc></extensions></trkpt>
      <trkpt lon="120.905751" lat="23.474147"><ele>2664.536152</ele><time>2026-09-14T02:09:51Z</time><extensions><speed>0.823700</speed><course>346.926487</course><hAcc>1.629533</hAcc><vAcc>4.144353</vAcc></extensions></trkpt>
      <trkpt lon="120.905749" lat="23.474154"><ele>2664.525354</ele><time>2026-09-14T02:09:52Z</time><extensions><speed>0.891602</speed><course>349.684689</course><hAcc>1.648612</hAcc><vAcc>4.145605</vAcc></extensions></trkpt>
      <trkpt lon="120.905747" lat="23.474162"><ele>2664.515148</ele><time>2026-09-14T02:09:53Z</time><extensions><speed>0.913872</speed><course>351.684411</course><hAcc>1.645980</hAcc><vAcc>4.146806</vAcc></extensions></trkpt>
      <trkpt lon="120.905746" lat="23.474170"><ele>2664.505514</ele><time>2026-09-14T02:09:54Z</time><extensions><speed>0.815854</speed><course>353.984735</course><hAcc>1.641340</hAcc><vAcc>4.147955</vAcc></extensions></trkpt>
      <trkpt lon="120.905746" lat="23.474177"><ele>2664.494848</ele><time>2026-09-14T02:09:55Z</time><extensions><speed>0.680813</speed><course>357.193236</course><hAcc>1.635419</hAcc><vAcc>4.149183</vAcc></extensions></trkpt>
      <trkpt lon="120.905746" lat="23.474183"><ele>2664.484762</ele><time>2026-09-14T02:09:56Z</time><extensions><speed>0.570442</speed><course>359.930248</course><hAcc>1.653503</hAcc><vAcc>4.150362</vAcc></extensions></trkpt>
      <trkpt lon="120.905746" lat="23.474187"><ele>2664.473658</ele><time>2026-09-14T02:09:57Z</time><extensions><speed>0.526668</speed><course>3.376312</course><hAcc>1.669776</hAcc><vAcc>4.151621</vAcc></extensions></trkpt>
      <trkpt lon="120.905746" lat="23.474193"><ele>2664.463136</ele><time>2026-09-14T02:09:58Z</time><extensions><speed>0.592363</speed><course>7.170056</course><hAcc>1.662053</hAcc><vAcc>4.152833</vAcc></extensions></trkpt>
      <trkpt lon="120.905747" lat="23.474198"><ele>2664.453173</ele><time>2026-09-14T02:09:59Z</time><extensions><speed>0.717532</speed><course>6.039727</course><hAcc>1.672175</hAcc><vAcc>4.153999</vAcc></extensions></trkpt>
      <trkpt lon="120.905748" lat="23.474205"><ele>2664.442179</ele><time>2026-09-14T02:10:00Z</time><extensions><speed>0.724371</speed><course>5.286480</course><hAcc>1.691804</hAcc><vAcc>4.155249</vAcc></extensions></trkpt>
      <trkpt lon="120.905749" lat="23.474211"><ele>2664.431755</ele><time>2026-09-14T02:10:01Z</time><extensions><speed>0.641214</speed><course>6.114394</course><hAcc>1.705402</hAcc><vAcc>4.156454</vAcc></extensions></trkpt>
      <trkpt lon="120.905749" lat="23.474216"><ele>2664.421886</ele><time>2026-09-14T02:10:02Z</time><extensions><speed>0.531178</speed><course>7.098074</course><hAcc>1.717066</hAcc><vAcc>4.157614</vAcc></extensions></trkpt>
      <trkpt lon="120.905750" lat="23.474220"><ele>2664.410983</ele><time>2026-09-14T02:10:03Z</time><extensions><speed>0.403245</speed><course>11.002478</course><hAcc>1.718047</hAcc><vAcc>4.158858</vAcc></extensions></trkpt>
      <trkpt lon="120.905751" lat="23.474223"><ele>2664.400650</ele><time>2026-09-14T02:10:04Z</time><extensions><speed>0.268757</speed><course>24.537196</course><hAcc>1.704093</hAcc><vAcc>4.160057</vAcc></extensions></trkpt>
      <trkpt lon="120.905752" lat="23.474225"><ele>2664.389309</ele><time>2026-09-14T02:10:05Z</time><extensions><speed>0.249930</speed><course>30.583572</course><hAcc>1.697284</hAcc><vAcc>4.161338</vAcc></extensions></trkpt>
      <trkpt lon="120.905753" lat="23.474228"><ele>2664.378554</ele><time>2026-09-14T02:10:06Z</time><extensions><speed>0.321950</speed><course>21.313553</course><hAcc>1.700806</hAcc><vAcc>4.162574</vAcc></extensions></trkpt>
      <trkpt lon="120.905754" lat="23.474231"><ele>2664.368369</ele><time>2026-09-14T02:10:07Z</time><extensions><speed>0.404601</speed><course>11.743730</course><hAcc>1.719759</hAcc><vAcc>4.163764</vAcc></extensions></trkpt>
      <trkpt lon="120.905755" lat="23.474234"><ele>2664.357174</ele><time>2026-09-14T02:10:08Z</time><extensions><speed>0.389352</speed><course>9.229888</course><hAcc>1.730497</hAcc><vAcc>4.165035</vAcc></extensions></trkpt>
      <trkpt lon="120.905756" lat="23.474238"><ele>2664.346562</ele><time>2026-09-14T02:10:09Z</time><extensions><speed>0.330524</speed><course>12.677245</course><hAcc>1.708896</hAcc><vAcc>4.166260</vAcc></extensions></trkpt>
      <trkpt lon="120.905756" lat="23.474241"><ele>2664.334959</ele><time>2026-09-14T02:10:10Z</time><extensions><speed>0.329464</speed><course>12.615444</course><hAcc>1.686316</hAcc><vAcc>4.167567</vAcc></extensions></trkpt>
      <trkpt lon="120.905757" lat="23.474244"><ele>2664.323954</ele><time>2026-09-14T02:10:11Z</time><extensions><speed>0.426258</speed><course>7.015908</course><hAcc>1.681672</hAcc><vAcc>4.168827</vAcc></extensions></trkpt>
      <trkpt lon="120.905757" lat="23.474248"><ele>2664.313528</ele><time>2026-09-14T02:10:12Z</time><extensions><speed>0.424588</speed><course>4.206102</course><hAcc>1.685746</hAcc><vAcc>4.170041</vAcc></extensions></trkpt>
      <trkpt lon="120.905757" lat="23.474252"><ele>2664.302108</ele><time>2026-09-14T02:10:13Z</time><extensions><speed>0.501669</speed><course>2.212548</course><hAcc>1.639803</hAcc><vAcc>4.171336</vAcc></extensions></trkpt>
      <trkpt lon="120.905757" lat="23.474257"><ele>2664.291282</ele><time>2026-09-14T02:10:14Z</time><extensions><speed>0.570180</speed><course>358.087364</course><hAcc>1.603845</hAcc><vAcc>4.172584</vAcc></extensions></trkpt>
      <trkpt lon="120.905757" lat="23.474262"><ele>2664.279479</ele><time>2026-09-14T02:10:15Z</time><extensions><speed>0.571198</speed><course>354.502711</course><hAcc>1.592421</hAcc><vAcc>4.173912</vAcc></extensions></trkpt>
      <trkpt lon="120.905756" lat="23.474267"><ele>2664.268284</ele><time>2026-09-14T02:10:16Z</time><extensions><speed>0.591502</speed><course>352.107524</course><hAcc>1.590372</hAcc><vAcc>4.175193</vAcc></extensions></trkpt>
      <trkpt lon="120.905755" lat="23.474272"><ele>2664.257679</ele><time>2026-09-14T02:10:17Z</time><extensions><speed>0.603884</speed><course>350.838281</course><hAcc>1.595301</hAcc><vAcc>4.176427</vAcc></extensions></trkpt>
      <trkpt lon="120.905753" lat="23.474278"><ele>2664.246095</ele><time>2026-09-14T02:10:18Z</time><extensions><speed>0.558442</speed><course>348.766761</course><hAcc>1.600169</hAcc><vAcc>4.177740</vAcc></extensions></trkpt>
      <trkpt lon="120.905752" lat="23.474283"><ele>2664.235114</ele><time>2026-09-14T02:10:19Z</time><extensions><speed>0.612275</speed><course>340.142864</course><hAcc>1.548628</hAcc><vAcc>4.179005</vAcc></extensions></trkpt>
      <trkpt lon="120.905749" lat="23.474287"><ele>2664.223173</ele><time>2026-09-14T02:10:20Z</time><extensions><speed>0.609759</speed><course>333.140306</course><hAcc>1.532911</hAcc><vAcc>4.180349</vAcc></extensions></trkpt>
      <trkpt lon="120.905746" lat="23.474292"><ele>2664.211848</ele><time>2026-09-14T02:10:21Z</time><extensions><speed>0.645450</speed><course>330.848635</course><hAcc>1.543834</hAcc><vAcc>4.181644</vAcc></extensions></trkpt>
      <trkpt lon="120.905743" lat="23.474298"><ele>2664.201121</ele><time>2026-09-14T02:10:22Z</time><extensions><speed>0.691094</speed><course>334.004933</course><hAcc>1.562551</hAcc><vAcc>4.182891</vAcc></extensions></trkpt>
      <trkpt lon="120.905740" lat="23.474303"><ele>2664.189430</ele><time>2026-09-14T02:10:23Z</time><extensions><speed>0.690189</speed><course>333.679528</course><hAcc>1.570951</hAcc><vAcc>4.184216</vAcc></extensions></trkpt>
      <trkpt lon="120.905737" lat="23.474309"><ele>2664.178351</ele><time>2026-09-14T02:10:24Z</time><extensions><speed>0.710369</speed><course>332.842184</course><hAcc>1.570981</hAcc><vAcc>4.185492</vAcc></extensions></trkpt>
      <trkpt lon="120.905733" lat="23.474315"><ele>2664.167863</ele><time>2026-09-14T02:10:25Z</time><extensions><speed>0.839170</speed><course>333.146355</course><hAcc>1.564908</hAcc><vAcc>4.186718</vAcc></extensions></trkpt>
      <trkpt lon="120.905729" lat="23.474322"><ele>2664.156410</ele><time>2026-09-14T02:10:26Z</time><extensions><speed>0.921844</speed><course>331.858058</course><hAcc>1.569318</hAcc><vAcc>4.188021</vAcc></extensions></trkpt>
      <trkpt lon="120.905724" lat="23.474330"><ele>2664.145562</ele><time>2026-09-14T02:10:27Z</time><extensions><speed>0.988246</speed><course>325.598225</course><hAcc>1.582536</hAcc><vAcc>4.189275</vAcc></extensions></trkpt>
      <trkpt lon="120.905719" lat="23.474337"><ele>2664.133759</ele><time>2026-09-14T02:10:28Z</time><extensions><speed>0.931932</speed><course>325.589722</course><hAcc>1.596764</hAcc><vAcc>4.190606</vAcc></extensions></trkpt>
      <trkpt lon="120.905715" lat="23.474344"><ele>2664.122571</ele><time>2026-09-14T02:10:29Z</time><extensions><speed>0.841378</speed><course>335.021047</course><hAcc>1.609579</hAcc><vAcc>4.191886</vAcc></extensions></trkpt>
      <trkpt lon="120.905711" lat="23.474350"><ele>2664.111980</ele><time>2026-09-14T02:10:30Z</time><extensions><speed>0.726525</speed><course>336.373523</course><hAcc>1.607079</hAcc><vAcc>4.193117</vAcc></extensions></trkpt>
      <trkpt lon="120.905709" lat="23.474356"><ele>2664.100433</ele><time>2026-09-14T02:10:31Z</time><extensions><speed>0.663184</speed><course>340.744831</course><hAcc>1.614049</hAcc><vAcc>4.194424</vAcc></extensions></trkpt>
      <trkpt lon="120.905707" lat="23.474361"><ele>2664.089493</ele><time>2026-09-14T02:10:32Z</time><extensions><speed>0.654779</speed><course>345.980627</course><hAcc>1.619433</hAcc><vAcc>4.195682</vAcc></extensions></trkpt>
      <trkpt lon="120.905705" lat="23.474367"><ele>2664.077607</ele><time>2026-09-14T02:10:33Z</time><extensions><speed>0.674634</speed><course>348.769567</course><hAcc>1.616921</hAcc><vAcc>4.197015</vAcc></extensions></trkpt>
      <trkpt lon="120.905704" lat="23.474373"><ele>2664.066335</ele><time>2026-09-14T02:10:34Z</time><extensions><speed>0.705645</speed><course>347.018316</course><hAcc>1.618297</hAcc><vAcc>4.198300</vAcc></extensions></trkpt>
      <trkpt lon="120.905702" lat="23.474380"><ele>2664.055659</ele><time>2026-09-14T02:10:35Z</time><extensions><speed>0.809179</speed><course>347.194756</course><hAcc>1.629652</hAcc><vAcc>4.199536</vAcc></extensions></trkpt>
      <trkpt lon="120.905700" lat="23.474387"><ele>2664.044032</ele><time>2026-09-14T02:10:36Z</time><extensions><speed>0.769925</speed><course>343.597335</course><hAcc>1.628470</hAcc><vAcc>4.200848</vAcc></extensions></trkpt>
      <trkpt lon="120.905698" lat="23.474392"><ele>2664.033009</ele><time>2026-09-14T02:10:37Z</time><extensions><speed>0.518426</speed><course>332.319070</course><hAcc>1.607089</hAcc><vAcc>4.202112</vAcc></extensions></trkpt>
      <trkpt lon="120.905695" lat="23.474396"><ele>2664.021047</ele><time>2026-09-14T02:10:38Z</time><extensions><speed>0.444992</speed><course>324.380300</course><hAcc>1.582065</hAcc><vAcc>4.203451</vAcc></extensions></trkpt>
      <trkpt lon="120.905693" lat="23.474399"><ele>2664.009702</ele><time>2026-09-14T02:10:39Z</time><extensions><speed>0.507330</speed><course>329.124364</course><hAcc>1.594307</hAcc><vAcc>4.204742</vAcc></extensions></trkpt>
      <trkpt lon="120.905690" lat="23.474403"><ele>2663.998954</ele><time>2026-09-14T02:10:40Z</time><extensions><speed>0.510189</speed><course>324.906956</course><hAcc>1.633836</hAcc><vAcc>4.205985</vAcc></extensions></trkpt>
      <trkpt lon="120.905687" lat="23.474407"><ele>2663.987262</ele><time>2026-09-14T02:10:41Z</time><extensions><speed>0.531763</speed><course>329.060272</course><hAcc>1.629918</hAcc><vAcc>4.207303</vAcc></extensions></trkpt>
      <trkpt lon="120.905684" lat="23.474411"><ele>2663.976178</ele><time>2026-09-14T02:10:42Z</time><extensions><speed>0.523252</speed><course>319.039544</course><hAcc>1.608444</hAcc><vAcc>4.208572</vAcc></extensions></trkpt>
      <trkpt lon="120.905681" lat="23.474415"><ele>2663.964163</ele><time>2026-09-14T02:10:43Z</time><extensions><speed>0.513376</speed><course>308.623583</course><hAcc>1.606008</hAcc><vAcc>4.209916</vAcc></extensions></trkpt>
      <trkpt lon="120.905676" lat="23.474417"><ele>2663.952767</ele><time>2026-09-14T02:10:44Z</time><extensions><speed>0.558532</speed><course>304.042927</course><hAcc>1.640598</hAcc><vAcc>4.211212</vAcc></extensions></trkpt>
      <trkpt lon="120.905672" lat="23.474420"><ele>2663.941972</ele><time>2026-09-14T02:10:45Z</time><extensions><speed>0.464219</speed><course>296.580374</course><hAcc>1.684650</hAcc><vAcc>4.212458</vAcc></extensions></trkpt>
      <trkpt lon="120.905669" lat="23.474422"><ele>2663.930239</ele><time>2026-09-14T02:10:46Z</time><extensions><speed>0.415791</speed><course>304.537003</course><hAcc>1.687365</hAcc><vAcc>4.213779</vAcc></extensions></trkpt>
      <trkpt lon="120.905666" lat="23.474424"><ele>2663.919116</ele><time>2026-09-14T02:10:47Z</time><extensions><speed>0.313535</speed><course>326.201346</course><hAcc>1.670661</hAcc><vAcc>4.215051</vAcc></extensions></trkpt>
      <trkpt lon="120.905665" lat="23.474427"><ele>2663.908592</ele><time>2026-09-14T02:10:48Z</time><extensions><speed>0.340216</speed><course>347.156437</course><hAcc>1.665241</hAcc><vAcc>4.216273</vAcc></extensions></trkpt>
      <trkpt lon="120.905665" lat="23.474430"><ele>2663.897126</ele><time>2026-09-14T02:10:49Z</time><extensions><speed>0.416728</speed><course>356.899557</course><hAcc>1.665891</hAcc><vAcc>4.217570</vAcc></extensions></trkpt>
      <trkpt lon="120.905665" lat="23.474434"><ele>2663.886260</ele><time>2026-09-14T02:10:50Z</time><extensions><speed>0.480693</speed><course>9.079763</course><hAcc>1.670465</hAcc><vAcc>4.218817</vAcc></extensions></trkpt>
      <trkpt lon="120.905666" lat="23.474439"><ele>2663.875976</ele><time>2026-09-14T02:10:51Z</time><extensions><speed>0.572269</speed><course>9.504083</course><hAcc>1.687624</hAcc><vAcc>4.220014</vAcc></extensions></trkpt>
      <trkpt lon="120.905667" lat="23.474444"><ele>2663.866254</ele><time>2026-09-14T02:10:52Z</time><extensions><speed>0.693988</speed><course>18.019329</course><hAcc>1.663425</hAcc><vAcc>4.221162</vAcc></extensions></trkpt>
      <trkpt lon="120.905670" lat="23.474450"><ele>2663.857086</ele><time>2026-09-14T02:10:53Z</time><extensions><speed>0.657944</speed><course>25.300587</course><hAcc>1.646998</hAcc><vAcc>4.222258</vAcc></extensions></trkpt>
      <trkpt lon="120.905673" lat="23.474455"><ele>2663.846935</ele><time>2026-09-14T02:10:54Z</time><extensions><speed>0.596939</speed><course>39.377560</course><hAcc>1.650702</hAcc><vAcc>4.223428</vAcc></extensions></trkpt>
      <trkpt lon="120.905677" lat="23.474458"><ele>2663.837338</ele><time>2026-09-14T02:10:55Z</time><extensions><speed>0.596684</speed><course>56.328279</course><hAcc>1.651111</hAcc><vAcc>4.224548</vAcc></extensions></trkpt>
      <trkpt lon="120.905683" lat="23.474461"><ele>2663.826768</ele><time>2026-09-14T02:10:56Z</time><extensions><speed>0.670959</speed><course>61.370554</course><hAcc>1.638771</hAcc><vAcc>4.225742</vAcc></extensions></trkpt>
      <trkpt lon="120.905688" lat="23.474463"><ele>2663.816764</ele><time>2026-09-14T02:10:57Z</time><extensions><speed>0.596335</speed><course>71.606531</course><hAcc>1.654017</hAcc><vAcc>4.226886</vAcc></extensions></trkpt>
      <trkpt lon="120.905694" lat="23.474463"><ele>2663.807307</ele><time>2026-09-14T02:10:58Z</time><extensions><speed>0.591961</speed><course>95.038291</course><hAcc>1.680536</hAcc><vAcc>4.227982</vAcc></extensions></trkpt>
      <trkpt lon="120.905699" lat="23.474461"><ele>2663.796870</ele><time>2026-09-14T02:10:59Z</time><extensions><speed>0.571210</speed><course>114.474396</course><hAcc>1.675332</hAcc><vAcc>4.229154</vAcc></extensions></trkpt>
      <trkpt lon="120.905704" lat="23.474458"><ele>2663.786985</ele><time>2026-09-14T02:11:00Z</time><extensions><speed>0.649743</speed><course>133.738664</course><hAcc>1.654769</hAcc><vAcc>4.230278</vAcc></extensions></trkpt>
      <trkpt lon="120.905708" lat="23.474453"><ele>2663.776130</ele><time>2026-09-14T02:11:01Z</time><extensions><speed>0.806311</speed><course>145.270788</course><hAcc>1.637827</hAcc><vAcc>4.231479</vAcc></extensions></trkpt>
      <trkpt lon="120.905712" lat="23.474446"><ele>2663.765831</ele><time>2026-09-14T02:11:02Z</time><extensions><speed>0.936687</speed><course>152.193719</course><hAcc>1.627344</hAcc><vAcc>4.232636</vAcc></extensions></trkpt>
      <trkpt lon="120.905716" lat="23.474438"><ele>2663.756068</ele><time>2026-09-14T02:11:03Z</time><extensions><speed>0.840326</speed><course>155.411754</course><hAcc>1.615697</hAcc><vAcc>4.233749</vAcc></extensions></trkpt>
      <trkpt lon="120.905719" lat="23.474431"><ele>2663.745319</ele><time>2026-09-14T02:11:04Z</time><extensions><speed>0.808995</speed><course>151.293620</course><hAcc>1.605299</hAcc><vAcc>4.234942</vAcc></extensions></trkpt>
      <trkpt lon="120.905724" lat="23.474426"><ele>2663.735117</ele><time>2026-09-14T02:11:05Z</time><extensions><speed>0.681378</speed><course>122.271143</course><hAcc>1.633132</hAcc><vAcc>4.236093</vAcc></extensions></trkpt>
      <trkpt lon="120.905729" lat="23.474423"><ele>2663.723945</ele><time>2026-09-14T02:11:06Z</time><extensions><speed>0.488700</speed><course>126.067077</course><hAcc>1.599654</hAcc><vAcc>4.237324</vAcc></extensions></trkpt>
      <trkpt lon="120.905733" lat="23.474418"><ele>2663.713333</ele><time>2026-09-14T02:11:07Z</time><extensions><speed>0.968684</speed><course>156.936154</course><hAcc>1.565707</hAcc><vAcc>4.238513</vAcc></extensions></trkpt>
      <trkpt lon="120.905737" lat="23.474410"><ele>2663.703266</ele><time>2026-09-14T02:11:08Z</time><extensions><speed>0.897654</speed><course>147.823705</course><hAcc>1.552775</hAcc><vAcc>4.239659</vAcc></extensions></trkpt>
      <trkpt lon="120.905741" lat="23.474403"><ele>2663.692233</ele><time>2026-09-14T02:11:09Z</time><extensions><speed>0.799583</speed><course>155.321480</course><hAcc>1.544652</hAcc><vAcc>4.240884</vAcc></extensions></trkpt>
      <trkpt lon="120.905745" lat="23.474397"><ele>2663.681760</ele><time>2026-09-14T02:11:10Z</time><extensions><speed>0.724172</speed><course>147.037194</course><hAcc>1.555302</hAcc><vAcc>4.242066</vAcc></extensions></trkpt>
      <trkpt lon="120.905749" lat="23.474391"><ele>2663.671831</ele><time>2026-09-14T02:11:11Z</time><extensions><speed>0.741192</speed><course>144.012289</course><hAcc>1.554326</hAcc><vAcc>4.243204</vAcc></extensions></trkpt>
      <trkpt lon="120.905752" lat="23.474385"><ele>2663.660936</ele><time>2026-09-14T02:11:12Z</time><extensions><speed>0.835929</speed><course>161.159065</course><hAcc>1.541254</hAcc><vAcc>4.244420</vAcc></extensions></trkpt>
      <trkpt lon="120.905755" lat="23.474378"><ele>2663.650600</ele><time>2026-09-14T02:11:13Z</time><extensions><speed>0.736492</speed><course>164.395458</course><hAcc>1.530689</hAcc><vAcc>4.245592</vAcc></extensions></trkpt>
      <trkpt lon="120.905756" lat="23.474373"><ele>2663.639316</ele><time>2026-09-14T02:11:14Z</time><extensions><speed>0.418593</speed><course>167.597125</course><hAcc>1.559360</hAcc><vAcc>4.246841</vAcc></extensions></trkpt>
      <trkpt lon="120.905757" lat="23.474369"><ele>2663.628607</ele><time>2026-09-14T02:11:15Z</time><extensions><speed>0.327167</speed><course>163.173284</course><hAcc>1.543099</hAcc><vAcc>4.248045</vAcc></extensions></trkpt>
      <trkpt lon="120.905758" lat="23.474366"><ele>2663.618456</ele><time>2026-09-14T02:11:16Z</time><extensions><speed>0.330538</speed><course>156.978340</course><hAcc>1.539941</hAcc><vAcc>4.249204</vAcc></extensions></trkpt>
      <trkpt lon="120.905759" lat="23.474363"><ele>2663.607357</ele><time>2026-09-14T02:11:17Z</time><extensions><speed>0.347983</speed><course>156.405977</course><hAcc>1.536406</hAcc><vAcc>4.250438</vAcc></extensions></trkpt>
      <trkpt lon="120.905761" lat="23.474360"><ele>2663.596828</ele><time>2026-09-14T02:11:18Z</time><extensions><speed>0.378790</speed><course>157.292732</course><hAcc>1.543318</hAcc><vAcc>4.251628</vAcc></extensions></trkpt>
      <trkpt lon="120.905763" lat="23.474357"><ele>2663.585366</ele><time>2026-09-14T02:11:19Z</time><extensions><speed>0.482254</speed><course>156.498295</course><hAcc>1.546993</hAcc><vAcc>4.252893</vAcc></extensions></trkpt>
      <trkpt lon="120.905765" lat="23.474352"><ele>2663.574486</ele><time>2026-09-14T02:11:20Z</time><extensions><speed>0.527383</speed><course>155.971112</course><hAcc>1.547211</hAcc><vAcc>4.254113</vAcc></extensions></trkpt>
      <trkpt lon="120.905767" lat="23.474348"><ele>2663.564168</ele><time>2026-09-14T02:11:21Z</time><extensions><speed>0.479182</speed><course>156.104005</course><hAcc>1.547120</hAcc><vAcc>4.255288</vAcc></extensions></trkpt>
      <trkpt lon="120.905768" lat="23.474344"><ele>2663.552911</ele><time>2026-09-14T02:11:22Z</time><extensions><speed>0.414086</speed><course>156.313536</course><hAcc>1.541947</hAcc><vAcc>4.256538</vAcc></extensions></trkpt>
      <trkpt lon="120.905770" lat="23.474341"><ele>2663.542228</ele><time>2026-09-14T02:11:23Z</time><extensions><speed>0.341381</speed><course>156.558548</course><hAcc>1.533125</hAcc><vAcc>4.257744</vAcc></extensions></trkpt>
      <trkpt lon="120.905771" lat="23.474339"><ele>2663.530624</ele><time>2026-09-14T02:11:24Z</time><extensions><speed>0.240521</speed><course>158.113651</course><hAcc>1.524937</hAcc><vAcc>4.259024</vAcc></extensions></trkpt>
      <trkpt lon="120.905772" lat="23.474337"><ele>2663.519606</ele><time>2026-09-14T02:11:25Z</time><extensions><speed>0.183398</speed><course>160.199303</course><hAcc>1.529204</hAcc><vAcc>4.260259</vAcc></extensions></trkpt>
      <trkpt lon="120.905772" lat="23.474336"><ele>2663.509159</ele><time>2026-09-14T02:11:26Z</time><extensions><speed>0.110077</speed><course>162.330313</course><hAcc>1.554665</hAcc><vAcc>4.261448</vAcc></extensions></trkpt>
      <trkpt lon="120.905773" lat="23.474334"><ele>2663.497785</ele><time>2026-09-14T02:11:27Z</time><extensions><speed>0.141008</speed><course>163.229028</course><hAcc>1.532191</hAcc><vAcc>4.262711</vAcc></extensions></trkpt>
      <trkpt lon="120.905773" lat="23.474333"><ele>2663.486994</ele><time>2026-09-14T02:11:28Z</time><extensions><speed>0.156714</speed><course>162.832532</course><hAcc>1.530502</hAcc><vAcc>4.263929</vAcc></extensions></trkpt>
      <trkpt lon="120.905773" lat="23.474332"><ele>2663.475298</ele><time>2026-09-14T02:11:29Z</time><extensions><speed>0.086481</speed><course>161.818314</course><hAcc>1.575606</hAcc><vAcc>4.265220</vAcc></extensions></trkpt>
      <trkpt lon="120.905774" lat="23.474331"><ele>2663.464196</ele><time>2026-09-14T02:11:30Z</time><extensions><speed>0.124372</speed><course>157.447687</course><hAcc>1.539221</hAcc><vAcc>4.266464</vAcc></extensions></trkpt>
      <trkpt lon="120.905774" lat="23.474330"><ele>2663.453668</ele><time>2026-09-14T02:11:31Z</time><extensions><speed>0.095012</speed><course>151.564541</course><hAcc>1.558247</hAcc><vAcc>4.267662</vAcc></extensions></trkpt>
      <trkpt lon="120.905775" lat="23.474330"><ele>2663.442226</ele><time>2026-09-14T02:11:32Z</time><extensions><speed>0.051085</speed><course>142.283019</course><hAcc>1.609371</hAcc><vAcc>4.268933</vAcc></extensions></trkpt>
      <trkpt lon="120.905775" lat="23.474329"><ele>2663.431369</ele><time>2026-09-14T02:11:33Z</time><extensions><speed>0.038296</speed><course>141.343733</course><hAcc>1.625845</hAcc><vAcc>4.270158</vAcc></extensions></trkpt>
      <trkpt lon="120.905775" lat="23.474329"><ele>2663.419611</ele><time>2026-09-14T02:11:34Z</time><extensions><speed>0.053619</speed><course>159.471348</course><hAcc>1.600284</hAcc><vAcc>4.271455</vAcc></extensions></trkpt>
      <trkpt lon="120.905775" lat="23.474329"><ele>2663.408449</ele><time>2026-09-14T02:11:35Z</time><extensions><speed>0.076037</speed><course>173.343205</course><hAcc>1.579489</hAcc><vAcc>4.272706</vAcc></extensions></trkpt>
      <trkpt lon="120.905775" lat="23.474328"><ele>2663.397867</ele><time>2026-09-14T02:11:36Z</time><extensions><speed>0.090556</speed><course>180.109671</course><hAcc>1.588802</hAcc><vAcc>4.273909</vAcc></extensions></trkpt>
      <trkpt lon="120.905775" lat="23.474327"><ele>2663.386379</ele><time>2026-09-14T02:11:37Z</time><extensions><speed>0.108626</speed><course>179.194626</course><hAcc>1.612556</hAcc><vAcc>4.275185</vAcc></extensions></trkpt>
      <trkpt lon="120.905775" lat="23.474326"><ele>2663.375479</ele><time>2026-09-14T02:11:38Z</time><extensions><speed>0.048627</speed><course>194.716205</course><hAcc>1.601591</hAcc><vAcc>4.276413</vAcc></extensions></trkpt>
      <trkpt lon="120.905775" lat="23.474326"><ele>2663.365151</ele><time>2026-09-14T02:11:39Z</time><extensions><speed>0.042057</speed><course>204.842009</course><hAcc>1.560542</hAcc><vAcc>4.277594</vAcc></extensions></trkpt>
      <trkpt lon="120.905775" lat="23.474325"><ele>2663.353909</ele><time>2026-09-14T02:11:40Z</time><extensions><speed>0.022270</speed><course>226.671438</course><hAcc>1.560375</hAcc><vAcc>4.278847</vAcc></extensions></trkpt>
      <trkpt lon="120.905775" lat="23.474325"><ele>2663.343248</ele><time>2026-09-14T02:11:41Z</time><extensions><speed>0.017059</speed><course>242.897250</course><hAcc>1.553903</hAcc><vAcc>4.280053</vAcc></extensions></trkpt>
      <trkpt lon="120.905774" lat="23.474325"><ele>2663.331687</ele><time>2026-09-14T02:11:42Z</time><extensions><speed>0.016860</speed><course>241.247968</course><hAcc>1.539962</hAcc><vAcc>4.281330</vAcc></extensions></trkpt>
      <trkpt lon="120.905774" lat="23.474325"><ele>2663.320716</ele><time>2026-09-14T02:11:43Z</time><extensions><speed>0.019926</speed><course>236.140861</course><hAcc>1.528309</hAcc><vAcc>4.282559</vAcc></extensions></trkpt>
      <trkpt lon="120.905774" lat="23.474325"><ele>2663.310319</ele><time>2026-09-14T02:11:44Z</time><extensions><speed>0.025282</speed><course>229.483561</course><hAcc>1.519843</hAcc><vAcc>4.283742</vAcc></extensions></trkpt>
      <trkpt lon="120.905774" lat="23.474325"><ele>2663.299016</ele><time>2026-09-14T02:11:45Z</time><extensions><speed>0.032620</speed><course>223.936166</course><hAcc>1.513286</hAcc><vAcc>4.284995</vAcc></extensions></trkpt>
      <trkpt lon="120.905773" lat="23.474325"><ele>2663.288296</ele><time>2026-09-14T02:11:46Z</time><extensions><speed>0.042369</speed><course>218.150385</course><hAcc>1.506695</hAcc><vAcc>4.286201</vAcc></extensions></trkpt>
      <trkpt lon="120.905773" lat="23.474324"><ele>2663.276687</ele><time>2026-09-14T02:11:47Z</time><extensions><speed>0.057173</speed><course>210.033875</course><hAcc>1.495951</hAcc><vAcc>4.287478</vAcc></extensions></trkpt>
      <trkpt lon="120.905773" lat="23.474324"><ele>2663.265666</ele><time>2026-09-14T02:11:48Z</time><extensions><speed>0.084722</speed><course>196.338165</course><hAcc>1.487127</hAcc><vAcc>4.288709</vAcc></extensions></trkpt>
      <trkpt lon="120.905773" lat="23.474323"><ele>2663.255216</ele><time>2026-09-14T02:11:49Z</time><extensions><speed>0.040514</speed><course>225.407928</course><hAcc>1.497549</hAcc><vAcc>4.289893</vAcc></extensions></trkpt>
      <trkpt lon="120.905772" lat="23.474323"><ele>2663.243862</ele><time>2026-09-14T02:11:50Z</time><extensions><speed>0.032982</speed><course>258.617685</course><hAcc>1.500959</hAcc><vAcc>4.291148</vAcc></extensions></trkpt>
      <trkpt lon="120.905772" lat="23.474323"><ele>2663.233087</ele><time>2026-09-14T02:11:51Z</time><extensions><speed>0.036875</speed><course>279.833072</course><hAcc>1.505979</hAcc><vAcc>4.292358</vAcc></extensions></trkpt>
      <trkpt lon="120.905772" lat="23.474323"><ele>2663.221425</ele><time>2026-09-14T02:11:52Z</time><extensions><speed>0.043480</speed><course>290.500159</course><hAcc>1.509664</hAcc><vAcc>4.293639</vAcc></extensions></trkpt>
      <trkpt lon="120.905771" lat="23.474323"><ele>2663.210352</ele><time>2026-09-14T02:11:53Z</time><extensions><speed>0.062065</speed><course>291.801139</course><hAcc>1.486490</hAcc><vAcc>4.294874</vAcc></extensions></trkpt>
      <trkpt lon="120.905771" lat="23.474324"><ele>2663.199850</ele><time>2026-09-14T02:11:54Z</time><extensions><speed>0.051472</speed><course>298.503290</course><hAcc>1.508183</hAcc><vAcc>4.296062</vAcc></extensions></trkpt>
      <trkpt lon="120.905770" lat="23.474324"><ele>2663.189898</ele><time>2026-09-14T02:11:55Z</time><extensions><speed>0.041575</speed><course>305.054365</course><hAcc>1.527090</hAcc><vAcc>4.297204</vAcc></extensions></trkpt>
      <trkpt lon="120.905770" lat="23.474324"><ele>2663.180482</ele><time>2026-09-14T02:11:56Z</time><extensions><speed>0.035068</speed><course>310.431320</course><hAcc>1.536183</hAcc><vAcc>4.298299</vAcc></extensions></trkpt>
      <trkpt lon="120.905770" lat="23.474324"><ele>2663.170129</ele><time>2026-09-14T02:11:57Z</time><extensions><speed>0.029960</speed><course>308.247025</course><hAcc>1.540357</hAcc><vAcc>4.299465</vAcc></extensions></trkpt>
      <trkpt lon="120.905769" lat="23.474324"><ele>2663.160325</ele><time>2026-09-14T02:11:58Z</time><extensions><speed>0.024339</speed><course>299.696593</course><hAcc>1.530494</hAcc><vAcc>4.300584</vAcc></extensions></trkpt>
      <trkpt lon="120.905769" lat="23.474325"><ele>2663.151054</ele><time>2026-09-14T02:11:59Z</time><extensions><speed>0.017010</speed><course>287.331764</course><hAcc>1.498537</hAcc><vAcc>4.301656</vAcc></extensions></trkpt>
      <trkpt lon="120.905769" lat="23.474325"><ele>2663.140855</ele><time>2026-09-14T02:12:00Z</time><extensions><speed>0.003951</speed><course>238.626304</course><hAcc>1.502083</hAcc><vAcc>4.302798</vAcc></extensions></trkpt>
      <trkpt lon="120.905769" lat="23.474325"><ele>2663.131197</ele><time>2026-09-14T02:12:01Z</time><extensions><speed>0.011843</speed><course>358.022230</course><hAcc>1.491507</hAcc><vAcc>4.303892</vAcc></extensions></trkpt>
      <trkpt lon="120.905769" lat="23.474325"><ele>2663.122065</ele><time>2026-09-14T02:12:02Z</time><extensions><speed>0.016724</speed><course>9.992111</course><hAcc>1.479124</hAcc><vAcc>4.304940</vAcc></extensions></trkpt>
      <trkpt lon="120.905769" lat="23.474325"><ele>2663.111994</ele><time>2026-09-14T02:12:03Z</time><extensions><speed>0.014400</speed><course>17.608514</course><hAcc>1.493538</hAcc><vAcc>4.306058</vAcc></extensions></trkpt>
      <trkpt lon="120.905769" lat="23.474325"><ele>2663.102454</ele><time>2026-09-14T02:12:04Z</time><extensions><speed>0.015703</speed><course>21.912165</course><hAcc>1.499036</hAcc><vAcc>4.307130</vAcc></extensions></trkpt>
      <trkpt lon="120.905769" lat="23.474325"><ele>2663.091980</ele><time>2026-09-14T02:12:05Z</time><extensions><speed>0.019467</speed><course>24.189747</course><hAcc>1.504847</hAcc><vAcc>4.308274</vAcc></extensions></trkpt>
      <trkpt lon="120.905769" lat="23.474326"><ele>2663.082039</ele><time>2026-09-14T02:12:06Z</time><extensions><speed>0.032319</speed><course>24.803134</course><hAcc>1.508915</hAcc><vAcc>4.309376</vAcc></extensions></trkpt>
      <trkpt lon="120.905770" lat="23.474326"><ele>2663.072612</ele><time>2026-09-14T02:12:07Z</time><extensions><speed>0.043465</speed><course>23.700894</course><hAcc>1.528034</hAcc><vAcc>4.310435</vAcc></extensions></trkpt>
      <trkpt lon="120.905770" lat="23.474326"><ele>2663.062240</ele><time>2026-09-14T02:12:08Z</time><extensions><speed>0.086098</speed><course>20.090484</course><hAcc>1.509350</hAcc><vAcc>4.311570</vAcc></extensions></trkpt>
      <trkpt lon="120.905770" lat="23.474327"><ele>2663.052392</ele><time>2026-09-14T02:12:09Z</time><extensions><speed>0.076356</speed><course>14.115639</course><hAcc>1.579770</hAcc><vAcc>4.312663</vAcc></extensions></trkpt>
      <trkpt lon="120.905770" lat="23.474328"><ele>2663.041616</ele><time>2026-09-14T02:12:10Z</time><extensions><speed>0.061484</speed><course>6.921293</course><hAcc>1.646018</hAcc><vAcc>4.313831</vAcc></extensions></trkpt>
      <trkpt lon="120.905770" lat="23.474328"><ele>2663.031372</ele><time>2026-09-14T02:12:11Z</time><extensions><speed>0.066460</speed><course>5.367017</course><hAcc>1.640774</hAcc><vAcc>4.314960</vAcc></extensions></trkpt>
      <trkpt lon="120.905770" lat="23.474329"><ele>2663.021646</ele><time>2026-09-14T02:12:12Z</time><extensions><speed>0.059523</speed><course>5.015233</course><hAcc>1.639755</hAcc><vAcc>4.316047</vAcc></extensions></trkpt>
      <trkpt lon="120.905770" lat="23.474329"><ele>2663.010985</ele><time>2026-09-14T02:12:13Z</time><extensions><speed>0.044857</speed><course>6.044171</course><hAcc>1.638791</hAcc><vAcc>4.317211</vAcc></extensions></trkpt>
      <trkpt lon="120.905770" lat="23.474330"><ele>2663.000856</ele><time>2026-09-14T02:12:14Z</time><extensions><speed>0.028235</speed><course>17.047828</course><hAcc>1.636037</hAcc><vAcc>4.318334</vAcc></extensions></trkpt>
      <trkpt lon="120.905771" lat="23.474330"><ele>2662.989809</ele><time>2026-09-14T02:12:15Z</time><extensions><speed>0.021679</speed><course>27.818113</course><hAcc>1.644596</hAcc><vAcc>4.319532</vAcc></extensions></trkpt>
      <trkpt lon="120.905771" lat="23.474330"><ele>2662.979308</ele><time>2026-09-14T02:12:16Z</time><extensions><speed>0.018971</speed><course>73.555936</course><hAcc>1.608720</hAcc><vAcc>4.320690</vAcc></extensions></trkpt>
      <trkpt lon="120.905771" lat="23.474330"><ele>2662.969337</ele><time>2026-09-14T02:12:17Z</time><extensions><speed>0.011933</speed><course>66.171982</course><hAcc>1.602678</hAcc><vAcc>4.321805</vAcc></extensions></trkpt>
      <trkpt lon="120.905771" lat="23.474330"><ele>2662.958448</ele><time>2026-09-14T02:12:18Z</time><extensions><speed>0.020283</speed><course>146.279211</course><hAcc>1.548503</hAcc><vAcc>4.322995</vAcc></extensions></trkpt>
      <trkpt lon="120.905771" lat="23.474330"><ele>2662.948104</ele><time>2026-09-14T02:12:19Z</time><extensions><speed>0.032814</speed><course>164.281116</course><hAcc>1.533107</hAcc><vAcc>4.324143</vAcc></extensions></trkpt>
      <trkpt lon="120.905771" lat="23.474330"><ele>2662.936863</ele><time>2026-09-14T02:12:20Z</time><extensions><speed>0.008721</speed><course>169.195300</course><hAcc>1.522348</hAcc><vAcc>4.325365</vAcc></extensions></trkpt>
      <trkpt lon="120.905771" lat="23.474330"><ele>2662.926178</ele><time>2026-09-14T02:12:21Z</time><extensions><speed>0.001904</speed><course>189.357719</course><hAcc>1.500787</hAcc><vAcc>4.326543</vAcc></extensions></trkpt>
      <trkpt lon="120.905771" lat="23.474330"><ele>2662.916035</ele><time>2026-09-14T02:12:22Z</time><extensions><speed>0.000683</speed><course>267.093780</course><hAcc>1.483858</hAcc><vAcc>4.327679</vAcc></extensions></trkpt>
      <trkpt lon="120.905771" lat="23.474330"><ele>2662.904994</ele><time>2026-09-14T02:12:23Z</time><extensions><speed>0.000743</speed><course>299.514442</course><hAcc>1.474720</hAcc><vAcc>4.328887</vAcc></extensions></trkpt>
      <trkpt lon="120.905771" lat="23.474329"><ele>2662.894503</ele><time>2026-09-14T02:12:24Z</time><extensions><speed>0.009798</speed><course>218.822036</course><hAcc>1.477984</hAcc><vAcc>4.330052</vAcc></extensions></trkpt>
      <trkpt lon="120.905771" lat="23.474329"><ele>2662.884553</ele><time>2026-09-14T02:12:25Z</time><extensions><speed>0.026326</speed><course>212.185530</course><hAcc>1.461124</hAcc><vAcc>4.331173</vAcc></extensions></trkpt>
      <trkpt lon="120.905770" lat="23.474328"><ele>2662.873702</ele><time>2026-09-14T02:12:26Z</time><extensions><speed>0.033098</speed><course>210.029920</course><hAcc>1.481139</hAcc><vAcc>4.332366</vAcc></extensions></trkpt>
      <trkpt lon="120.905770" lat="23.474328"><ele>2662.863402</ele><time>2026-09-14T02:12:27Z</time><extensions><speed>0.066708</speed><course>209.052356</course><hAcc>1.467928</hAcc><vAcc>4.333514</vAcc></extensions></trkpt>
      <trkpt lon="120.905769" lat="23.474327"><ele>2662.852215</ele><time>2026-09-14T02:12:28Z</time><extensions><speed>0.095272</speed><course>208.559587</course><hAcc>1.473073</hAcc><vAcc>4.334733</vAcc></extensions></trkpt>
      <trkpt lon="120.905769" lat="23.474326"><ele>2662.841589</ele><time>2026-09-14T02:12:29Z</time><extensions><speed>0.127839</speed><course>208.274946</course><hAcc>1.484340</hAcc><vAcc>4.335908</vAcc></extensions></trkpt>
      <trkpt lon="120.905768" lat="23.474325"><ele>2662.831507</ele><time>2026-09-14T02:12:30Z</time><extensions><speed>0.165560</speed><course>208.093115</course><hAcc>1.492728</hAcc><vAcc>4.337039</vAcc></extensions></trkpt>
      <trkpt lon="120.905767" lat="23.474323"><ele>2662.820538</ele><time>2026-09-14T02:12:31Z</time><extensions><speed>0.210887</speed><course>207.947052</course><hAcc>1.496292</hAcc><vAcc>4.338240</vAcc></extensions></trkpt>
      <trkpt lon="120.905766" lat="23.474321"><ele>2662.810123</ele><time>2026-09-14T02:12:32Z</time><extensions><speed>0.253653</speed><course>207.758614</course><hAcc>1.499322</hAcc><vAcc>4.339396</vAcc></extensions></trkpt>
      <trkpt lon="120.905765" lat="23.474319"><ele>2662.798830</ele><time>2026-09-14T02:12:33Z</time><extensions><speed>0.289276</speed><course>207.351248</course><hAcc>1.504428</hAcc><vAcc>4.340622</vAcc></extensions></trkpt>
      <trkpt lon="120.905764" lat="23.474317"><ele>2662.788100</ele><time>2026-09-14T02:12:34Z</time><extensions><speed>0.240810</speed><course>205.780563</course><hAcc>1.518762</hAcc><vAcc>4.341805</vAcc></extensions></trkpt>
      <trkpt lon="120.905763" lat="23.474315"><ele>2662.777917</ele><time>2026-09-14T02:12:35Z</time><extensions><speed>0.252494</speed><course>203.954055</course><hAcc>1.502598</hAcc><vAcc>4.342944</vAcc></extensions></trkpt>
      <trkpt lon="120.905762" lat="23.474313"><ele>2662.766851</ele><time>2026-09-14T02:12:36Z</time><extensions><speed>0.214436</speed><course>203.417461</course><hAcc>1.498773</hAcc><vAcc>4.344153</vAcc></extensions></trkpt>
      <trkpt lon="120.905761" lat="23.474311"><ele>2662.756340</ele><time>2026-09-14T02:12:37Z</time><extensions><speed>0.169752</speed><course>203.211088</course><hAcc>1.501289</hAcc><vAcc>4.345318</vAcc></extensions></trkpt>
      <trkpt lon="120.905760" lat="23.474310"><ele>2662.744959</ele><time>2026-09-14T02:12:38Z</time><extensions><speed>0.131597</speed><course>203.124757</course><hAcc>1.501219</hAcc><vAcc>4.346553</vAcc></extensions></trkpt>
      <trkpt lon="120.905760" lat="23.474309"><ele>2662.734143</ele><time>2026-09-14T02:12:39Z</time><extensions><speed>0.101880</speed><course>203.087963</course><hAcc>1.496774</hAcc><vAcc>4.347744</vAcc></extensions></trkpt>
      <trkpt lon="120.905760" lat="23.474308"><ele>2662.723877</ele><time>2026-09-14T02:12:40Z</time><extensions><speed>0.078275</speed><course>203.072296</course><hAcc>1.488972</hAcc><vAcc>4.348891</vAcc></extensions></trkpt>
      <trkpt lon="120.905759" lat="23.474308"><ele>2662.712735</ele><time>2026-09-14T02:12:41Z</time><extensions><speed>0.060795</speed><course>203.065681</course><hAcc>1.477555</hAcc><vAcc>4.350108</vAcc></extensions></trkpt>
      <trkpt lon="120.905759" lat="23.474307"><ele>2662.702153</ele><time>2026-09-14T02:12:42Z</time><extensions><speed>0.045591</speed><course>203.062938</course><hAcc>1.468997</hAcc><vAcc>4.351280</vAcc></extensions></trkpt>
      <trkpt lon="120.905759" lat="23.474307"><ele>2662.690711</ele><time>2026-09-14T02:12:43Z</time><extensions><speed>0.031708</speed><course>203.061782</course><hAcc>1.468460</hAcc><vAcc>4.352522</vAcc></extensions></trkpt>
      <trkpt lon="120.905759" lat="23.474307"><ele>2662.679837</ele><time>2026-09-14T02:12:44Z</time><extensions><speed>0.021956</speed><course>203.061294</course><hAcc>1.471204</hAcc><vAcc>4.353719</vAcc></extensions></trkpt>
      <trkpt lon="120.905759" lat="23.474306"><ele>2662.669516</ele><time>2026-09-14T02:12:45Z</time><extensions><speed>0.016510</speed><course>203.061108</course><hAcc>1.474869</hAcc><vAcc>4.354871</vAcc></extensions></trkpt>
      <trkpt lon="120.905759" lat="23.474306"><ele>2662.658327</ele><time>2026-09-14T02:12:46Z</time><extensions><speed>0.012156</speed><course>203.061043</course><hAcc>1.481972</hAcc><vAcc>4.356092</vAcc></extensions></trkpt>
      <trkpt lon="120.905759" lat="23.474306"><ele>2662.647701</ele><time>2026-09-14T02:12:47Z</time><extensions><speed>0.014219</speed><course>203.061023</course><hAcc>1.463634</hAcc><vAcc>4.357269</vAcc></extensions></trkpt>
      <trkpt lon="120.905759" lat="23.474306"><ele>2662.637619</ele><time>2026-09-14T02:12:48Z</time><extensions><speed>0.007202</speed><course>212.603698</course><hAcc>1.468962</hAcc><vAcc>4.358401</vAcc></extensions></trkpt>
      <trkpt lon="120.905759" lat="23.474306"><ele>2662.626667</ele><time>2026-09-14T02:12:49Z</time><extensions><speed>0.002786</speed><course>331.268644</course><hAcc>1.484281</hAcc><vAcc>4.359601</vAcc></extensions></trkpt>
      <trkpt lon="120.905759" lat="23.474306"><ele>2662.616269</ele><time>2026-09-14T02:12:50Z</time><extensions><speed>0.011292</speed><course>6.812980</course><hAcc>1.493353</hAcc><vAcc>4.360755</vAcc></extensions></trkpt>
      <trkpt lon="120.905759" lat="23.474307"><ele>2662.605012</ele><time>2026-09-14T02:12:51Z</time><extensions><speed>0.023407</speed><course>14.878596</course><hAcc>1.495592</hAcc><vAcc>4.361978</vAcc></extensions></trkpt>
      <trkpt lon="120.905759" lat="23.474307"><ele>2662.594317</ele><time>2026-09-14T02:12:52Z</time><extensions><speed>0.037072</speed><course>16.300876</course><hAcc>1.494157</hAcc><vAcc>4.363156</vAcc></extensions></trkpt>
      <trkpt lon="120.905759" lat="23.474308"><ele>2662.584171</ele><time>2026-09-14T02:12:53Z</time><extensions><speed>0.052678</speed><course>16.900642</course><hAcc>1.487982</hAcc><vAcc>4.364289</vAcc></extensions></trkpt>
      <trkpt lon="120.905759" lat="23.474308"><ele>2662.573167</ele><time>2026-09-14T02:12:54Z</time><extensions><speed>0.067052</speed><course>16.775735</course><hAcc>1.489426</hAcc><vAcc>4.365489</vAcc></extensions></trkpt>
      <trkpt lon="120.905760" lat="23.474309"><ele>2662.562718</ele><time>2026-09-14T02:12:55Z</time><extensions><speed>0.078854</speed><course>16.803766</course><hAcc>1.496234</hAcc><vAcc>4.366644</vAcc></extensions></trkpt>
      <trkpt lon="120.905760" lat="23.474310"><ele>2662.551411</ele><time>2026-09-14T02:12:56Z</time><extensions><speed>0.096727</speed><course>17.095635</course><hAcc>1.503013</hAcc><vAcc>4.367867</vAcc></extensions></trkpt>
      <trkpt lon="120.905760" lat="23.474311"><ele>2662.540664</ele><time>2026-09-14T02:12:57Z</time><extensions><speed>0.109288</speed><course>18.193840</course><hAcc>1.509505</hAcc><vAcc>4.369047</vAcc></extensions></trkpt>
      <trkpt lon="120.905761" lat="23.474312"><ele>2662.530464</ele><time>2026-09-14T02:12:58Z</time><extensions><speed>0.201911</speed><course>20.648027</course><hAcc>1.467742</hAcc><vAcc>4.370182</vAcc></extensions></trkpt>
      <trkpt lon="120.905761" lat="23.474314"><ele>2662.520788</ele><time>2026-09-14T02:12:59Z</time><extensions><speed>0.160480</speed><course>24.565358</course><hAcc>1.489857</hAcc><vAcc>4.371273</vAcc></extensions></trkpt>
      <trkpt lon="120.905762" lat="23.474315"><ele>2662.511626</ele><time>2026-09-14T02:13:00Z</time><extensions><speed>0.154812</speed><course>20.740140</course><hAcc>1.511067</hAcc><vAcc>4.372320</vAcc></extensions></trkpt>
      <trkpt lon="120.905763" lat="23.474317"><ele>2662.501565</ele><time>2026-09-14T02:13:01Z</time><extensions><speed>0.168814</speed><course>18.456505</course><hAcc>1.509285</hAcc><vAcc>4.373434</vAcc></extensions></trkpt>
      <trkpt lon="120.905763" lat="23.474319"><ele>2662.492027</ele><time>2026-09-14T02:13:02Z</time><extensions><speed>0.169745</speed><course>16.418282</course><hAcc>1.507784</hAcc><vAcc>4.374505</vAcc></extensions></trkpt>
      <trkpt lon="120.905764" lat="23.474320"><ele>2662.482998</ele><time>2026-09-14T02:13:03Z</time><extensions><speed>0.166783</speed><course>15.198158</course><hAcc>1.508025</hAcc><vAcc>4.375530</vAcc></extensions></trkpt>
      <trkpt lon="120.905764" lat="23.474322"><ele>2662.473074</ele><time>2026-09-14T02:13:04Z</time><extensions><speed>0.157848</speed><course>14.896296</course><hAcc>1.508263</hAcc><vAcc>4.376623</vAcc></extensions></trkpt>
      <trkpt lon="120.905765" lat="23.474323"><ele>2662.463668</ele><time>2026-09-14T02:13:05Z</time><extensions><speed>0.146398</speed><course>15.424320</course><hAcc>1.507034</hAcc><vAcc>4.377671</vAcc></extensions></trkpt>
      <trkpt lon="120.905765" lat="23.474324"><ele>2662.453378</ele><time>2026-09-14T02:13:06Z</time><extensions><speed>0.137511</speed><course>16.346344</course><hAcc>1.505877</hAcc><vAcc>4.378787</vAcc></extensions></trkpt>
      <trkpt lon="120.905765" lat="23.474326"><ele>2662.443610</ele><time>2026-09-14T02:13:07Z</time><extensions><speed>0.135925</speed><course>17.443114</course><hAcc>1.503348</hAcc><vAcc>4.379859</vAcc></extensions></trkpt>
      <trkpt lon="120.905766" lat="23.474327"><ele>2662.434350</ele><time>2026-09-14T02:13:08Z</time><extensions><speed>0.140926</speed><course>18.856113</course><hAcc>1.500883</hAcc><vAcc>4.380888</vAcc></extensions></trkpt>
      <trkpt lon="120.905767" lat="23.474328"><ele>2662.424191</ele><time>2026-09-14T02:13:09Z</time><extensions><speed>0.147146</speed><course>20.457076</course><hAcc>1.500130</hAcc><vAcc>4.381986</vAcc></extensions></trkpt>
      <trkpt lon="120.905767" lat="23.474329"><ele>2662.414542</ele><time>2026-09-14T02:13:10Z</time><extensions><speed>0.158806</speed><course>22.213967</course><hAcc>1.496275</hAcc><vAcc>4.383044</vAcc></extensions></trkpt>
      <trkpt lon="120.905768" lat="23.474331"><ele>2662.405383</ele><time>2026-09-14T02:13:11Z</time><extensions><speed>0.143884</speed><course>25.744543</course><hAcc>1.499575</hAcc><vAcc>4.384061</vAcc></extensions></trkpt>
      <trkpt lon="120.905768" lat="23.474332"><ele>2662.395315</ele><time>2026-09-14T02:13:12Z</time><extensions><speed>0.106746</speed><course>26.318355</course><hAcc>1.514068</hAcc><vAcc>4.385150</vAcc></extensions></trkpt>
      <trkpt lon="120.905769" lat="23.474333"><ele>2662.385747</ele><time>2026-09-14T02:13:13Z</time><extensions><speed>0.103072</speed><course>32.419739</course><hAcc>1.500924</hAcc><vAcc>4.386199</vAcc></extensions></trkpt>
      <trkpt lon="120.905769" lat="23.474333"><ele>2662.375279</ele><time>2026-09-14T02:13:14Z</time><extensions><speed>0.096851</speed><course>31.791816</course><hAcc>1.502613</hAcc><vAcc>4.387321</vAcc></extensions></trkpt>
      <trkpt lon="120.905770" lat="23.474334"><ele>2662.365323</ele><time>2026-09-14T02:13:15Z</time><extensions><speed>0.088018</speed><course>34.315626</course><hAcc>1.510544</hAcc><vAcc>4.388404</vAcc></extensions></trkpt>
      <trkpt lon="120.905770" lat="23.474335"><ele>2662.355866</ele><time>2026-09-14T02:13:16Z</time><extensions><speed>0.081763</speed><course>38.659218</course><hAcc>1.515421</hAcc><vAcc>4.389448</vAcc></extensions></trkpt>
      <trkpt lon="120.905771" lat="23.474335"><ele>2662.345518</ele><time>2026-09-14T02:13:17Z</time><extensions><speed>0.081625</speed><course>43.802206</course><hAcc>1.507860</hAcc><vAcc>4.390562</vAcc></extensions></trkpt>
      <trkpt lon="120.905772" lat="23.474336"><ele>2662.335680</ele><time>2026-09-14T02:13:18Z</time><extensions><speed>0.091169</speed><course>48.299700</course><hAcc>1.494173</hAcc><vAcc>4.391637</vAcc></extensions></trkpt>
      <trkpt lon="120.905772" lat="23.474336"><ele>2662.324958</ele><time>2026-09-14T02:13:19Z</time><extensions><speed>0.048686</speed><course>46.957446</course><hAcc>1.539549</hAcc><vAcc>4.392784</vAcc></extensions></trkpt>
      <trkpt lon="120.905773" lat="23.474337"><ele>2662.314758</ele><time>2026-09-14T02:13:20Z</time><extensions><speed>0.054477</speed><course>44.652190</course><hAcc>1.521493</hAcc><vAcc>4.393891</vAcc></extensions></trkpt>
      <trkpt lon="120.905773" lat="23.474337"><ele>2662.305063</ele><time>2026-09-14T02:13:21Z</time><extensions><speed>0.052566</speed><course>42.154459</course><hAcc>1.513386</hAcc><vAcc>4.394959</vAcc></extensions></trkpt>
      <trkpt lon="120.905773" lat="23.474337"><ele>2662.294489</ele><time>2026-09-14T02:13:22Z</time><extensions><speed>0.051687</speed><course>39.418688</course><hAcc>1.514768</hAcc><vAcc>4.396097</vAcc></extensions></trkpt>
      <trkpt lon="120.905774" lat="23.474338"><ele>2662.284433</ele><time>2026-09-14T02:13:23Z</time><extensions><speed>0.053354</speed><course>37.019268</course><hAcc>1.516267</hAcc><vAcc>4.397195</vAcc></extensions></trkpt>
      <trkpt lon="120.905774" lat="23.474338"><ele>2662.273512</ele><time>2026-09-14T02:13:24Z</time><extensions><speed>0.054463</speed><course>35.885759</course><hAcc>1.513721</hAcc><vAcc>4.398364</vAcc></extensions></trkpt>
      <trkpt lon="120.905774" lat="23.474339"><ele>2662.263121</ele><time>2026-09-14T02:13:25Z</time><extensions><speed>0.052962</speed><course>38.345346</course><hAcc>1.500173</hAcc><vAcc>4.399492</vAcc></extensions></trkpt>
      <trkpt lon="120.905774" lat="23.474339"><ele>2662.253248</ele><time>2026-09-14T02:13:26Z</time><extensions><speed>0.035352</speed><course>37.919526</course><hAcc>1.507598</hAcc><vAcc>4.400580</vAcc></extensions></trkpt>
      <trkpt lon="120.905775" lat="23.474339"><ele>2662.242509</ele><time>2026-09-14T02:13:27Z</time><extensions><speed>0.020872</speed><course>43.744523</course><hAcc>1.501935</hAcc><vAcc>4.401737</vAcc></extensions></trkpt>
      <trkpt lon="120.905775" lat="23.474339"><ele>2662.232298</ele><time>2026-09-14T02:13:28Z</time><extensions><speed>0.009648</speed><course>78.088752</course><hAcc>1.486718</hAcc><vAcc>4.402853</vAcc></extensions></trkpt>
      <trkpt lon="120.905775" lat="23.474339"><ele>2662.221235</ele><time>2026-09-14T02:13:29Z</time><extensions><speed>0.015816</speed><course>153.314308</course><hAcc>1.474407</hAcc><vAcc>4.404038</vAcc></extensions></trkpt>
      <trkpt lon="120.905775" lat="23.474339"><ele>2662.210712</ele><time>2026-09-14T02:13:30Z</time><extensions><speed>0.005692</speed><course>160.876263</course><hAcc>1.479064</hAcc><vAcc>4.405182</vAcc></extensions></trkpt>
      <trkpt lon="120.905775" lat="23.474339"><ele>2662.200714</ele><time>2026-09-14T02:13:31Z</time><extensions><speed>0.002462</speed><course>170.429389</course><hAcc>1.486630</hAcc><vAcc>4.406284</vAcc></extensions></trkpt>
      <trkpt lon="120.905775" lat="23.474339"><ele>2662.189861</ele><time>2026-09-14T02:13:32Z</time><extensions><speed>0.001382</speed><course>177.851713</course><hAcc>1.491090</hAcc><vAcc>4.407454</vAcc></extensions></trkpt>
      <trkpt lon="120.905775" lat="23.474339"><ele>2662.179542</ele><time>2026-09-14T02:13:33Z</time><extensions><speed>0.001461</speed><course>181.061738</course><hAcc>1.469809</hAcc><vAcc>4.408582</vAcc></extensions></trkpt>
      <trkpt lon="120.905775" lat="23.474339"><ele>2662.169745</ele><time>2026-09-14T02:13:34Z</time><extensions><speed>0.001258</speed><course>181.966163</course><hAcc>1.471888</hAcc><vAcc>4.409668</vAcc></extensions></trkpt>
      <trkpt lon="120.905775" lat="23.474339"><ele>2662.159089</ele><time>2026-09-14T02:13:35Z</time><extensions><speed>0.001013</speed><course>182.299424</course><hAcc>1.484365</hAcc><vAcc>4.410821</vAcc></extensions></trkpt>
      <trkpt lon="120.905775" lat="23.474339"><ele>2662.148964</ele><time>2026-09-14T02:13:36Z</time><extensions><speed>0.009962</speed><course>187.627708</course><hAcc>1.495110</hAcc><vAcc>4.411932</vAcc></extensions></trkpt>
      <trkpt lon="120.905775" lat="23.474338"><ele>2662.137999</ele><time>2026-09-14T02:13:37Z</time><extensions><speed>0.019884</speed><course>187.901369</course><hAcc>1.500695</hAcc><vAcc>4.413109</vAcc></extensions></trkpt>
      <trkpt lon="120.905775" lat="23.474338"><ele>2662.127575</ele><time>2026-09-14T02:13:38Z</time><extensions><speed>0.031153</speed><course>187.989257</course><hAcc>1.502707</hAcc><vAcc>4.414244</vAcc></extensions></trkpt>
      <trkpt lon="120.905775" lat="23.474337"><ele>2662.117678</ele><time>2026-09-14T02:13:39Z</time><extensions><speed>0.044478</speed><course>188.028430</course><hAcc>1.501524</hAcc><vAcc>4.415336</vAcc></extensions></trkpt>
      <trkpt lon="120.905775" lat="23.474337"><ele>2662.106931</ele><time>2026-09-14T02:13:40Z</time><extensions><speed>0.059217</speed><course>188.048550</course><hAcc>1.499656</hAcc><vAcc>4.416494</vAcc></extensions></trkpt>
      <trkpt lon="120.905774" lat="23.474336"><ele>2662.096720</ele><time>2026-09-14T02:13:41Z</time><extensions><speed>0.076001</speed><course>188.059691</course><hAcc>1.497508</hAcc><vAcc>4.417610</vAcc></extensions></trkpt>
      <trkpt lon="120.905774" lat="23.474335"><ele>2662.085671</ele><time>2026-09-14T02:13:42Z</time><extensions><speed>0.092386</speed><course>188.066184</course><hAcc>1.498906</hAcc><vAcc>4.418792</vAcc></extensions></trkpt>
      <trkpt lon="120.905774" lat="23.474334"><ele>2662.075163</ele><time>2026-09-14T02:13:43Z</time><extensions><speed>0.112002</speed><course>188.070087</course><hAcc>1.501092</hAcc><vAcc>4.419932</vAcc></extensions></trkpt>
      <trkpt lon="120.905774" lat="23.474333"><ele>2662.065181</ele><time>2026-09-14T02:13:44Z</time><extensions><speed>0.139736</speed><course>188.072381</course><hAcc>1.501292</hAcc><vAcc>4.421030</vAcc></extensions></trkpt>
      <trkpt lon="120.905774" lat="23.474332"><ele>2662.054351</ele><time>2026-09-14T02:13:45Z</time><extensions><speed>0.170310</speed><course>188.073658</course><hAcc>1.499866</hAcc><vAcc>4.422195</vAcc></extensions></trkpt>
      <trkpt lon="120.905773" lat="23.474330"><ele>2662.044055</ele><time>2026-09-14T02:13:46Z</time><extensions><speed>0.188352</speed><course>188.074181</course><hAcc>1.494152</hAcc><vAcc>4.423318</vAcc></extensions></trkpt>
      <trkpt lon="120.905773" lat="23.474329"><ele>2662.032926</ele><time>2026-09-14T02:13:47Z</time><extensions><speed>0.158750</speed><course>186.997431</course><hAcc>1.496815</hAcc><vAcc>4.424507</vAcc></extensions></trkpt>
      <trkpt lon="120.905773" lat="23.474327"><ele>2662.022340</ele><time>2026-09-14T02:13:48Z</time><extensions><speed>0.124311</speed><course>185.274858</course><hAcc>1.499889</hAcc><vAcc>4.425655</vAcc></extensions></trkpt>
      <trkpt lon="120.905773" lat="23.474326"><ele>2662.012282</ele><time>2026-09-14T02:13:49Z</time><extensions><speed>0.093398</speed><course>182.483363</course><hAcc>1.501905</hAcc><vAcc>4.426760</vAcc></extensions></trkpt>
      <trkpt lon="120.905773" lat="23.474326"><ele>2662.001394</ele><time>2026-09-14T02:13:50Z</time><extensions><speed>0.068534</speed><course>178.388903</course><hAcc>1.501921</hAcc><vAcc>4.427931</vAcc></extensions></trkpt>
      <trkpt lon="120.905773" lat="23.474325"><ele>2661.991043</ele><time>2026-09-14T02:13:51Z</time><extensions><speed>0.048520</speed><course>170.805491</course><hAcc>1.501441</hAcc><vAcc>4.429059</vAcc></extensions></trkpt>
      <trkpt lon="120.905773" lat="23.474325"><ele>2661.979868</ele><time>2026-09-14T02:13:52Z</time><extensions><speed>0.033166</speed><course>155.973240</course><hAcc>1.501815</hAcc><vAcc>4.430253</vAcc></extensions></trkpt>
      <trkpt lon="120.905774" lat="23.474325"><ele>2661.969239</ele><time>2026-09-14T02:13:53Z</time><extensions><speed>0.024524</speed><course>127.598324</course><hAcc>1.505108</hAcc><vAcc>4.431405</vAcc></extensions></trkpt>
      <trkpt lon="120.905774" lat="23.474325"><ele>2661.959140</ele><time>2026-09-14T02:13:54Z</time><extensions><speed>0.026569</speed><course>94.599434</course><hAcc>1.509442</hAcc><vAcc>4.432514</vAcc></extensions></trkpt>
      <trkpt lon="120.905774" lat="23.474325"><ele>2661.948210</ele><time>2026-09-14T02:13:55Z</time><extensions><speed>0.034713</speed><course>75.883677</course><hAcc>1.516909</hAcc><vAcc>4.433688</vAcc></extensions></trkpt>
      <trkpt lon="120.905774" lat="23.474325"><ele>2661.937819</ele><time>2026-09-14T02:13:56Z</time><extensions><speed>0.045805</speed><course>67.371431</course><hAcc>1.514743</hAcc><vAcc>4.434820</vAcc></extensions></trkpt>
      <trkpt lon="120.905775" lat="23.474325"><ele>2661.927953</ele><time>2026-09-14T02:13:57Z</time><extensions><speed>0.047263</speed><course>76.557725</course><hAcc>1.501362</hAcc><vAcc>4.435910</vAcc></extensions></trkpt>
      <trkpt lon="120.905775" lat="23.474325"><ele>2661.917254</ele><time>2026-09-14T02:13:58Z</time><extensions><speed>0.035059</speed><course>120.904069</course><hAcc>1.503433</hAcc><vAcc>4.437063</vAcc></extensions></trkpt>
      <trkpt lon="120.905775" lat="23.474325"><ele>2661.907088</ele><time>2026-09-14T02:13:59Z</time><extensions><speed>0.011411</speed><course>126.940595</course><hAcc>1.501290</hAcc><vAcc>4.438174</vAcc></extensions></trkpt>
      <trkpt lon="120.905775" lat="23.474325"><ele>2661.896099</ele><time>2026-09-14T02:14:00Z</time><extensions><speed>0.012603</speed><course>330.937548</course><hAcc>1.541977</hAcc><vAcc>4.439350</vAcc></extensions></trkpt>
      <trkpt lon="120.905775" lat="23.474325"><ele>2661.885650</ele><time>2026-09-14T02:14:01Z</time><extensions><speed>0.033176</speed><course>326.250671</course><hAcc>1.522653</hAcc><vAcc>4.440483</vAcc></extensions></trkpt>
      <trkpt lon="120.905775" lat="23.474325"><ele>2661.875727</ele><time>2026-09-14T02:14:02Z</time><extensions><speed>0.046305</speed><course>325.223762</course><hAcc>1.512759</hAcc><vAcc>4.441573</vAcc></extensions></trkpt>
      <trkpt lon="120.905774" lat="23.474326"><ele>2661.866315</ele><time>2026-09-14T02:14:03Z</time><extensions><speed>0.056716</speed><course>324.414602</course><hAcc>1.515146</hAcc><vAcc>4.442620</vAcc></extensions></trkpt>
      <trkpt lon="120.905774" lat="23.474326"><ele>2661.857397</ele><time>2026-09-14T02:14:04Z</time><extensions><speed>0.069103</speed><course>323.409222</course><hAcc>1.517351</hAcc><vAcc>4.443624</vAcc></extensions></trkpt>
      <trkpt lon="120.905774" lat="23.474327"><ele>2661.847617</ele><time>2026-09-14T02:14:05Z</time><extensions><speed>0.082650</speed><course>321.518044</course><hAcc>1.510970</hAcc><vAcc>4.444692</vAcc></extensions></trkpt>
      <trkpt lon="120.905773" lat="23.474327"><ele>2661.838339</ele><time>2026-09-14T02:14:06Z</time><extensions><speed>0.095679</speed><course>316.879676</course><hAcc>1.492913</hAcc><vAcc>4.445717</vAcc></extensions></trkpt>
      <trkpt lon="120.905772" lat="23.474328"><ele>2661.829548</ele><time>2026-09-14T02:14:07Z</time><extensions><speed>0.070194</speed><course>310.882445</course><hAcc>1.511781</hAcc><vAcc>4.446700</vAcc></extensions></trkpt>
      <trkpt lon="120.905772" lat="23.474328"><ele>2661.819890</ele><time>2026-09-14T02:14:08Z</time><extensions><speed>0.060053</speed><course>301.936616</course><hAcc>1.516078</hAcc><vAcc>4.447748</vAcc></extensions></trkpt>
      <trkpt lon="120.905771" lat="23.474329"><ele>2661.810726</ele><time>2026-09-14T02:14:09Z</time><extensions><speed>0.055438</speed><course>291.863182</course><hAcc>1.516459</hAcc><vAcc>4.448753</vAcc></extensions></trkpt>
      <trkpt lon="120.905771" lat="23.474329"><ele>2661.800708</ele><time>2026-09-14T02:14:10Z</time><extensions><speed>0.059914</speed><course>282.562623</course><hAcc>1.505965</hAcc><vAcc>4.449824</vAcc></extensions></trkpt>
      <trkpt lon="120.905770" lat="23.474329"><ele>2661.791192</ele><time>2026-09-14T02:14:11Z</time><extensions><speed>0.073973</speed><course>275.692376</course><hAcc>1.475493</hAcc><vAcc>4.450852</vAcc></extensions></trkpt>
      <trkpt lon="120.905769" lat="23.474329"><ele>2661.782161</ele><time>2026-09-14T02:14:12Z</time><extensions><speed>0.057209</speed><course>277.917027</course><hAcc>1.479349</hAcc><vAcc>4.451840</vAcc></extensions></trkpt>
      <trkpt lon="120.905769" lat="23.474329"><ele>2661.772263</ele><time>2026-09-14T02:14:13Z</time><extensions><speed>0.042389</speed><course>278.854904</course><hAcc>1.480514</hAcc><vAcc>4.452895</vAcc></extensions></trkpt>
      <trkpt lon="120.905769" lat="23.474329"><ele>2661.762854</ele><time>2026-09-14T02:14:14Z</time><extensions><speed>0.031340</speed><course>279.253910</course><hAcc>1.474092</hAcc><vAcc>4.453911</vAcc></extensions></trkpt>
      <trkpt lon="120.905768" lat="23.474329"><ele>2661.752582</ele><time>2026-09-14T02:14:15Z</time><extensions><speed>0.023421</speed><course>279.417945</course><hAcc>1.463113</hAcc><vAcc>4.454995</vAcc></extensions></trkpt>
      <trkpt lon="120.905768" lat="23.474329"><ele>2661.742804</ele><time>2026-09-14T02:14:16Z</time><extensions><speed>0.019737</speed><course>279.480085</course><hAcc>1.444125</hAcc><vAcc>4.456042</vAcc></extensions></trkpt>
      <trkpt lon="120.905768" lat="23.474329"><ele>2661.733503</ele><time>2026-09-14T02:14:17Z</time><extensions><speed>0.014377</speed><course>279.501997</course><hAcc>1.439371</hAcc><vAcc>4.457051</vAcc></extensions></trkpt>
      <trkpt lon="120.905768" lat="23.474329"><ele>2661.723339</ele><time>2026-09-14T02:14:18Z</time><extensions><speed>0.010068</speed><course>279.510454</course><hAcc>1.442201</hAcc><vAcc>4.458130</vAcc></extensions></trkpt>
      <trkpt lon="120.905768" lat="23.474329"><ele>2661.713664</ele><time>2026-09-14T02:14:19Z</time><extensions><speed>0.006967</speed><course>279.513603</course><hAcc>1.447224</hAcc><vAcc>4.459172</vAcc></extensions></trkpt>
      <trkpt lon="120.905768" lat="23.474329"><ele>2661.704467</ele><time>2026-09-14T02:14:20Z</time><extensions><speed>0.006483</speed><course>279.514630</course><hAcc>1.437836</hAcc><vAcc>4.460176</vAcc></extensions></trkpt>
      <trkpt lon="120.905768" lat="23.474329"><ele>2661.694409</ele><time>2026-09-14T02:14:21Z</time><extensions><speed>0.006498</speed><course>279.514891</course><hAcc>1.432921</hAcc><vAcc>4.461248</vAcc></extensions></trkpt>
      <trkpt lon="120.905768" lat="23.474329"><ele>2661.684839</ele><time>2026-09-14T02:14:22Z</time><extensions><speed>0.004061</speed><course>279.514970</course><hAcc>1.461645</hAcc><vAcc>4.462282</vAcc></extensions></trkpt>
      <trkpt lon="120.905767" lat="23.474329"><ele>2661.674422</ele><time>2026-09-14T02:14:23Z</time><extensions><speed>0.004413</speed><course>279.514999</course><hAcc>1.453246</hAcc><vAcc>4.463384</vAcc></extensions></trkpt>
      <trkpt lon="120.905767" lat="23.474329"><ele>2661.664506</ele><time>2026-09-14T02:14:24Z</time><extensions><speed>0.003837</speed><course>279.515007</course><hAcc>1.460670</hAcc><vAcc>4.464447</vAcc></extensions></trkpt>
      <trkpt lon="120.905767" lat="23.474329"><ele>2661.655080</ele><time>2026-09-14T02:14:25Z</time><extensions><speed>0.003117</speed><course>279.515010</course><hAcc>1.474479</hAcc><vAcc>4.465473</vAcc></extensions></trkpt>
      <trkpt lon="120.905767" lat="23.474329"><ele>2661.644805</ele><time>2026-09-14T02:14:26Z</time><extensions><speed>0.002462</speed><course>279.515010</course><hAcc>1.485066</hAcc><vAcc>4.466565</vAcc></extensions></trkpt>
      <trkpt lon="120.905767" lat="23.474329"><ele>2661.635029</ele><time>2026-09-14T02:14:27Z</time><extensions><speed>0.001933</speed><course>279.515011</course><hAcc>1.490464</hAcc><vAcc>4.467618</vAcc></extensions></trkpt>
      <trkpt lon="120.905767" lat="23.474329"><ele>2661.624419</ele><time>2026-09-14T02:14:28Z</time><extensions><speed>0.001509</speed><course>279.515011</course><hAcc>1.491721</hAcc><vAcc>4.468738</vAcc></extensions></trkpt>
      <trkpt lon="120.905767" lat="23.474329"><ele>2661.614320</ele><time>2026-09-14T02:14:29Z</time><extensions><speed>0.001172</speed><course>279.515011</course><hAcc>1.489903</hAcc><vAcc>4.469819</vAcc></extensions></trkpt>
      <trkpt lon="120.905767" lat="23.474329"><ele>2661.604715</ele><time>2026-09-14T02:14:30Z</time><extensions><speed>0.000899</speed><course>279.515011</course><hAcc>1.486198</hAcc><vAcc>4.470862</vAcc></extensions></trkpt>
      <trkpt lon="120.905767" lat="23.474329"><ele>2661.594273</ele><time>2026-09-14T02:14:31Z</time><extensions><speed>0.000689</speed><course>279.515012</course><hAcc>1.479046</hAcc><vAcc>4.471970</vAcc></extensions></trkpt>
      <trkpt lon="120.905767" lat="23.474329"><ele>2661.584336</ele><time>2026-09-14T02:14:32Z</time><extensions><speed>0.000546</speed><course>279.515013</course><hAcc>1.466745</hAcc><vAcc>4.473040</vAcc></extensions></trkpt>
      <trkpt lon="120.905767" lat="23.474329"><ele>2661.573577</ele><time>2026-09-14T02:14:33Z</time><extensions><speed>0.000409</speed><course>279.515015</course><hAcc>1.456278</hAcc><vAcc>4.474176</vAcc></extensions></trkpt>
      <trkpt lon="120.905767" lat="23.474329"><ele>2661.563333</ele><time>2026-09-14T02:14:34Z</time><extensions><speed>0.000317</speed><course>279.515019</course><hAcc>1.441807</hAcc><vAcc>4.475273</vAcc></extensions></trkpt>
      <trkpt lon="120.905767" lat="23.474329"><ele>2661.553591</ele><time>2026-09-14T02:14:35Z</time><extensions><speed>0.000233</speed><course>279.515024</course><hAcc>1.432105</hAcc><vAcc>4.476330</vAcc></extensions></trkpt>
      <trkpt lon="120.905767" lat="23.474329"><ele>2661.543023</ele><time>2026-09-14T02:14:36Z</time><extensions><speed>0.000164</speed><course>279.515029</course><hAcc>1.429139</hAcc><vAcc>4.477452</vAcc></extensions></trkpt>
      <trkpt lon="120.905767" lat="23.474329"><ele>2661.532968</ele><time>2026-09-14T02:14:37Z</time><extensions><speed>0.000112</speed><course>279.515032</course><hAcc>1.431275</hAcc><vAcc>4.478535</vAcc></extensions></trkpt>
      <trkpt lon="120.905767" lat="23.474329"><ele>2661.522099</ele><time>2026-09-14T02:14:38Z</time><extensions><speed>0.000092</speed><course>279.515033</course><hAcc>1.424469</hAcc><vAcc>4.479683</vAcc></extensions></trkpt>
      <trkpt lon="120.905767" lat="23.474329"><ele>2661.511753</ele><time>2026-09-14T02:14:39Z</time><extensions><speed>0.003591</speed><course>254.724402</course><hAcc>1.408177</hAcc><vAcc>4.480791</vAcc></extensions></trkpt>
      <trkpt lon="120.905767" lat="23.474329"><ele>2661.501916</ele><time>2026-09-14T02:14:40Z</time><extensions><speed>0.005305</speed><course>251.332885</course><hAcc>1.436810</hAcc><vAcc>4.481858</vAcc></extensions></trkpt>
      <trkpt lon="120.905767" lat="23.474329"><ele>2661.491259</ele><time>2026-09-14T02:14:41Z</time><extensions><speed>0.007997</speed><course>245.060665</course><hAcc>1.447568</hAcc><vAcc>4.482990</vAcc></extensions></trkpt>
      <trkpt lon="120.905767" lat="23.474329"><ele>2661.481119</ele><time>2026-09-14T02:14:42Z</time><extensions><speed>0.016222</speed><course>245.512431</course><hAcc>1.435447</hAcc><vAcc>4.484082</vAcc></extensions></trkpt>
      <trkpt lon="120.905767" lat="23.474329"><ele>2661.471485</ele><time>2026-09-14T02:14:43Z</time><extensions><speed>0.022670</speed><course>244.057409</course><hAcc>1.447045</hAcc><vAcc>4.485134</vAcc></extensions></trkpt>
      <trkpt lon="120.905766" lat="23.474329"><ele>2661.461037</ele><time>2026-09-14T02:14:44Z</time><extensions><speed>0.028933</speed><course>243.256286</course><hAcc>1.467739</hAcc><vAcc>4.486248</vAcc></extensions></trkpt>
      <trkpt lon="120.905766" lat="23.474329"><ele>2661.451100</ele><time>2026-09-14T02:14:45Z</time><extensions><speed>0.037131</speed><course>241.089718</course><hAcc>1.484079</hAcc><vAcc>4.487321</vAcc></extensions></trkpt>
      <trkpt lon="120.905766" lat="23.474328"><ele>2661.440357</ele><time>2026-09-14T02:14:46Z</time><extensions><speed>0.047451</speed><course>239.055498</course><hAcc>1.495647</hAcc><vAcc>4.488458</vAcc></extensions></trkpt>
      <trkpt lon="120.905765" lat="23.474328"><ele>2661.430135</ele><time>2026-09-14T02:14:47Z</time><extensions><speed>0.057954</speed><course>236.090026</course><hAcc>1.508240</hAcc><vAcc>4.489554</vAcc></extensions></trkpt>
      <trkpt lon="120.905765" lat="23.474328"><ele>2661.420420</ele><time>2026-09-14T02:14:48Z</time><extensions><speed>0.070978</speed><course>229.443913</course><hAcc>1.519123</hAcc><vAcc>4.490609</vAcc></extensions></trkpt>
      <trkpt lon="120.905764" lat="23.474327"><ele>2661.409894</ele><time>2026-09-14T02:14:49Z</time><extensions><speed>0.086866</speed><course>212.009303</course><hAcc>1.531411</hAcc><vAcc>4.491727</vAcc></extensions></trkpt>
      <trkpt lon="120.905764" lat="23.474327"><ele>2661.399881</ele><time>2026-09-14T02:14:50Z</time><extensions><speed>0.064233</speed><course>211.408155</course><hAcc>1.542411</hAcc><vAcc>4.492805</vAcc></extensions></trkpt>
      <trkpt lon="120.905764" lat="23.474326"><ele>2661.389068</ele><time>2026-09-14T02:14:51Z</time><extensions><speed>0.089627</speed><course>200.622077</course><hAcc>1.509734</hAcc><vAcc>4.493945</vAcc></extensions></trkpt>
      <trkpt lon="120.905763" lat="23.474325"><ele>2661.378775</ele><time>2026-09-14T02:14:52Z</time><extensions><speed>0.076681</speed><course>197.828274</course><hAcc>1.511169</hAcc><vAcc>4.495045</vAcc></extensions></trkpt>
      <trkpt lon="120.905763" lat="23.474325"><ele>2661.368989</ele><time>2026-09-14T02:14:53Z</time><extensions><speed>0.052805</speed><course>195.193931</course><hAcc>1.531519</hAcc><vAcc>4.496104</vAcc></extensions></trkpt>
      <trkpt lon="120.905763" lat="23.474324"><ele>2661.358393</ele><time>2026-09-14T02:14:54Z</time><extensions><speed>0.050696</speed><course>188.936374</course><hAcc>1.526594</hAcc><vAcc>4.497227</vAcc></extensions></trkpt>
      <trkpt lon="120.905763" lat="23.474324"><ele>2661.348310</ele><time>2026-09-14T02:14:55Z</time><extensions><speed>0.066943</speed><course>180.683920</course><hAcc>1.507583</hAcc><vAcc>4.498310</vAcc></extensions></trkpt>
      <trkpt lon="120.905763" lat="23.474323"><ele>2661.337428</ele><time>2026-09-14T02:14:56Z</time><extensions><speed>0.035880</speed><course>186.928320</course><hAcc>1.490745</hAcc><vAcc>4.499456</vAcc></extensions></trkpt>
      <trkpt lon="120.905763" lat="23.474323"><ele>2661.327069</ele><time>2026-09-14T02:14:57Z</time><extensions><speed>0.022730</speed><course>191.892763</course><hAcc>1.474567</hAcc><vAcc>4.500562</vAcc></extensions></trkpt>
      <trkpt lon="120.905763" lat="23.474323"><ele>2661.317216</ele><time>2026-09-14T02:14:58Z</time><extensions><speed>0.013302</speed><course>193.433517</course><hAcc>1.465684</hAcc><vAcc>4.501628</vAcc></extensions></trkpt>
      <trkpt lon="120.905763" lat="23.474323"><ele>2661.306566</ele><time>2026-09-14T02:14:59Z</time><extensions><speed>0.007852</speed><course>190.429196</course><hAcc>1.453788</hAcc><vAcc>4.502755</vAcc></extensions></trkpt>
      <trkpt lon="120.905763" lat="23.474323"><ele>2661.296441</ele><time>2026-09-14T02:15:00Z</time><extensions><speed>0.003424</speed><course>178.998480</course><hAcc>1.445841</hAcc><vAcc>4.503842</vAcc></extensions></trkpt>
      <trkpt lon="120.905763" lat="23.474323"><ele>2661.285516</ele><time>2026-09-14T02:15:01Z</time><extensions><speed>0.001472</speed><course>57.196183</course><hAcc>1.448644</hAcc><vAcc>4.504993</vAcc></extensions></trkpt>
      <trkpt lon="120.905763" lat="23.474323"><ele>2661.275115</ele><time>2026-09-14T02:15:02Z</time><extensions><speed>0.005092</speed><course>28.520175</course><hAcc>1.453637</hAcc><vAcc>4.506102</vAcc></extensions></trkpt>
      <trkpt lon="120.905763" lat="23.474323"><ele>2661.265224</ele><time>2026-09-14T02:15:03Z</time><extensions><speed>0.008916</speed><course>25.110265</course><hAcc>1.467314</hAcc><vAcc>4.507172</vAcc></extensions></trkpt>
      <trkpt lon="120.905763" lat="23.474323"><ele>2661.254538</ele><time>2026-09-14T02:15:04Z</time><extensions><speed>0.012989</speed><course>26.362324</course><hAcc>1.488239</hAcc><vAcc>4.508303</vAcc></extensions></trkpt>
      <trkpt lon="120.905763" lat="23.474323"><ele>2661.244369</ele><time>2026-09-14T02:15:05Z</time><extensions><speed>0.026028</speed><course>31.884016</course><hAcc>1.490175</hAcc><vAcc>4.509394</vAcc></extensions></trkpt>
      <trkpt lon="120.905763" lat="23.474323"><ele>2661.234703</ele><time>2026-09-14T02:15:06Z</time><extensions><speed>0.037729</speed><course>38.689708</course><hAcc>1.515380</hAcc><vAcc>4.510444</vAcc></extensions></trkpt>
      <trkpt lon="120.905764" lat="23.474324"><ele>2661.225530</ele><time>2026-09-14T02:15:07Z</time><extensions><speed>0.054239</speed><course>45.004741</course><hAcc>1.533437</hAcc><vAcc>4.511453</vAcc></extensions></trkpt>
      <trkpt lon="120.905764" lat="23.474324"><ele>2661.216832</ele><time>2026-09-14T02:15:08Z</time><extensions><speed>0.072199</speed><course>44.920147</course><hAcc>1.541096</hAcc><vAcc>4.512421</vAcc></extensions></trkpt>
      <trkpt lon="120.905765" lat="23.474325"><ele>2661.207300</ele><time>2026-09-14T02:15:09Z</time><extensions><speed>0.066753</speed><course>42.309263</course><hAcc>1.568320</hAcc><vAcc>4.513451</vAcc></extensions></trkpt>
      <trkpt lon="120.905765" lat="23.474325"><ele>2661.198256</ele><time>2026-09-14T02:15:10Z</time><extensions><speed>0.055180</speed><course>34.934483</course><hAcc>1.584104</hAcc><vAcc>4.514438</vAcc></extensions></trkpt>
      <trkpt lon="120.905765" lat="23.474325"><ele>2661.189683</ele><time>2026-09-14T02:15:11Z</time><extensions><speed>0.050300</speed><course>29.901174</course><hAcc>1.565130</hAcc><vAcc>4.515385</vAcc></extensions></trkpt>
      <trkpt lon="120.905765" lat="23.474326"><ele>2661.180279</ele><time>2026-09-14T02:15:12Z</time><extensions><speed>0.034752</speed><course>23.644475</course><hAcc>1.565653</hAcc><vAcc>4.516392</vAcc></extensions></trkpt>
      <trkpt lon="120.905765" lat="23.474326"><ele>2661.171350</ele><time>2026-09-14T02:15:13Z</time><extensions><speed>0.025898</speed><course>20.553221</course><hAcc>1.549328</hAcc><vAcc>4.517359</vAcc></extensions></trkpt>
      <trkpt lon="120.905766" lat="23.474326"><ele>2661.161599</ele><time>2026-09-14T02:15:14Z</time><extensions><speed>0.019420</speed><course>19.167474</course><hAcc>1.527804</hAcc><vAcc>4.518387</vAcc></extensions></trkpt>
      <trkpt lon="120.905766" lat="23.474326"><ele>2661.152331</ele><time>2026-09-14T02:15:15Z</time><extensions><speed>0.014685</speed><course>18.562946</course><hAcc>1.507143</hAcc><vAcc>4.519375</vAcc></extensions></trkpt>
      <trkpt lon="120.905766" lat="23.474327"><ele>2661.143528</ele><time>2026-09-14T02:15:16Z</time><extensions><speed>0.011571</speed><course>18.309744</course><hAcc>1.485201</hAcc><vAcc>4.520324</vAcc></extensions></trkpt>
      <trkpt lon="120.905766" lat="23.474327"><ele>2661.133888</ele><time>2026-09-14T02:15:17Z</time><extensions><speed>0.008774</speed><course>18.207975</course><hAcc>1.469105</hAcc><vAcc>4.521337</vAcc></extensions></trkpt>
      <trkpt lon="120.905766" lat="23.474327"><ele>2661.124715</ele><time>2026-09-14T02:15:18Z</time><extensions><speed>0.006220</speed><course>18.165982</course><hAcc>1.460242</hAcc><vAcc>4.522313</vAcc></extensions></trkpt>
      <trkpt lon="120.905766" lat="23.474327"><ele>2661.114709</ele><time>2026-09-14T02:15:19Z</time><extensions><speed>0.004721</speed><course>18.148978</course><hAcc>1.449638</hAcc><vAcc>4.523355</vAcc></extensions></trkpt>
      <trkpt lon="120.905766" lat="23.474327"><ele>2661.105177</ele><time>2026-09-14T02:15:20Z</time><extensions><speed>0.003399</speed><course>18.142713</course><hAcc>1.446856</hAcc><vAcc>4.524361</vAcc></extensions></trkpt>
      <trkpt lon="120.905766" lat="23.474327"><ele>2661.096102</ele><time>2026-09-14T02:15:21Z</time><extensions><speed>0.002613</speed><course>18.140478</course><hAcc>1.446765</hAcc><vAcc>4.525332</vAcc></extensions></trkpt>
      <trkpt lon="120.905766" lat="23.474327"><ele>2661.086193</ele><time>2026-09-14T02:15:22Z</time><extensions><speed>0.001912</speed><course>18.139736</course><hAcc>1.451846</hAcc><vAcc>4.526368</vAcc></extensions></trkpt>
      <trkpt lon="120.905766" lat="23.474327"><ele>2661.076753</ele><time>2026-09-14T02:15:23Z</time><extensions><speed>0.002127</speed><course>18.139515</course><hAcc>1.441139</hAcc><vAcc>4.527370</vAcc></extensions></trkpt>
      <trkpt lon="120.905766" lat="23.474327"><ele>2661.066493</ele><time>2026-09-14T02:15:24Z</time><extensions><speed>0.001359</speed><course>18.139456</course><hAcc>1.468990</hAcc><vAcc>4.528437</vAcc></extensions></trkpt>
      <trkpt lon="120.905766" lat="23.474327"><ele>2661.056713</ele><time>2026-09-14T02:15:25Z</time><extensions><speed>0.001516</speed><course>18.139434</course><hAcc>1.460998</hAcc><vAcc>4.529469</vAcc></extensions></trkpt>
      <trkpt lon="120.905766" lat="23.474327"><ele>2661.047403</ele><time>2026-09-14T02:15:26Z</time><extensions><speed>0.007273</speed><course>38.225685</course><hAcc>1.471277</hAcc><vAcc>4.530465</vAcc></extensions></trkpt>
      <trkpt lon="120.905766" lat="23.474327"><ele>2661.037273</ele><time>2026-09-14T02:15:27Z</time><extensions><speed>0.013523</speed><course>40.644917</course><hAcc>1.489158</hAcc><vAcc>4.531526</vAcc></extensions></trkpt>
      <trkpt lon="120.905766" lat="23.474327"><ele>2661.027625</ele><time>2026-09-14T02:15:28Z</time><extensions><speed>0.018916</speed><course>42.986128</course><hAcc>1.502568</hAcc><vAcc>4.532551</vAcc></extensions></trkpt>
      <trkpt lon="120.905766" lat="23.474328"><ele>2661.018446</ele><time>2026-09-14T02:15:29Z</time><extensions><speed>0.026755</speed><course>44.612040</course><hAcc>1.510471</hAcc><vAcc>4.533539</vAcc></extensions></trkpt>
      <trkpt lon="120.905767" lat="23.474328"><ele>2661.008448</ele><time>2026-09-14T02:15:30Z</time><extensions><speed>0.038809</speed><course>46.255285</course><hAcc>1.514293</hAcc><vAcc>4.534591</vAcc></extensions></trkpt>
      <trkpt lon="120.905767" lat="23.474328"><ele>2660.998930</ele><time>2026-09-14T02:15:31Z</time><extensions><speed>0.051540</speed><course>46.782460</course><hAcc>1.517490</hAcc><vAcc>4.535605</vAcc></extensions></trkpt>
      <trkpt lon="120.905768" lat="23.474329"><ele>2660.988608</ele><time>2026-09-14T02:15:32Z</time><extensions><speed>0.066770</speed><course>47.108978</course><hAcc>1.519768</hAcc><vAcc>4.536684</vAcc></extensions></trkpt>
      <trkpt lon="120.905768" lat="23.474329"><ele>2660.978775</ele><time>2026-09-14T02:15:33Z</time><extensions><speed>0.085804</speed><course>47.403086</course><hAcc>1.521116</hAcc><vAcc>4.537724</vAcc></extensions></trkpt>
      <trkpt lon="120.905769" lat="23.474330"><ele>2660.969421</ele><time>2026-09-14T02:15:34Z</time><extensions><speed>0.105375</speed><course>47.841421</course><hAcc>1.525736</hAcc><vAcc>4.538728</vAcc></extensions></trkpt>
      <trkpt lon="120.905770" lat="23.474330"><ele>2660.959263</ele><time>2026-09-14T02:15:35Z</time><extensions><speed>0.121780</speed><course>48.850703</course><hAcc>1.529859</hAcc><vAcc>4.539793</vAcc></extensions></trkpt>
      <trkpt lon="120.905771" lat="23.474331"><ele>2660.949593</ele><time>2026-09-14T02:15:36Z</time><extensions><speed>0.142516</speed><course>51.666802</course><hAcc>1.520461</hAcc><vAcc>4.540821</vAcc></extensions></trkpt>
      <trkpt lon="120.905772" lat="23.474332"><ele>2660.939129</ele><time>2026-09-14T02:15:37Z</time><extensions><speed>0.120463</speed><course>52.935431</course><hAcc>1.527966</hAcc><vAcc>4.541911</vAcc></extensions></trkpt>
      <trkpt lon="120.905773" lat="23.474333"><ele>2660.929159</ele><time>2026-09-14T02:15:38Z</time><extensions><speed>0.120761</speed><course>54.959668</course><hAcc>1.513450</hAcc><vAcc>4.542964</vAcc></extensions></trkpt>
      <trkpt lon="120.905774" lat="23.474333"><ele>2660.919671</ele><time>2026-09-14T02:15:39Z</time><extensions><speed>0.131218</speed><course>56.693539</course><hAcc>1.482579</hAcc><vAcc>4.543979</vAcc></extensions></trkpt>
      <trkpt lon="120.905775" lat="23.474334"><ele>2660.909386</ele><time>2026-09-14T02:15:40Z</time><extensions><speed>0.091690</speed><course>55.237467</course><hAcc>1.489398</hAcc><vAcc>4.545057</vAcc></extensions></trkpt>
      <trkpt lon="120.905775" lat="23.474334"><ele>2660.899590</ele><time>2026-09-14T02:15:41Z</time><extensions><speed>0.050826</speed><course>54.159715</course><hAcc>1.504482</hAcc><vAcc>4.546097</vAcc></extensions></trkpt>
      <trkpt lon="120.905776" lat="23.474334"><ele>2660.889007</ele><time>2026-09-14T02:15:42Z</time><extensions><speed>0.033663</speed><course>56.340395</course><hAcc>1.503725</hAcc><vAcc>4.547199</vAcc></extensions></trkpt>
      <trkpt lon="120.905776" lat="23.474334"><ele>2660.878924</ele><time>2026-09-14T02:15:43Z</time><extensions><speed>0.022767</speed><course>61.539259</course><hAcc>1.502824</hAcc><vAcc>4.548264</vAcc></extensions></trkpt>
      <trkpt lon="120.905776" lat="23.474334"><ele>2660.869329</ele><time>2026-09-14T02:15:44Z</time><extensions><speed>0.024564</speed><course>71.223901</course><hAcc>1.478107</hAcc><vAcc>4.549290</vAcc></extensions></trkpt>
      <trkpt lon="120.905776" lat="23.474334"><ele>2660.858944</ele><time>2026-09-14T02:15:45Z</time><extensions><speed>0.020997</speed><course>86.880765</course><hAcc>1.476653</hAcc><vAcc>4.550378</vAcc></extensions></trkpt>
      <trkpt lon="120.905777" lat="23.474334"><ele>2660.849057</ele><time>2026-09-14T02:15:46Z</time><extensions><speed>0.018745</speed><course>111.284073</course><hAcc>1.486349</hAcc><vAcc>4.551428</vAcc></extensions></trkpt>
      <trkpt lon="120.905777" lat="23.474334"><ele>2660.838392</ele><time>2026-09-14T02:15:47Z</time><extensions><speed>0.020933</speed><course>137.108093</course><hAcc>1.494397</hAcc><vAcc>4.552538</vAcc></extensions></trkpt>
      <trkpt lon="120.905777" lat="23.474334"><ele>2660.828231</ele><time>2026-09-14T02:15:48Z</time><extensions><speed>0.027264</speed><course>154.411628</course><hAcc>1.497793</hAcc><vAcc>4.553611</vAcc></extensions></trkpt>
      <trkpt lon="120.905777" lat="23.474334"><ele>2660.818562</ele><time>2026-09-14T02:15:49Z</time><extensions><speed>0.035891</speed><course>163.926905</course><hAcc>1.497902</hAcc><vAcc>4.554645</vAcc></extensions></trkpt>
      <trkpt lon="120.905777" lat="23.474333"><ele>2660.808111</ele><time>2026-09-14T02:15:50Z</time><extensions><speed>0.045770</speed><course>169.041296</course><hAcc>1.494664</hAcc><vAcc>4.555740</vAcc></extensions></trkpt>
      <trkpt lon="120.905777" lat="23.474333"><ele>2660.798161</ele><time>2026-09-14T02:15:51Z</time><extensions><speed>0.055128</speed><course>171.735283</course><hAcc>1.487806</hAcc><vAcc>4.556796</vAcc></extensions></trkpt>
      <trkpt lon="120.905777" lat="23.474332"><ele>2660.788696</ele><time>2026-09-14T02:15:52Z</time><extensions><speed>0.054737</speed><course>172.853326</course><hAcc>1.480510</hAcc><vAcc>4.557813</vAcc></extensions></trkpt>
      <trkpt lon="120.905777" lat="23.474332"><ele>2660.778448</ele><time>2026-09-14T02:15:53Z</time><extensions><speed>0.045971</speed><course>173.176201</course><hAcc>1.473497</hAcc><vAcc>4.558891</vAcc></extensions></trkpt>
      <trkpt lon="120.905777" lat="23.474331"><ele>2660.768693</ele><time>2026-09-14T02:15:54Z</time><extensions><speed>0.033962</speed><course>173.292827</course><hAcc>1.471809</hAcc><vAcc>4.559929</vAcc></extensions></trkpt>
      <trkpt lon="120.905777" lat="23.474331"><ele>2660.758165</ele><time>2026-09-14T02:15:55Z</time><extensions><speed>0.027066</speed><course>173.338197</course><hAcc>1.461857</hAcc><vAcc>4.561027</vAcc></extensions></trkpt>
      <trkpt lon="120.905777" lat="23.474331"><ele>2660.748138</ele><time>2026-09-14T02:15:56Z</time><extensions><speed>0.023376</speed><course>173.354088</course><hAcc>1.447232</hAcc><vAcc>4.562087</vAcc></extensions></trkpt>
      <trkpt lon="120.905777" lat="23.474331"><ele>2660.738603</ele><time>2026-09-14T02:15:57Z</time><extensions><speed>0.016958</speed><course>173.359593</course><hAcc>1.450269</hAcc><vAcc>4.563107</vAcc></extensions></trkpt>
      <trkpt lon="120.905778" lat="23.474331"><ele>2660.728288</ele><time>2026-09-14T02:15:58Z</time><extensions><speed>0.011781</speed><course>173.361746</course><hAcc>1.461162</hAcc><vAcc>4.564187</vAcc></extensions></trkpt>
      <trkpt lon="120.905778" lat="23.474331"><ele>2660.718470</ele><time>2026-09-14T02:15:59Z</time><extensions><speed>0.008159</speed><course>173.362563</course><hAcc>1.473616</hAcc><vAcc>4.565228</vAcc></extensions></trkpt>
      <trkpt lon="120.905778" lat="23.474331"><ele>2660.707884</ele><time>2026-09-14T02:16:00Z</time><extensions><speed>0.007652</speed><course>173.362836</course><hAcc>1.470718</hAcc><vAcc>4.566329</vAcc></extensions></trkpt>
      <trkpt lon="120.905778" lat="23.474330"><ele>2660.697798</ele><time>2026-09-14T02:16:01Z</time><extensions><speed>0.008303</speed><course>173.362907</course><hAcc>1.461771</hAcc><vAcc>4.567391</vAcc></extensions></trkpt>
      <trkpt lon="120.905778" lat="23.474330"><ele>2660.688200</ele><time>2026-09-14T02:16:02Z</time><extensions><speed>0.007237</speed><course>173.362927</course><hAcc>1.473735</hAcc><vAcc>4.568415</vAcc></extensions></trkpt>
      <trkpt lon="120.905778" lat="23.474330"><ele>2660.677825</ele><time>2026-09-14T02:16:03Z</time><extensions><speed>0.005850</speed><course>173.362935</course><hAcc>1.490133</hAcc><vAcc>4.569499</vAcc></extensions></trkpt>
      <trkpt lon="120.905778" lat="23.474330"><ele>2660.667946</ele><time>2026-09-14T02:16:04Z</time><extensions><speed>0.004532</speed><course>173.362938</course><hAcc>1.501903</hAcc><vAcc>4.570545</vAcc></extensions></trkpt>
      <trkpt lon="120.905778" lat="23.474330"><ele>2660.657300</ele><time>2026-09-14T02:16:05Z</time><extensions><speed>0.003443</speed><course>173.362940</course><hAcc>1.506958</hAcc><vAcc>4.571651</vAcc></extensions></trkpt>
      <trkpt lon="120.905778" lat="23.474330"><ele>2660.647158</ele><time>2026-09-14T02:16:06Z</time><extensions><speed>0.002643</speed><course>173.362940</course><hAcc>1.504825</hAcc><vAcc>4.572718</vAcc></extensions></trkpt>
      <trkpt lon="120.905778" lat="23.474330"><ele>2660.637505</ele><time>2026-09-14T02:16:07Z</time><extensions><speed>0.002005</speed><course>173.362941</course><hAcc>1.498657</hAcc><vAcc>4.573746</vAcc></extensions></trkpt>
      <trkpt lon="120.905778" lat="23.474330"><ele>2660.627082</ele><time>2026-09-14T02:16:08Z</time><extensions><speed>0.001547</speed><course>173.362941</course><hAcc>1.486742</hAcc><vAcc>4.574835</vAcc></extensions></trkpt>
      <trkpt lon="120.905778" lat="23.474330"><ele>2660.617157</ele><time>2026-09-14T02:16:09Z</time><extensions><speed>0.001192</speed><course>173.362942</course><hAcc>1.472244</hAcc><vAcc>4.575885</vAcc></extensions></trkpt>
      <trkpt lon="120.905778" lat="23.474330"><ele>2660.607714</ele><time>2026-09-14T02:16:10Z</time><extensions><speed>0.000864</speed><course>173.362944</course><hAcc>1.461534</hAcc><vAcc>4.576896</vAcc></extensions></trkpt>
      <trkpt lon="120.905778" lat="23.474330"><ele>2660.598741</ele><time>2026-09-14T02:16:11Z</time><extensions><speed>0.000620</speed><course>173.362946</course><hAcc>1.451457</hAcc><vAcc>4.577868</vAcc></extensions></trkpt>
      <trkpt lon="120.905778" lat="23.474330"><ele>2660.590225</ele><time>2026-09-14T02:16:12Z</time><extensions><speed>0.000461</speed><course>173.362949</course><hAcc>1.443837</hAcc><vAcc>4.578801</vAcc></extensions></trkpt>
      <trkpt lon="120.905778" lat="23.474330"><ele>2660.580905</ele><time>2026-09-14T02:16:13Z</time><extensions><speed>0.000287</speed><course>173.362953</course><hAcc>1.452899</hAcc><vAcc>4.579794</vAcc></extensions></trkpt>
      <trkpt lon="120.905778" lat="23.474330"><ele>2660.572050</ele><time>2026-09-14T02:16:14Z</time><extensions><speed>0.000217</speed><course>173.362957</course><hAcc>1.456745</hAcc><vAcc>4.580747</vAcc></extensions></trkpt>
      <trkpt lon="120.905778" lat="23.474330"><ele>2660.563647</ele><time>2026-09-14T02:16:15Z</time><extensions><speed>0.000187</speed><course>173.362961</course><hAcc>1.457372</hAcc><vAcc>4.581661</vAcc></extensions></trkpt>
      <trkpt lon="120.905778" lat="23.474330"><ele>2660.554442</ele><time>2026-09-14T02:16:16Z</time><extensions><speed>0.000227</speed><course>173.362964</course><hAcc>1.442450</hAcc><vAcc>4.582633</vAcc></extensions></trkpt>
      <trkpt lon="120.905778" lat="23.474330"><ele>2660.545697</ele><time>2026-09-14T02:16:17Z</time><extensions><speed>0.000203</speed><course>173.362966</course><hAcc>1.454161</hAcc><vAcc>4.583566</vAcc></extensions></trkpt>
      <trkpt lon="120.905778" lat="23.474330"><ele>2660.536157</ele><time>2026-09-14T02:16:18Z</time><extensions><speed>0.000165</speed><course>173.362967</course><hAcc>1.473737</hAcc><vAcc>4.584559</vAcc></extensions></trkpt>
      <trkpt lon="120.905778" lat="23.474330"><ele>2660.527081</ele><time>2026-09-14T02:16:19Z</time><extensions><speed>0.000130</speed><course>173.362968</course><hAcc>1.488083</hAcc><vAcc>4.585514</vAcc></extensions></trkpt>
      <trkpt lon="120.905778" lat="23.474330"><ele>2660.518454</ele><time>2026-09-14T02:16:20Z</time><extensions><speed>0.000101</speed><course>173.362974</course><hAcc>1.495971</hAcc><vAcc>4.586431</vAcc></extensions></trkpt>
      <trkpt lon="120.905778" lat="23.474330"><ele>2660.509018</ele><time>2026-09-14T02:16:21Z</time><extensions><speed>0.000078</speed><course>173.362983</course><hAcc>1.500068</hAcc><vAcc>4.587410</vAcc></extensions></trkpt>
      <trkpt lon="120.905778" lat="23.474330"><ele>2660.500033</ele><time>2026-09-14T02:16:22Z</time><extensions><speed>0.000060</speed><course>173.363002</course><hAcc>1.500367</hAcc><vAcc>4.588353</vAcc></extensions></trkpt>
      <trkpt lon="120.905778" lat="23.474330"><ele>2660.490245</ele><time>2026-09-14T02:16:23Z</time><extensions><speed>0.000046</speed><course>173.363032</course><hAcc>1.499998</hAcc><vAcc>4.589360</vAcc></extensions></trkpt>
      <trkpt lon="120.905778" lat="23.474330"><ele>2660.480911</ele><time>2026-09-14T02:16:24Z</time><extensions><speed>0.000035</speed><course>173.363070</course><hAcc>1.498201</hAcc><vAcc>4.590332</vAcc></extensions></trkpt>
      <trkpt lon="120.905778" lat="23.474330"><ele>2660.472021</ele><time>2026-09-14T02:16:25Z</time><extensions><speed>0.000028</speed><course>173.363123</course><hAcc>1.493864</hAcc><vAcc>4.591270</vAcc></extensions></trkpt>
      <trkpt lon="120.905778" lat="23.474330"><ele>2660.462321</ele><time>2026-09-14T02:16:26Z</time><extensions><speed>0.001812</speed><course>75.597178</course><hAcc>1.494313</hAcc><vAcc>4.592272</vAcc></extensions></trkpt>
      <trkpt lon="120.905778" lat="23.474330"><ele>2660.453074</ele><time>2026-09-14T02:16:27Z</time><extensions><speed>0.004204</speed><course>62.264348</course><hAcc>1.487177</hAcc><vAcc>4.593241</vAcc></extensions></trkpt>
      <trkpt lon="120.905778" lat="23.474330"><ele>2660.443033</ele><time>2026-09-14T02:16:28Z</time><extensions><speed>0.006812</speed><course>59.180975</course><hAcc>1.483283</hAcc><vAcc>4.594272</vAcc></extensions></trkpt>
      <trkpt lon="120.905778" lat="23.474330"><ele>2660.433455</ele><time>2026-09-14T02:16:29Z</time><extensions><speed>0.009284</speed><course>53.673281</course><hAcc>1.480838</hAcc><vAcc>4.595269</vAcc></extensions></trkpt>
      <trkpt lon="120.905778" lat="23.474330"><ele>2660.424330</ele><time>2026-09-14T02:16:30Z</time><extensions><speed>0.009845</speed><course>49.253791</course><hAcc>1.481166</hAcc><vAcc>4.596232</vAcc></extensions></trkpt>
      <trkpt lon="120.905778" lat="23.474330"><ele>2660.414414</ele><time>2026-09-14T02:16:31Z</time><extensions><speed>0.012095</speed><course>42.561690</course><hAcc>1.478944</hAcc><vAcc>4.597258</vAcc></extensions></trkpt>
      <trkpt lon="120.905778" lat="23.474331"><ele>2660.404962</ele><time>2026-09-14T02:16:32Z</time><extensions><speed>0.016280</speed><course>37.850501</course><hAcc>1.476035</hAcc><vAcc>4.598248</vAcc></extensions></trkpt>
      <trkpt lon="120.905778" lat="23.474331"><ele>2660.394732</ele><time>2026-09-14T02:16:33Z</time><extensions><speed>0.020471</speed><course>36.296560</course><hAcc>1.484709</hAcc><vAcc>4.599300</vAcc></extensions></trkpt>
      <trkpt lon="120.905778" lat="23.474331"><ele>2660.384977</ele><time>2026-09-14T02:16:34Z</time><extensions><speed>0.021364</speed><course>35.679262</course><hAcc>1.509767</hAcc><vAcc>4.600317</vAcc></extensions></trkpt>
      <trkpt lon="120.905778" lat="23.474331"><ele>2660.375683</ele><time>2026-09-14T02:16:35Z</time><extensions><speed>0.025093</speed><course>35.383608</course><hAcc>1.522944</hAcc><vAcc>4.601299</vAcc></extensions></trkpt>
      <trkpt lon="120.905779" lat="23.474331"><ele>2660.365616</ele><time>2026-09-14T02:16:36Z</time><extensions><speed>0.028140</speed><course>35.296130</course><hAcc>1.519031</hAcc><vAcc>4.602341</vAcc></extensions></trkpt>
      <trkpt lon="120.905779" lat="23.474332"><ele>2660.356021</ele><time>2026-09-14T02:16:37Z</time><extensions><speed>0.034625</speed><course>10.185459</course><hAcc>1.523800</hAcc><vAcc>4.603347</vAcc></extensions></trkpt>
      <trkpt lon="120.905779" lat="23.474332"><ele>2660.346887</ele><time>2026-09-14T02:16:38Z</time><extensions><speed>0.035040</speed><course>348.007866</course><hAcc>1.542339</hAcc><vAcc>4.604317</vAcc></extensions></trkpt>
      <trkpt lon="120.905779" lat="23.474332"><ele>2660.336976</ele><time>2026-09-14T02:16:39Z</time><extensions><speed>0.031105</speed><course>331.053939</course><hAcc>1.554912</hAcc><vAcc>4.605347</vAcc></extensions></trkpt>
      <trkpt lon="120.905778" lat="23.474332"><ele>2660.327536</ele><time>2026-09-14T02:16:40Z</time><extensions><speed>0.013849</speed><course>336.760905</course><hAcc>1.578004</hAcc><vAcc>4.606341</vAcc></extensions></trkpt>
      <trkpt lon="120.905778" lat="23.474333"><ele>2660.317326</ele><time>2026-09-14T02:16:41Z</time><extensions><speed>0.045533</speed><course>5.264151</course><hAcc>1.551558</hAcc><vAcc>4.607394</vAcc></extensions></trkpt>
      <trkpt lon="120.905779" lat="23.474333"><ele>2660.307596</ele><time>2026-09-14T02:16:42Z</time><extensions><speed>0.056630</speed><course>13.774311</course><hAcc>1.527919</hAcc><vAcc>4.608411</vAcc></extensions></trkpt>
      <trkpt lon="120.905779" lat="23.474334"><ele>2660.298334</ele><time>2026-09-14T02:16:43Z</time><extensions><speed>0.055286</speed><course>17.723735</course><hAcc>1.494699</hAcc><vAcc>4.609391</vAcc></extensions></trkpt>
      <trkpt lon="120.905779" lat="23.474334"><ele>2660.288300</ele><time>2026-09-14T02:16:44Z</time><extensions><speed>0.039282</speed><course>17.049791</course><hAcc>1.484327</hAcc><vAcc>4.610431</vAcc></extensions></trkpt>
      <trkpt lon="120.905779" lat="23.474335"><ele>2660.278741</ele><time>2026-09-14T02:16:45Z</time><extensions><speed>0.030699</speed><course>13.708371</course><hAcc>1.461481</hAcc><vAcc>4.611433</vAcc></extensions></trkpt>
      <trkpt lon="120.905779" lat="23.474335"><ele>2660.268423</ele><time>2026-09-14T02:16:46Z</time><extensions><speed>0.021085</speed><course>8.757594</course><hAcc>1.447287</hAcc><vAcc>4.612495</vAcc></extensions></trkpt>
      <trkpt lon="120.905779" lat="23.474335"><ele>2660.258587</ele><time>2026-09-14T02:16:47Z</time><extensions><speed>0.020467</speed><course>2.706125</course><hAcc>1.424184</hAcc><vAcc>4.613520</vAcc></extensions></trkpt>
      <trkpt lon="120.905779" lat="23.474335"><ele>2660.249219</ele><time>2026-09-14T02:16:48Z</time><extensions><speed>0.017381</speed><course>356.606852</course><hAcc>1.420052</hAcc><vAcc>4.614508</vAcc></extensions></trkpt>
      <trkpt lon="120.905779" lat="23.474335"><ele>2660.239088</ele><time>2026-09-14T02:16:49Z</time><extensions><speed>0.016970</speed><course>350.155837</course><hAcc>1.420834</hAcc><vAcc>4.615556</vAcc></extensions></trkpt>
      <trkpt lon="120.905779" lat="23.474335"><ele>2660.229432</ele><time>2026-09-14T02:16:50Z</time><extensions><speed>0.016852</speed><course>341.974082</course><hAcc>1.428169</hAcc><vAcc>4.616567</vAcc></extensions></trkpt>
      <trkpt lon="120.905779" lat="23.474336"><ele>2660.219029</ele><time>2026-09-14T02:16:51Z</time><extensions><speed>0.013893</speed><course>318.629259</course><hAcc>1.436633</hAcc><vAcc>4.617637</vAcc></extensions></trkpt>
      <trkpt lon="120.905779" lat="23.474336"><ele>2660.209112</ele><time>2026-09-14T02:16:52Z</time><extensions><speed>0.018332</speed><course>253.952888</course><hAcc>1.432297</hAcc><vAcc>4.618670</vAcc></extensions></trkpt>
      <trkpt lon="120.905778" lat="23.474335"><ele>2660.199666</ele><time>2026-09-14T02:16:53Z</time><extensions><speed>0.043710</speed><course>202.824173</course><hAcc>1.452326</hAcc><vAcc>4.619667</vAcc></extensions></trkpt>
      <trkpt lon="120.905778" lat="23.474335"><ele>2660.189465</ele><time>2026-09-14T02:16:54Z</time><extensions><speed>0.058393</speed><course>200.010220</course><hAcc>1.475103</hAcc><vAcc>4.620721</vAcc></extensions></trkpt>
      <trkpt lon="120.905778" lat="23.474335"><ele>2660.179743</ele><time>2026-09-14T02:16:55Z</time><extensions><speed>0.045515</speed><course>218.215071</course><hAcc>1.489899</hAcc><vAcc>4.621739</vAcc></extensions></trkpt>
      <trkpt lon="120.905778" lat="23.474334"><ele>2660.169273</ele><time>2026-09-14T02:16:56Z</time><extensions><speed>0.024997</speed><course>255.701926</course><hAcc>1.513711</hAcc><vAcc>4.622816</vAcc></extensions></trkpt>
      <trkpt lon="120.905778" lat="23.474335"><ele>2660.159292</ele><time>2026-09-14T02:16:57Z</time><extensions><speed>0.017302</speed><course>296.905640</course><hAcc>1.523376</hAcc><vAcc>4.623855</vAcc></extensions></trkpt>
      <trkpt lon="120.905777" lat="23.474335"><ele>2660.149786</ele><time>2026-09-14T02:16:58Z</time><extensions><speed>0.011554</speed><course>333.029131</course><hAcc>1.521166</hAcc><vAcc>4.624857</vAcc></extensions></trkpt>
      <trkpt lon="120.905777" lat="23.474335"><ele>2660.139528</ele><time>2026-09-14T02:16:59Z</time><extensions><speed>0.007716</speed><course>112.368298</course><hAcc>1.510603</hAcc><vAcc>4.625917</vAcc></extensions></trkpt>
      <trkpt lon="120.905778" lat="23.474335"><ele>2660.129754</ele><time>2026-09-14T02:17:00Z</time><extensions><speed>0.022541</speed><course>27.393494</course><hAcc>1.497561</hAcc><vAcc>4.626941</vAcc></extensions></trkpt>
      <trkpt lon="120.905778" lat="23.474335"><ele>2660.120448</ele><time>2026-09-14T02:17:01Z</time><extensions><speed>0.023763</speed><course>20.130023</course><hAcc>1.529335</hAcc><vAcc>4.627926</vAcc></extensions></trkpt>
      <trkpt lon="120.905778" lat="23.474335"><ele>2660.110385</ele><time>2026-09-14T02:17:02Z</time><extensions><speed>0.024222</speed><course>24.814313</course><hAcc>1.526043</hAcc><vAcc>4.628970</vAcc></extensions></trkpt>
      <trkpt lon="120.905778" lat="23.474335"><ele>2660.100800</ele><time>2026-09-14T02:17:03Z</time><extensions><speed>0.028841</speed><course>35.636684</course><hAcc>1.489814</hAcc><vAcc>4.629976</vAcc></extensions></trkpt>
      <trkpt lon="120.905778" lat="23.474335"><ele>2660.090475</ele><time>2026-09-14T02:17:04Z</time><extensions><speed>0.023391</speed><course>36.965826</course><hAcc>1.494441</hAcc><vAcc>4.631038</vAcc></extensions></trkpt>
      <trkpt lon="120.905778" lat="23.474336"><ele>2660.080636</ele><time>2026-09-14T02:17:05Z</time><extensions><speed>0.019932</speed><course>49.578075</course><hAcc>1.498646</hAcc><vAcc>4.632064</vAcc></extensions></trkpt>
      <trkpt lon="120.905779" lat="23.474336"><ele>2660.071280</ele><time>2026-09-14T02:17:06Z</time><extensions><speed>0.020351</speed><course>72.481823</course><hAcc>1.499180</hAcc><vAcc>4.633051</vAcc></extensions></trkpt>
      <trkpt lon="120.905779" lat="23.474336"><ele>2660.061163</ele><time>2026-09-14T02:17:07Z</time><extensions><speed>0.025978</speed><course>90.912067</course><hAcc>1.497115</hAcc><vAcc>4.634096</vAcc></extensions></trkpt>
      <trkpt lon="120.905780" lat="23.474335"><ele>2660.051525</ele><time>2026-09-14T02:17:08Z</time><extensions><speed>0.037122</speed><course>103.231273</course><hAcc>1.494898</hAcc><vAcc>4.635104</vAcc></extensions></trkpt>
      <trkpt lon="120.905780" lat="23.474335"><ele>2660.041147</ele><time>2026-09-14T02:17:09Z</time><extensions><speed>0.051748</speed><course>110.616481</course><hAcc>1.498559</hAcc><vAcc>4.636168</vAcc></extensions></trkpt>
      <trkpt lon="120.905781" lat="23.474335"><ele>2660.031250</ele><time>2026-09-14T02:17:10Z</time><extensions><speed>0.072730</speed><course>115.800252</course><hAcc>1.505258</hAcc><vAcc>4.637196</vAcc></extensions></trkpt>
      <trkpt lon="120.905782" lat="23.474334"><ele>2660.021826</ele><time>2026-09-14T02:17:11Z</time><extensions><speed>0.102389</speed><course>121.785910</course><hAcc>1.513491</hAcc><vAcc>4.638188</vAcc></extensions></trkpt>
      <trkpt lon="120.905783" lat="23.474334"><ele>2660.011656</ele><time>2026-09-14T02:17:12Z</time><extensions><speed>0.166253</speed><course>130.095033</course><hAcc>1.513970</hAcc><vAcc>4.639236</vAcc></extensions></trkpt>
      <trkpt lon="120.905785" lat="23.474332"><ele>2660.001967</ele><time>2026-09-14T02:17:13Z</time><extensions><speed>0.267177</speed><course>138.630730</course><hAcc>1.520542</hAcc><vAcc>4.640247</vAcc></extensions></trkpt>
      <trkpt lon="120.905787" lat="23.474330"><ele>2659.992741</ele><time>2026-09-14T02:17:14Z</time><extensions><speed>0.343868</speed><course>139.769960</course><hAcc>1.531394</hAcc><vAcc>4.641222</vAcc></extensions></trkpt>
      <trkpt lon="120.905789" lat="23.474327"><ele>2659.983967</ele><time>2026-09-14T02:17:15Z</time><extensions><speed>0.374166</speed><course>138.453690</course><hAcc>1.547008</hAcc><vAcc>4.642160</vAcc></extensions></trkpt>
      <trkpt lon="120.905792" lat="23.474325"><ele>2659.975633</ele><time>2026-09-14T02:17:16Z</time><extensions><speed>0.439463</speed><course>139.786496</course><hAcc>1.558827</hAcc><vAcc>4.643060</vAcc></extensions></trkpt>
      <trkpt lon="120.905795" lat="23.474322"><ele>2659.966522</ele><time>2026-09-14T02:17:17Z</time><extensions><speed>0.493756</speed><course>139.933519</course><hAcc>1.569443</hAcc><vAcc>4.644017</vAcc></extensions></trkpt>
      <trkpt lon="120.905798" lat="23.474318"><ele>2659.957858</ele><time>2026-09-14T02:17:18Z</time><extensions><speed>0.632756</speed><course>140.615799</course><hAcc>1.572273</hAcc><vAcc>4.644937</vAcc></extensions></trkpt>
      <trkpt lon="120.905803" lat="23.474313"><ele>2659.948427</ele><time>2026-09-14T02:17:19Z</time><extensions><speed>0.853739</speed><course>138.263506</course><hAcc>1.572290</hAcc><vAcc>4.645914</vAcc></extensions></trkpt>
      <trkpt lon="120.905809" lat="23.474306"><ele>2659.939452</ele><time>2026-09-14T02:17:20Z</time><extensions><speed>1.007966</speed><course>142.720095</course><hAcc>1.594356</hAcc><vAcc>4.646853</vAcc></extensions></trkpt>
      <trkpt lon="120.905815" lat="23.474299"><ele>2659.930921</ele><time>2026-09-14T02:17:21Z</time><extensions><speed>0.970343</speed><course>143.523970</course><hAcc>1.598265</hAcc><vAcc>4.647756</vAcc></extensions></trkpt>
      <trkpt lon="120.905820" lat="23.474292"><ele>2659.921619</ele><time>2026-09-14T02:17:22Z</time><extensions><speed>0.884722</speed><course>142.348979</course><hAcc>1.579511</hAcc><vAcc>4.648715</vAcc></extensions></trkpt>
      <trkpt lon="120.905825" lat="23.474286"><ele>2659.912764</ele><time>2026-09-14T02:17:23Z</time><extensions><speed>0.805141</speed><course>141.580298</course><hAcc>1.578829</hAcc><vAcc>4.649638</vAcc></extensions></trkpt>
      <trkpt lon="120.905830" lat="23.474280"><ele>2659.904340</ele><time>2026-09-14T02:17:24Z</time><extensions><speed>0.807797</speed><course>141.967294</course><hAcc>1.593464</hAcc><vAcc>4.650526</vAcc></extensions></trkpt>
      <trkpt lon="120.905835" lat="23.474274"><ele>2659.895136</ele><time>2026-09-14T02:17:25Z</time><extensions><speed>0.992368</speed><course>141.928149</course><hAcc>1.587891</hAcc><vAcc>4.651472</vAcc></extensions></trkpt>
      <trkpt lon="120.905841" lat="23.474267"><ele>2659.886366</ele><time>2026-09-14T02:17:26Z</time><extensions><speed>0.975959</speed><course>142.227609</course><hAcc>1.571191</hAcc><vAcc>4.652385</vAcc></extensions></trkpt>
      <trkpt lon="120.905846" lat="23.474260"><ele>2659.876821</ele><time>2026-09-14T02:17:27Z</time><extensions><speed>0.814702</speed><course>143.037197</course><hAcc>1.550178</hAcc><vAcc>4.653357</vAcc></extensions></trkpt>
      <trkpt lon="120.905851" lat="23.474255"><ele>2659.867716</ele><time>2026-09-14T02:17:28Z</time><extensions><speed>0.708105</speed><course>146.252155</course><hAcc>1.563701</hAcc><vAcc>4.654296</vAcc></extensions></trkpt>
      <trkpt lon="120.905854" lat="23.474249"><ele>2659.859040</ele><time>2026-09-14T02:17:29Z</time><extensions><speed>0.657111</speed><course>149.378962</course><hAcc>1.571557</hAcc><vAcc>4.655203</vAcc></extensions></trkpt>
      <trkpt lon="120.905857" lat="23.474244"><ele>2659.849588</ele><time>2026-09-14T02:17:30Z</time><extensions><speed>0.718057</speed><course>152.001836</course><hAcc>1.559726</hAcc><vAcc>4.656169</vAcc></extensions></trkpt>
      <trkpt lon="120.905861" lat="23.474238"><ele>2659.840573</ele><time>2026-09-14T02:17:31Z</time><extensions><speed>0.811818</speed><course>153.661672</course><hAcc>1.557437</hAcc><vAcc>4.657102</vAcc></extensions></trkpt>
      <trkpt lon="120.905864" lat="23.474231"><ele>2659.830793</ele><time>2026-09-14T02:17:32Z</time><extensions><speed>0.773499</speed><course>155.218468</course><hAcc>1.562814</hAcc><vAcc>4.658095</vAcc></extensions></trkpt>
      <trkpt lon="120.905867" lat="23.474225"><ele>2659.821459</ele><time>2026-09-14T02:17:33Z</time><extensions><speed>0.784720</speed><course>157.379116</course><hAcc>1.553148</hAcc><vAcc>4.659055</vAcc></extensions></trkpt>
      <trkpt lon="120.905870" lat="23.474218"><ele>2659.812561</ele><time>2026-09-14T02:17:34Z</time><extensions><speed>0.752438</speed><course>156.764962</course><hAcc>1.575755</hAcc><vAcc>4.659982</vAcc></extensions></trkpt>
      <trkpt lon="120.905873" lat="23.474212"><ele>2659.802897</ele><time>2026-09-14T02:17:35Z</time><extensions><speed>0.827437</speed><course>155.066371</course><hAcc>1.590964</hAcc><vAcc>4.660969</vAcc></extensions></trkpt>
      <trkpt lon="120.905877" lat="23.474205"><ele>2659.793677</ele><time>2026-09-14T02:17:36Z</time><extensions><speed>0.761709</speed><course>154.003243</course><hAcc>1.589358</hAcc><vAcc>4.661923</vAcc></extensions></trkpt>
      <trkpt lon="120.905880" lat="23.474199"><ele>2659.783703</ele><time>2026-09-14T02:17:37Z</time><extensions><speed>0.687920</speed><course>154.222306</course><hAcc>1.575258</hAcc><vAcc>4.662936</vAcc></extensions></trkpt>
      <trkpt lon="120.905883" lat="23.474194"><ele>2659.774185</ele><time>2026-09-14T02:17:38Z</time><extensions><speed>0.590115</speed><course>152.248620</course><hAcc>1.587950</hAcc><vAcc>4.663915</vAcc></extensions></trkpt>
      <trkpt lon="120.905886" lat="23.474190"><ele>2659.765111</ele><time>2026-09-14T02:17:39Z</time><extensions><speed>0.594242</speed><course>147.583827</course><hAcc>1.610989</hAcc><vAcc>4.664861</vAcc></extensions></trkpt>
      <trkpt lon="120.905889" lat="23.474185"><ele>2659.755281</ele><time>2026-09-14T02:17:40Z</time><extensions><speed>0.606190</speed><course>143.710761</course><hAcc>1.607995</hAcc><vAcc>4.665865</vAcc></extensions></trkpt>
      <trkpt lon="120.905893" lat="23.474180"><ele>2659.745905</ele><time>2026-09-14T02:17:41Z</time><extensions><speed>0.727268</speed><course>140.041565</course><hAcc>1.610170</hAcc><vAcc>4.666836</vAcc></extensions></trkpt>
      <trkpt lon="120.905898" lat="23.474175"><ele>2659.735787</ele><time>2026-09-14T02:17:42Z</time><extensions><speed>0.708747</speed><course>137.568891</course><hAcc>1.598551</hAcc><vAcc>4.667864</vAcc></extensions></trkpt>
      <trkpt lon="120.905903" lat="23.474171"><ele>2659.726132</ele><time>2026-09-14T02:17:43Z</time><extensions><speed>0.679593</speed><course>135.643030</course><hAcc>1.597420</hAcc><vAcc>4.668858</vAcc></extensions></trkpt>
      <trkpt lon="120.905908" lat="23.474166"><ele>2659.716929</ele><time>2026-09-14T02:17:44Z</time><extensions><speed>0.750811</speed><course>134.309229</course><hAcc>1.596720</hAcc><vAcc>4.669817</vAcc></extensions></trkpt>
      <trkpt lon="120.905913" lat="23.474161"><ele>2659.706984</ele><time>2026-09-14T02:17:45Z</time><extensions><speed>0.754051</speed><course>133.447812</course><hAcc>1.570287</hAcc><vAcc>4.670834</vAcc></extensions></trkpt>
      <trkpt lon="120.905919" lat="23.474156"><ele>2659.697500</ele><time>2026-09-14T02:17:46Z</time><extensions><speed>0.762528</speed><course>133.682559</course><hAcc>1.552051</hAcc><vAcc>4.671816</vAcc></extensions></trkpt>
      <trkpt lon="120.905924" lat="23.474151"><ele>2659.688465</ele><time>2026-09-14T02:17:47Z</time><extensions><speed>0.793700</speed><course>134.264093</course><hAcc>1.550450</hAcc><vAcc>4.672763</vAcc></extensions></trkpt>
      <trkpt lon="120.905930" lat="23.474147"><ele>2659.678686</ele><time>2026-09-14T02:17:48Z</time><extensions><speed>0.738571</speed><course>133.526477</course><hAcc>1.554074</hAcc><vAcc>4.673767</vAcc></extensions></trkpt>
      <trkpt lon="120.905934" lat="23.474143"><ele>2659.669364</ele><time>2026-09-14T02:17:49Z</time><extensions><speed>0.443690</speed><course>134.607731</course><hAcc>1.575327</hAcc><vAcc>4.674735</vAcc></extensions></trkpt>
      <trkpt lon="120.905938" lat="23.474139"><ele>2659.659307</ele><time>2026-09-14T02:17:50Z</time><extensions><speed>0.669828</speed><course>133.449962</course><hAcc>1.543832</hAcc><vAcc>4.675760</vAcc></extensions></trkpt>
      <trkpt lon="120.905943" lat="23.474134"><ele>2659.649714</ele><time>2026-09-14T02:17:51Z</time><extensions><speed>0.818617</speed><course>133.466125</course><hAcc>1.548056</hAcc><vAcc>4.676749</vAcc></extensions></trkpt>
      <trkpt lon="120.905949" lat="23.474129"><ele>2659.640577</ele><time>2026-09-14T02:17:52Z</time><extensions><speed>0.866194</speed><course>134.402905</course><hAcc>1.558541</hAcc><vAcc>4.677703</vAcc></extensions></trkpt>
      <trkpt lon="120.905955" lat="23.474123"><ele>2659.630702</ele><time>2026-09-14T02:17:53Z</time><extensions><speed>0.878386</speed><course>135.907341</course><hAcc>1.567185</hAcc><vAcc>4.678713</vAcc></extensions></trkpt>
      <trkpt lon="120.905961" lat="23.474118"><ele>2659.621289</ele><time>2026-09-14T02:17:54Z</time><extensions><speed>0.882568</speed><course>137.720249</course><hAcc>1.558794</hAcc><vAcc>4.679687</vAcc></extensions></trkpt>
      <trkpt lon="120.905967" lat="23.474112"><ele>2659.611148</ele><time>2026-09-14T02:17:55Z</time><extensions><speed>0.796339</speed><course>139.313446</course><hAcc>1.564184</hAcc><vAcc>4.680718</vAcc></extensions></trkpt>
      <trkpt lon="120.905971" lat="23.474107"><ele>2659.601473</ele><time>2026-09-14T02:17:56Z</time><extensions><speed>0.718313</speed><course>139.922864</course><hAcc>1.578739</hAcc><vAcc>4.681713</vAcc></extensions></trkpt>
      <trkpt lon="120.905976" lat="23.474101"><ele>2659.592251</ele><time>2026-09-14T02:17:57Z</time><extensions><speed>0.740731</speed><course>138.371654</course><hAcc>1.594062</hAcc><vAcc>4.682673</vAcc></extensions></trkpt>
      <trkpt lon="120.905981" lat="23.474096"><ele>2659.582299</ele><time>2026-09-14T02:17:58Z</time><extensions><speed>0.798853</speed><course>136.979182</course><hAcc>1.589824</hAcc><vAcc>4.683689</vAcc></extensions></trkpt>
      <trkpt lon="120.905986" lat="23.474091"><ele>2659.572807</ele><time>2026-09-14T02:17:59Z</time><extensions><speed>0.771368</speed><course>136.751369</course><hAcc>1.584413</hAcc><vAcc>4.684670</vAcc></extensions></trkpt>
      <trkpt lon="120.905992" lat="23.474086"><ele>2659.562590</ele><time>2026-09-14T02:18:00Z</time><extensions><speed>0.802714</speed><course>136.650267</course><hAcc>1.570363</hAcc><vAcc>4.685707</vAcc></extensions></trkpt>
      <trkpt lon="120.905997" lat="23.474081"><ele>2659.552842</ele><time>2026-09-14T02:18:01Z</time><extensions><speed>0.805036</speed><course>136.815512</course><hAcc>1.556064</hAcc><vAcc>4.686709</vAcc></extensions></trkpt>
      <trkpt lon="120.906003" lat="23.474075"><ele>2659.543551</ele><time>2026-09-14T02:18:02Z</time><extensions><speed>0.791982</speed><course>134.867070</course><hAcc>1.568325</hAcc><vAcc>4.687676</vAcc></extensions></trkpt>
      <trkpt lon="120.906009" lat="23.474070"><ele>2659.533533</ele><time>2026-09-14T02:18:03Z</time><extensions><speed>0.877098</speed><course>133.218618</course><hAcc>1.559336</hAcc><vAcc>4.688699</vAcc></extensions></trkpt>
      <trkpt lon="120.906015" lat="23.474065"><ele>2659.523980</ele><time>2026-09-14T02:18:04Z</time><extensions><speed>0.833598</speed><course>132.222466</course><hAcc>1.540326</hAcc><vAcc>4.689686</vAcc></extensions></trkpt>
      <trkpt lon="120.906021" lat="23.474060"><ele>2659.513709</ele><time>2026-09-14T02:18:05Z</time><extensions><speed>0.862084</speed><course>130.474534</course><hAcc>1.555283</hAcc><vAcc>4.690728</vAcc></extensions></trkpt>
      <trkpt lon="120.906027" lat="23.474055"><ele>2659.503909</ele><time>2026-09-14T02:18:06Z</time><extensions><speed>0.776811</speed><course>129.318608</course><hAcc>1.572435</hAcc><vAcc>4.691735</vAcc></extensions></trkpt>
      <trkpt lon="120.906033" lat="23.474051"><ele>2659.494569</ele><time>2026-09-14T02:18:07Z</time><extensions><speed>0.719067</speed><course>127.962346</course><hAcc>1.575370</hAcc><vAcc>4.692706</vAcc></extensions></trkpt>
      <trkpt lon="120.906038" lat="23.474048"><ele>2659.484509</ele><time>2026-09-14T02:18:08Z</time><extensions><speed>0.628156</speed><course>125.541228</course><hAcc>1.576706</hAcc><vAcc>4.693733</vAcc></extensions></trkpt>
      <trkpt lon="120.906043" lat="23.474044"><ele>2659.474915</ele><time>2026-09-14T02:18:09Z</time><extensions><speed>0.634900</speed><course>121.733164</course><hAcc>1.567341</hAcc><vAcc>4.694724</vAcc></extensions></trkpt>
      <trkpt lon="120.906049" lat="23.474042"><ele>2659.465776</ele><time>2026-09-14T02:18:10Z</time><extensions><speed>0.657880</speed><course>118.312238</course><hAcc>1.580286</hAcc><vAcc>4.695679</vAcc></extensions></trkpt>
      <trkpt lon="120.906055" lat="23.474039"><ele>2659.455911</ele><time>2026-09-14T02:18:11Z</time><extensions><speed>0.703320</speed><course>115.914014</course><hAcc>1.603881</hAcc><vAcc>4.696688</vAcc></extensions></trkpt>
      <trkpt lon="120.906061" lat="23.474036"><ele>2659.446506</ele><time>2026-09-14T02:18:12Z</time><extensions><speed>0.736504</speed><course>114.311353</course><hAcc>1.629608</hAcc><vAcc>4.697662</vAcc></extensions></trkpt>
      <trkpt lon="120.906068" lat="23.474034"><ele>2659.436387</ele><time>2026-09-14T02:18:13Z</time><extensions><speed>0.646076</speed><course>109.463056</course><hAcc>1.632342</hAcc><vAcc>4.698691</vAcc></extensions></trkpt>
      <trkpt lon="120.906073" lat="23.474032"><ele>2659.426736</ele><time>2026-09-14T02:18:14Z</time><extensions><speed>0.561274</speed><course>105.377494</course><hAcc>1.634314</hAcc><vAcc>4.699683</vAcc></extensions></trkpt>
      <trkpt lon="120.906079" lat="23.474031"><ele>2659.417539</ele><time>2026-09-14T02:18:15Z</time><extensions><speed>0.641491</speed><course>106.396312</course><hAcc>1.621644</hAcc><vAcc>4.700640</vAcc></extensions></trkpt>
      <trkpt lon="120.906085" lat="23.474029"><ele>2659.407623</ele><time>2026-09-14T02:18:16Z</time><extensions><speed>0.688063</speed><course>109.937024</course><hAcc>1.625630</hAcc><vAcc>4.701651</vAcc></extensions></trkpt>
      <trkpt lon="120.906091" lat="23.474026"><ele>2659.398169</ele><time>2026-09-14T02:18:17Z</time><extensions><speed>0.692756</speed><course>114.211424</course><hAcc>1.637504</hAcc><vAcc>4.702626</vAcc></extensions></trkpt>
      <trkpt lon="120.906097" lat="23.474024"><ele>2659.522044</ele><time>2026-09-14T02:18:18Z</time><extensions><speed>0.623257</speed><course>114.665600</course><hAcc>1.617327</hAcc><vAcc>4.703566</vAcc></extensions></trkpt>
      <trkpt lon="120.906103" lat="23.474021"><ele>2660.137012</ele><time>2026-09-14T02:18:19Z</time><extensions><speed>0.628515</speed><course>117.401130</course><hAcc>1.603598</hAcc><vAcc>4.704469</vAcc></extensions></trkpt>
      <trkpt lon="120.906108" lat="23.474018"><ele>2661.244352</ele><time>2026-09-14T02:18:20Z</time><extensions><speed>0.663845</speed><course>121.579932</course><hAcc>1.612036</hAcc><vAcc>4.705337</vAcc></extensions></trkpt>
      <trkpt lon="120.906113" lat="23.474015"><ele>2664.129783</ele><time>2026-09-14T02:18:21Z</time><extensions><speed>0.520869</speed><course>124.421918</course><hAcc>1.609146</hAcc><vAcc>4.658195</vAcc></extensions></trkpt>
      <trkpt lon="120.906118" lat="23.474012"><ele>2666.863613</ele><time>2026-09-14T02:18:22Z</time><extensions><speed>0.646887</speed><course>126.417733</course><hAcc>1.595468</hAcc><vAcc>4.612780</vAcc></extensions></trkpt>
      <trkpt lon="120.906123" lat="23.474009"><ele>2669.464932</ele><time>2026-09-14T02:18:23Z</time><extensions><speed>0.724217</speed><course>126.555867</course><hAcc>1.610819</hAcc><vAcc>4.568836</vAcc></extensions></trkpt>
      <trkpt lon="120.906129" lat="23.474004"><ele>2671.949899</ele><time>2026-09-14T02:18:24Z</time><extensions><speed>0.771829</speed><course>127.278382</course><hAcc>1.604244</hAcc><vAcc>4.526132</vAcc></extensions></trkpt>
      <trkpt lon="120.906135" lat="23.474000"><ele>2674.331128</ele><time>2026-09-14T02:18:25Z</time><extensions><speed>0.773558</speed><course>128.140487</course><hAcc>1.618520</hAcc><vAcc>4.484498</vAcc></extensions></trkpt>
      <trkpt lon="120.906141" lat="23.473996"><ele>2676.618191</ele><time>2026-09-14T02:18:26Z</time><extensions><speed>0.749985</speed><course>130.228814</course><hAcc>1.607830</hAcc><vAcc>4.443822</vAcc></extensions></trkpt>
      <trkpt lon="120.906146" lat="23.473991"><ele>2678.818789</ele><time>2026-09-14T02:18:27Z</time><extensions><speed>0.714288</speed><course>132.008949</course><hAcc>1.604108</hAcc><vAcc>4.404014</vAcc></extensions></trkpt>
      <trkpt lon="120.906151" lat="23.473987"><ele>2680.937164</ele><time>2026-09-14T02:18:28Z</time><extensions><speed>0.669437</speed><course>132.788096</course><hAcc>1.611261</hAcc><vAcc>4.365070</vAcc></extensions></trkpt>
      <trkpt lon="120.906156" lat="23.473983"><ele>2682.975261</ele><time>2026-09-14T02:18:29Z</time><extensions><speed>0.605712</speed><course>131.859715</course><hAcc>1.629658</hAcc><vAcc>4.327033</vAcc></extensions></trkpt>
      <trkpt lon="120.906160" lat="23.473980"><ele>2684.932000</ele><time>2026-09-14T02:18:30Z</time><extensions><speed>0.629050</speed><course>129.332493</course><hAcc>1.645502</hAcc><vAcc>4.290054</vAcc></extensions></trkpt>
      <trkpt lon="120.906165" lat="23.473976"><ele>2686.804304</ele><time>2026-09-14T02:18:31Z</time><extensions><speed>0.510015</speed><course>130.594494</course><hAcc>1.641559</hAcc><vAcc>4.254406</vAcc></extensions></trkpt>
      <trkpt lon="120.906168" lat="23.473973"><ele>2688.589731</ele><time>2026-09-14T02:18:32Z</time><extensions><speed>0.534494</speed><course>132.900057</course><hAcc>1.620656</hAcc><vAcc>4.220404</vAcc></extensions></trkpt>
      <trkpt lon="120.906172" lat="23.473970"><ele>2690.287503</ele><time>2026-09-14T02:18:33Z</time><extensions><speed>0.555177</speed><course>134.493375</course><hAcc>1.634986</hAcc><vAcc>4.188290</vAcc></extensions></trkpt>
      <trkpt lon="120.906176" lat="23.473966"><ele>2691.898704</ele><time>2026-09-14T02:18:34Z</time><extensions><speed>0.581330</speed><course>135.490242</course><hAcc>1.649068</hAcc><vAcc>4.158196</vAcc></extensions></trkpt>
      <trkpt lon="120.906180" lat="23.473962"><ele>2693.426185</ele><time>2026-09-14T02:18:35Z</time><extensions><speed>0.601318</speed><course>135.632099</course><hAcc>1.653473</hAcc><vAcc>4.130145</vAcc></extensions></trkpt>
      <trkpt lon="120.906184" lat="23.473958"><ele>2694.873157</ele><time>2026-09-14T02:18:36Z</time><extensions><speed>0.548234</speed><course>136.818981</course><hAcc>1.660276</hAcc><vAcc>4.104120</vAcc></extensions></trkpt>
      <trkpt lon="120.906187" lat="23.473955"><ele>2696.243654</ele><time>2026-09-14T02:18:37Z</time><extensions><speed>0.509701</speed><course>138.971167</course><hAcc>1.655426</hAcc><vAcc>4.080050</vAcc></extensions></trkpt>
      <trkpt lon="120.906191" lat="23.473951"><ele>2697.541689</ele><time>2026-09-14T02:18:38Z</time><extensions><speed>0.606912</speed><course>138.897924</course><hAcc>1.631073</hAcc><vAcc>4.057843</vAcc></extensions></trkpt>
      <trkpt lon="120.906195" lat="23.473946"><ele>2698.771134</ele><time>2026-09-14T02:18:39Z</time><extensions><speed>0.744433</speed><course>135.405483</course><hAcc>1.628023</hAcc><vAcc>4.037405</vAcc></extensions></trkpt>
      <trkpt lon="120.906201" lat="23.473941"><ele>2699.936122</ele><time>2026-09-14T02:18:40Z</time><extensions><speed>0.830891</speed><course>132.023325</course><hAcc>1.637720</hAcc><vAcc>4.018616</vAcc></extensions></trkpt>
      <trkpt lon="120.906207" lat="23.473936"><ele>2701.040323</ele><time>2026-09-14T02:18:41Z</time><extensions><speed>0.812473</speed><course>132.515317</course><hAcc>1.626263</hAcc><vAcc>4.001371</vAcc></extensions></trkpt>
      <trkpt lon="120.906213" lat="23.473932"><ele>2702.087529</ele><time>2026-09-14T02:18:42Z</time><extensions><speed>0.764551</speed><course>131.846237</course><hAcc>1.634589</hAcc><vAcc>3.985552</vAcc></extensions></trkpt>
      <trkpt lon="120.906218" lat="23.473927"><ele>2703.081177</ele><time>2026-09-14T02:18:43Z</time><extensions><speed>0.626386</speed><course>135.935828</course><hAcc>1.614548</hAcc><vAcc>3.971051</vAcc></extensions></trkpt>
      <trkpt lon="120.906222" lat="23.473923"><ele>2704.024367</ele><time>2026-09-14T02:18:44Z</time><extensions><speed>0.610284</speed><course>137.846846</course><hAcc>1.591927</hAcc><vAcc>3.957772</vAcc></extensions></trkpt>
      <trkpt lon="120.906226" lat="23.473919"><ele>2704.920263</ele><time>2026-09-14T02:18:45Z</time><extensions><speed>0.624231</speed><course>136.848888</course><hAcc>1.588805</hAcc><vAcc>3.945612</vAcc></extensions></trkpt>
      <trkpt lon="120.906231" lat="23.473915"><ele>2705.771575</ele><time>2026-09-14T02:18:46Z</time><extensions><speed>0.684577</speed><course>132.035641</course><hAcc>1.601383</hAcc><vAcc>3.934487</vAcc></extensions></trkpt>
      <trkpt lon="120.906236" lat="23.473911"><ele>2706.581064</ele><time>2026-09-14T02:18:47Z</time><extensions><speed>0.720157</speed><course>128.252978</course><hAcc>1.592944</hAcc><vAcc>3.924305</vAcc></extensions></trkpt>
      <trkpt lon="120.906242" lat="23.473907"><ele>2707.351188</ele><time>2026-09-14T02:18:48Z</time><extensions><speed>0.701431</speed><course>124.518347</course><hAcc>1.578019</hAcc><vAcc>3.914990</vAcc></extensions></trkpt>
      <trkpt lon="120.906248" lat="23.473904"><ele>2708.084131</ele><time>2026-09-14T02:18:49Z</time><extensions><speed>0.793360</speed><course>120.248817</course><hAcc>1.594607</hAcc><vAcc>3.906473</vAcc></extensions></trkpt>
      <trkpt lon="120.906254" lat="23.473901"><ele>2708.782138</ele><time>2026-09-14T02:18:50Z</time><extensions><speed>0.730348</speed><course>115.937120</course><hAcc>1.605099</hAcc><vAcc>3.898683</vAcc></extensions></trkpt>
      <trkpt lon="120.906261" lat="23.473898"><ele>2709.447102</ele><time>2026-09-14T02:18:51Z</time><extensions><speed>0.732931</speed><course>113.798893</course><hAcc>1.597650</hAcc><vAcc>3.891563</vAcc></extensions></trkpt>
      <trkpt lon="120.906267" lat="23.473896"><ele>2710.080978</ele><time>2026-09-14T02:18:52Z</time><extensions><speed>0.653623</speed><course>110.687503</course><hAcc>1.588358</hAcc><vAcc>3.885052</vAcc></extensions></trkpt>
      <trkpt lon="120.906273" lat="23.473894"><ele>2710.685497</ele><time>2026-09-14T02:18:53Z</time><extensions><speed>0.636410</speed><course>108.496965</course><hAcc>1.603130</hAcc><vAcc>3.879099</vAcc></extensions></trkpt>
      <trkpt lon="120.906279" lat="23.473892"><ele>2711.262187</ele><time>2026-09-14T02:18:54Z</time><extensions><speed>0.644251</speed><course>107.673721</course><hAcc>1.629823</hAcc><vAcc>3.873660</vAcc></extensions></trkpt>
      <trkpt lon="120.906285" lat="23.473891"><ele>2711.812649</ele><time>2026-09-14T02:18:55Z</time><extensions><speed>0.604998</speed><course>102.302696</course><hAcc>1.624545</hAcc><vAcc>3.868687</vAcc></extensions></trkpt>
      <trkpt lon="120.906291" lat="23.473890"><ele>2712.338295</ele><time>2026-09-14T02:18:56Z</time><extensions><speed>0.584387</speed><course>96.495451</course><hAcc>1.608541</hAcc><vAcc>3.864141</vAcc></extensions></trkpt>
      <trkpt lon="120.906297" lat="23.473889"><ele>2712.840373</ele><time>2026-09-14T02:18:57Z</time><extensions><speed>0.669431</speed><course>96.019003</course><hAcc>1.590189</hAcc><vAcc>3.859989</vAcc></extensions></trkpt>
      <trkpt lon="120.906304" lat="23.473888"><ele>2713.320203</ele><time>2026-09-14T02:18:58Z</time><extensions><speed>0.636256</speed><course>96.372830</course><hAcc>1.581411</hAcc><vAcc>3.856193</vAcc></extensions></trkpt>
      <trkpt lon="120.906310" lat="23.473888"><ele>2713.778877</ele><time>2026-09-14T02:18:59Z</time><extensions><speed>0.726563</speed><course>99.635876</course><hAcc>1.556120</hAcc><vAcc>3.852728</vAcc></extensions></trkpt>
      <trkpt lon="120.906318" lat="23.473886"><ele>2714.217564</ele><time>2026-09-14T02:19:00Z</time><extensions><speed>0.831202</speed><course>106.559362</course><hAcc>1.558049</hAcc><vAcc>3.849561</vAcc></extensions></trkpt>
      <trkpt lon="120.906325" lat="23.473884"><ele>2714.637289</ele><time>2026-09-14T02:19:01Z</time><extensions><speed>0.817029</speed><course>111.995508</course><hAcc>1.582370</hAcc><vAcc>3.846666</vAcc></extensions></trkpt>
      <trkpt lon="120.906333" lat="23.473881"><ele>2715.038955</ele><time>2026-09-14T02:19:02Z</time><extensions><speed>0.916435</speed><course>110.982451</course><hAcc>1.532914</hAcc><vAcc>3.844023</vAcc></extensions></trkpt>
      <trkpt lon="120.906342" lat="23.473878"><ele>2715.423537</ele><time>2026-09-14T02:19:03Z</time><extensions><speed>0.937433</speed><course>112.331674</course><hAcc>1.509600</hAcc><vAcc>3.841608</vAcc></extensions></trkpt>
      <trkpt lon="120.906350" lat="23.473874"><ele>2715.791837</ele><time>2026-09-14T02:19:04Z</time><extensions><speed>0.911574</speed><course>112.930335</course><hAcc>1.501454</hAcc><vAcc>3.839405</vAcc></extensions></trkpt>
      <trkpt lon="120.906359" lat="23.473871"><ele>2716.144723</ele><time>2026-09-14T02:19:05Z</time><extensions><speed>0.965863</speed><course>115.399384</course><hAcc>1.544112</hAcc><vAcc>3.837392</vAcc></extensions></trkpt>
      <trkpt lon="120.906368" lat="23.473867"><ele>2716.482960</ele><time>2026-09-14T02:19:06Z</time><extensions><speed>1.110712</speed><course>115.824180</course><hAcc>1.549320</hAcc><vAcc>3.835553</vAcc></extensions></trkpt>
      <trkpt lon="120.906377" lat="23.473863"><ele>2716.807214</ele><time>2026-09-14T02:19:07Z</time><extensions><speed>0.926586</speed><course>115.978168</course><hAcc>1.578319</hAcc><vAcc>3.833875</vAcc></extensions></trkpt>
      <trkpt lon="120.906384" lat="23.473860"><ele>2717.118215</ele><time>2026-09-14T02:19:08Z</time><extensions><speed>0.636827</speed><course>113.620233</course><hAcc>1.543864</hAcc><vAcc>3.832343</vAcc></extensions></trkpt>
      <trkpt lon="120.906390" lat="23.473857"><ele>2717.416562</ele><time>2026-09-14T02:19:09Z</time><extensions><speed>0.726316</speed><course>114.319500</course><hAcc>1.544684</hAcc><vAcc>3.830946</vAcc></extensions></trkpt>
      <trkpt lon="120.906396" lat="23.473854"><ele>2717.702915</ele><time>2026-09-14T02:19:10Z</time><extensions><speed>0.739320</speed><course>116.765833</course><hAcc>1.571001</hAcc><vAcc>3.829670</vAcc></extensions></trkpt>
      <trkpt lon="120.906403" lat="23.473851"><ele>2717.977852</ele><time>2026-09-14T02:19:11Z</time><extensions><speed>0.782529</speed><course>119.301520</course><hAcc>1.586814</hAcc><vAcc>3.828504</vAcc></extensions></trkpt>
      <trkpt lon="120.906410" lat="23.473848"><ele>2718.241880</ele><time>2026-09-14T02:19:12Z</time><extensions><speed>0.847301</speed><course>120.211721</course><hAcc>1.609190</hAcc><vAcc>3.827442</vAcc></extensions></trkpt>
      <trkpt lon="120.906417" lat="23.473844"><ele>2718.495543</ele><time>2026-09-14T02:19:13Z</time><extensions><speed>0.834152</speed><course>120.056126</course><hAcc>1.626311</hAcc><vAcc>3.826472</vAcc></extensions></trkpt>
      <trkpt lon="120.906423" lat="23.473840"><ele>2718.739299</ele><time>2026-09-14T02:19:14Z</time><extensions><speed>0.746939</speed><course>118.982281</course><hAcc>1.644906</hAcc><vAcc>3.825590</vAcc></extensions></trkpt>
      <trkpt lon="120.906429" lat="23.473837"><ele>2718.973664</ele><time>2026-09-14T02:19:15Z</time><extensions><speed>0.667722</speed><course>118.876557</course><hAcc>1.606980</hAcc><vAcc>3.824784</vAcc></extensions></trkpt>
      <trkpt lon="120.906435" lat="23.473835"><ele>2719.199075</ele><time>2026-09-14T02:19:16Z</time><extensions><speed>0.555051</speed><course>118.421761</course><hAcc>1.605007</hAcc><vAcc>3.824048</vAcc></extensions></trkpt>
      <trkpt lon="120.906439" lat="23.473832"><ele>2719.415917</ele><time>2026-09-14T02:19:17Z</time><extensions><speed>0.547613</speed><course>119.260213</course><hAcc>1.622767</hAcc><vAcc>3.823379</vAcc></extensions></trkpt>
      <trkpt lon="120.906444" lat="23.473830"><ele>2719.624620</ele><time>2026-09-14T02:19:18Z</time><extensions><speed>0.542522</speed><course>120.571868</course><hAcc>1.634114</hAcc><vAcc>3.822768</vAcc></extensions></trkpt>
      <trkpt lon="120.906448" lat="23.473827"><ele>2719.825565</ele><time>2026-09-14T02:19:19Z</time><extensions><speed>0.559050</speed><course>120.920103</course><hAcc>1.630182</hAcc><vAcc>3.822211</vAcc></extensions></trkpt>
      <trkpt lon="120.906453" lat="23.473824"><ele>2720.019082</ele><time>2026-09-14T02:19:20Z</time><extensions><speed>0.588241</speed><course>121.762282</course><hAcc>1.618583</hAcc><vAcc>3.821704</vAcc></extensions></trkpt>
      <trkpt lon="120.906458" lat="23.473822"><ele>2720.205544</ele><time>2026-09-14T02:19:21Z</time><extensions><speed>0.548191</speed><course>123.083921</course><hAcc>1.617844</hAcc><vAcc>3.821242</vAcc></extensions></trkpt>
      <trkpt lon="120.906462" lat="23.473819"><ele>2720.385063</ele><time>2026-09-14T02:19:22Z</time><extensions><speed>0.507783</speed><course>123.924696</course><hAcc>1.632717</hAcc><vAcc>3.820821</vAcc></extensions></trkpt>
      <trkpt lon="120.906466" lat="23.473817"><ele>2720.557625</ele><time>2026-09-14T02:19:23Z</time><extensions><speed>0.372871</speed><course>127.551709</course><hAcc>1.634613</hAcc><vAcc>3.820436</vAcc></extensions></trkpt>
      <trkpt lon="120.906468" lat="23.473815"><ele>2720.723522</ele><time>2026-09-14T02:19:24Z</time><extensions><speed>0.355717</speed><course>128.822130</course><hAcc>1.645931</hAcc><vAcc>3.820085</vAcc></extensions></trkpt>
      <trkpt lon="120.906470" lat="23.473813"><ele>2720.884002</ele><time>2026-09-14T02:19:25Z</time><extensions><speed>0.239346</speed><course>139.643219</course><hAcc>1.646933</hAcc><vAcc>3.819725</vAcc></extensions></trkpt>
      <trkpt lon="120.906472" lat="23.473811"><ele>2721.038876</ele><time>2026-09-14T02:19:26Z</time><extensions><speed>0.206842</speed><course>158.540168</course><hAcc>1.632625</hAcc><vAcc>3.819393</vAcc></extensions></trkpt>
      <trkpt lon="120.906472" lat="23.473809"><ele>2721.188378</ele><time>2026-09-14T02:19:27Z</time><extensions><speed>0.252336</speed><course>153.378415</course><hAcc>1.649264</hAcc><vAcc>3.819088</vAcc></extensions></trkpt>
      <trkpt lon="120.906474" lat="23.473807"><ele>2721.332769</ele><time>2026-09-14T02:19:28Z</time><extensions><speed>0.293810</speed><course>146.533197</course><hAcc>1.676151</hAcc><vAcc>3.818806</vAcc></extensions></trkpt>
      <trkpt lon="120.906476" lat="23.473805"><ele>2721.472280</ele><time>2026-09-14T02:19:29Z</time><extensions><speed>0.325574</speed><course>141.965092</course><hAcc>1.699673</hAcc><vAcc>3.818544</vAcc></extensions></trkpt>
      <trkpt lon="120.906478" lat="23.473802"><ele>2721.607120</ele><time>2026-09-14T02:19:30Z</time><extensions><speed>0.345188</speed><course>137.937490</course><hAcc>1.717850</hAcc><vAcc>3.818303</vAcc></extensions></trkpt>
      <trkpt lon="120.906480" lat="23.473800"><ele>2721.737522</ele><time>2026-09-14T02:19:31Z</time><extensions><speed>0.276725</speed><course>143.211693</course><hAcc>1.722200</hAcc><vAcc>3.818079</vAcc></extensions></trkpt>
      <trkpt lon="120.906481" lat="23.473798"><ele>2721.863675</ele><time>2026-09-14T02:19:32Z</time><extensions><speed>0.249593</speed><course>148.622580</course><hAcc>1.716978</hAcc><vAcc>3.817871</vAcc></extensions></trkpt>
      <trkpt lon="120.906482" lat="23.473797"><ele>2721.985782</ele><time>2026-09-14T02:19:33Z</time><extensions><speed>0.204684</speed><course>154.513203</course><hAcc>1.717227</hAcc><vAcc>3.817679</vAcc></extensions></trkpt>
      <trkpt lon="120.906483" lat="23.473795"><ele>2722.104028</ele><time>2026-09-14T02:19:34Z</time><extensions><speed>0.223651</speed><course>145.738690</course><hAcc>1.716185</hAcc><vAcc>3.817500</vAcc></extensions></trkpt>
      <trkpt lon="120.906485" lat="23.473793"><ele>2722.218595</ele><time>2026-09-14T02:19:35Z</time><extensions><speed>0.365574</speed><course>129.211899</course><hAcc>1.714975</hAcc><vAcc>3.817335</vAcc></extensions></trkpt>
      <trkpt lon="120.906489" lat="23.473791"><ele>2722.329661</ele><time>2026-09-14T02:19:36Z</time><extensions><speed>0.480165</speed><course>120.162367</course><hAcc>1.732675</hAcc><vAcc>3.817182</vAcc></extensions></trkpt>
      <trkpt lon="120.906493" lat="23.473789"><ele>2722.437383</ele><time>2026-09-14T02:19:37Z</time><extensions><speed>0.478203</speed><course>115.367954</course><hAcc>1.727429</hAcc><vAcc>3.817041</vAcc></extensions></trkpt>
      <trkpt lon="120.906497" lat="23.473787"><ele>2722.541915</ele><time>2026-09-14T02:19:38Z</time><extensions><speed>0.499317</speed><course>110.819702</course><hAcc>1.690345</hAcc><vAcc>3.816912</vAcc></extensions></trkpt>
      <trkpt lon="120.906502" lat="23.473786"><ele>2722.643400</ele><time>2026-09-14T02:19:39Z</time><extensions><speed>0.549166</speed><course>106.508528</course><hAcc>1.669407</hAcc><vAcc>3.816794</vAcc></extensions></trkpt>
      <trkpt lon="120.906508" lat="23.473784"><ele>2722.741978</ele><time>2026-09-14T02:19:40Z</time><extensions><speed>0.706095</speed><course>106.108781</course><hAcc>1.679788</hAcc><vAcc>3.816685</vAcc></extensions></trkpt>
      <trkpt lon="120.906515" lat="23.473782"><ele>2722.837779</ele><time>2026-09-14T02:19:41Z</time><extensions><speed>0.757230</speed><course>107.668359</course><hAcc>1.710333</hAcc><vAcc>3.816586</vAcc></extensions></trkpt>
      <trkpt lon="120.906522" lat="23.473780"><ele>2722.930930</ele><time>2026-09-14T02:19:42Z</time><extensions><speed>0.685270</speed><course>106.672031</course><hAcc>1.704719</hAcc><vAcc>3.816495</vAcc></extensions></trkpt>
      <trkpt lon="120.906527" lat="23.473779"><ele>2723.021550</ele><time>2026-09-14T02:19:43Z</time><extensions><speed>0.440516</speed><course>100.097947</course><hAcc>1.675377</hAcc><vAcc>3.816412</vAcc></extensions></trkpt>
      <trkpt lon="120.906531" lat="23.473778"><ele>2723.109752</ele><time>2026-09-14T02:19:44Z</time><extensions><speed>0.482989</speed><course>102.959262</course><hAcc>1.662599</hAcc><vAcc>3.816336</vAcc></extensions></trkpt>
      <trkpt lon="120.906537" lat="23.473777"><ele>2723.195647</ele><time>2026-09-14T02:19:45Z</time><extensions><speed>0.629425</speed><course>108.241873</course><hAcc>1.686629</hAcc><vAcc>3.816267</vAcc></extensions></trkpt>
      <trkpt lon="120.906543" lat="23.473775"><ele>2723.279339</ele><time>2026-09-14T02:19:46Z</time><extensions><speed>0.643551</speed><course>109.424425</course><hAcc>1.721207</hAcc><vAcc>3.816203</vAcc></extensions></trkpt>
      <trkpt lon="120.906548" lat="23.473774"><ele>2723.360926</ele><time>2026-09-14T02:19:47Z</time><extensions><speed>0.500090</speed><course>103.499050</course><hAcc>1.708196</hAcc><vAcc>3.816145</vAcc></extensions></trkpt>
      <trkpt lon="120.906553" lat="23.473773"><ele>2723.440504</ele><time>2026-09-14T02:19:48Z</time><extensions><speed>0.530305</speed><course>101.313723</course><hAcc>1.690381</hAcc><vAcc>3.816091</vAcc></extensions></trkpt>
      <trkpt lon="120.906559" lat="23.473771"><ele>2723.518157</ele><time>2026-09-14T02:19:49Z</time><extensions><speed>0.670750</speed><course>104.746873</course><hAcc>1.695137</hAcc><vAcc>3.816042</vAcc></extensions></trkpt>
      <trkpt lon="120.906565" lat="23.473770"><ele>2723.593978</ele><time>2026-09-14T02:19:50Z</time><extensions><speed>0.689114</speed><course>106.779920</course><hAcc>1.716091</hAcc><vAcc>3.815997</vAcc></extensions></trkpt>
      <trkpt lon="120.906572" lat="23.473768"><ele>2723.668041</ele><time>2026-09-14T02:19:51Z</time><extensions><speed>0.674541</speed><course>107.321976</course><hAcc>1.729349</hAcc><vAcc>3.815955</vAcc></extensions></trkpt>
      <trkpt lon="120.906578" lat="23.473766"><ele>2723.740425</ele><time>2026-09-14T02:19:52Z</time><extensions><speed>0.661439</speed><course>107.213433</course><hAcc>1.734790</hAcc><vAcc>3.815917</vAcc></extensions></trkpt>
      <trkpt lon="120.906584" lat="23.473765"><ele>2723.811215</ele><time>2026-09-14T02:19:53Z</time><extensions><speed>0.621265</speed><course>105.344725</course><hAcc>1.735619</hAcc><vAcc>3.815881</vAcc></extensions></trkpt>
      <trkpt lon="120.906590" lat="23.473763"><ele>2723.880469</ele><time>2026-09-14T02:19:54Z</time><extensions><speed>0.571907</speed><course>99.572915</course><hAcc>1.725226</hAcc><vAcc>3.815848</vAcc></extensions></trkpt>
      <trkpt lon="120.906596" lat="23.473763"><ele>2723.948272</ele><time>2026-09-14T02:19:55Z</time><extensions><speed>0.676717</speed><course>98.537169</course><hAcc>1.721699</hAcc><vAcc>3.815816</vAcc></extensions></trkpt>
      <trkpt lon="120.906603" lat="23.473762"><ele>2724.014674</ele><time>2026-09-14T02:19:56Z</time><extensions><speed>0.749624</speed><course>99.590973</course><hAcc>1.736032</hAcc><vAcc>3.815787</vAcc></extensions></trkpt>
      <trkpt lon="120.906610" lat="23.473760"><ele>2724.079740</ele><time>2026-09-14T02:19:57Z</time><extensions><speed>0.722690</speed><course>100.472420</course><hAcc>1.749259</hAcc><vAcc>3.815760</vAcc></extensions></trkpt>
      <trkpt lon="120.906617" lat="23.473759"><ele>2724.143543</ele><time>2026-09-14T02:19:58Z</time><extensions><speed>0.792916</speed><course>101.004298</course><hAcc>1.726902</hAcc><vAcc>3.815733</vAcc></extensions></trkpt>
      <trkpt lon="120.906625" lat="23.473757"><ele>2724.206123</ele><time>2026-09-14T02:19:59Z</time><extensions><speed>0.859658</speed><course>104.704622</course><hAcc>1.718769</hAcc><vAcc>3.815709</vAcc></extensions></trkpt>
      <trkpt lon="120.906633" lat="23.473755"><ele>2724.267555</ele><time>2026-09-14T02:20:00Z</time><extensions><speed>0.797988</speed><course>107.062107</course><hAcc>1.725105</hAcc><vAcc>3.815684</vAcc></extensions></trkpt>
      <trkpt lon="120.906640" lat="23.473753"><ele>2724.327867</ele><time>2026-09-14T02:20:01Z</time><extensions><speed>0.713643</speed><course>108.338713</course><hAcc>1.731545</hAcc><vAcc>3.815661</vAcc></extensions></trkpt>
      <trkpt lon="120.906646" lat="23.473751"><ele>2724.387110</ele><time>2026-09-14T02:20:02Z</time><extensions><speed>0.753032</speed><course>109.120149</course><hAcc>1.717040</hAcc><vAcc>3.815639</vAcc></extensions></trkpt>
      <trkpt lon="120.906653" lat="23.473749"><ele>2724.445353</ele><time>2026-09-14T02:20:03Z</time><extensions><speed>0.720889</speed><course>109.400412</course><hAcc>1.697519</hAcc><vAcc>3.815617</vAcc></extensions></trkpt>
      <trkpt lon="120.906660" lat="23.473746"><ele>2724.502616</ele><time>2026-09-14T02:20:04Z</time><extensions><speed>0.808129</speed><course>112.013529</course><hAcc>1.677747</hAcc><vAcc>3.815596</vAcc></extensions></trkpt>
      <trkpt lon="120.906667" lat="23.473743"><ele>2724.558940</ele><time>2026-09-14T02:20:05Z</time><extensions><speed>0.800926</speed><course>114.949009</course><hAcc>1.666501</hAcc><vAcc>3.815576</vAcc></extensions></trkpt>
      <trkpt lon="120.906674" lat="23.473740"><ele>2724.614396</ele><time>2026-09-14T02:20:06Z</time><extensions><speed>0.757440</speed><course>117.770781</course><hAcc>1.644838</hAcc><vAcc>3.815555</vAcc></extensions></trkpt>
      <trkpt lon="120.906680" lat="23.473737"><ele>2724.668993</ele><time>2026-09-14T02:20:07Z</time><extensions><speed>0.638602</speed><course>120.854428</course><hAcc>1.624299</hAcc><vAcc>3.815535</vAcc></extensions></trkpt>
      <trkpt lon="120.906685" lat="23.473734"><ele>2724.722802</ele><time>2026-09-14T02:20:08Z</time><extensions><speed>0.638237</speed><course>128.073579</course><hAcc>1.603878</hAcc><vAcc>3.815514</vAcc></extensions></trkpt>
      <trkpt lon="120.906690" lat="23.473730"><ele>2724.775826</ele><time>2026-09-14T02:20:09Z</time><extensions><speed>0.688309</speed><course>128.635521</course><hAcc>1.614889</hAcc><vAcc>3.815493</vAcc></extensions></trkpt>
      <trkpt lon="120.906695" lat="23.473726"><ele>2724.828102</ele><time>2026-09-14T02:20:10Z</time><extensions><speed>0.725352</speed><course>127.069390</course><hAcc>1.630735</hAcc><vAcc>3.815474</vAcc></extensions></trkpt>
      <trkpt lon="120.906700" lat="23.473722"><ele>2724.879691</ele><time>2026-09-14T02:20:11Z</time><extensions><speed>0.673823</speed><course>132.366454</course><hAcc>1.614739</hAcc><vAcc>3.815452</vAcc></extensions></trkpt>
      <trkpt lon="120.906705" lat="23.473718"><ele>2724.930590</ele><time>2026-09-14T02:20:12Z</time><extensions><speed>0.540202</speed><course>137.416952</course><hAcc>1.622447</hAcc><vAcc>3.815432</vAcc></extensions></trkpt>
      <trkpt lon="120.906707" lat="23.473715"><ele>2724.980868</ele><time>2026-09-14T02:20:13Z</time><extensions><speed>0.357198</speed><course>156.366615</course><hAcc>1.626169</hAcc><vAcc>3.815409</vAcc></extensions></trkpt>
      <trkpt lon="120.906708" lat="23.473712"><ele>2725.030517</ele><time>2026-09-14T02:20:14Z</time><extensions><speed>0.279135</speed><course>187.672206</course><hAcc>1.634970</hAcc><vAcc>3.815387</vAcc></extensions></trkpt>
      <trkpt lon="120.906707" lat="23.473710"><ele>2725.079564</ele><time>2026-09-14T02:20:15Z</time><extensions><speed>0.266204</speed><course>202.322900</course><hAcc>1.660018</hAcc><vAcc>3.815366</vAcc></extensions></trkpt>
      <trkpt lon="120.906706" lat="23.473708"><ele>2725.128073</ele><time>2026-09-14T02:20:16Z</time><extensions><speed>0.251241</speed><course>214.358542</course><hAcc>1.689278</hAcc><vAcc>3.815342</vAcc></extensions></trkpt>
      <trkpt lon="120.906704" lat="23.473706"><ele>2725.176027</ele><time>2026-09-14T02:20:17Z</time><extensions><speed>0.234876</speed><course>218.672208</course><hAcc>1.711189</hAcc><vAcc>3.815319</vAcc></extensions></trkpt>
      <trkpt lon="120.906703" lat="23.473704"><ele>2725.223495</ele><time>2026-09-14T02:20:18Z</time><extensions><speed>0.214677</speed><course>217.941563</course><hAcc>1.722168</hAcc><vAcc>3.815293</vAcc></extensions></trkpt>
      <trkpt lon="120.906702" lat="23.473703"><ele>2725.270456</ele><time>2026-09-14T02:20:19Z</time><extensions><speed>0.156756</speed><course>221.382836</course><hAcc>1.738709</hAcc><vAcc>3.815268</vAcc></extensions></trkpt>
      <trkpt lon="120.906701" lat="23.473702"><ele>2725.316933</ele><time>2026-09-14T02:20:20Z</time><extensions><speed>0.117400</speed><course>225.609133</course><hAcc>1.731267</hAcc><vAcc>3.815244</vAcc></extensions></trkpt>
      <trkpt lon="120.906700" lat="23.473702"><ele>2725.362994</ele><time>2026-09-14T02:20:21Z</time><extensions><speed>0.071520</speed><course>226.068745</course><hAcc>1.730412</hAcc><vAcc>3.815217</vAcc></extensions></trkpt>
      <trkpt lon="120.906700" lat="23.473701"><ele>2725.408608</ele><time>2026-09-14T02:20:22Z</time><extensions><speed>0.031889</speed><course>236.795931</course><hAcc>1.737744</hAcc><vAcc>3.815191</vAcc></extensions></trkpt>
      <trkpt lon="120.906700" lat="23.473701"><ele>2725.453847</ele><time>2026-09-14T02:20:23Z</time><extensions><speed>0.016970</speed><course>127.170601</course><hAcc>1.743659</hAcc><vAcc>3.815161</vAcc></extensions></trkpt>
      <trkpt lon="120.906700" lat="23.473701"><ele>2725.498673</ele><time>2026-09-14T02:20:24Z</time><extensions><speed>0.062211</speed><course>126.706487</course><hAcc>1.747477</hAcc><vAcc>3.815132</vAcc></extensions></trkpt>
      <trkpt lon="120.906701" lat="23.473700"><ele>2725.543106</ele><time>2026-09-14T02:20:25Z</time><extensions><speed>0.097426</speed><course>146.635338</course><hAcc>1.749412</hAcc><vAcc>3.815104</vAcc></extensions></trkpt>
      <trkpt lon="120.906701" lat="23.473699"><ele>2725.587213</ele><time>2026-09-14T02:20:26Z</time><extensions><speed>0.113632</speed><course>178.312570</course><hAcc>1.751227</hAcc><vAcc>3.815073</vAcc></extensions></trkpt>
      <trkpt lon="120.906701" lat="23.473698"><ele>2725.630958</ele><time>2026-09-14T02:20:27Z</time><extensions><speed>0.159791</speed><course>190.628249</course><hAcc>1.748607</hAcc><vAcc>3.815043</vAcc></extensions></trkpt>
      <trkpt lon="120.906700" lat="23.473697"><ele>2725.674356</ele><time>2026-09-14T02:20:28Z</time><extensions><speed>0.206957</speed><course>187.495640</course><hAcc>1.738591</hAcc><vAcc>3.815013</vAcc></extensions></trkpt>
      <trkpt lon="120.906700" lat="23.473695"><ele>2725.717480</ele><time>2026-09-14T02:20:29Z</time><extensions><speed>0.216065</speed><course>189.564729</course><hAcc>1.730363</hAcc><vAcc>3.814980</vAcc></extensions></trkpt>
      <trkpt lon="120.906700" lat="23.473693"><ele>2725.760286</ele><time>2026-09-14T02:20:30Z</time><extensions><speed>0.188861</speed><course>198.542713</course><hAcc>1.734744</hAcc><vAcc>3.814948</vAcc></extensions></trkpt>
      <trkpt lon="120.906699" lat="23.473692"><ele>2725.802847</ele><time>2026-09-14T02:20:31Z</time><extensions><speed>0.136426</speed><course>205.852151</course><hAcc>1.750664</hAcc><vAcc>3.814912</vAcc></extensions></trkpt>
      <trkpt lon="120.906699" lat="23.473691"><ele>2725.845112</ele><time>2026-09-14T02:20:32Z</time><extensions><speed>0.092684</speed><course>207.351734</course><hAcc>1.745168</hAcc><vAcc>3.814878</vAcc></extensions></trkpt>
      <trkpt lon="120.906698" lat="23.473690"><ele>2725.887092</ele><time>2026-09-14T02:20:33Z</time><extensions><speed>0.038672</speed><course>192.390235</course><hAcc>1.733175</hAcc><vAcc>3.814844</vAcc></extensions></trkpt>
      <trkpt lon="120.906698" lat="23.473690"><ele>2725.928864</ele><time>2026-09-14T02:20:34Z</time><extensions><speed>0.036514</speed><course>2.932425</course><hAcc>1.738867</hAcc><vAcc>3.814806</vAcc></extensions></trkpt>
      <trkpt lon="120.906698" lat="23.473691"><ele>2725.970372</ele><time>2026-09-14T02:20:35Z</time><extensions><speed>0.096131</speed><course>23.172102</course><hAcc>1.743993</hAcc><vAcc>3.814770</vAcc></extensions></trkpt>
      <trkpt lon="120.906699" lat="23.473692"><ele>2726.011697</ele><time>2026-09-14T02:20:36Z</time><extensions><speed>0.141481</speed><course>33.448795</course><hAcc>1.753071</hAcc><vAcc>3.814729</vAcc></extensions></trkpt>
      <trkpt lon="120.906700" lat="23.473693"><ele>2726.052778</ele><time>2026-09-14T02:20:37Z</time><extensions><speed>0.196877</speed><course>48.595471</course><hAcc>1.755304</hAcc><vAcc>3.814690</vAcc></extensions></trkpt>
      <trkpt lon="120.906702" lat="23.473694"><ele>2726.093627</ele><time>2026-09-14T02:20:38Z</time><extensions><speed>0.237752</speed><course>56.862556</course><hAcc>1.751378</hAcc><vAcc>3.814652</vAcc></extensions></trkpt>
      <trkpt lon="120.906704" lat="23.473695"><ele>2726.134325</ele><time>2026-09-14T02:20:39Z</time><extensions><speed>0.218221</speed><course>53.668746</course><hAcc>1.747788</hAcc><vAcc>3.814609</vAcc></extensions></trkpt>
      <trkpt lon="120.906705" lat="23.473696"><ele>2726.174810</ele><time>2026-09-14T02:20:40Z</time><extensions><speed>0.172009</speed><course>36.417376</course><hAcc>1.744066</hAcc><vAcc>3.814568</vAcc></extensions></trkpt>
      <trkpt lon="120.906706" lat="23.473698"><ele>2726.215162</ele><time>2026-09-14T02:20:41Z</time><extensions><speed>0.141264</speed><course>19.786575</course><hAcc>1.741603</hAcc><vAcc>3.814522</vAcc></extensions></trkpt>
      <trkpt lon="120.906706" lat="23.473699"><ele>2726.255311</ele><time>2026-09-14T02:20:42Z</time><extensions><speed>0.119292</speed><course>6.352395</course><hAcc>1.742325</hAcc><vAcc>3.814477</vAcc></extensions></trkpt>
      <trkpt lon="120.906706" lat="23.473700"><ele>2726.295264</ele><time>2026-09-14T02:20:43Z</time><extensions><speed>0.104656</speed><course>0.827172</course><hAcc>1.741324</hAcc><vAcc>3.814434</vAcc></extensions></trkpt>
      <trkpt lon="120.906706" lat="23.473701"><ele>2726.335107</ele><time>2026-09-14T02:20:44Z</time><extensions><speed>0.092855</speed><course>0.207559</course><hAcc>1.739646</hAcc><vAcc>3.814386</vAcc></extensions></trkpt>
      <trkpt lon="120.906706" lat="23.473702"><ele>2726.374774</ele><time>2026-09-14T02:20:45Z</time><extensions><speed>0.086866</speed><course>7.166922</course><hAcc>1.728458</hAcc><vAcc>3.814340</vAcc></extensions></trkpt>
      <trkpt lon="120.906706" lat="23.473702"><ele>2726.414348</ele><time>2026-09-14T02:20:46Z</time><extensions><speed>0.079192</speed><course>24.427280</course><hAcc>1.723689</hAcc><vAcc>3.814289</vAcc></extensions></trkpt>
      <trkpt lon="120.906707" lat="23.473703"><ele>2726.453758</ele><time>2026-09-14T02:20:47Z</time><extensions><speed>0.081051</speed><course>38.857227</course><hAcc>1.725671</hAcc><vAcc>3.814239</vAcc></extensions></trkpt>
      <trkpt lon="120.906707" lat="23.473704"><ele>2726.493011</ele><time>2026-09-14T02:20:48Z</time><extensions><speed>0.081491</speed><course>22.198491</course><hAcc>1.733582</hAcc><vAcc>3.814191</vAcc></extensions></trkpt>
      <trkpt lon="120.906708" lat="23.473704"><ele>2726.532194</ele><time>2026-09-14T02:20:49Z</time><extensions><speed>0.089753</speed><course>19.633312</course><hAcc>1.733464</hAcc><vAcc>3.814138</vAcc></extensions></trkpt>
      <trkpt lon="120.906708" lat="23.473705"><ele>2726.571229</ele><time>2026-09-14T02:20:50Z</time><extensions><speed>0.101407</speed><course>30.888929</course><hAcc>1.720135</hAcc><vAcc>3.814086</vAcc></extensions></trkpt>
      <trkpt lon="120.906708" lat="23.473706"><ele>2726.610122</ele><time>2026-09-14T02:20:51Z</time><extensions><speed>0.102374</speed><course>25.205884</course><hAcc>1.713693</hAcc><vAcc>3.814037</vAcc></extensions></trkpt>
      <trkpt lon="120.906709" lat="23.473707"><ele>2726.648962</ele><time>2026-09-14T02:20:52Z</time><extensions><speed>0.088856</speed><course>16.108067</course><hAcc>1.725140</hAcc><vAcc>3.813982</vAcc></extensions></trkpt>
      <trkpt lon="120.906709" lat="23.473707"><ele>2726.687669</ele><time>2026-09-14T02:20:53Z</time><extensions><speed>0.060245</speed><course>10.721715</course><hAcc>1.746230</hAcc><vAcc>3.813929</vAcc></extensions></trkpt>
      <trkpt lon="120.906709" lat="23.473708"><ele>2726.726333</ele><time>2026-09-14T02:20:54Z</time><extensions><speed>0.053468</speed><course>5.890685</course><hAcc>1.728162</hAcc><vAcc>3.813870</vAcc></extensions></trkpt>
      <trkpt lon="120.906709" lat="23.473708"><ele>2726.764868</ele><time>2026-09-14T02:20:55Z</time><extensions><speed>0.043427</speed><course>1.081583</course><hAcc>1.722151</hAcc><vAcc>3.813814</vAcc></extensions></trkpt>
      <trkpt lon="120.906709" lat="23.473709"><ele>2726.803279</ele><time>2026-09-14T02:20:56Z</time><extensions><speed>0.034668</speed><course>353.671758</course><hAcc>1.728575</hAcc><vAcc>3.813759</vAcc></extensions></trkpt>
      <trkpt lon="120.906709" lat="23.473709"><ele>2726.841664</ele><time>2026-09-14T02:20:57Z</time><extensions><speed>0.029696</speed><course>344.604566</course><hAcc>1.736511</hAcc><vAcc>3.813699</vAcc></extensions></trkpt>
      <trkpt lon="120.906709" lat="23.473709"><ele>2726.879931</ele><time>2026-09-14T02:20:58Z</time><extensions><speed>0.029030</speed><course>335.577634</course><hAcc>1.742795</hAcc><vAcc>3.813641</vAcc></extensions></trkpt>
      <trkpt lon="120.906709" lat="23.473709"><ele>2726.918182</ele><time>2026-09-14T02:20:59Z</time><extensions><speed>0.031823</speed><course>330.934690</course><hAcc>1.747216</hAcc><vAcc>3.813577</vAcc></extensions></trkpt>
      <trkpt lon="120.906709" lat="23.473710"><ele>2726.956325</ele><time>2026-09-14T02:21:00Z</time><extensions><speed>0.035931</speed><course>333.364533</course><hAcc>1.748867</hAcc><vAcc>3.813515</vAcc></extensions></trkpt>
      <trkpt lon="120.906708" lat="23.473710"><ele>2726.994363</ele><time>2026-09-14T02:21:01Z</time><extensions><speed>0.039832</speed><course>347.148020</course><hAcc>1.746580</hAcc><vAcc>3.813456</vAcc></extensions></trkpt>
      <trkpt lon="120.906708" lat="23.473710"><ele>2727.032397</ele><time>2026-09-14T02:21:02Z</time><extensions><speed>0.042946</speed><course>359.425792</course><hAcc>1.743646</hAcc><vAcc>3.813390</vAcc></extensions></trkpt>
      <trkpt lon="120.906708" lat="23.473711"><ele>2727.070325</ele><time>2026-09-14T02:21:03Z</time><extensions><speed>0.032519</speed><course>17.659451</course><hAcc>1.739465</hAcc><vAcc>3.813327</vAcc></extensions></trkpt>
      <trkpt lon="120.906709" lat="23.473711"><ele>2727.108254</ele><time>2026-09-14T02:21:04Z</time><extensions><speed>0.022413</speed><course>87.935083</course><hAcc>1.731604</hAcc><vAcc>3.813257</vAcc></extensions></trkpt>
      <trkpt lon="120.906709" lat="23.473711"><ele>2727.146089</ele><time>2026-09-14T02:21:05Z</time><extensions><speed>0.050251</speed><course>130.490505</course><hAcc>1.720741</hAcc><vAcc>3.813190</vAcc></extensions></trkpt>
      <trkpt lon="120.906709" lat="23.473710"><ele>2727.183834</ele><time>2026-09-14T02:21:06Z</time><extensions><speed>0.070076</speed><course>132.314109</course><hAcc>1.719088</hAcc><vAcc>3.813125</vAcc></extensions></trkpt>
      <trkpt lon="120.906710" lat="23.473710"><ele>2727.221596</ele><time>2026-09-14T02:21:07Z</time><extensions><speed>0.050620</speed><course>131.512953</course><hAcc>1.735869</hAcc><vAcc>3.813054</vAcc></extensions></trkpt>
      <trkpt lon="120.906710" lat="23.473710"><ele>2727.259268</ele><time>2026-09-14T02:21:08Z</time><extensions><speed>0.052516</speed><course>126.230589</course><hAcc>1.735382</hAcc><vAcc>3.812985</vAcc></extensions></trkpt>
      <trkpt lon="120.906711" lat="23.473709"><ele>2727.296962</ele><time>2026-09-14T02:21:09Z</time><extensions><speed>0.072847</speed><course>122.058226</course><hAcc>1.717352</hAcc><vAcc>3.812910</vAcc></extensions></trkpt>
      <trkpt lon="120.906711" lat="23.473709"><ele>2727.334567</ele><time>2026-09-14T02:21:10Z</time><extensions><speed>0.096138</speed><course>119.298659</course><hAcc>1.711399</hAcc><vAcc>3.812837</vAcc></extensions></trkpt>
      <trkpt lon="120.906712" lat="23.473709"><ele>2727.372087</ele><time>2026-09-14T02:21:11Z</time><extensions><speed>0.099439</speed><course>117.128036</course><hAcc>1.713191</hAcc><vAcc>3.812767</vAcc></extensions></trkpt>
      <trkpt lon="120.906713" lat="23.473708"><ele>2727.409636</ele><time>2026-09-14T02:21:12Z</time><extensions><speed>0.090099</speed><course>116.175394</course><hAcc>1.714733</hAcc><vAcc>3.812690</vAcc></extensions></trkpt>
      <trkpt lon="120.906714" lat="23.473708"><ele>2727.447098</ele><time>2026-09-14T02:21:13Z</time><extensions><speed>0.084487</speed><course>117.139278</course><hAcc>1.714757</hAcc><vAcc>3.812616</vAcc></extensions></trkpt>
      <trkpt lon="120.906715" lat="23.473707"><ele>2727.484479</ele><time>2026-09-14T02:21:14Z</time><extensions><speed>0.054902</speed><course>117.194689</course><hAcc>1.717564</hAcc><vAcc>3.812545</vAcc></extensions></trkpt>
      <trkpt lon="120.906715" lat="23.473707"><ele>2727.521899</ele><time>2026-09-14T02:21:15Z</time><extensions><speed>0.041222</speed><course>123.635416</course><hAcc>1.709089</hAcc><vAcc>3.812466</vAcc></extensions></trkpt>
      <trkpt lon="120.906715" lat="23.473707"><ele>2727.559247</ele><time>2026-09-14T02:21:16Z</time><extensions><speed>0.035231</speed><course>135.364261</course><hAcc>1.710622</hAcc><vAcc>3.812391</vAcc></extensions></trkpt>
      <trkpt lon="120.906715" lat="23.473707"><ele>2727.596641</ele><time>2026-09-14T02:21:17Z</time><extensions><speed>0.036148</speed><course>143.717648</course><hAcc>1.720572</hAcc><vAcc>3.812309</vAcc></extensions></trkpt>
      <trkpt lon="120.906716" lat="23.473707"><ele>2727.633970</ele><time>2026-09-14T02:21:18Z</time><extensions><speed>0.049402</speed><course>144.002072</course><hAcc>1.714931</hAcc><vAcc>3.812228</vAcc></extensions></trkpt>
      <trkpt lon="120.906716" lat="23.473706"><ele>2727.671219</ele><time>2026-09-14T02:21:19Z</time><extensions><speed>0.074158</speed><course>135.772535</course><hAcc>1.701557</hAcc><vAcc>3.812151</vAcc></extensions></trkpt>
      <trkpt lon="120.906717" lat="23.473706"><ele>2727.708515</ele><time>2026-09-14T02:21:20Z</time><extensions><speed>0.077315</speed><course>128.580554</course><hAcc>1.699670</hAcc><vAcc>3.812068</vAcc></extensions></trkpt>
      <trkpt lon="120.906717" lat="23.473705"><ele>2727.745735</ele><time>2026-09-14T02:21:21Z</time><extensions><speed>0.025466</speed><course>110.692440</course><hAcc>1.710360</hAcc><vAcc>3.811987</vAcc></extensions></trkpt>
      <trkpt lon="120.906717" lat="23.473705"><ele>2727.783009</ele><time>2026-09-14T02:21:22Z</time><extensions><speed>0.015702</speed><course>20.348469</course><hAcc>1.715574</hAcc><vAcc>3.811899</vAcc></extensions></trkpt>
      <trkpt lon="120.906717" lat="23.473706"><ele>2727.820219</ele><time>2026-09-14T02:21:23Z</time><extensions><speed>0.028918</speed><course>356.681905</course><hAcc>1.721358</hAcc><vAcc>3.811814</vAcc></extensions></trkpt>
      <trkpt lon="120.906717" lat="23.473706"><ele>2727.857368</ele><time>2026-09-14T02:21:24Z</time><extensions><speed>0.042101</speed><course>354.803732</course><hAcc>1.720673</hAcc><vAcc>3.811732</vAcc></extensions></trkpt>
      <trkpt lon="120.906717" lat="23.473706"><ele>2727.894578</ele><time>2026-09-14T02:21:25Z</time><extensions><speed>0.054238</speed><course>356.272047</course><hAcc>1.722662</hAcc><vAcc>3.811643</vAcc></extensions></trkpt>
      <trkpt lon="120.906717" lat="23.473707"><ele>2727.931721</ele><time>2026-09-14T02:21:26Z</time><extensions><speed>0.063095</speed><course>358.089022</course><hAcc>1.724758</hAcc><vAcc>3.811557</vAcc></extensions></trkpt>
      <trkpt lon="120.906717" lat="23.473708"><ele>2727.968928</ele><time>2026-09-14T02:21:27Z</time><extensions><speed>0.059190</speed><course>0.299894</course><hAcc>1.720929</hAcc><vAcc>3.811464</vAcc></extensions></trkpt>
      <trkpt lon="120.906717" lat="23.473708"><ele>2728.006066</ele><time>2026-09-14T02:21:28Z</time><extensions><speed>0.052356</speed><course>351.316917</course><hAcc>1.719768</hAcc><vAcc>3.811373</vAcc></extensions></trkpt>
      <trkpt lon="120.906717" lat="23.473709"><ele>2728.043136</ele><time>2026-09-14T02:21:29Z</time><extensions><speed>0.053261</speed><course>337.892802</course><hAcc>1.722951</hAcc><vAcc>3.811286</vAcc></extensions></trkpt>
      <trkpt lon="120.906717" lat="23.473709"><ele>2728.080276</ele><time>2026-09-14T02:21:30Z</time><extensions><speed>0.048733</speed><course>334.366573</course><hAcc>1.724918</hAcc><vAcc>3.811192</vAcc></extensions></trkpt>
      <trkpt lon="120.906717" lat="23.473709"><ele>2728.117351</ele><time>2026-09-14T02:21:31Z</time><extensions><speed>0.042724</speed><course>339.789221</course><hAcc>1.725149</hAcc><vAcc>3.811100</vAcc></extensions></trkpt>
      <trkpt lon="120.906716" lat="23.473710"><ele>2728.154500</ele><time>2026-09-14T02:21:32Z</time><extensions><speed>0.039530</speed><course>350.486397</course><hAcc>1.726154</hAcc><vAcc>3.811000</vAcc></extensions></trkpt>
      <trkpt lon="120.906716" lat="23.473710"><ele>2728.191585</ele><time>2026-09-14T02:21:33Z</time><extensions><speed>0.041176</speed><course>2.866657</course><hAcc>1.728489</hAcc><vAcc>3.810904</vAcc></extensions></trkpt>
      <trkpt lon="120.906716" lat="23.473710"><ele>2728.228607</ele><time>2026-09-14T02:21:34Z</time><extensions><speed>0.044491</speed><course>14.015810</course><hAcc>1.732083</hAcc><vAcc>3.810812</vAcc></extensions></trkpt>
      <trkpt lon="120.906717" lat="23.473711"><ele>2728.265708</ele><time>2026-09-14T02:21:35Z</time><extensions><speed>0.046633</speed><course>25.681529</course><hAcc>1.727492</hAcc><vAcc>3.810711</vAcc></extensions></trkpt>
      <trkpt lon="120.906717" lat="23.473711"><ele>2728.302742</ele><time>2026-09-14T02:21:36Z</time><extensions><speed>0.039472</speed><course>50.313879</course><hAcc>1.729323</hAcc><vAcc>3.810614</vAcc></extensions></trkpt>
      <trkpt lon="120.906717" lat="23.473711"><ele>2728.339712</ele><time>2026-09-14T02:21:37Z</time><extensions><speed>0.028168</speed><course>66.228452</course><hAcc>1.736513</hAcc><vAcc>3.810521</vAcc></extensions></trkpt>
      <trkpt lon="120.906717" lat="23.473711"><ele>2728.376764</ele><time>2026-09-14T02:21:38Z</time><extensions><speed>0.009375</speed><course>82.429706</course><hAcc>1.743503</hAcc><vAcc>3.810419</vAcc></extensions></trkpt>
      <trkpt lon="120.906717" lat="23.473711"><ele>2728.413752</ele><time>2026-09-14T02:21:39Z</time><extensions><speed>0.017849</speed><course>170.266397</course><hAcc>1.747018</hAcc><vAcc>3.810321</vAcc></extensions></trkpt>
      <trkpt lon="120.906717" lat="23.473711"><ele>2728.450825</ele><time>2026-09-14T02:21:40Z</time><extensions><speed>0.038388</speed><course>166.096786</course><hAcc>1.747543</hAcc><vAcc>3.810215</vAcc></extensions></trkpt>
      <trkpt lon="120.906717" lat="23.473711"><ele>2728.487828</ele><time>2026-09-14T02:21:41Z</time><extensions><speed>0.040604</speed><course>172.831924</course><hAcc>1.746347</hAcc><vAcc>3.810113</vAcc></extensions></trkpt>
      <trkpt lon="120.906718" lat="23.473710"><ele>2728.524765</ele><time>2026-09-14T02:21:42Z</time><extensions><speed>0.043095</speed><course>170.686554</course><hAcc>1.742137</hAcc><vAcc>3.810014</vAcc></extensions></trkpt>
      <trkpt lon="120.906718" lat="23.473710"><ele>2728.561797</ele><time>2026-09-14T02:21:43Z</time><extensions><speed>0.038430</speed><course>168.343192</course><hAcc>1.735940</hAcc><vAcc>3.809908</vAcc></extensions></trkpt>
      <trkpt lon="120.906718" lat="23.473710"><ele>2728.598772</ele><time>2026-09-14T02:21:44Z</time><extensions><speed>0.016713</speed><course>204.712579</course><hAcc>1.736856</hAcc><vAcc>3.809805</vAcc></extensions></trkpt>
      <trkpt lon="120.906717" lat="23.473710"><ele>2728.635845</ele><time>2026-09-14T02:21:45Z</time><extensions><speed>0.010249</speed><course>297.228143</course><hAcc>1.746921</hAcc><vAcc>3.809693</vAcc></extensions></trkpt>
      <trkpt lon="120.906718" lat="23.473710"><ele>2728.672853</ele><time>2026-09-14T02:21:46Z</time><extensions><speed>0.024881</speed><course>31.642678</course><hAcc>1.744115</hAcc><vAcc>3.809585</vAcc></extensions></trkpt>
      <trkpt lon="120.906718" lat="23.473710"><ele>2728.709800</ele><time>2026-09-14T02:21:47Z</time><extensions><speed>0.061346</speed><course>56.076078</course><hAcc>1.728781</hAcc><vAcc>3.809482</vAcc></extensions></trkpt>
      <trkpt lon="120.906718" lat="23.473710"><ele>2728.746840</ele><time>2026-09-14T02:21:48Z</time><extensions><speed>0.077670</speed><course>44.410923</course><hAcc>1.722801</hAcc><vAcc>3.809369</vAcc></extensions></trkpt>
      <trkpt lon="120.906719" lat="23.473711"><ele>2728.783812</ele><time>2026-09-14T02:21:49Z</time><extensions><speed>0.081253</speed><course>21.988036</course><hAcc>1.724066</hAcc><vAcc>3.809260</vAcc></extensions></trkpt>
      <trkpt lon="120.906719" lat="23.473712"><ele>2728.820879</ele><time>2026-09-14T02:21:50Z</time><extensions><speed>0.073349</speed><course>7.352145</course><hAcc>1.725634</hAcc><vAcc>3.809143</vAcc></extensions></trkpt>
      <trkpt lon="120.906719" lat="23.473712"><ele>2728.857881</ele><time>2026-09-14T02:21:51Z</time><extensions><speed>0.056841</speed><course>354.804922</course><hAcc>1.732076</hAcc><vAcc>3.809029</vAcc></extensions></trkpt>
      <trkpt lon="120.906719" lat="23.473713"><ele>2728.894823</ele><time>2026-09-14T02:21:52Z</time><extensions><speed>0.036668</speed><course>337.642355</course><hAcc>1.744135</hAcc><vAcc>3.808920</vAcc></extensions></trkpt>
      <trkpt lon="120.906719" lat="23.473713"><ele>2728.931871</ele><time>2026-09-14T02:21:53Z</time><extensions><speed>0.025597</speed><course>308.355492</course><hAcc>1.732565</hAcc><vAcc>3.808801</vAcc></extensions></trkpt>
      <trkpt lon="120.906718" lat="23.473713"><ele>2728.968858</ele><time>2026-09-14T02:21:54Z</time><extensions><speed>0.020651</speed><course>245.878430</course><hAcc>1.727721</hAcc><vAcc>3.808687</vAcc></extensions></trkpt>
      <trkpt lon="120.906718" lat="23.473713"><ele>2729.005954</ele><time>2026-09-14T02:21:55Z</time><extensions><speed>0.042563</speed><course>188.963932</course><hAcc>1.729192</hAcc><vAcc>3.808563</vAcc></extensions></trkpt>
      <trkpt lon="120.906718" lat="23.473712"><ele>2729.042983</ele><time>2026-09-14T02:21:56Z</time><extensions><speed>0.075892</speed><course>178.549863</course><hAcc>1.730026</hAcc><vAcc>3.808443</vAcc></extensions></trkpt>
      <trkpt lon="120.906718" lat="23.473711"><ele>2729.079948</ele><time>2026-09-14T02:21:57Z</time><extensions><speed>0.100495</speed><course>183.898321</course><hAcc>1.730379</hAcc><vAcc>3.808328</vAcc></extensions></trkpt>
      <trkpt lon="120.906718" lat="23.473710"><ele>2729.117022</ele><time>2026-09-14T02:21:58Z</time><extensions><speed>0.111919</speed><course>197.710500</course><hAcc>1.729557</hAcc><vAcc>3.808204</vAcc></extensions></trkpt>
      <trkpt lon="120.906718" lat="23.473709"><ele>2729.154030</ele><time>2026-09-14T02:21:59Z</time><extensions><speed>0.126917</speed><course>204.185331</course><hAcc>1.722089</hAcc><vAcc>3.808084</vAcc></extensions></trkpt>
      <trkpt lon="120.906717" lat="23.473708"><ele>2729.190974</ele><time>2026-09-14T02:22:00Z</time><extensions><speed>0.136109</speed><course>215.131135</course><hAcc>1.704462</hAcc><vAcc>3.807968</vAcc></extensions></trkpt>
      <trkpt lon="120.906716" lat="23.473707"><ele>2729.228029</ele><time>2026-09-14T02:22:01Z</time><extensions><speed>0.132193</speed><course>223.231860</course><hAcc>1.691140</hAcc><vAcc>3.807843</vAcc></extensions></trkpt>
      <trkpt lon="120.906715" lat="23.473707"><ele>2729.265014</ele><time>2026-09-14T02:22:02Z</time><extensions><speed>0.110289</speed><course>229.663939</course><hAcc>1.686599</hAcc><vAcc>3.807723</vAcc></extensions></trkpt>
      <trkpt lon="120.906714" lat="23.473706"><ele>2729.302113</ele><time>2026-09-14T02:22:03Z</time><extensions><speed>0.100108</speed><course>235.049758</course><hAcc>1.671247</hAcc><vAcc>3.807592</vAcc></extensions></trkpt>
      <trkpt lon="120.906714" lat="23.473706"><ele>2729.339145</ele><time>2026-09-14T02:22:04Z</time><extensions><speed>0.073909</speed><course>240.862434</course><hAcc>1.686830</hAcc><vAcc>3.807467</vAcc></extensions></trkpt>
      <trkpt lon="120.906713" lat="23.473705"><ele>2729.376115</ele><time>2026-09-14T02:22:05Z</time><extensions><speed>0.066072</speed><course>247.551870</course><hAcc>1.696395</hAcc><vAcc>3.807346</vAcc></extensions></trkpt>
      <trkpt lon="120.906712" lat="23.473705"><ele>2729.413200</ele><time>2026-09-14T02:22:06Z</time><extensions><speed>0.065118</speed><course>252.028255</course><hAcc>1.696341</hAcc><vAcc>3.807216</vAcc></extensions></trkpt>
      <trkpt lon="120.906712" lat="23.473705"><ele>2729.450214</ele><time>2026-09-14T02:22:07Z</time><extensions><speed>0.064364</speed><course>253.257776</course><hAcc>1.681564</hAcc><vAcc>3.807090</vAcc></extensions></trkpt>
      <trkpt lon="120.906711" lat="23.473705"><ele>2729.487344</ele><time>2026-09-14T02:22:08Z</time><extensions><speed>0.044167</speed><course>258.879293</course><hAcc>1.690181</hAcc><vAcc>3.806954</vAcc></extensions></trkpt>
      <trkpt lon="120.906711" lat="23.473705"><ele>2729.524404</ele><time>2026-09-14T02:22:09Z</time><extensions><speed>0.024896</speed><course>270.776487</course><hAcc>1.715068</hAcc><vAcc>3.806823</vAcc></extensions></trkpt>
      <trkpt lon="120.906711" lat="23.473705"><ele>2729.561395</ele><time>2026-09-14T02:22:10Z</time><extensions><speed>0.013947</speed><course>276.083268</course><hAcc>1.742359</hAcc><vAcc>3.806697</vAcc></extensions></trkpt>
      <trkpt lon="120.906711" lat="23.473705"><ele>2729.598506</ele><time>2026-09-14T02:22:11Z</time><extensions><speed>0.009301</speed><course>266.604523</course><hAcc>1.766869</hAcc><vAcc>3.806561</vAcc></extensions></trkpt>
      <trkpt lon="120.906711" lat="23.473705"><ele>2729.635547</ele><time>2026-09-14T02:22:12Z</time><extensions><speed>0.004620</speed><course>243.374202</course><hAcc>1.781463</hAcc><vAcc>3.806429</vAcc></extensions></trkpt>
      <trkpt lon="120.906711" lat="23.473705"><ele>2729.672709</ele><time>2026-09-14T02:22:13Z</time><extensions><speed>0.006631</speed><course>352.308269</course><hAcc>1.783268</hAcc><vAcc>3.806287</vAcc></extensions></trkpt>
      <trkpt lon="120.906711" lat="23.473705"><ele>2729.709797</ele><time>2026-09-14T02:22:14Z</time><extensions><speed>0.014171</speed><course>83.537406</course><hAcc>1.764127</hAcc><vAcc>3.806150</vAcc></extensions></trkpt>
      <trkpt lon="120.906711" lat="23.473705"><ele>2729.746814</ele><time>2026-09-14T02:22:15Z</time><extensions><speed>0.029803</speed><course>132.181510</course><hAcc>1.761078</hAcc><vAcc>3.806018</vAcc></extensions></trkpt>
      <trkpt lon="120.906711" lat="23.473705"><ele>2729.783956</ele><time>2026-09-14T02:22:16Z</time><extensions><speed>0.050872</speed><course>275.478644</course><hAcc>1.772429</hAcc><vAcc>3.805875</vAcc></extensions></trkpt>
      <trkpt lon="120.906710" lat="23.473705"><ele>2729.821024</ele><time>2026-09-14T02:22:17Z</time><extensions><speed>0.071731</speed><course>270.578289</course><hAcc>1.784309</hAcc><vAcc>3.805737</vAcc></extensions></trkpt>
      <trkpt lon="120.906709" lat="23.473705"><ele>2729.858219</ele><time>2026-09-14T02:22:18Z</time><extensions><speed>0.057314</speed><course>267.887911</course><hAcc>1.785278</hAcc><vAcc>3.805589</vAcc></extensions></trkpt>
      <trkpt lon="120.906709" lat="23.473705"><ele>2729.895337</ele><time>2026-09-14T02:22:19Z</time><extensions><speed>0.026573</speed><course>251.670403</course><hAcc>1.764418</hAcc><vAcc>3.805446</vAcc></extensions></trkpt>
      <trkpt lon="120.906709" lat="23.473705"><ele>2729.932382</ele><time>2026-09-14T02:22:20Z</time><extensions><speed>0.018521</speed><course>137.850291</course><hAcc>1.749104</hAcc><vAcc>3.805308</vAcc></extensions></trkpt>
      <trkpt lon="120.906709" lat="23.473705"><ele>2729.969557</ele><time>2026-09-14T02:22:21Z</time><extensions><speed>0.013137</speed><course>65.021649</course><hAcc>1.744081</hAcc><vAcc>3.805159</vAcc></extensions></trkpt>
      <trkpt lon="120.906709" lat="23.473705"><ele>2730.006659</ele><time>2026-09-14T02:22:22Z</time><extensions><speed>0.024461</speed><course>43.923725</course><hAcc>1.742574</hAcc><vAcc>3.805016</vAcc></extensions></trkpt>
      <trkpt lon="120.906709" lat="23.473705"><ele>2730.043690</ele><time>2026-09-14T02:22:23Z</time><extensions><speed>0.039427</speed><course>51.329450</course><hAcc>1.744910</hAcc><vAcc>3.804878</vAcc></extensions></trkpt>
      <trkpt lon="120.906710" lat="23.473705"><ele>2730.080854</ele><time>2026-09-14T02:22:24Z</time><extensions><speed>0.053248</speed><course>28.935038</course><hAcc>1.750536</hAcc><vAcc>3.804729</vAcc></extensions></trkpt>
      <trkpt lon="120.906710" lat="23.473706"><ele>2730.117941</ele><time>2026-09-14T02:22:25Z</time><extensions><speed>0.070351</speed><course>27.539701</course><hAcc>1.745992</hAcc><vAcc>3.804586</vAcc></extensions></trkpt>
      <trkpt lon="120.906710" lat="23.473706"><ele>2730.155162</ele><time>2026-09-14T02:22:26Z</time><extensions><speed>0.082665</speed><course>31.605384</course><hAcc>1.743183</hAcc><vAcc>3.804432</vAcc></extensions></trkpt>
      <trkpt lon="120.906711" lat="23.473707"><ele>2730.192309</ele><time>2026-09-14T02:22:27Z</time><extensions><speed>0.094894</speed><course>29.277236</course><hAcc>1.743128</hAcc><vAcc>3.804283</vAcc></extensions></trkpt>
      <trkpt lon="120.906711" lat="23.473708"><ele>2730.229382</ele><time>2026-09-14T02:22:28Z</time><extensions><speed>0.106755</speed><course>23.590479</course><hAcc>1.743090</hAcc><vAcc>3.804140</vAcc></extensions></trkpt>
      <trkpt lon="120.906712" lat="23.473709"><ele>2730.266595</ele><time>2026-09-14T02:22:29Z</time><extensions><speed>0.113517</speed><course>17.996687</course><hAcc>1.742922</hAcc><vAcc>3.803986</vAcc></extensions></trkpt>
      <trkpt lon="120.906712" lat="23.473710"><ele>2730.303732</ele><time>2026-09-14T02:22:30Z</time><extensions><speed>0.106480</speed><course>8.982980</course><hAcc>1.744954</hAcc><vAcc>3.803837</vAcc></extensions></trkpt>
      <trkpt lon="120.906712" lat="23.473711"><ele>2730.341010</ele><time>2026-09-14T02:22:31Z</time><extensions><speed>0.086370</speed><course>6.012465</course><hAcc>1.746689</hAcc><vAcc>3.803677</vAcc></extensions></trkpt>
      <trkpt lon="120.906712" lat="23.473711"><ele>2730.378210</ele><time>2026-09-14T02:22:32Z</time><extensions><speed>0.066451</speed><course>2.184057</course><hAcc>1.751091</hAcc><vAcc>3.803523</vAcc></extensions></trkpt>
      <trkpt lon="120.906712" lat="23.473712"><ele>2730.415335</ele><time>2026-09-14T02:22:33Z</time><extensions><speed>0.052042</speed><course>359.541736</course><hAcc>1.748394</hAcc><vAcc>3.803374</vAcc></extensions></trkpt>
      <trkpt lon="120.906712" lat="23.473712"><ele>2730.452602</ele><time>2026-09-14T02:22:34Z</time><extensions><speed>0.041893</speed><course>339.561795</course><hAcc>1.746072</hAcc><vAcc>3.803214</vAcc></extensions></trkpt>
      <trkpt lon="120.906712" lat="23.473713"><ele>2730.489790</ele><time>2026-09-14T02:22:35Z</time><extensions><speed>0.048412</speed><course>300.574052</course><hAcc>1.746140</hAcc><vAcc>3.803059</vAcc></extensions></trkpt>
      <trkpt lon="120.906711" lat="23.473713"><ele>2730.527119</ele><time>2026-09-14T02:22:36Z</time><extensions><speed>0.065039</speed><course>270.012032</course><hAcc>1.744663</hAcc><vAcc>3.802893</vAcc></extensions></trkpt>
      <trkpt lon="120.906710" lat="23.473713"><ele>2730.564368</ele><time>2026-09-14T02:22:37Z</time><extensions><speed>0.091174</speed><course>242.301477</course><hAcc>1.741294</hAcc><vAcc>3.802732</vAcc></extensions></trkpt>
      <trkpt lon="120.906709" lat="23.473712"><ele>2730.601539</ele><time>2026-09-14T02:22:38Z</time><extensions><speed>0.149401</speed><course>247.580318</course><hAcc>1.746420</hAcc><vAcc>3.802577</vAcc></extensions></trkpt>
      <trkpt lon="120.906708" lat="23.473711"><ele>2730.638859</ele><time>2026-09-14T02:22:39Z</time><extensions><speed>0.190156</speed><course>241.278131</course><hAcc>1.758474</hAcc><vAcc>3.802411</vAcc></extensions></trkpt>
      <trkpt lon="120.906706" lat="23.473710"><ele>2730.676097</ele><time>2026-09-14T02:22:40Z</time><extensions><speed>0.198820</speed><course>227.997839</course><hAcc>1.771791</hAcc><vAcc>3.802250</vAcc></extensions></trkpt>
      <trkpt lon="120.906705" lat="23.473709"><ele>2730.713484</ele><time>2026-09-14T02:22:41Z</time><extensions><speed>0.257345</speed><course>209.009121</course><hAcc>1.756947</hAcc><vAcc>3.802077</vAcc></extensions></trkpt>
      <trkpt lon="120.906704" lat="23.473707"><ele>2730.750777</ele><time>2026-09-14T02:22:42Z</time><extensions><speed>0.253804</speed><course>189.472003</course><hAcc>1.740702</hAcc><vAcc>3.801910</vAcc></extensions></trkpt>
      <trkpt lon="120.906704" lat="23.473705"><ele>2730.787981</ele><time>2026-09-14T02:22:43Z</time><extensions><speed>0.215485</speed><course>161.124126</course><hAcc>1.743358</hAcc><vAcc>3.801749</vAcc></extensions></trkpt>
      <trkpt lon="120.906705" lat="23.473703"><ele>2730.825331</ele><time>2026-09-14T02:22:44Z</time><extensions><speed>0.211331</speed><course>133.918065</course><hAcc>1.756413</hAcc><vAcc>3.801576</vAcc></extensions></trkpt>
      <trkpt lon="120.906707" lat="23.473702"><ele>2730.862598</ele><time>2026-09-14T02:22:45Z</time><extensions><speed>0.203368</speed><course>123.201572</course><hAcc>1.775292</hAcc><vAcc>3.801410</vAcc></extensions></trkpt>
      <trkpt lon="120.906709" lat="23.473701"><ele>2730.899784</ele><time>2026-09-14T02:22:46Z</time><extensions><speed>0.183847</speed><course>127.070789</course><hAcc>1.784919</hAcc><vAcc>3.801250</vAcc></extensions></trkpt>
      <trkpt lon="120.906710" lat="23.473700"><ele>2730.937123</ele><time>2026-09-14T02:22:47Z</time><extensions><speed>0.196861</speed><course>138.694413</course><hAcc>1.765861</hAcc><vAcc>3.801077</vAcc></extensions></trkpt>
      <trkpt lon="120.906711" lat="23.473698"><ele>2730.974380</ele><time>2026-09-14T02:22:48Z</time><extensions><speed>0.198887</speed><course>155.926241</course><hAcc>1.757930</hAcc><vAcc>3.800911</vAcc></extensions></trkpt>
      <trkpt lon="120.906712" lat="23.473697"><ele>2731.011792</ele><time>2026-09-14T02:22:49Z</time><extensions><speed>0.168147</speed><course>165.611121</course><hAcc>1.761763</hAcc><vAcc>3.800732</vAcc></extensions></trkpt>
      <trkpt lon="120.906712" lat="23.473695"><ele>2731.049116</ele><time>2026-09-14T02:22:50Z</time><extensions><speed>0.125397</speed><course>173.137367</course><hAcc>1.761199</hAcc><vAcc>3.800560</vAcc></extensions></trkpt>
      <trkpt lon="120.906712" lat="23.473694"><ele>2731.086355</ele><time>2026-09-14T02:22:51Z</time><extensions><speed>0.069967</speed><course>171.969467</course><hAcc>1.757380</hAcc><vAcc>3.800395</vAcc></extensions></trkpt>
      <trkpt lon="120.906712" lat="23.473694"><ele>2731.123752</ele><time>2026-09-14T02:22:52Z</time><extensions><speed>0.024541</speed><course>138.441040</course><hAcc>1.751022</hAcc><vAcc>3.800217</vAcc></extensions></trkpt>
      <trkpt lon="120.906712" lat="23.473694"><ele>2731.161063</ele><time>2026-09-14T02:22:53Z</time><extensions><speed>0.015833</speed><course>79.583927</course><hAcc>1.738635</hAcc><vAcc>3.800045</vAcc></extensions></trkpt>
      <trkpt lon="120.906713" lat="23.473694"><ele>2731.198532</ele><time>2026-09-14T02:22:54Z</time><extensions><speed>0.019816</speed><course>54.196396</course><hAcc>1.725782</hAcc><vAcc>3.799861</vAcc></extensions></trkpt>
      <trkpt lon="120.906713" lat="23.473694"><ele>2731.235912</ele><time>2026-09-14T02:22:55Z</time><extensions><speed>0.022387</speed><course>51.123026</course><hAcc>1.709842</hAcc><vAcc>3.799683</vAcc></extensions></trkpt>
      <trkpt lon="120.906713" lat="23.473694"><ele>2731.273204</ele><time>2026-09-14T02:22:56Z</time><extensions><speed>0.026300</speed><course>51.254984</course><hAcc>1.689777</hAcc><vAcc>3.799512</vAcc></extensions></trkpt>
      <trkpt lon="120.906713" lat="23.473695"><ele>2731.310657</ele><time>2026-09-14T02:22:57Z</time><extensions><speed>0.029252</speed><course>52.611068</course><hAcc>1.682869</hAcc><vAcc>3.799327</vAcc></extensions></trkpt>
      <trkpt lon="120.906713" lat="23.473695"><ele>2731.348017</ele><time>2026-09-14T02:22:58Z</time><extensions><speed>0.035734</speed><course>54.166075</course><hAcc>1.678228</hAcc><vAcc>3.799150</vAcc></extensions></trkpt>
      <trkpt lon="120.906714" lat="23.473695"><ele>2731.385538</ele><time>2026-09-14T02:22:59Z</time><extensions><speed>0.044496</speed><course>55.180059</course><hAcc>1.678685</hAcc><vAcc>3.798958</vAcc></extensions></trkpt>
      <trkpt lon="120.906714" lat="23.473695"><ele>2731.422967</ele><time>2026-09-14T02:23:00Z</time><extensions><speed>0.065682</speed><course>54.903332</course><hAcc>1.671749</hAcc><vAcc>3.798774</vAcc></extensions></trkpt>
      <trkpt lon="120.906715" lat="23.473696"><ele>2731.460308</ele><time>2026-09-14T02:23:01Z</time><extensions><speed>0.090919</speed><course>54.572848</course><hAcc>1.676342</hAcc><vAcc>3.798596</vAcc></extensions></trkpt>
      <trkpt lon="120.906716" lat="23.473696"><ele>2731.497821</ele><time>2026-09-14T02:23:02Z</time><extensions><speed>0.120190</speed><course>53.815722</course><hAcc>1.690806</hAcc><vAcc>3.798405</vAcc></extensions></trkpt>
      <trkpt lon="120.906717" lat="23.473697"><ele>2731.535250</ele><time>2026-09-14T02:23:03Z</time><extensions><speed>0.151463</speed><course>52.221274</course><hAcc>1.702499</hAcc><vAcc>3.798221</vAcc></extensions></trkpt>
      <trkpt lon="120.906718" lat="23.473698"><ele>2731.572854</ele><time>2026-09-14T02:23:04Z</time><extensions><speed>0.172790</speed><course>48.524111</course><hAcc>1.701077</hAcc><vAcc>3.798023</vAcc></extensions></trkpt>
      <trkpt lon="120.906719" lat="23.473699"><ele>2731.610349</ele><time>2026-09-14T02:23:05Z</time><extensions><speed>0.152935</speed><course>39.689315</course><hAcc>1.710278</hAcc><vAcc>3.797832</vAcc></extensions></trkpt>
      <trkpt lon="120.906720" lat="23.473700"><ele>2731.647740</ele><time>2026-09-14T02:23:06Z</time><extensions><speed>0.132138</speed><course>26.157235</course><hAcc>1.722011</hAcc><vAcc>3.797648</vAcc></extensions></trkpt>
      <trkpt lon="120.906720" lat="23.473701"><ele>2731.685294</ele><time>2026-09-14T02:23:07Z</time><extensions><speed>0.122838</speed><course>11.998199</course><hAcc>1.725060</hAcc><vAcc>3.797450</vAcc></extensions></trkpt>
      <trkpt lon="120.906720" lat="23.473702"><ele>2731.722753</ele><time>2026-09-14T02:23:08Z</time><extensions><speed>0.118030</speed><course>356.512769</course><hAcc>1.715700</hAcc><vAcc>3.797260</vAcc></extensions></trkpt>
      <trkpt lon="120.906720" lat="23.473703"><ele>2731.760120</ele><time>2026-09-14T02:23:09Z</time><extensions><speed>0.114222</speed><course>336.178422</course><hAcc>1.701018</hAcc><vAcc>3.797077</vAcc></extensions></trkpt>
      <trkpt lon="120.906719" lat="23.473704"><ele>2731.797662</ele><time>2026-09-14T02:23:10Z</time><extensions><speed>0.126824</speed><course>303.142793</course><hAcc>1.704555</hAcc><vAcc>3.796881</vAcc></extensions></trkpt>
      <trkpt lon="120.906718" lat="23.473704"><ele>2731.835109</ele><time>2026-09-14T02:23:11Z</time><extensions><speed>0.176703</speed><course>277.558353</course><hAcc>1.725301</hAcc><vAcc>3.796691</vAcc></extensions></trkpt>
      <trkpt lon="120.906717" lat="23.473705"><ele>2731.872730</ele><time>2026-09-14T02:23:12Z</time><extensions><speed>0.100863</speed><course>277.637158</course><hAcc>1.703814</hAcc><vAcc>3.796488</vAcc></extensions></trkpt>
      <trkpt lon="120.906716" lat="23.473705"><ele>2731.910249</ele><time>2026-09-14T02:23:13Z</time><extensions><speed>0.089714</speed><course>269.365774</course><hAcc>1.676245</hAcc><vAcc>3.796292</vAcc></extensions></trkpt>
      <trkpt lon="120.906715" lat="23.473705"><ele>2731.947667</ele><time>2026-09-14T02:23:14Z</time><extensions><speed>0.095168</speed><course>255.418072</course><hAcc>1.679963</hAcc><vAcc>3.796104</vAcc></extensions></trkpt>
      <trkpt lon="120.906714" lat="23.473704"><ele>2731.985263</ele><time>2026-09-14T02:23:15Z</time><extensions><speed>0.127928</speed><course>243.742434</course><hAcc>1.706135</hAcc><vAcc>3.795902</vAcc></extensions></trkpt>
      <trkpt lon="120.906713" lat="23.473704"><ele>2732.022760</ele><time>2026-09-14T02:23:16Z</time><extensions><speed>0.185396</speed><course>233.722655</course><hAcc>1.709890</hAcc><vAcc>3.795707</vAcc></extensions></trkpt>
      <trkpt lon="120.906711" lat="23.473702"><ele>2732.060437</ele><time>2026-09-14T02:23:17Z</time><extensions><speed>0.258393</speed><course>222.365833</course><hAcc>1.694118</hAcc><vAcc>3.795498</vAcc></extensions></trkpt>
      <trkpt lon="120.906710" lat="23.473701"><ele>2732.098011</ele><time>2026-09-14T02:23:18Z</time><extensions><speed>0.135433</speed><course>194.044789</course><hAcc>1.697766</hAcc><vAcc>3.795296</vAcc></extensions></trkpt>
      <trkpt lon="120.906710" lat="23.473700"><ele>2732.135488</ele><time>2026-09-14T02:23:19Z</time><extensions><speed>0.127960</speed><course>178.365542</course><hAcc>1.700630</hAcc><vAcc>3.795102</vAcc></extensions></trkpt>
      <trkpt lon="120.906710" lat="23.473699"><ele>2732.173146</ele><time>2026-09-14T02:23:20Z</time><extensions><speed>0.154184</speed><course>192.864831</course><hAcc>1.720950</hAcc><vAcc>3.794894</vAcc></extensions></trkpt>
      <trkpt lon="120.906710" lat="23.473697"><ele>2732.210699</ele><time>2026-09-14T02:23:21Z</time><extensions><speed>0.171391</speed><course>128.351829</course><hAcc>1.743738</hAcc><vAcc>3.794693</vAcc></extensions></trkpt>
      <trkpt lon="120.906712" lat="23.473698"><ele>2732.248433</ele><time>2026-09-14T02:23:22Z</time><extensions><speed>0.204072</speed><course>49.290678</course><hAcc>1.730335</hAcc><vAcc>3.794476</vAcc></extensions></trkpt>
      <trkpt lon="120.906713" lat="23.473699"><ele>2732.286063</ele><time>2026-09-14T02:23:23Z</time><extensions><speed>0.282873</speed><course>30.386307</course><hAcc>1.724906</hAcc><vAcc>3.794268</vAcc></extensions></trkpt>
      <trkpt lon="120.906714" lat="23.473702"><ele>2732.323592</ele><time>2026-09-14T02:23:24Z</time><extensions><speed>0.288233</speed><course>23.091998</course><hAcc>1.735562</hAcc><vAcc>3.794068</vAcc></extensions></trkpt>
      <trkpt lon="120.906715" lat="23.473704"><ele>2732.361307</ele><time>2026-09-14T02:23:25Z</time><extensions><speed>0.237532</speed><course>19.355488</course><hAcc>1.750293</hAcc><vAcc>3.793853</vAcc></extensions></trkpt>
      <trkpt lon="120.906716" lat="23.473705"><ele>2732.398915</ele><time>2026-09-14T02:23:26Z</time><extensions><speed>0.143676</speed><course>22.848644</course><hAcc>1.757998</hAcc><vAcc>3.793645</vAcc></extensions></trkpt>
      <trkpt lon="120.906717" lat="23.473706"><ele>2732.434958</ele><time>2026-09-14T02:23:27Z</time><extensions><speed>0.053765</speed><course>81.223000</course><hAcc>1.758572</hAcc><vAcc>3.793389</vAcc></extensions></trkpt>
      <trkpt lon="120.906717" lat="23.473706"><ele>2732.450099</ele><time>2026-09-14T02:23:28Z</time><extensions><speed>0.053392</speed><course>142.369394</course><hAcc>1.760155</hAcc><vAcc>3.792764</vAcc></extensions></trkpt>
      <trkpt lon="120.906717" lat="23.473705"><ele>2732.465794</ele><time>2026-09-14T02:23:29Z</time><extensions><speed>0.054861</speed><course>176.264555</course><hAcc>1.760772</hAcc><vAcc>3.792126</vAcc></extensions></trkpt>
      <trkpt lon="120.906717" lat="23.473705"><ele>2732.481767</ele><time>2026-09-14T02:23:30Z</time><extensions><speed>0.066156</speed><course>194.458775</course><hAcc>1.753813</hAcc><vAcc>3.791498</vAcc></extensions></trkpt>
      <trkpt lon="120.906717" lat="23.473704"><ele>2732.497838</ele><time>2026-09-14T02:23:31Z</time><extensions><speed>0.096756</speed><course>187.053120</course><hAcc>1.739093</hAcc><vAcc>3.790892</vAcc></extensions></trkpt>
      <trkpt lon="120.906717" lat="23.473704"><ele>2732.512864</ele><time>2026-09-14T02:23:32Z</time><extensions><speed>0.063204</speed><course>196.418923</course><hAcc>1.716009</hAcc><vAcc>3.790371</vAcc></extensions></trkpt>
      <trkpt lon="120.906717" lat="23.473703"><ele>2732.525489</ele><time>2026-09-14T02:23:33Z</time><extensions><speed>0.043118</speed><course>196.218705</course><hAcc>1.669523</hAcc><vAcc>3.789947</vAcc></extensions></trkpt>
      <trkpt lon="120.906717" lat="23.473703"><ele>2732.533997</ele><time>2026-09-14T02:23:34Z</time><extensions><speed>0.015269</speed><course>204.267467</course><hAcc>1.599674</hAcc><vAcc>3.789505</vAcc></extensions></trkpt>
      <trkpt lon="120.906716" lat="23.473703"><ele>2732.535227</ele><time>2026-09-14T02:23:35Z</time><extensions><speed>0.007072</speed><course>341.448451</course><hAcc>1.530025</hAcc><vAcc>3.788724</vAcc></extensions></trkpt>
      <trkpt lon="120.906716" lat="23.473703"><ele>2732.525484</ele><time>2026-09-14T02:23:36Z</time><extensions><speed>0.009695</speed><course>3.407875</course><hAcc>1.529603</hAcc><vAcc>3.786672</vAcc></extensions></trkpt>
      <trkpt lon="120.906716" lat="23.473703"><ele>2732.555405</ele><time>2026-09-14T02:23:36Z</time><extensions><speed>0.001900</speed><course>359.467862</course><hAcc>1.596439</hAcc><vAcc>3.778922</vAcc></extensions></trkpt>
      <trkpt lon="120.906716" lat="23.473703"><ele>2733.142613</ele><time>2026-09-14T02:23:37Z</time><extensions><speed>0.002449</speed><course>358.422461</course><hAcc>1.596185</hAcc><vAcc>3.730856</vAcc></extensions></trkpt>
      <trkpt lon="120.906716" lat="23.473703"><ele>2733.116328</ele><time>2026-09-14T02:23:38Z</time><extensions><speed>0.056567</speed><course>355.148859</course><hAcc>1.521613</hAcc><vAcc>3.727883</vAcc></extensions></trkpt>
      <trkpt lon="120.906716" lat="23.473704"><ele>2733.096598</ele><time>2026-09-14T02:23:39Z</time><extensions><speed>0.076005</speed><course>357.739453</course><hAcc>1.536536</hAcc><vAcc>3.725362</vAcc></extensions></trkpt>
      <trkpt lon="120.906716" lat="23.473705"><ele>2733.083661</ele><time>2026-09-14T02:23:40Z</time><extensions><speed>0.086345</speed><course>358.792305</course><hAcc>1.611900</hAcc><vAcc>3.724100</vAcc></extensions></trkpt>
      <trkpt lon="120.906716" lat="23.473706"><ele>2733.076888</ele><time>2026-09-14T02:23:41Z</time><extensions><speed>0.082045</speed><course>355.730600</course><hAcc>1.679984</hAcc><vAcc>3.724217</vAcc></extensions></trkpt>
      <trkpt lon="120.906716" lat="23.473706"><ele>2733.075792</ele><time>2026-09-14T02:23:42Z</time><extensions><speed>0.047987</speed><course>351.264263</course><hAcc>1.722849</hAcc><vAcc>3.725514</vAcc></extensions></trkpt>
      <trkpt lon="120.906716" lat="23.473706"><ele>2733.080130</ele><time>2026-09-14T02:23:43Z</time><extensions><speed>0.009218</speed><course>296.133526</course><hAcc>1.747125</hAcc><vAcc>3.727678</vAcc></extensions></trkpt>
      <trkpt lon="120.906716" lat="23.473706"><ele>2733.089036</ele><time>2026-09-14T02:23:44Z</time><extensions><speed>0.074837</speed><course>178.800173</course><hAcc>1.753882</hAcc><vAcc>3.730453</vAcc></extensions></trkpt>
      <trkpt lon="120.906716" lat="23.473705"><ele>2733.102280</ele><time>2026-09-14T02:23:45Z</time><extensions><speed>0.078360</speed><course>181.197030</course><hAcc>1.753326</hAcc><vAcc>3.733578</vAcc></extensions></trkpt>
      <trkpt lon="120.906716" lat="23.473705"><ele>2733.119058</ele><time>2026-09-14T02:23:46Z</time><extensions><speed>0.046999</speed><course>194.207224</course><hAcc>1.745164</hAcc><vAcc>3.736893</vAcc></extensions></trkpt>
      <trkpt lon="120.906716" lat="23.473704"><ele>2733.138922</ele><time>2026-09-14T02:23:47Z</time><extensions><speed>0.029432</speed><course>235.699525</course><hAcc>1.726731</hAcc><vAcc>3.740260</vAcc></extensions></trkpt>
      <trkpt lon="120.906716" lat="23.473704"><ele>2733.161778</ele><time>2026-09-14T02:23:48Z</time><extensions><speed>0.038445</speed><course>278.708031</course><hAcc>1.702880</hAcc><vAcc>3.743558</vAcc></extensions></trkpt>
      <trkpt lon="120.906715" lat="23.473704"><ele>2733.186958</ele><time>2026-09-14T02:23:49Z</time><extensions><speed>0.042000</speed><course>270.176908</course><hAcc>1.680985</hAcc><vAcc>3.746747</vAcc></extensions></trkpt>
      <trkpt lon="120.906715" lat="23.473704"><ele>2733.214464</ele><time>2026-09-14T02:23:50Z</time><extensions><speed>0.041908</speed><course>266.679955</course><hAcc>1.687401</hAcc><vAcc>3.749761</vAcc></extensions></trkpt>
      <trkpt lon="120.906714" lat="23.473704"><ele>2733.243703</ele><time>2026-09-14T02:23:51Z</time><extensions><speed>0.037049</speed><course>296.793987</course><hAcc>1.719535</hAcc><vAcc>3.752600</vAcc></extensions></trkpt>
      <trkpt lon="120.906714" lat="23.473704"><ele>2733.274443</ele><time>2026-09-14T02:23:52Z</time><extensions><speed>0.077064</speed><course>215.058716</course><hAcc>1.691705</hAcc><vAcc>3.755252</vAcc></extensions></trkpt>
      <trkpt lon="120.906713" lat="23.473703"><ele>2733.306795</ele><time>2026-09-14T02:23:53Z</time><extensions><speed>0.136396</speed><course>206.305291</course><hAcc>1.661266</hAcc><vAcc>3.757690</vAcc></extensions></trkpt>
      <trkpt lon="120.906713" lat="23.473702"><ele>2733.340248</ele><time>2026-09-14T02:23:54Z</time><extensions><speed>0.171341</speed><course>200.769811</course><hAcc>1.658202</hAcc><vAcc>3.759942</vAcc></extensions></trkpt>
      <trkpt lon="120.906712" lat="23.473700"><ele>2733.374651</ele><time>2026-09-14T02:23:55Z</time><extensions><speed>0.177031</speed><course>199.349938</course><hAcc>1.677318</hAcc><vAcc>3.762013</vAcc></extensions></trkpt>
      <trkpt lon="120.906712" lat="23.473699"><ele>2733.410196</ele><time>2026-09-14T02:23:56Z</time><extensions><speed>0.115422</speed><course>189.765892</course><hAcc>1.693294</hAcc><vAcc>3.763889</vAcc></extensions></trkpt>
      <trkpt lon="120.906712" lat="23.473698"><ele>2733.446435</ele><time>2026-09-14T02:23:57Z</time><extensions><speed>0.098505</speed><course>181.661718</course><hAcc>1.696805</hAcc><vAcc>3.765603</vAcc></extensions></trkpt>
      <trkpt lon="120.906712" lat="23.473697"><ele>2733.483591</ele><time>2026-09-14T02:23:58Z</time><extensions><speed>0.080108</speed><course>176.832721</course><hAcc>1.711834</hAcc><vAcc>3.767142</vAcc></extensions></trkpt>
      <trkpt lon="120.906712" lat="23.473697"><ele>2733.521236</ele><time>2026-09-14T02:23:59Z</time><extensions><speed>0.083820</speed><course>178.731232</course><hAcc>1.705640</hAcc><vAcc>3.768542</vAcc></extensions></trkpt>
      <trkpt lon="120.906712" lat="23.473696"><ele>2733.559291</ele><time>2026-09-14T02:24:00Z</time><extensions><speed>0.064582</speed><course>174.520507</course><hAcc>1.703599</hAcc><vAcc>3.769815</vAcc></extensions></trkpt>
      <trkpt lon="120.906712" lat="23.473696"><ele>2733.598018</ele><time>2026-09-14T02:24:01Z</time><extensions><speed>0.042438</speed><course>164.774408</course><hAcc>1.706964</hAcc><vAcc>3.770943</vAcc></extensions></trkpt>
      <trkpt lon="120.906712" lat="23.473695"><ele>2733.637015</ele><time>2026-09-14T02:24:02Z</time><extensions><speed>0.032397</speed><course>158.920397</course><hAcc>1.710433</hAcc><vAcc>3.771965</vAcc></extensions></trkpt>
      <trkpt lon="120.906712" lat="23.473695"><ele>2733.676564</ele><time>2026-09-14T02:24:03Z</time><extensions><speed>0.024149</speed><course>147.423633</course><hAcc>1.715861</hAcc><vAcc>3.772862</vAcc></extensions></trkpt>
      <trkpt lon="120.906712" lat="23.473695"><ele>2733.716270</ele><time>2026-09-14T02:24:04Z</time><extensions><speed>0.019495</speed><course>141.850931</course><hAcc>1.717847</hAcc><vAcc>3.773669</vAcc></extensions></trkpt>
      <trkpt lon="120.906712" lat="23.473695"><ele>2733.756093</ele><time>2026-09-14T02:24:05Z</time><extensions><speed>0.017698</speed><course>143.974321</course><hAcc>1.716415</hAcc><vAcc>3.774396</vAcc></extensions></trkpt>
      <trkpt lon="120.906713" lat="23.473695"><ele>2733.796339</ele><time>2026-09-14T02:24:06Z</time><extensions><speed>0.018587</speed><course>150.688271</course><hAcc>1.714687</hAcc><vAcc>3.775022</vAcc></extensions></trkpt>
      <trkpt lon="120.906713" lat="23.473694"><ele>2733.836628</ele><time>2026-09-14T02:24:07Z</time><extensions><speed>0.022233</speed><course>157.562481</course><hAcc>1.714044</hAcc><vAcc>3.775582</vAcc></extensions></trkpt>
      <trkpt lon="120.906713" lat="23.473694"><ele>2733.877274</ele><time>2026-09-14T02:24:08Z</time><extensions><speed>0.026705</speed><course>155.948053</course><hAcc>1.714822</hAcc><vAcc>3.776054</vAcc></extensions></trkpt>
      <trkpt lon="120.906713" lat="23.473694"><ele>2733.917899</ele><time>2026-09-14T02:24:09Z</time><extensions><speed>0.032414</speed><course>153.831679</course><hAcc>1.715500</hAcc><vAcc>3.776472</vAcc></extensions></trkpt>
      <trkpt lon="120.906713" lat="23.473694"><ele>2733.958484</ele><time>2026-09-14T02:24:10Z</time><extensions><speed>0.036888</speed><course>148.540719</course><hAcc>1.715435</hAcc><vAcc>3.776842</vAcc></extensions></trkpt>
      <trkpt lon="120.906713" lat="23.473693"><ele>2733.999358</ele><time>2026-09-14T02:24:11Z</time><extensions><speed>0.035250</speed><course>135.857807</course><hAcc>1.714528</hAcc><vAcc>3.777141</vAcc></extensions></trkpt>
      <trkpt lon="120.906714" lat="23.473693"><ele>2734.040146</ele><time>2026-09-14T02:24:12Z</time><extensions><speed>0.031803</speed><course>108.632839</course><hAcc>1.714000</hAcc><vAcc>3.777400</vAcc></extensions></trkpt>
      <trkpt lon="120.906714" lat="23.473693"><ele>2734.081185</ele><time>2026-09-14T02:24:13Z</time><extensions><speed>0.039417</speed><course>77.003574</course><hAcc>1.713039</hAcc><vAcc>3.777597</vAcc></extensions></trkpt>
      <trkpt lon="120.906714" lat="23.473694"><ele>2734.122101</ele><time>2026-09-14T02:24:14Z</time><extensions><speed>0.058466</speed><course>59.040476</course><hAcc>1.712582</hAcc><vAcc>3.777763</vAcc></extensions></trkpt>
      <trkpt lon="120.906715" lat="23.473694"><ele>2734.162886</ele><time>2026-09-14T02:24:15Z</time><extensions><speed>0.082478</speed><course>51.434935</course><hAcc>1.713600</hAcc><vAcc>3.777903</vAcc></extensions></trkpt>
      <trkpt lon="120.906716" lat="23.473694"><ele>2734.203887</ele><time>2026-09-14T02:24:16Z</time><extensions><speed>0.106792</speed><course>48.757245</course><hAcc>1.716420</hAcc><vAcc>3.777989</vAcc></extensions></trkpt>
      <trkpt lon="120.906717" lat="23.473695"><ele>2734.244734</ele><time>2026-09-14T02:24:17Z</time><extensions><speed>0.121147</speed><course>48.760985</course><hAcc>1.717361</hAcc><vAcc>3.778055</vAcc></extensions></trkpt>
      <trkpt lon="120.906717" lat="23.473696"><ele>2734.285420</ele><time>2026-09-14T02:24:18Z</time><extensions><speed>0.101507</speed><course>53.006957</course><hAcc>1.712048</hAcc><vAcc>3.778103</vAcc></extensions></trkpt>
      <trkpt lon="120.906718" lat="23.473696"><ele>2734.326304</ele><time>2026-09-14T02:24:19Z</time><extensions><speed>0.083010</speed><course>57.118370</course><hAcc>1.705609</hAcc><vAcc>3.778107</vAcc></extensions></trkpt>
      <trkpt lon="120.906719" lat="23.473696"><ele>2734.367016</ele><time>2026-09-14T02:24:20Z</time><extensions><speed>0.053848</speed><course>67.995321</course><hAcc>1.702294</hAcc><vAcc>3.778097</vAcc></extensions></trkpt>
      <trkpt lon="120.906719" lat="23.473697"><ele>2734.407911</ele><time>2026-09-14T02:24:21Z</time><extensions><speed>0.029724</speed><course>96.076490</course><hAcc>1.700793</hAcc><vAcc>3.778047</vAcc></extensions></trkpt>
      <trkpt lon="120.906719" lat="23.473696"><ele>2734.448613</ele><time>2026-09-14T02:24:22Z</time><extensions><speed>0.031640</speed><course>163.594993</course><hAcc>1.696001</hAcc><vAcc>3.777988</vAcc></extensions></trkpt>
      <trkpt lon="120.906719" lat="23.473696"><ele>2734.489124</ele><time>2026-09-14T02:24:23Z</time><extensions><speed>0.033620</speed><course>170.623754</course><hAcc>1.700885</hAcc><vAcc>3.777922</vAcc></extensions></trkpt>
      <trkpt lon="120.906719" lat="23.473696"><ele>2734.529813</ele><time>2026-09-14T02:24:24Z</time><extensions><speed>0.035970</speed><course>176.898847</course><hAcc>1.705139</hAcc><vAcc>3.777820</vAcc></extensions></trkpt>
      <trkpt lon="120.906719" lat="23.473696"><ele>2734.570309</ele><time>2026-09-14T02:24:25Z</time><extensions><speed>0.054768</speed><course>180.681954</course><hAcc>1.649224</hAcc><vAcc>3.777714</vAcc></extensions></trkpt>
      <trkpt lon="120.906719" lat="23.473695"><ele>2734.610979</ele><time>2026-09-14T02:24:26Z</time><extensions><speed>0.037813</speed><course>177.977225</course><hAcc>1.645858</hAcc><vAcc>3.777575</vAcc></extensions></trkpt>
      <trkpt lon="120.906719" lat="23.473695"><ele>2734.651441</ele><time>2026-09-14T02:24:27Z</time><extensions><speed>0.009401</speed><course>66.556046</course><hAcc>1.685751</hAcc><vAcc>3.777433</vAcc></extensions></trkpt>
      <trkpt lon="120.906720" lat="23.473695"><ele>2734.691700</ele><time>2026-09-14T02:24:28Z</time><extensions><speed>0.030813</speed><course>12.861464</course><hAcc>1.696724</hAcc><vAcc>3.777291</vAcc></extensions></trkpt>
      <trkpt lon="120.906720" lat="23.473696"><ele>2734.732133</ele><time>2026-09-14T02:24:29Z</time><extensions><speed>0.054632</speed><course>357.876240</course><hAcc>1.685662</hAcc><vAcc>3.777119</vAcc></extensions></trkpt>
      <trkpt lon="120.906719" lat="23.473696"><ele>2734.772366</ele><time>2026-09-14T02:24:30Z</time><extensions><speed>0.075485</speed><course>340.180495</course><hAcc>1.670376</hAcc><vAcc>3.776948</vAcc></extensions></trkpt>
      <trkpt lon="120.906719" lat="23.473697"><ele>2734.812777</ele><time>2026-09-14T02:24:31Z</time><extensions><speed>0.093923</speed><course>332.080404</course><hAcc>1.675570</hAcc><vAcc>3.776749</vAcc></extensions></trkpt>
      <trkpt lon="120.906719" lat="23.473698"><ele>2734.852979</ele><time>2026-09-14T02:24:32Z</time><extensions><speed>0.094964</speed><course>316.771843</course><hAcc>1.689215</hAcc><vAcc>3.776552</vAcc></extensions></trkpt>
      <trkpt lon="120.906718" lat="23.473698"><ele>2734.892975</ele><time>2026-09-14T02:24:33Z</time><extensions><speed>0.087180</speed><course>301.090303</course><hAcc>1.698580</hAcc><vAcc>3.776358</vAcc></extensions></trkpt>
      <trkpt lon="120.906717" lat="23.473699"><ele>2734.933152</ele><time>2026-09-14T02:24:34Z</time><extensions><speed>0.077316</speed><course>319.975007</course><hAcc>1.697032</hAcc><vAcc>3.776138</vAcc></extensions></trkpt>
      <trkpt lon="120.906717" lat="23.473699"><ele>2734.973126</ele><time>2026-09-14T02:24:35Z</time><extensions><speed>0.072948</speed><course>343.383780</course><hAcc>1.691472</hAcc><vAcc>3.775923</vAcc></extensions></trkpt>
      <trkpt lon="120.906717" lat="23.473700"><ele>2735.013283</ele><time>2026-09-14T02:24:36Z</time><extensions><speed>0.061370</speed><course>353.177636</course><hAcc>1.677952</hAcc><vAcc>3.775683</vAcc></extensions></trkpt>
      <trkpt lon="120.906717" lat="23.473700"><ele>2735.053234</ele><time>2026-09-14T02:24:37Z</time><extensions><speed>0.045611</speed><course>358.158306</course><hAcc>1.661859</hAcc><vAcc>3.775448</vAcc></extensions></trkpt>
      <trkpt lon="120.906717" lat="23.473701"><ele>2735.092986</ele><time>2026-09-14T02:24:38Z</time><extensions><speed>0.033270</speed><course>1.029218</course><hAcc>1.642008</hAcc><vAcc>3.775220</vAcc></extensions></trkpt>
      <trkpt lon="120.906717" lat="23.473701"><ele>2735.132926</ele><time>2026-09-14T02:24:39Z</time><extensions><speed>0.022359</speed><course>1.896994</course><hAcc>1.631904</hAcc><vAcc>3.774967</vAcc></extensions></trkpt>
      <trkpt lon="120.906717" lat="23.473701"><ele>2735.172658</ele><time>2026-09-14T02:24:40Z</time><extensions><speed>0.013593</speed><course>0.207602</course><hAcc>1.633956</hAcc><vAcc>3.774722</vAcc></extensions></trkpt>
      <trkpt lon="120.906717" lat="23.473701"><ele>2735.212189</ele><time>2026-09-14T02:24:41Z</time><extensions><speed>0.010179</speed><course>356.262684</course><hAcc>1.627001</hAcc><vAcc>3.774485</vAcc></extensions></trkpt>
      <trkpt lon="120.906717" lat="23.473701"><ele>2735.251916</ele><time>2026-09-14T02:24:42Z</time><extensions><speed>0.007764</speed><course>350.076928</course><hAcc>1.636823</hAcc><vAcc>3.774224</vAcc></extensions></trkpt>
      <trkpt lon="120.906717" lat="23.473701"><ele>2735.291446</ele><time>2026-09-14T02:24:43Z</time><extensions><speed>0.007535</speed><course>339.374597</course><hAcc>1.641640</hAcc><vAcc>3.773972</vAcc></extensions></trkpt>
      <trkpt lon="120.906717" lat="23.473701"><ele>2735.331176</ele><time>2026-09-14T02:24:44Z</time><extensions><speed>0.010251</speed><course>327.628082</course><hAcc>1.630779</hAcc><vAcc>3.773696</vAcc></extensions></trkpt>
      <trkpt lon="120.906717" lat="23.473701"><ele>2735.370708</ele><time>2026-09-14T02:24:45Z</time><extensions><speed>0.012814</speed><course>315.566941</course><hAcc>1.643286</hAcc><vAcc>3.773430</vAcc></extensions></trkpt>
      <trkpt lon="120.906716" lat="23.473701"><ele>2735.410049</ele><time>2026-09-14T02:24:46Z</time><extensions><speed>0.016251</speed><course>300.992899</course><hAcc>1.666016</hAcc><vAcc>3.773174</vAcc></extensions></trkpt>
      <trkpt lon="120.906716" lat="23.473702"><ele>2735.449600</ele><time>2026-09-14T02:24:47Z</time><extensions><speed>0.021894</speed><course>282.056751</course><hAcc>1.684254</hAcc><vAcc>3.772895</vAcc></extensions></trkpt>
      <trkpt lon="120.906716" lat="23.473702"><ele>2735.488958</ele><time>2026-09-14T02:24:48Z</time><extensions><speed>0.033331</speed><course>258.655371</course><hAcc>1.694316</hAcc><vAcc>3.772625</vAcc></extensions></trkpt>
      <trkpt lon="120.906716" lat="23.473702"><ele>2735.528527</ele><time>2026-09-14T02:24:49Z</time><extensions><speed>0.030920</speed><course>267.115442</course><hAcc>1.697200</hAcc><vAcc>3.772333</vAcc></extensions></trkpt>
      <trkpt lon="120.906715" lat="23.473702"><ele>2735.567900</ele><time>2026-09-14T02:24:50Z</time><extensions><speed>0.031205</speed><course>263.660297</course><hAcc>1.693358</hAcc><vAcc>3.772051</vAcc></extensions></trkpt>
      <trkpt lon="120.906715" lat="23.473702"><ele>2735.607085</ele><time>2026-09-14T02:24:51Z</time><extensions><speed>0.021512</speed><course>313.174597</course><hAcc>1.681193</hAcc><vAcc>3.771780</vAcc></extensions></trkpt>
      <trkpt lon="120.906715" lat="23.473702"><ele>2735.646490</ele><time>2026-09-14T02:24:52Z</time><extensions><speed>0.025305</speed><course>351.910565</course><hAcc>1.673168</hAcc><vAcc>3.771485</vAcc></extensions></trkpt>
      <trkpt lon="120.906715" lat="23.473702"><ele>2735.685707</ele><time>2026-09-14T02:24:53Z</time><extensions><speed>0.026963</speed><course>7.340817</course><hAcc>1.668309</hAcc><vAcc>3.771202</vAcc></extensions></trkpt>
      <trkpt lon="120.906715" lat="23.473702"><ele>2735.725150</ele><time>2026-09-14T02:24:54Z</time><extensions><speed>0.023634</speed><course>13.508622</course><hAcc>1.657836</hAcc><vAcc>3.770895</vAcc></extensions></trkpt>
      <trkpt lon="120.906715" lat="23.473702"><ele>2735.764402</ele><time>2026-09-14T02:24:55Z</time><extensions><speed>0.019919</speed><course>19.031451</course><hAcc>1.643290</hAcc><vAcc>3.770600</vAcc></extensions></trkpt>
      <trkpt lon="120.906715" lat="23.473703"><ele>2735.803471</ele><time>2026-09-14T02:24:56Z</time><extensions><speed>0.016427</speed><course>24.670322</course><hAcc>1.631986</hAcc><vAcc>3.770315</vAcc></extensions></trkpt>
      <trkpt lon="120.906715" lat="23.473703"><ele>2735.842772</ele><time>2026-09-14T02:24:57Z</time><extensions><speed>0.015053</speed><course>30.714736</course><hAcc>1.616100</hAcc><vAcc>3.770008</vAcc></extensions></trkpt>
      <trkpt lon="120.906715" lat="23.473703"><ele>2735.881888</ele><time>2026-09-14T02:24:58Z</time><extensions><speed>0.012473</speed><course>37.454482</course><hAcc>1.612348</hAcc><vAcc>3.769712</vAcc></extensions></trkpt>
      <trkpt lon="120.906715" lat="23.473703"><ele>2735.921236</ele><time>2026-09-14T02:24:59Z</time><extensions><speed>0.008725</speed><course>51.875157</course><hAcc>1.616066</hAcc><vAcc>3.769394</vAcc></extensions></trkpt>
      <trkpt lon="120.906716" lat="23.473703"><ele>2735.960396</ele><time>2026-09-14T02:25:00Z</time><extensions><speed>0.006606</speed><course>79.726030</course><hAcc>1.629946</hAcc><vAcc>3.769087</vAcc></extensions></trkpt>
      <trkpt lon="120.906716" lat="23.473703"><ele>2735.999375</ele><time>2026-09-14T02:25:01Z</time><extensions><speed>0.008371</speed><course>111.874378</course><hAcc>1.630762</hAcc><vAcc>3.768792</vAcc></extensions></trkpt>
      <trkpt lon="120.906716" lat="23.473703"><ele>2736.038592</ele><time>2026-09-14T02:25:02Z</time><extensions><speed>0.015117</speed><course>132.045589</course><hAcc>1.609526</hAcc><vAcc>3.768474</vAcc></extensions></trkpt>
      <trkpt lon="120.906716" lat="23.473703"><ele>2736.077619</ele><time>2026-09-14T02:25:03Z</time><extensions><speed>0.022014</speed><course>142.495206</course><hAcc>1.606107</hAcc><vAcc>3.768168</vAcc></extensions></trkpt>
      <trkpt lon="120.906716" lat="23.473702"><ele>2736.116463</ele><time>2026-09-14T02:25:04Z</time><extensions><speed>0.028012</speed><course>150.205490</course><hAcc>1.615805</hAcc><vAcc>3.767875</vAcc></extensions></trkpt>
      <trkpt lon="120.906716" lat="23.473702"><ele>2736.155557</ele><time>2026-09-14T02:25:05Z</time><extensions><speed>0.030032</speed><course>160.507387</course><hAcc>1.638295</hAcc><vAcc>3.767559</vAcc></extensions></trkpt>
      <trkpt lon="120.906716" lat="23.473702"><ele>2736.194475</ele><time>2026-09-14T02:25:06Z</time><extensions><speed>0.031942</speed><course>174.243037</course><hAcc>1.663091</hAcc><vAcc>3.767255</vAcc></extensions></trkpt>
      <trkpt lon="120.906716" lat="23.473701"><ele>2736.233645</ele><time>2026-09-14T02:25:07Z</time><extensions><speed>0.044998</speed><course>185.496228</course><hAcc>1.664171</hAcc><vAcc>3.766929</vAcc></extensions></trkpt>
      <trkpt lon="120.906716" lat="23.473701"><ele>2736.272631</ele><time>2026-09-14T02:25:08Z</time><extensions><speed>0.076016</speed><course>191.566419</course><hAcc>1.640601</hAcc><vAcc>3.766615</vAcc></extensions></trkpt>
      <trkpt lon="120.906716" lat="23.473700"><ele>2736.311439</ele><time>2026-09-14T02:25:09Z</time><extensions><speed>0.099142</speed><course>195.517416</course><hAcc>1.634763</hAcc><vAcc>3.766314</vAcc></extensions></trkpt>
      <trkpt lon="120.906716" lat="23.473699"><ele>2736.350500</ele><time>2026-09-14T02:25:10Z</time><extensions><speed>0.088963</speed><course>194.457123</course><hAcc>1.637959</hAcc><vAcc>3.765991</vAcc></extensions></trkpt>
      <trkpt lon="120.906716" lat="23.473699"><ele>2736.389378</ele><time>2026-09-14T02:25:11Z</time><extensions><speed>0.068106</speed><course>190.632487</course><hAcc>1.639837</hAcc><vAcc>3.765680</vAcc></extensions></trkpt>
      <trkpt lon="120.906715" lat="23.473698"><ele>2736.428509</ele><time>2026-09-14T02:25:12Z</time><extensions><speed>0.052309</speed><course>185.799054</course><hAcc>1.650253</hAcc><vAcc>3.765346</vAcc></extensions></trkpt>
      <trkpt lon="120.906715" lat="23.473698"><ele>2736.467453</ele><time>2026-09-14T02:25:13Z</time><extensions><speed>0.033649</speed><course>175.373362</course><hAcc>1.682126</hAcc><vAcc>3.765024</vAcc></extensions></trkpt>
      <trkpt lon="120.906716" lat="23.473697"><ele>2736.506217</ele><time>2026-09-14T02:25:14Z</time><extensions><speed>0.032271</speed><course>159.522414</course><hAcc>1.686811</hAcc><vAcc>3.764715</vAcc></extensions></trkpt>
      <trkpt lon="120.906716" lat="23.473697"><ele>2736.545244</ele><time>2026-09-14T02:25:15Z</time><extensions><speed>0.047380</speed><course>148.354279</course><hAcc>1.664540</hAcc><vAcc>3.764383</vAcc></extensions></trkpt>
      <trkpt lon="120.906716" lat="23.473697"><ele>2736.584095</ele><time>2026-09-14T02:25:16Z</time><extensions><speed>0.061568</speed><course>143.947979</course><hAcc>1.661188</hAcc><vAcc>3.764064</vAcc></extensions></trkpt>
      <trkpt lon="120.906716" lat="23.473696"><ele>2736.623213</ele><time>2026-09-14T02:25:17Z</time><extensions><speed>0.067124</speed><course>134.466448</course><hAcc>1.678221</hAcc><vAcc>3.763721</vAcc></extensions></trkpt>
      <trkpt lon="120.906717" lat="23.473696"><ele>2736.662152</ele><time>2026-09-14T02:25:18Z</time><extensions><speed>0.072818</speed><course>113.907759</course><hAcc>1.692609</hAcc><vAcc>3.763391</vAcc></extensions></trkpt>
      <trkpt lon="120.906718" lat="23.473696"><ele>2736.700918</ele><time>2026-09-14T02:25:19Z</time><extensions><speed>0.073374</speed><course>100.521725</course><hAcc>1.707686</hAcc><vAcc>3.763074</vAcc></extensions></trkpt>
      <trkpt lon="120.906718" lat="23.473696"><ele>2736.739954</ele><time>2026-09-14T02:25:20Z</time><extensions><speed>0.063533</speed><course>109.812891</course><hAcc>1.711973</hAcc><vAcc>3.762734</vAcc></extensions></trkpt>
      <trkpt lon="120.906719" lat="23.473695"><ele>2736.778807</ele><time>2026-09-14T02:25:21Z</time><extensions><speed>0.057493</speed><course>100.665192</course><hAcc>1.711287</hAcc><vAcc>3.762406</vAcc></extensions></trkpt>
      <trkpt lon="120.906719" lat="23.473695"><ele>2736.817926</ele><time>2026-09-14T02:25:22Z</time><extensions><speed>0.047637</speed><course>100.902274</course><hAcc>1.711432</hAcc><vAcc>3.762055</vAcc></extensions></trkpt>
      <trkpt lon="120.906720" lat="23.473695"><ele>2736.856859</ele><time>2026-09-14T02:25:23Z</time><extensions><speed>0.041562</speed><course>108.055682</course><hAcc>1.709308</hAcc><vAcc>3.761717</vAcc></extensions></trkpt>
      <trkpt lon="120.906720" lat="23.473695"><ele>2736.895615</ele><time>2026-09-14T02:25:24Z</time><extensions><speed>0.041300</speed><course>118.122218</course><hAcc>1.706173</hAcc><vAcc>3.761392</vAcc></extensions></trkpt>
      <trkpt lon="120.906721" lat="23.473695"><ele>2736.934646</ele><time>2026-09-14T02:25:25Z</time><extensions><speed>0.047495</speed><course>127.477653</course><hAcc>1.703457</hAcc><vAcc>3.761044</vAcc></extensions></trkpt>
      <trkpt lon="120.906721" lat="23.473694"><ele>2736.973494</ele><time>2026-09-14T02:25:26Z</time><extensions><speed>0.060208</speed><course>133.788859</course><hAcc>1.700886</hAcc><vAcc>3.760709</vAcc></extensions></trkpt>
      <trkpt lon="120.906722" lat="23.473694"><ele>2737.010392</ele><time>2026-09-14T02:25:27Z</time><extensions><speed>0.076857</speed><course>137.147072</course><hAcc>1.698205</hAcc><vAcc>3.760352</vAcc></extensions></trkpt>
      <trkpt lon="120.906722" lat="23.473693"><ele>2737.026283</ele><time>2026-09-14T02:25:28Z</time><extensions><speed>0.099055</speed><course>139.068366</course><hAcc>1.698154</hAcc><vAcc>3.759621</vAcc></extensions></trkpt>
      <trkpt lon="120.906723" lat="23.473693"><ele>2737.043131</ele><time>2026-09-14T02:25:29Z</time><extensions><speed>0.120473</speed><course>140.166930</course><hAcc>1.696762</hAcc><vAcc>3.758842</vAcc></extensions></trkpt>
      <trkpt lon="120.906724" lat="23.473692"><ele>2737.060207</ele><time>2026-09-14T02:25:30Z</time><extensions><speed>0.137061</speed><course>141.049882</course><hAcc>1.681392</hAcc><vAcc>3.758077</vAcc></extensions></trkpt>
      <trkpt lon="120.906724" lat="23.473691"><ele>2737.077494</ele><time>2026-09-14T02:25:31Z</time><extensions><speed>0.134455</speed><course>142.219448</course><hAcc>1.657924</hAcc><vAcc>3.757326</vAcc></extensions></trkpt>
      <trkpt lon="120.906725" lat="23.473690"><ele>2737.093673</ele><time>2026-09-14T02:25:32Z</time><extensions><speed>0.116409</speed><course>136.865045</course><hAcc>1.622668</hAcc><vAcc>3.756667</vAcc></extensions></trkpt>
      <trkpt lon="120.906726" lat="23.473689"><ele>2737.107376</ele><time>2026-09-14T02:25:33Z</time><extensions><speed>0.088745</speed><course>132.587243</course><hAcc>1.572239</hAcc><vAcc>3.756114</vAcc></extensions></trkpt>
      <trkpt lon="120.906727" lat="23.473689"><ele>2737.117031</ele><time>2026-09-14T02:25:34Z</time><extensions><speed>0.059481</speed><course>127.907797</course><hAcc>1.504733</hAcc><vAcc>3.755541</vAcc></extensions></trkpt>
      <trkpt lon="120.906727" lat="23.473689"><ele>2737.119269</ele><time>2026-09-14T02:25:35Z</time><extensions><speed>0.033326</speed><course>123.411709</course><hAcc>1.441814</hAcc><vAcc>3.754641</vAcc></extensions></trkpt>
      <trkpt lon="120.906727" lat="23.473688"><ele>2737.110524</ele><time>2026-09-14T02:25:36Z</time><extensions><speed>0.014146</speed><course>117.680365</course><hAcc>1.426066</hAcc><vAcc>3.752464</vAcc></extensions></trkpt>
      <trkpt lon="120.906727" lat="23.473688"><ele>2737.141561</ele><time>2026-09-14T02:25:36Z</time><extensions><speed>0.001181</speed><course>126.534529</course><hAcc>1.468159</hAcc><vAcc>3.744580</vAcc></extensions></trkpt>
      <trkpt lon="120.906727" lat="23.473688"><ele>2737.725540</ele><time>2026-09-14T02:25:37Z</time><extensions><speed>0.001435</speed><course>127.931137</course><hAcc>1.467507</hAcc><vAcc>3.696625</vAcc></extensions></trkpt>
      <trkpt lon="120.906727" lat="23.473688"><ele>2737.700165</ele><time>2026-09-14T02:25:38Z</time><extensions><speed>0.018304</speed><course>133.875405</course><hAcc>1.421789</hAcc><vAcc>3.693582</vAcc></extensions></trkpt>
      <trkpt lon="120.906727" lat="23.473688"><ele>2737.681397</ele><time>2026-09-14T02:25:39Z</time><extensions><speed>0.020913</speed><course>133.989459</course><hAcc>1.448890</hAcc><vAcc>3.690983</vAcc></extensions></trkpt>
      <trkpt lon="120.906728" lat="23.473688"><ele>2737.669625</ele><time>2026-09-14T02:25:40Z</time><extensions><speed>0.024113</speed><course>136.490744</course><hAcc>1.498809</hAcc><vAcc>3.689632</vAcc></extensions></trkpt>
      <trkpt lon="120.906728" lat="23.473688"><ele>2737.664034</ele><time>2026-09-14T02:25:41Z</time><extensions><speed>0.022653</speed><course>138.206487</course><hAcc>1.567960</hAcc><vAcc>3.689665</vAcc></extensions></trkpt>
      <trkpt lon="120.906728" lat="23.473688"><ele>2737.664132</ele><time>2026-09-14T02:25:42Z</time><extensions><speed>0.022101</speed><course>140.678687</course><hAcc>1.625730</hAcc><vAcc>3.690882</vAcc></extensions></trkpt>
      <trkpt lon="120.906728" lat="23.473687"><ele>2737.669820</ele><time>2026-09-14T02:25:43Z</time><extensions><speed>0.025185</speed><course>141.335428</course><hAcc>1.662734</hAcc><vAcc>3.692954</vAcc></extensions></trkpt>
      <trkpt lon="120.906728" lat="23.473687"><ele>2737.680065</ele><time>2026-09-14T02:25:44Z</time><extensions><speed>0.033721</speed><course>141.546199</course><hAcc>1.683555</hAcc><vAcc>3.695639</vAcc></extensions></trkpt>
      <trkpt lon="120.906729" lat="23.473687"><ele>2737.694787</ele><time>2026-09-14T02:25:45Z</time><extensions><speed>0.049501</speed><course>140.237535</course><hAcc>1.694834</hAcc><vAcc>3.698661</vAcc></extensions></trkpt>
      <trkpt lon="120.906729" lat="23.473686"><ele>2737.713000</ele><time>2026-09-14T02:25:46Z</time><extensions><speed>0.074788</speed><course>138.861569</course><hAcc>1.701768</hAcc><vAcc>3.701871</vAcc></extensions></trkpt>
      <trkpt lon="120.906730" lat="23.473686"><ele>2737.734249</ele><time>2026-09-14T02:25:47Z</time><extensions><speed>0.113001</speed><course>137.829375</course><hAcc>1.707966</hAcc><vAcc>3.705133</vAcc></extensions></trkpt>
      <trkpt lon="120.906731" lat="23.473685"><ele>2737.758603</ele><time>2026-09-14T02:25:48Z</time><extensions><speed>0.169016</speed><course>137.461209</course><hAcc>1.714220</hAcc><vAcc>3.708313</vAcc></extensions></trkpt>
      <trkpt lon="120.906733" lat="23.473683"><ele>2737.785217</ele><time>2026-09-14T02:25:49Z</time><extensions><speed>0.249292</speed><course>137.789965</course><hAcc>1.718737</hAcc><vAcc>3.711383</vAcc></extensions></trkpt>
      <trkpt lon="120.906735" lat="23.473681"><ele>2737.813779</ele><time>2026-09-14T02:25:50Z</time><extensions><speed>0.359572</speed><course>139.033559</course><hAcc>1.719922</hAcc><vAcc>3.714304</vAcc></extensions></trkpt>
      <trkpt lon="120.906737" lat="23.473678"><ele>2737.844498</ele><time>2026-09-14T02:25:51Z</time><extensions><speed>0.483098</speed><course>141.868399</course><hAcc>1.724593</hAcc><vAcc>3.717012</vAcc></extensions></trkpt>
      <trkpt lon="120.906741" lat="23.473675"><ele>2737.876645</ele><time>2026-09-14T02:25:52Z</time><extensions><speed>0.613716</speed><course>140.377457</course><hAcc>1.727472</hAcc><vAcc>3.719536</vAcc></extensions></trkpt>
      <trkpt lon="120.906745" lat="23.473670"><ele>2737.910497</ele><time>2026-09-14T02:25:53Z</time><extensions><speed>0.696885</speed><course>132.581367</course><hAcc>1.733377</hAcc><vAcc>3.721833</vAcc></extensions></trkpt>
      <trkpt lon="120.906751" lat="23.473666"><ele>2737.945375</ele><time>2026-09-14T02:25:54Z</time><extensions><speed>0.770845</speed><course>125.497700</course><hAcc>1.737483</hAcc><vAcc>3.723947</vAcc></extensions></trkpt>
      <trkpt lon="120.906758" lat="23.473662"><ele>2737.981126</ele><time>2026-09-14T02:25:55Z</time><extensions><speed>0.837828</speed><course>119.096867</course><hAcc>1.738701</hAcc><vAcc>3.725884</vAcc></extensions></trkpt>
      <trkpt lon="120.906766" lat="23.473659"><ele>2738.018107</ele><time>2026-09-14T02:25:56Z</time><extensions><speed>0.885101</speed><course>112.444273</course><hAcc>1.740403</hAcc><vAcc>3.727613</vAcc></extensions></trkpt>
      <trkpt lon="120.906774" lat="23.473656"><ele>2738.055699</ele><time>2026-09-14T02:25:57Z</time><extensions><speed>0.931816</speed><course>107.588050</course><hAcc>1.738600</hAcc><vAcc>3.729187</vAcc></extensions></trkpt>
      <trkpt lon="120.906783" lat="23.473654"><ele>2738.094293</ele><time>2026-09-14T02:25:58Z</time><extensions><speed>0.983061</speed><course>103.350044</course><hAcc>1.734960</hAcc><vAcc>3.730574</vAcc></extensions></trkpt>
      <trkpt lon="120.906793" lat="23.473652"><ele>2738.133290</ele><time>2026-09-14T02:25:59Z</time><extensions><speed>0.953966</speed><course>102.125329</course><hAcc>1.739776</hAcc><vAcc>3.731827</vAcc></extensions></trkpt>
      <trkpt lon="120.906802" lat="23.473650"><ele>2738.172613</ele><time>2026-09-14T02:26:00Z</time><extensions><speed>0.940372</speed><course>101.507432</course><hAcc>1.743125</hAcc><vAcc>3.732957</vAcc></extensions></trkpt>
      <trkpt lon="120.906811" lat="23.473648"><ele>2738.212697</ele><time>2026-09-14T02:26:01Z</time><extensions><speed>0.934020</speed><course>100.117162</course><hAcc>1.745833</hAcc><vAcc>3.733934</vAcc></extensions></trkpt>
      <trkpt lon="120.906820" lat="23.473647"><ele>2738.252970</ele><time>2026-09-14T02:26:02Z</time><extensions><speed>0.940420</speed><course>99.821912</course><hAcc>1.744499</hAcc><vAcc>3.734809</vAcc></extensions></trkpt>
      <trkpt lon="120.906829" lat="23.473645"><ele>2738.293883</ele><time>2026-09-14T02:26:03Z</time><extensions><speed>0.977502</speed><course>100.419848</course><hAcc>1.737983</hAcc><vAcc>3.735549</vAcc></extensions></trkpt>
      <trkpt lon="120.906839" lat="23.473644"><ele>2738.334870</ele><time>2026-09-14T02:26:04Z</time><extensions><speed>0.966910</speed><course>102.342919</course><hAcc>1.737433</hAcc><vAcc>3.736206</vAcc></extensions></trkpt>
      <trkpt lon="120.906848" lat="23.473641"><ele>2738.375893</ele><time>2026-09-14T02:26:05Z</time><extensions><speed>0.918997</speed><course>105.426596</course><hAcc>1.741593</hAcc><vAcc>3.736788</vAcc></extensions></trkpt>
      <trkpt lon="120.906856" lat="23.473639"><ele>2738.417428</ele><time>2026-09-14T02:26:06Z</time><extensions><speed>0.869342</speed><course>110.305495</course><hAcc>1.742411</hAcc><vAcc>3.737261</vAcc></extensions></trkpt>
      <trkpt lon="120.906864" lat="23.473636"><ele>2738.458923</ele><time>2026-09-14T02:26:07Z</time><extensions><speed>0.847730</speed><course>115.198542</course><hAcc>1.735695</hAcc><vAcc>3.737673</vAcc></extensions></trkpt>
      <trkpt lon="120.906871" lat="23.473632"><ele>2738.500865</ele><time>2026-09-14T02:26:08Z</time><extensions><speed>0.856063</speed><course>120.661176</course><hAcc>1.721980</hAcc><vAcc>3.737990</vAcc></extensions></trkpt>
      <trkpt lon="120.906878" lat="23.473628"><ele>2738.542701</ele><time>2026-09-14T02:26:09Z</time><extensions><speed>0.859561</speed><course>129.440819</course><hAcc>1.705272</hAcc><vAcc>3.738258</vAcc></extensions></trkpt>
      <trkpt lon="120.906885" lat="23.473622"><ele>2738.584416</ele><time>2026-09-14T02:26:10Z</time><extensions><speed>0.924422</speed><course>138.435220</course><hAcc>1.677818</hAcc><vAcc>3.738484</vAcc></extensions></trkpt>
      <trkpt lon="120.906891" lat="23.473615"><ele>2738.626510</ele><time>2026-09-14T02:26:11Z</time><extensions><speed>1.057598</speed><course>145.524171</course><hAcc>1.651097</hAcc><vAcc>3.738631</vAcc></extensions></trkpt>
      <trkpt lon="120.906897" lat="23.473607"><ele>2738.668443</ele><time>2026-09-14T02:26:12Z</time><extensions><speed>1.212123</speed><course>146.943979</course><hAcc>1.646849</hAcc><vAcc>3.738746</vAcc></extensions></trkpt>
      <trkpt lon="120.906904" lat="23.473598"><ele>2738.710202</ele><time>2026-09-14T02:26:13Z</time><extensions><speed>1.266672</speed><course>138.786091</course><hAcc>1.632660</hAcc><vAcc>3.738832</vAcc></extensions></trkpt>
      <trkpt lon="120.906913" lat="23.473590"><ele>2738.752298</ele><time>2026-09-14T02:26:14Z</time><extensions><speed>1.254039</speed><course>126.014549</course><hAcc>1.611721</hAcc><vAcc>3.738851</vAcc></extensions></trkpt>
      <trkpt lon="120.906924" lat="23.473584"><ele>2738.794184</ele><time>2026-09-14T02:26:15Z</time><extensions><speed>1.278817</speed><course>121.552917</course><hAcc>1.592248</hAcc><vAcc>3.738850</vAcc></extensions></trkpt>
      <trkpt lon="120.906934" lat="23.473578"><ele>2738.836384</ele><time>2026-09-14T02:26:16Z</time><extensions><speed>1.196280</speed><course>119.838780</course><hAcc>1.578920</hAcc><vAcc>3.738788</vAcc></extensions></trkpt>
      <trkpt lon="120.906944" lat="23.473573"><ele>2738.878355</ele><time>2026-09-14T02:26:17Z</time><extensions><speed>1.155961</speed><course>118.492631</course><hAcc>1.572194</hAcc><vAcc>3.738711</vAcc></extensions></trkpt>
      <trkpt lon="120.906954" lat="23.473568"><ele>2738.920095</ele><time>2026-09-14T02:26:18Z</time><extensions><speed>1.101667</speed><course>117.135636</course><hAcc>1.573761</hAcc><vAcc>3.738623</vAcc></extensions></trkpt>
      <trkpt lon="120.906963" lat="23.473564"><ele>2738.962129</ele><time>2026-09-14T02:26:19Z</time><extensions><speed>1.027991</speed><course>116.377197</course><hAcc>1.575519</hAcc><vAcc>3.738482</vAcc></extensions></trkpt>
      <trkpt lon="120.906972" lat="23.473560"><ele>2739.003913</ele><time>2026-09-14T02:26:20Z</time><extensions><speed>0.966581</speed><course>116.465172</course><hAcc>1.565261</hAcc><vAcc>3.738334</vAcc></extensions></trkpt>
      <trkpt lon="120.906981" lat="23.473556"><ele>2739.045979</ele><time>2026-09-14T02:26:21Z</time><extensions><speed>0.927616</speed><course>116.594052</course><hAcc>1.551339</hAcc><vAcc>3.738138</vAcc></extensions></trkpt>
      <trkpt lon="120.906989" lat="23.473552"><ele>2739.087785</ele><time>2026-09-14T02:26:22Z</time><extensions><speed>0.918974</speed><course>117.601581</course><hAcc>1.566209</hAcc><vAcc>3.737938</vAcc></extensions></trkpt>
      <trkpt lon="120.906997" lat="23.473548"><ele>2739.129335</ele><time>2026-09-14T02:26:23Z</time><extensions><speed>1.022723</speed><course>118.326223</course><hAcc>1.569649</hAcc><vAcc>3.737736</vAcc></extensions></trkpt>
      <trkpt lon="120.907006" lat="23.473544"><ele>2739.171165</ele><time>2026-09-14T02:26:24Z</time><extensions><speed>1.077810</speed><course>118.604117</course><hAcc>1.567324</hAcc><vAcc>3.737490</vAcc></extensions></trkpt>
      <trkpt lon="120.907016" lat="23.473539"><ele>2739.212724</ele><time>2026-09-14T02:26:25Z</time><extensions><speed>1.142020</speed><course>118.716453</course><hAcc>1.561350</hAcc><vAcc>3.737245</vAcc></extensions></trkpt>
      <trkpt lon="120.907026" lat="23.473534"><ele>2739.254557</ele><time>2026-09-14T02:26:26Z</time><extensions><speed>1.130004</speed><course>119.308739</course><hAcc>1.556622</hAcc><vAcc>3.736959</vAcc></extensions></trkpt>
      <trkpt lon="120.907035" lat="23.473530"><ele>2739.296116</ele><time>2026-09-14T02:26:27Z</time><extensions><speed>1.002079</speed><course>117.841378</course><hAcc>1.551665</hAcc><vAcc>3.736676</vAcc></extensions></trkpt>
      <trkpt lon="120.907044" lat="23.473526"><ele>2739.337407</ele><time>2026-09-14T02:26:28Z</time><extensions><speed>0.896597</speed><course>116.057736</course><hAcc>1.548017</hAcc><vAcc>3.736399</vAcc></extensions></trkpt>
      <trkpt lon="120.907051" lat="23.473522"><ele>2739.378975</ele><time>2026-09-14T02:26:29Z</time><extensions><speed>0.867888</speed><course>114.929931</course><hAcc>1.545927</hAcc><vAcc>3.736083</vAcc></extensions></trkpt>
      <trkpt lon="120.907059" lat="23.473519"><ele>2739.420266</ele><time>2026-09-14T02:26:30Z</time><extensions><speed>0.854483</speed><course>114.397286</course><hAcc>1.549292</hAcc><vAcc>3.735774</vAcc></extensions></trkpt>
      <trkpt lon="120.907067" lat="23.473516"><ele>2739.461832</ele><time>2026-09-14T02:26:31Z</time><extensions><speed>0.916640</speed><course>114.141516</course><hAcc>1.540337</hAcc><vAcc>3.735427</vAcc></extensions></trkpt>
      <trkpt lon="120.907075" lat="23.473512"><ele>2739.503117</ele><time>2026-09-14T02:26:32Z</time><extensions><speed>0.887897</speed><course>112.621081</course><hAcc>1.527351</hAcc><vAcc>3.735090</vAcc></extensions></trkpt>
      <trkpt lon="120.907083" lat="23.473509"><ele>2739.544128</ele><time>2026-09-14T02:26:33Z</time><extensions><speed>0.848015</speed><course>116.819210</course><hAcc>1.556839</hAcc><vAcc>3.734762</vAcc></extensions></trkpt>
      <trkpt lon="120.907091" lat="23.473506"><ele>2739.585424</ele><time>2026-09-14T02:26:34Z</time><extensions><speed>0.889282</speed><course>116.291334</course><hAcc>1.521174</hAcc><vAcc>3.734399</vAcc></extensions></trkpt>
      <trkpt lon="120.907099" lat="23.473502"><ele>2739.626445</ele><time>2026-09-14T02:26:35Z</time><extensions><speed>0.914658</speed><course>118.717341</course><hAcc>1.519231</hAcc><vAcc>3.734047</vAcc></extensions></trkpt>
      <trkpt lon="120.907107" lat="23.473497"><ele>2739.667200</ele><time>2026-09-14T02:26:36Z</time><extensions><speed>1.054789</speed><course>123.158585</course><hAcc>1.515730</hAcc><vAcc>3.733707</vAcc></extensions></trkpt>
      <trkpt lon="120.907116" lat="23.473491"><ele>2739.708245</ele><time>2026-09-14T02:26:37Z</time><extensions><speed>1.150795</speed><course>125.629941</course><hAcc>1.511399</hAcc><vAcc>3.733333</vAcc></extensions></trkpt>
      <trkpt lon="120.907125" lat="23.473485"><ele>2739.749019</ele><time>2026-09-14T02:26:38Z</time><extensions><speed>1.157084</speed><course>127.905230</course><hAcc>1.516829</hAcc><vAcc>3.732971</vAcc></extensions></trkpt>
      <trkpt lon="120.907134" lat="23.473478"><ele>2739.790083</ele><time>2026-09-14T02:26:39Z</time><extensions><speed>1.181517</speed><course>130.885045</course><hAcc>1.518771</hAcc><vAcc>3.732577</vAcc></extensions></trkpt>
      <trkpt lon="120.907142" lat="23.473471"><ele>2739.830873</ele><time>2026-09-14T02:26:40Z</time><extensions><speed>1.177311</speed><course>135.141702</course><hAcc>1.540388</hAcc><vAcc>3.732195</vAcc></extensions></trkpt>
      <trkpt lon="120.907150" lat="23.473463"><ele>2739.871397</ele><time>2026-09-14T02:26:41Z</time><extensions><speed>1.151300</speed><course>136.341165</course><hAcc>1.520496</hAcc><vAcc>3.731828</vAcc></extensions></trkpt>
      <trkpt lon="120.907158" lat="23.473456"><ele>2739.912224</ele><time>2026-09-14T02:26:42Z</time><extensions><speed>0.942920</speed><course>137.645990</course><hAcc>1.485724</hAcc><vAcc>3.731429</vAcc></extensions></trkpt>
      <trkpt lon="120.907164" lat="23.473450"><ele>2739.952787</ele><time>2026-09-14T02:26:43Z</time><extensions><speed>0.882849</speed><course>139.261130</course><hAcc>1.479372</hAcc><vAcc>3.731044</vAcc></extensions></trkpt>
      <trkpt lon="120.907169" lat="23.473444"><ele>2739.993658</ele><time>2026-09-14T02:26:44Z</time><extensions><speed>0.815233</speed><course>141.196624</course><hAcc>1.501100</hAcc><vAcc>3.730627</vAcc></extensions></trkpt>
      <trkpt lon="120.907174" lat="23.473438"><ele>2740.034260</ele><time>2026-09-14T02:26:45Z</time><extensions><speed>0.777413</speed><course>143.662636</course><hAcc>1.516226</hAcc><vAcc>3.730225</vAcc></extensions></trkpt>
      <trkpt lon="120.907179" lat="23.473432"><ele>2740.074605</ele><time>2026-09-14T02:26:46Z</time><extensions><speed>0.956028</speed><course>145.695495</course><hAcc>1.539226</hAcc><vAcc>3.729837</vAcc></extensions></trkpt>
      <trkpt lon="120.907184" lat="23.473424"><ele>2740.115265</ele><time>2026-09-14T02:26:47Z</time><extensions><speed>1.073883</speed><course>146.653383</course><hAcc>1.516824</hAcc><vAcc>3.729418</vAcc></extensions></trkpt>
      <trkpt lon="120.907190" lat="23.473415"><ele>2740.155662</ele><time>2026-09-14T02:26:48Z</time><extensions><speed>1.202579</speed><course>149.375332</course><hAcc>1.498029</hAcc><vAcc>3.729014</vAcc></extensions></trkpt>
      <trkpt lon="120.907196" lat="23.473406"><ele>2740.196376</ele><time>2026-09-14T02:26:49Z</time><extensions><speed>1.230832</speed><course>150.153341</course><hAcc>1.499403</hAcc><vAcc>3.728578</vAcc></extensions></trkpt>
      <trkpt lon="120.907202" lat="23.473396"><ele>2740.236826</ele><time>2026-09-14T02:26:50Z</time><extensions><speed>1.277017</speed><course>150.630800</course><hAcc>1.504502</hAcc><vAcc>3.728157</vAcc></extensions></trkpt>
      <trkpt lon="120.907208" lat="23.473386"><ele>2740.277021</ele><time>2026-09-14T02:26:51Z</time><extensions><speed>1.271824</speed><course>150.897683</course><hAcc>1.505532</hAcc><vAcc>3.727753</vAcc></extensions></trkpt>
      <trkpt lon="120.907214" lat="23.473376"><ele>2740.317545</ele><time>2026-09-14T02:26:52Z</time><extensions><speed>1.177929</speed><course>151.266835</course><hAcc>1.501754</hAcc><vAcc>3.727317</vAcc></extensions></trkpt>
      <trkpt lon="120.907219" lat="23.473367"><ele>2740.357807</ele><time>2026-09-14T02:26:53Z</time><extensions><speed>1.071450</speed><course>152.195496</course><hAcc>1.499727</hAcc><vAcc>3.726897</vAcc></extensions></trkpt>
      <trkpt lon="120.907224" lat="23.473359"><ele>2740.398396</ele><time>2026-09-14T02:26:54Z</time><extensions><speed>1.139076</speed><course>153.073358</course><hAcc>1.478872</hAcc><vAcc>3.726446</vAcc></extensions></trkpt>
      <trkpt lon="120.907230" lat="23.473348"><ele>2740.438723</ele><time>2026-09-14T02:26:55Z</time><extensions><speed>1.341905</speed><course>154.406725</course><hAcc>1.479817</hAcc><vAcc>3.726012</vAcc></extensions></trkpt>
      <trkpt lon="120.907235" lat="23.473338"><ele>2740.478799</ele><time>2026-09-14T02:26:56Z</time><extensions><speed>1.175224</speed><course>154.557523</course><hAcc>1.492965</hAcc><vAcc>3.725594</vAcc></extensions></trkpt>
      <trkpt lon="120.907240" lat="23.473329"><ele>2740.519214</ele><time>2026-09-14T02:26:57Z</time><extensions><speed>1.158390</speed><course>154.430927</course><hAcc>1.484944</hAcc><vAcc>3.725145</vAcc></extensions></trkpt>
      <trkpt lon="120.907245" lat="23.473320"><ele>2740.559374</ele><time>2026-09-14T02:26:58Z</time><extensions><speed>1.072700</speed><course>154.213497</course><hAcc>1.486115</hAcc><vAcc>3.724713</vAcc></extensions></trkpt>
      <trkpt lon="120.907249" lat="23.473311"><ele>2740.599286</ele><time>2026-09-14T02:26:59Z</time><extensions><speed>1.144022</speed><course>153.958835</course><hAcc>1.473830</hAcc><vAcc>3.724299</vAcc></extensions></trkpt>
      <trkpt lon="120.907254" lat="23.473302"><ele>2740.639544</ele><time>2026-09-14T02:27:00Z</time><extensions><speed>1.110438</speed><course>154.043988</course><hAcc>1.493852</hAcc><vAcc>3.723853</vAcc></extensions></trkpt>
      <trkpt lon="120.907259" lat="23.473293"><ele>2740.679548</ele><time>2026-09-14T02:27:01Z</time><extensions><speed>1.035294</speed><course>154.289974</course><hAcc>1.535914</hAcc><vAcc>3.723426</vAcc></extensions></trkpt>
      <trkpt lon="120.907263" lat="23.473285"><ele>2740.719896</ele><time>2026-09-14T02:27:02Z</time><extensions><speed>0.981763</speed><course>153.869678</course><hAcc>1.552926</hAcc><vAcc>3.722966</vAcc></extensions></trkpt>
      <trkpt lon="120.907267" lat="23.473277"><ele>2740.759988</ele><time>2026-09-14T02:27:03Z</time><extensions><speed>0.864123</speed><course>152.874898</course><hAcc>1.529669</hAcc><vAcc>3.722525</vAcc></extensions></trkpt>
      <trkpt lon="120.907271" lat="23.473271"><ele>2740.799832</ele><time>2026-09-14T02:27:04Z</time><extensions><speed>0.823646</speed><course>151.174510</course><hAcc>1.530896</hAcc><vAcc>3.722102</vAcc></extensions></trkpt>
      <trkpt lon="120.907276" lat="23.473264"><ele>2740.840031</ele><time>2026-09-14T02:27:05Z</time><extensions><speed>0.928615</speed><course>149.220052</course><hAcc>1.544486</hAcc><vAcc>3.721647</vAcc></extensions></trkpt>
      <trkpt lon="120.907281" lat="23.473256"><ele>2740.879982</ele><time>2026-09-14T02:27:06Z</time><extensions><speed>1.151135</speed><course>148.368026</course><hAcc>1.580085</hAcc><vAcc>3.721211</vAcc></extensions></trkpt>
      <trkpt lon="120.907287" lat="23.473247"><ele>2740.920290</ele><time>2026-09-14T02:27:07Z</time><extensions><speed>1.118442</speed><course>144.412893</course><hAcc>1.614582</hAcc><vAcc>3.720743</vAcc></extensions></trkpt>
      <trkpt lon="120.907294" lat="23.473240"><ele>2740.960343</ele><time>2026-09-14T02:27:08Z</time><extensions><speed>0.985928</speed><course>136.911930</course><hAcc>1.581220</hAcc><vAcc>3.720292</vAcc></extensions></trkpt>
      <trkpt lon="120.907300" lat="23.473234"><ele>2741.000149</ele><time>2026-09-14T02:27:09Z</time><extensions><speed>0.867272</speed><course>128.174252</course><hAcc>1.549066</hAcc><vAcc>3.719860</vAcc></extensions></trkpt>
      <trkpt lon="120.907307" lat="23.473229"><ele>2741.040321</ele><time>2026-09-14T02:27:10Z</time><extensions><speed>0.827649</speed><course>120.856456</course><hAcc>1.552890</hAcc><vAcc>3.719395</vAcc></extensions></trkpt>
      <trkpt lon="120.907314" lat="23.473226"><ele>2741.080246</ele><time>2026-09-14T02:27:11Z</time><extensions><speed>0.831298</speed><course>119.644297</course><hAcc>1.576450</hAcc><vAcc>3.718949</vAcc></extensions></trkpt>
      <trkpt lon="120.907321" lat="23.473221"><ele>2741.120536</ele><time>2026-09-14T02:27:12Z</time><extensions><speed>0.914174</speed><course>119.701188</course><hAcc>1.575442</hAcc><vAcc>3.718470</vAcc></extensions></trkpt>
      <trkpt lon="120.907329" lat="23.473217"><ele>2741.160570</ele><time>2026-09-14T02:27:13Z</time><extensions><speed>0.979998</speed><course>118.689636</course><hAcc>1.569517</hAcc><vAcc>3.718009</vAcc></extensions></trkpt>
      <trkpt lon="120.907338" lat="23.473212"><ele>2741.200357</ele><time>2026-09-14T02:27:14Z</time><extensions><speed>1.031256</speed><course>122.812530</course><hAcc>1.565840</hAcc><vAcc>3.717566</vAcc></extensions></trkpt>
      <trkpt lon="120.907347" lat="23.473206"><ele>2741.240517</ele><time>2026-09-14T02:27:15Z</time><extensions><speed>1.191279</speed><course>130.681019</course><hAcc>1.566553</hAcc><vAcc>3.717092</vAcc></extensions></trkpt>
      <trkpt lon="120.907356" lat="23.473198"><ele>2741.280430</ele><time>2026-09-14T02:27:16Z</time><extensions><speed>1.263699</speed><course>132.083027</course><hAcc>1.568240</hAcc><vAcc>3.716635</vAcc></extensions></trkpt>
      <trkpt lon="120.907365" lat="23.473191"><ele>2741.320716</ele><time>2026-09-14T02:27:17Z</time><extensions><speed>1.215163</speed><course>129.270139</course><hAcc>1.569817</hAcc><vAcc>3.716146</vAcc></extensions></trkpt>
      <trkpt lon="120.907373" lat="23.473184"><ele>2741.360748</ele><time>2026-09-14T02:27:18Z</time><extensions><speed>1.061703</speed><course>130.790347</course><hAcc>1.572594</hAcc><vAcc>3.715676</vAcc></extensions></trkpt>
      <trkpt lon="120.907381" lat="23.473178"><ele>2741.400534</ele><time>2026-09-14T02:27:19Z</time><extensions><speed>0.987966</speed><course>130.500094</course><hAcc>1.563025</hAcc><vAcc>3.715225</vAcc></extensions></trkpt>
      <trkpt lon="120.907388" lat="23.473173"><ele>2741.440700</ele><time>2026-09-14T02:27:20Z</time><extensions><speed>0.768357</speed><course>124.923925</course><hAcc>1.539954</hAcc><vAcc>3.714740</vAcc></extensions></trkpt>
      <trkpt lon="120.907394" lat="23.473170"><ele>2741.480613</ele><time>2026-09-14T02:27:21Z</time><extensions><speed>0.644840</speed><course>116.265270</course><hAcc>1.526082</hAcc><vAcc>3.714275</vAcc></extensions></trkpt>
      <trkpt lon="120.907400" lat="23.473168"><ele>2741.520279</ele><time>2026-09-14T02:27:22Z</time><extensions><speed>0.598500</speed><course>101.206380</course><hAcc>1.529109</hAcc><vAcc>3.713829</vAcc></extensions></trkpt>
      <trkpt lon="120.907405" lat="23.473167"><ele>2741.560331</ele><time>2026-09-14T02:27:23Z</time><extensions><speed>0.616153</speed><course>95.261000</course><hAcc>1.508160</hAcc><vAcc>3.713351</vAcc></extensions></trkpt>
      <trkpt lon="120.907411" lat="23.473167"><ele>2741.600133</ele><time>2026-09-14T02:27:24Z</time><extensions><speed>0.588458</speed><course>88.394515</course><hAcc>1.497458</hAcc><vAcc>3.712892</vAcc></extensions></trkpt>
      <trkpt lon="120.907416" lat="23.473167"><ele>2741.640320</ele><time>2026-09-14T02:27:25Z</time><extensions><speed>0.527885</speed><course>82.866556</course><hAcc>1.493625</hAcc><vAcc>3.712400</vAcc></extensions></trkpt>
      <trkpt lon="120.907421" lat="23.473168"><ele>2741.680252</ele><time>2026-09-14T02:27:26Z</time><extensions><speed>0.429174</speed><course>73.887366</course><hAcc>1.501420</hAcc><vAcc>3.711928</vAcc></extensions></trkpt>
      <trkpt lon="120.907424" lat="23.473169"><ele>2741.719936</ele><time>2026-09-14T02:27:27Z</time><extensions><speed>0.249453</speed><course>76.192397</course><hAcc>1.511327</hAcc><vAcc>3.711475</vAcc></extensions></trkpt>
      <trkpt lon="120.907427" lat="23.473169"><ele>2741.760014</ele><time>2026-09-14T02:27:28Z</time><extensions><speed>0.324873</speed><course>83.665721</course><hAcc>1.472695</hAcc><vAcc>3.710989</vAcc></extensions></trkpt>
      <trkpt lon="120.907430" lat="23.473170"><ele>2741.799843</ele><time>2026-09-14T02:27:29Z</time><extensions><speed>0.269306</speed><course>82.333600</course><hAcc>1.494949</hAcc><vAcc>3.710523</vAcc></extensions></trkpt>
      <trkpt lon="120.907433" lat="23.473170"><ele>2741.840064</ele><time>2026-09-14T02:27:30Z</time><extensions><speed>0.245838</speed><course>78.904429</course><hAcc>1.516791</hAcc><vAcc>3.710024</vAcc></extensions></trkpt>
      <trkpt lon="120.907435" lat="23.473171"><ele>2741.880033</ele><time>2026-09-14T02:27:31Z</time><extensions><speed>0.179280</speed><course>66.507431</course><hAcc>1.559929</hAcc><vAcc>3.709543</vAcc></extensions></trkpt>
      <trkpt lon="120.907436" lat="23.473171"><ele>2741.919757</ele><time>2026-09-14T02:27:32Z</time><extensions><speed>0.050801</speed><course>37.493958</course><hAcc>1.556093</hAcc><vAcc>3.709083</vAcc></extensions></trkpt>
      <trkpt lon="120.907435" lat="23.473171"><ele>2741.959880</ele><time>2026-09-14T02:27:33Z</time><extensions><speed>0.076336</speed><course>279.127205</course><hAcc>1.572656</hAcc><vAcc>3.708588</vAcc></extensions></trkpt>
      <trkpt lon="120.907435" lat="23.473172"><ele>2741.999749</ele><time>2026-09-14T02:27:34Z</time><extensions><speed>0.075011</speed><course>335.877227</course><hAcc>1.566955</hAcc><vAcc>3.708112</vAcc></extensions></trkpt>
      <trkpt lon="120.907435" lat="23.473172"><ele>2742.040015</ele><time>2026-09-14T02:27:35Z</time><extensions><speed>0.131443</speed><course>33.729685</course><hAcc>1.584533</hAcc><vAcc>3.707603</vAcc></extensions></trkpt>
      <trkpt lon="120.907437" lat="23.473173"><ele>2742.080030</ele><time>2026-09-14T02:27:36Z</time><extensions><speed>0.179629</speed><course>54.102971</course><hAcc>1.616308</hAcc><vAcc>3.707112</vAcc></extensions></trkpt>
      <trkpt lon="120.907440" lat="23.473175"><ele>2742.119786</ele><time>2026-09-14T02:27:37Z</time><extensions><speed>0.521557</speed><course>59.918778</course><hAcc>1.619084</hAcc><vAcc>3.706642</vAcc></extensions></trkpt>
      <trkpt lon="120.907445" lat="23.473178"><ele>2742.159949</ele><time>2026-09-14T02:27:38Z</time><extensions><speed>0.666141</speed><course>61.393064</course><hAcc>1.614707</hAcc><vAcc>3.706137</vAcc></extensions></trkpt>
      <trkpt lon="120.907451" lat="23.473181"><ele>2742.199859</ele><time>2026-09-14T02:27:39Z</time><extensions><speed>0.731848</speed><course>62.388521</course><hAcc>1.608752</hAcc><vAcc>3.705653</vAcc></extensions></trkpt>
      <trkpt lon="120.907457" lat="23.473184"><ele>2742.240171</ele><time>2026-09-14T02:27:40Z</time><extensions><speed>0.721907</speed><course>63.558511</course><hAcc>1.612794</hAcc><vAcc>3.705134</vAcc></extensions></trkpt>
      <trkpt lon="120.907463" lat="23.473186"><ele>2742.280221</ele><time>2026-09-14T02:27:41Z</time><extensions><speed>0.581544</speed><course>65.497568</course><hAcc>1.636437</hAcc><vAcc>3.704635</vAcc></extensions></trkpt>
      <trkpt lon="120.907468" lat="23.473188"><ele>2742.320019</ele><time>2026-09-14T02:27:42Z</time><extensions><speed>0.582874</speed><course>67.477436</course><hAcc>1.634629</hAcc><vAcc>3.704155</vAcc></extensions></trkpt>
      <trkpt lon="120.907474" lat="23.473190"><ele>2742.360227</ele><time>2026-09-14T02:27:43Z</time><extensions><speed>0.651945</speed><course>67.841669</course><hAcc>1.620727</hAcc><vAcc>3.703642</vAcc></extensions></trkpt>
      <trkpt lon="120.907480" lat="23.473193"><ele>2742.400177</ele><time>2026-09-14T02:27:44Z</time><extensions><speed>0.773144</speed><course>65.578785</course><hAcc>1.631928</hAcc><vAcc>3.703148</vAcc></extensions></trkpt>
      <trkpt lon="120.907487" lat="23.473196"><ele>2742.439878</ele><time>2026-09-14T02:27:45Z</time><extensions><speed>0.738988</speed><course>63.485474</course><hAcc>1.664120</hAcc><vAcc>3.702676</vAcc></extensions></trkpt>
      <trkpt lon="120.907493" lat="23.473199"><ele>2742.479993</ele><time>2026-09-14T02:27:46Z</time><extensions><speed>0.695776</speed><course>64.247984</course><hAcc>1.653485</hAcc><vAcc>3.702169</vAcc></extensions></trkpt>
      <trkpt lon="120.907499" lat="23.473201"><ele>2742.519852</ele><time>2026-09-14T02:27:47Z</time><extensions><speed>0.604013</speed><course>64.135282</course><hAcc>1.651015</hAcc><vAcc>3.701682</vAcc></extensions></trkpt>
      <trkpt lon="120.907503" lat="23.473203"><ele>2742.560127</ele><time>2026-09-14T02:27:48Z</time><extensions><speed>0.483435</speed><course>64.315788</course><hAcc>1.647088</hAcc><vAcc>3.701161</vAcc></extensions></trkpt>
      <trkpt lon="120.907507" lat="23.473205"><ele>2742.600141</ele><time>2026-09-14T02:27:49Z</time><extensions><speed>0.317169</speed><course>66.550683</course><hAcc>1.621617</hAcc><vAcc>3.700660</vAcc></extensions></trkpt>
      <trkpt lon="120.907510" lat="23.473206"><ele>2742.639903</ele><time>2026-09-14T02:27:50Z</time><extensions><speed>0.327723</speed><course>66.015387</course><hAcc>1.587411</hAcc><vAcc>3.700181</vAcc></extensions></trkpt>
      <trkpt lon="120.907513" lat="23.473208"><ele>2742.680081</ele><time>2026-09-14T02:27:51Z</time><extensions><speed>0.441426</speed><course>62.994690</course><hAcc>1.589697</hAcc><vAcc>3.699666</vAcc></extensions></trkpt>
      <trkpt lon="120.907517" lat="23.473209"><ele>2742.720000</ele><time>2026-09-14T02:27:52Z</time><extensions><speed>0.391301</speed><course>61.182328</course><hAcc>1.629936</hAcc><vAcc>3.699173</vAcc></extensions></trkpt>
      <trkpt lon="120.907521" lat="23.473211"><ele>2742.760337</ele><time>2026-09-14T02:27:53Z</time><extensions><speed>0.426658</speed><course>60.808377</course><hAcc>1.597121</hAcc><vAcc>3.698645</vAcc></extensions></trkpt>
      <trkpt lon="120.907524" lat="23.473213"><ele>2742.800412</ele><time>2026-09-14T02:27:54Z</time><extensions><speed>0.349954</speed><course>60.258180</course><hAcc>1.576679</hAcc><vAcc>3.698136</vAcc></extensions></trkpt>
      <trkpt lon="120.907526" lat="23.473214"><ele>2742.840234</ele><time>2026-09-14T02:27:55Z</time><extensions><speed>0.267644</speed><course>58.387840</course><hAcc>1.596362</hAcc><vAcc>3.697649</vAcc></extensions></trkpt>
      <trkpt lon="120.907528" lat="23.473215"><ele>2742.880482</ele><time>2026-09-14T02:27:56Z</time><extensions><speed>0.092088</speed><course>41.996289</course><hAcc>1.590647</hAcc><vAcc>3.697125</vAcc></extensions></trkpt>
      <trkpt lon="120.907529" lat="23.473217"><ele>2742.920467</ele><time>2026-09-14T02:27:57Z</time><extensions><speed>0.320442</speed><course>47.744056</course><hAcc>1.599718</hAcc><vAcc>3.696623</vAcc></extensions></trkpt>
      <trkpt lon="120.907532" lat="23.473219"><ele>2742.960876</ele><time>2026-09-14T02:27:58Z</time><extensions><speed>0.422169</speed><course>46.620139</course><hAcc>1.634583</hAcc><vAcc>3.696084</vAcc></extensions></trkpt>
      <trkpt lon="120.907534" lat="23.473222"><ele>2743.001019</ele><time>2026-09-14T02:27:59Z</time><extensions><speed>0.412415</speed><course>41.489863</course><hAcc>1.661770</hAcc><vAcc>3.695566</vAcc></extensions></trkpt>
      <trkpt lon="120.907536" lat="23.473224"><ele>2743.040905</ele><time>2026-09-14T02:28:00Z</time><extensions><speed>0.327147</speed><course>25.260736</course><hAcc>1.667567</hAcc><vAcc>3.695068</vAcc></extensions></trkpt>
      <trkpt lon="120.907537" lat="23.473227"><ele>2743.081224</ele><time>2026-09-14T02:28:01Z</time><extensions><speed>0.269645</speed><course>348.291126</course><hAcc>1.670745</hAcc><vAcc>3.694535</vAcc></extensions></trkpt>
      <trkpt lon="120.907536" lat="23.473230"><ele>2743.121278</ele><time>2026-09-14T02:28:02Z</time><extensions><speed>0.348594</speed><course>339.915104</course><hAcc>1.676194</hAcc><vAcc>3.694022</vAcc></extensions></trkpt>
      <trkpt lon="120.907534" lat="23.473233"><ele>2743.161764</ele><time>2026-09-14T02:28:03Z</time><extensions><speed>0.411476</speed><course>334.737221</course><hAcc>1.680574</hAcc><vAcc>3.693473</vAcc></extensions></trkpt>
      <trkpt lon="120.907533" lat="23.473237"><ele>2743.201972</ele><time>2026-09-14T02:28:04Z</time><extensions><speed>0.495522</speed><course>356.149001</course><hAcc>1.690382</hAcc><vAcc>3.692945</vAcc></extensions></trkpt>
      <trkpt lon="120.907533" lat="23.473241"><ele>2743.241916</ele><time>2026-09-14T02:28:05Z</time><extensions><speed>0.526481</speed><course>8.114339</course><hAcc>1.699045</hAcc><vAcc>3.692439</vAcc></extensions></trkpt>
      <trkpt lon="120.907533" lat="23.473246"><ele>2743.282292</ele><time>2026-09-14T02:28:06Z</time><extensions><speed>0.491968</speed><course>346.095718</course><hAcc>1.675934</hAcc><vAcc>3.691896</vAcc></extensions></trkpt>
      <trkpt lon="120.907530" lat="23.473250"><ele>2743.322397</ele><time>2026-09-14T02:28:07Z</time><extensions><speed>0.643724</speed><course>313.588519</course><hAcc>1.660561</hAcc><vAcc>3.691374</vAcc></extensions></trkpt>
      <trkpt lon="120.907525" lat="23.473254"><ele>2743.362241</ele><time>2026-09-14T02:28:08Z</time><extensions><speed>0.664755</speed><course>303.888889</course><hAcc>1.657107</hAcc><vAcc>3.690875</vAcc></extensions></trkpt>
      <trkpt lon="120.907520" lat="23.473257"><ele>2743.402527</ele><time>2026-09-14T02:28:09Z</time><extensions><speed>0.590983</speed><course>296.373722</course><hAcc>1.656269</hAcc><vAcc>3.690339</vAcc></extensions></trkpt>
      <trkpt lon="120.907515" lat="23.473259"><ele>2743.442548</ele><time>2026-09-14T02:28:10Z</time><extensions><speed>0.640702</speed><course>293.546819</course><hAcc>1.639696</hAcc><vAcc>3.689825</vAcc></extensions></trkpt>
      <trkpt lon="120.907509" lat="23.473261"><ele>2743.483008</ele><time>2026-09-14T02:28:11Z</time><extensions><speed>0.534597</speed><course>291.343187</course><hAcc>1.654725</hAcc><vAcc>3.689274</vAcc></extensions></trkpt>
      <trkpt lon="120.907506" lat="23.473263"><ele>2743.523192</ele><time>2026-09-14T02:28:12Z</time><extensions><speed>0.335807</speed><course>296.686543</course><hAcc>1.672112</hAcc><vAcc>3.688745</vAcc></extensions></trkpt>
      <trkpt lon="120.907503" lat="23.473264"><ele>2743.563108</ele><time>2026-09-14T02:28:13Z</time><extensions><speed>0.210318</speed><course>305.320900</course><hAcc>1.646767</hAcc><vAcc>3.688239</vAcc></extensions></trkpt>
      <trkpt lon="120.907502" lat="23.473265"><ele>2743.603470</ele><time>2026-09-14T02:28:14Z</time><extensions><speed>0.177238</speed><course>325.248901</course><hAcc>1.646820</hAcc><vAcc>3.687696</vAcc></extensions></trkpt>
      <trkpt lon="120.907501" lat="23.473266"><ele>2743.643562</ele><time>2026-09-14T02:28:15Z</time><extensions><speed>0.256050</speed><course>330.908011</course><hAcc>1.684305</hAcc><vAcc>3.687174</vAcc></extensions></trkpt>
      <trkpt lon="120.907501" lat="23.473269"><ele>2743.684099</ele><time>2026-09-14T02:28:16Z</time><extensions><speed>0.239243</speed><course>353.907696</course><hAcc>1.700987</hAcc><vAcc>3.686616</vAcc></extensions></trkpt>
      <trkpt lon="120.907501" lat="23.473271"><ele>2743.724360</ele><time>2026-09-14T02:28:17Z</time><extensions><speed>0.260877</speed><course>32.794024</course><hAcc>1.690393</hAcc><vAcc>3.686079</vAcc></extensions></trkpt>
      <trkpt lon="120.907503" lat="23.473272"><ele>2743.764355</ele><time>2026-09-14T02:28:18Z</time><extensions><speed>0.299242</speed><course>43.584712</course><hAcc>1.692615</hAcc><vAcc>3.685565</vAcc></extensions></trkpt>
      <trkpt lon="120.907505" lat="23.473274"><ele>2743.804802</ele><time>2026-09-14T02:28:19Z</time><extensions><speed>0.320319</speed><course>64.947216</course><hAcc>1.707419</hAcc><vAcc>3.685012</vAcc></extensions></trkpt>
      <trkpt lon="120.907509" lat="23.473275"><ele>2743.844973</ele><time>2026-09-14T02:28:20Z</time><extensions><speed>0.396650</speed><course>91.606128</course><hAcc>1.723277</hAcc><vAcc>3.684481</vAcc></extensions></trkpt>
      <trkpt lon="120.907513" lat="23.473274"><ele>2743.885591</ele><time>2026-09-14T02:28:21Z</time><extensions><speed>0.477607</speed><course>105.694789</course><hAcc>1.729410</hAcc><vAcc>3.683912</vAcc></extensions></trkpt>
      <trkpt lon="120.907518" lat="23.473272"><ele>2743.925929</ele><time>2026-09-14T02:28:22Z</time><extensions><speed>0.531726</speed><course>113.000306</course><hAcc>1.729771</hAcc><vAcc>3.683365</vAcc></extensions></trkpt>
      <trkpt lon="120.907523" lat="23.473270"><ele>2743.965998</ele><time>2026-09-14T02:28:23Z</time><extensions><speed>0.542872</speed><course>115.766217</course><hAcc>1.720334</hAcc><vAcc>3.682840</vAcc></extensions></trkpt>
      <trkpt lon="120.907528" lat="23.473268"><ele>2744.006524</ele><time>2026-09-14T02:28:24Z</time><extensions><speed>0.582978</speed><course>115.896455</course><hAcc>1.691800</hAcc><vAcc>3.682277</vAcc></extensions></trkpt>
      <trkpt lon="120.907533" lat="23.473266"><ele>2744.046772</ele><time>2026-09-14T02:28:25Z</time><extensions><speed>0.611376</speed><course>113.634205</course><hAcc>1.662744</hAcc><vAcc>3.681736</vAcc></extensions></trkpt>
      <trkpt lon="120.907539" lat="23.473264"><ele>2744.087472</ele><time>2026-09-14T02:28:26Z</time><extensions><speed>0.651198</speed><course>108.870802</course><hAcc>1.653632</hAcc><vAcc>3.681157</vAcc></extensions></trkpt>
      <trkpt lon="120.907545" lat="23.473262"><ele>2744.127885</ele><time>2026-09-14T02:28:27Z</time><extensions><speed>0.715424</speed><course>101.955228</course><hAcc>1.671637</hAcc><vAcc>3.680600</vAcc></extensions></trkpt>
      <trkpt lon="120.907552" lat="23.473260"><ele>2744.168018</ele><time>2026-09-14T02:28:28Z</time><extensions><speed>0.755951</speed><course>110.489858</course><hAcc>1.633531</hAcc><vAcc>3.680065</vAcc></extensions></trkpt>
      <trkpt lon="120.907559" lat="23.473258"><ele>2744.208609</ele><time>2026-09-14T02:28:29Z</time><extensions><speed>0.706190</speed><course>112.042461</course><hAcc>1.611706</hAcc><vAcc>3.679493</vAcc></extensions></trkpt>
      <trkpt lon="120.907565" lat="23.473256"><ele>2744.248915</ele><time>2026-09-14T02:28:30Z</time><extensions><speed>0.666751</speed><course>108.225334</course><hAcc>1.615894</hAcc><vAcc>3.678943</vAcc></extensions></trkpt>
      <trkpt lon="120.907571" lat="23.473255"><ele>2744.288945</ele><time>2026-09-14T02:28:31Z</time><extensions><speed>0.679453</speed><course>101.921906</course><hAcc>1.602374</hAcc><vAcc>3.678416</vAcc></extensions></trkpt>
      <trkpt lon="120.907578" lat="23.473253"><ele>2744.329442</ele><time>2026-09-14T02:28:32Z</time><extensions><speed>0.739246</speed><course>102.340962</course><hAcc>1.606030</hAcc><vAcc>3.677851</vAcc></extensions></trkpt>
      <trkpt lon="120.907584" lat="23.473252"><ele>2744.369659</ele><time>2026-09-14T02:28:33Z</time><extensions><speed>0.606576</speed><course>99.155451</course><hAcc>1.599748</hAcc><vAcc>3.677308</vAcc></extensions></trkpt>
      <trkpt lon="120.907590" lat="23.473252"><ele>2744.410338</ele><time>2026-09-14T02:28:34Z</time><extensions><speed>0.542965</speed><course>98.495811</course><hAcc>1.612458</hAcc><vAcc>3.676728</vAcc></extensions></trkpt>
      <trkpt lon="120.907594" lat="23.473251"><ele>2744.450726</ele><time>2026-09-14T02:28:35Z</time><extensions><speed>0.481205</speed><course>97.279485</course><hAcc>1.639989</hAcc><vAcc>3.676170</vAcc></extensions></trkpt>
      <trkpt lon="120.907599" lat="23.473251"><ele>2744.490834</ele><time>2026-09-14T02:28:36Z</time><extensions><speed>0.389789</speed><course>90.876241</course><hAcc>1.641051</hAcc><vAcc>3.675636</vAcc></extensions></trkpt>
      <trkpt lon="120.907602" lat="23.473251"><ele>2744.531411</ele><time>2026-09-14T02:28:37Z</time><extensions><speed>0.262406</speed><course>69.103901</course><hAcc>1.652781</hAcc><vAcc>3.675064</vAcc></extensions></trkpt>
      <trkpt lon="120.907603" lat="23.473253"><ele>2744.571705</ele><time>2026-09-14T02:28:38Z</time><extensions><speed>0.233609</speed><course>12.989755</course><hAcc>1.659420</hAcc><vAcc>3.674514</vAcc></extensions></trkpt>
      <trkpt lon="120.907603" lat="23.473255"><ele>2744.612467</ele><time>2026-09-14T02:28:39Z</time><extensions><speed>0.353874</speed><course>341.989444</course><hAcc>1.676104</hAcc><vAcc>3.673926</vAcc></extensions></trkpt>
      <trkpt lon="120.907602" lat="23.473259"><ele>2744.652935</ele><time>2026-09-14T02:28:40Z</time><extensions><speed>0.432216</speed><course>338.209109</course><hAcc>1.698098</hAcc><vAcc>3.673360</vAcc></extensions></trkpt>
      <trkpt lon="120.907600" lat="23.473263"><ele>2744.693120</ele><time>2026-09-14T02:28:41Z</time><extensions><speed>0.513390</speed><course>330.540691</course><hAcc>1.712711</hAcc><vAcc>3.672817</vAcc></extensions></trkpt>
      <trkpt lon="120.907597" lat="23.473267"><ele>2744.733783</ele><time>2026-09-14T02:28:42Z</time><extensions><speed>0.558844</speed><course>330.338907</course><hAcc>1.717333</hAcc><vAcc>3.672235</vAcc></extensions></trkpt>
      <trkpt lon="120.907594" lat="23.473271"><ele>2744.774157</ele><time>2026-09-14T02:28:43Z</time><extensions><speed>0.553184</speed><course>332.129257</course><hAcc>1.723999</hAcc><vAcc>3.671675</vAcc></extensions></trkpt>
      <trkpt lon="120.907592" lat="23.473275"><ele>2744.815007</ele><time>2026-09-14T02:28:44Z</time><extensions><speed>0.512275</speed><course>336.115318</course><hAcc>1.730902</hAcc><vAcc>3.671076</vAcc></extensions></trkpt>
      <trkpt lon="120.907591" lat="23.473279"><ele>2744.855561</ele><time>2026-09-14T02:28:45Z</time><extensions><speed>0.459129</speed><course>345.125058</course><hAcc>1.726298</hAcc><vAcc>3.670500</vAcc></extensions></trkpt>
      <trkpt lon="120.907590" lat="23.473283"><ele>2744.895830</ele><time>2026-09-14T02:28:46Z</time><extensions><speed>0.390402</speed><course>359.331015</course><hAcc>1.710547</hAcc><vAcc>3.669946</vAcc></extensions></trkpt>
      <trkpt lon="120.907591" lat="23.473286"><ele>2744.936579</ele><time>2026-09-14T02:28:47Z</time><extensions><speed>0.321634</speed><course>26.330398</course><hAcc>1.690073</hAcc><vAcc>3.669353</vAcc></extensions></trkpt>
      <trkpt lon="120.907592" lat="23.473288"><ele>2744.977032</ele><time>2026-09-14T02:28:48Z</time><extensions><speed>0.268205</speed><course>54.640268</course><hAcc>1.665575</hAcc><vAcc>3.668783</vAcc></extensions></trkpt>
      <trkpt lon="120.907595" lat="23.473289"><ele>2745.017958</ele><time>2026-09-14T02:28:49Z</time><extensions><speed>0.328563</speed><course>88.460811</course><hAcc>1.645872</hAcc><vAcc>3.668173</vAcc></extensions></trkpt>
      <trkpt lon="120.907599" lat="23.473289"><ele>2745.058581</ele><time>2026-09-14T02:28:50Z</time><extensions><speed>0.446051</speed><course>109.110813</course><hAcc>1.656375</hAcc><vAcc>3.667587</vAcc></extensions></trkpt>
      <trkpt lon="120.907603" lat="23.473287"><ele>2745.098911</ele><time>2026-09-14T02:28:51Z</time><extensions><speed>0.547529</speed><course>129.551571</course><hAcc>1.668563</hAcc><vAcc>3.667024</vAcc></extensions></trkpt>
      <trkpt lon="120.907607" lat="23.473283"><ele>2745.139723</ele><time>2026-09-14T02:28:52Z</time><extensions><speed>0.611977</speed><course>130.128953</course><hAcc>1.642604</hAcc><vAcc>3.666421</vAcc></extensions></trkpt>
      <trkpt lon="120.907611" lat="23.473280"><ele>2745.180235</ele><time>2026-09-14T02:28:53Z</time><extensions><speed>0.564864</speed><course>127.541481</course><hAcc>1.647957</hAcc><vAcc>3.665842</vAcc></extensions></trkpt>
      <trkpt lon="120.907615" lat="23.473278"><ele>2745.220457</ele><time>2026-09-14T02:28:54Z</time><extensions><speed>0.413846</speed><course>116.007463</course><hAcc>1.644846</hAcc><vAcc>3.665287</vAcc></extensions></trkpt>
      <trkpt lon="120.907619" lat="23.473277"><ele>2745.261171</ele><time>2026-09-14T02:28:55Z</time><extensions><speed>0.355856</speed><course>92.371434</course><hAcc>1.651340</hAcc><vAcc>3.664692</vAcc></extensions></trkpt>
      <trkpt lon="120.907622" lat="23.473278"><ele>2745.301589</ele><time>2026-09-14T02:28:56Z</time><extensions><speed>0.264001</speed><course>55.073247</course><hAcc>1.691023</hAcc><vAcc>3.664121</vAcc></extensions></trkpt>
      <trkpt lon="120.907623" lat="23.473280"><ele>2745.342495</ele><time>2026-09-14T02:28:57Z</time><extensions><speed>0.329789</speed><course>6.490872</course><hAcc>1.701296</hAcc><vAcc>3.663510</vAcc></extensions></trkpt>
      <trkpt lon="120.907623" lat="23.473283"><ele>2745.383094</ele><time>2026-09-14T02:28:58Z</time><extensions><speed>0.430761</speed><course>351.298167</course><hAcc>1.715560</hAcc><vAcc>3.662923</vAcc></extensions></trkpt>
      <trkpt lon="120.907621" lat="23.473287"><ele>2745.423398</ele><time>2026-09-14T02:28:59Z</time><extensions><speed>0.490724</speed><course>336.580126</course><hAcc>1.734172</hAcc><vAcc>3.662360</vAcc></extensions></trkpt>
      <trkpt lon="120.907619" lat="23.473291"><ele>2745.464195</ele><time>2026-09-14T02:29:00Z</time><extensions><speed>0.520293</speed><course>330.524833</course><hAcc>1.746559</hAcc><vAcc>3.661758</vAcc></extensions></trkpt>
      <trkpt lon="120.907616" lat="23.473295"><ele>2745.504693</ele><time>2026-09-14T02:29:01Z</time><extensions><speed>0.523417</speed><course>324.572721</course><hAcc>1.754473</hAcc><vAcc>3.661179</vAcc></extensions></trkpt>
      <trkpt lon="120.907613" lat="23.473299"><ele>2745.545686</ele><time>2026-09-14T02:29:02Z</time><extensions><speed>0.523518</speed><course>314.376834</course><hAcc>1.763764</hAcc><vAcc>3.660560</vAcc></extensions></trkpt>
      <trkpt lon="120.907609" lat="23.473302"><ele>2745.586368</ele><time>2026-09-14T02:29:03Z</time><extensions><speed>0.513868</speed><course>309.575651</course><hAcc>1.767135</hAcc><vAcc>3.659965</vAcc></extensions></trkpt>
      <trkpt lon="120.907605" lat="23.473305"><ele>2745.626753</ele><time>2026-09-14T02:29:04Z</time><extensions><speed>0.508380</speed><course>308.440287</course><hAcc>1.766130</hAcc><vAcc>3.659394</vAcc></extensions></trkpt>
      <trkpt lon="120.907602" lat="23.473308"><ele>2745.667641</ele><time>2026-09-14T02:29:05Z</time><extensions><speed>0.490738</speed><course>315.871398</course><hAcc>1.759795</hAcc><vAcc>3.658781</vAcc></extensions></trkpt>
      <trkpt lon="120.907599" lat="23.473311"><ele>2745.708226</ele><time>2026-09-14T02:29:06Z</time><extensions><speed>0.472728</speed><course>328.554835</course><hAcc>1.750954</hAcc><vAcc>3.658192</vAcc></extensions></trkpt>
      <trkpt lon="120.907597" lat="23.473315"><ele>2745.749311</ele><time>2026-09-14T02:29:07Z</time><extensions><speed>0.449213</speed><course>337.531906</course><hAcc>1.753232</hAcc><vAcc>3.657562</vAcc></extensions></trkpt>
      <trkpt lon="120.907596" lat="23.473319"><ele>2745.790085</ele><time>2026-09-14T02:29:08Z</time><extensions><speed>0.426494</speed><course>353.394788</course><hAcc>1.761376</hAcc><vAcc>3.656956</vAcc></extensions></trkpt>
      <trkpt lon="120.907595" lat="23.473323"><ele>2745.830525</ele><time>2026-09-14T02:29:09Z</time><extensions><speed>0.427681</speed><course>343.709478</course><hAcc>1.754107</hAcc><vAcc>3.656376</vAcc></extensions></trkpt>
      <trkpt lon="120.907594" lat="23.473326"><ele>2745.871535</ele><time>2026-09-14T02:29:10Z</time><extensions><speed>0.418706</speed><course>346.078756</course><hAcc>1.745702</hAcc><vAcc>3.655749</vAcc></extensions></trkpt>
      <trkpt lon="120.907593" lat="23.473330"><ele>2745.912201</ele><time>2026-09-14T02:29:11Z</time><extensions><speed>0.379538</speed><course>352.227206</course><hAcc>1.742167</hAcc><vAcc>3.655149</vAcc></extensions></trkpt>
      <trkpt lon="120.907593" lat="23.473333"><ele>2745.953366</ele><time>2026-09-14T02:29:12Z</time><extensions><speed>0.330526</speed><course>357.448361</course><hAcc>1.739639</hAcc><vAcc>3.654508</vAcc></extensions></trkpt>
      <trkpt lon="120.907593" lat="23.473336"><ele>2745.994211</ele><time>2026-09-14T02:29:13Z</time><extensions><speed>0.277878</speed><course>358.060720</course><hAcc>1.736680</hAcc><vAcc>3.653891</vAcc></extensions></trkpt>
      <trkpt lon="120.907593" lat="23.473338"><ele>2746.034749</ele><time>2026-09-14T02:29:14Z</time><extensions><speed>0.260457</speed><course>5.820768</course><hAcc>1.731228</hAcc><vAcc>3.653299</vAcc></extensions></trkpt>
      <trkpt lon="120.907594" lat="23.473341"><ele>2746.075794</ele><time>2026-09-14T02:29:15Z</time><extensions><speed>0.314401</speed><course>19.724407</course><hAcc>1.718826</hAcc><vAcc>3.652665</vAcc></extensions></trkpt>
      <trkpt lon="120.907595" lat="23.473344"><ele>2746.116526</ele><time>2026-09-14T02:29:16Z</time><extensions><speed>0.373226</speed><course>23.337304</course><hAcc>1.706876</hAcc><vAcc>3.652056</vAcc></extensions></trkpt>
      <trkpt lon="120.907597" lat="23.473347"><ele>2746.157765</ele><time>2026-09-14T02:29:17Z</time><extensions><speed>0.499607</speed><course>27.382449</course><hAcc>1.708909</hAcc><vAcc>3.651404</vAcc></extensions></trkpt>
      <trkpt lon="120.907599" lat="23.473351"><ele>2746.198681</ele><time>2026-09-14T02:29:18Z</time><extensions><speed>0.486443</speed><course>20.694649</course><hAcc>1.730018</hAcc><vAcc>3.650778</vAcc></extensions></trkpt>
      <trkpt lon="120.907600" lat="23.473355"><ele>2746.239286</ele><time>2026-09-14T02:29:19Z</time><extensions><speed>0.410778</speed><course>24.648213</course><hAcc>1.714070</hAcc><vAcc>3.650178</vAcc></extensions></trkpt>
      <trkpt lon="120.907602" lat="23.473358"><ele>2746.280404</ele><time>2026-09-14T02:29:20Z</time><extensions><speed>0.350772</speed><course>36.633261</course><hAcc>1.701440</hAcc><vAcc>3.649534</vAcc></extensions></trkpt>
      <trkpt lon="120.907605" lat="23.473359"><ele>2746.321202</ele><time>2026-09-14T02:29:21Z</time><extensions><speed>0.284919</speed><course>63.533988</course><hAcc>1.700753</hAcc><vAcc>3.648917</vAcc></extensions></trkpt>
      <trkpt lon="120.907608" lat="23.473360"><ele>2746.361690</ele><time>2026-09-14T02:29:22Z</time><extensions><speed>0.310077</speed><course>86.563040</course><hAcc>1.707543</hAcc><vAcc>3.648325</vAcc></extensions></trkpt>
      <trkpt lon="120.907611" lat="23.473360"><ele>2746.402696</ele><time>2026-09-14T02:29:23Z</time><extensions><speed>0.360799</speed><course>101.142353</course><hAcc>1.713756</hAcc><vAcc>3.647691</vAcc></extensions></trkpt>
      <trkpt lon="120.907614" lat="23.473358"><ele>2746.443383</ele><time>2026-09-14T02:29:24Z</time><extensions><speed>0.431082</speed><course>120.939286</course><hAcc>1.716504</hAcc><vAcc>3.647083</vAcc></extensions></trkpt>
      <trkpt lon="120.907618" lat="23.473355"><ele>2746.484586</ele><time>2026-09-14T02:29:25Z</time><extensions><speed>0.565495</speed><course>139.201762</course><hAcc>1.716515</hAcc><vAcc>3.646432</vAcc></extensions></trkpt>
      <trkpt lon="120.907622" lat="23.473351"><ele>2746.525467</ele><time>2026-09-14T02:29:26Z</time><extensions><speed>0.613239</speed><course>142.758455</course><hAcc>1.720288</hAcc><vAcc>3.645807</vAcc></extensions></trkpt>
      <trkpt lon="120.907626" lat="23.473346"><ele>2746.564322</ele><time>2026-09-14T02:29:27Z</time><extensions><speed>0.643225</speed><course>144.176562</course><hAcc>1.720293</hAcc><vAcc>3.645171</vAcc></extensions></trkpt>
      <trkpt lon="120.907629" lat="23.473341"><ele>2746.581745</ele><time>2026-09-14T02:29:28Z</time><extensions><speed>0.661910</speed><course>144.580734</course><hAcc>1.715720</hAcc><vAcc>3.644124</vAcc></extensions></trkpt>
      <trkpt lon="120.907633" lat="23.473336"><ele>2746.600447</ele><time>2026-09-14T02:29:29Z</time><extensions><speed>0.701684</speed><course>146.050701</course><hAcc>1.711397</hAcc><vAcc>3.643003</vAcc></extensions></trkpt>
      <trkpt lon="120.907637" lat="23.473331"><ele>2746.619327</ele><time>2026-09-14T02:29:30Z</time><extensions><speed>0.663111</speed><course>144.392840</course><hAcc>1.716522</hAcc><vAcc>3.641904</vAcc></extensions></trkpt>
      <trkpt lon="120.907641" lat="23.473326"><ele>2746.638727</ele><time>2026-09-14T02:29:31Z</time><extensions><speed>0.671908</speed><course>142.175560</course><hAcc>1.707817</hAcc><vAcc>3.640797</vAcc></extensions></trkpt>
      <trkpt lon="120.907646" lat="23.473321"><ele>2746.656936</ele><time>2026-09-14T02:29:32Z</time><extensions><speed>0.741882</speed><course>141.218853</course><hAcc>1.678867</hAcc><vAcc>3.639799</vAcc></extensions></trkpt>
      <trkpt lon="120.907650" lat="23.473316"><ele>2746.672546</ele><time>2026-09-14T02:29:33Z</time><extensions><speed>0.748950</speed><course>138.079708</course><hAcc>1.639361</hAcc><vAcc>3.638938</vAcc></extensions></trkpt>
      <trkpt lon="120.907655" lat="23.473311"><ele>2746.684287</ele><time>2026-09-14T02:29:34Z</time><extensions><speed>0.655613</speed><course>131.668020</course><hAcc>1.590108</hAcc><vAcc>3.638068</vAcc></extensions></trkpt>
      <trkpt lon="120.907660" lat="23.473308"><ele>2746.688320</ele><time>2026-09-14T02:29:35Z</time><extensions><speed>0.563338</speed><course>120.605015</course><hAcc>1.525460</hAcc><vAcc>3.636933</vAcc></extensions></trkpt>
      <trkpt lon="120.907665" lat="23.473306"><ele>2746.681329</ele><time>2026-09-14T02:29:36Z</time><extensions><speed>0.479341</speed><course>99.943413</course><hAcc>1.488107</hAcc><vAcc>3.634567</vAcc></extensions></trkpt>
      <trkpt lon="120.907669" lat="23.473305"><ele>2746.710304</ele><time>2026-09-14T02:29:36Z</time><extensions><speed>0.344870</speed><course>86.563527</course><hAcc>1.492508</hAcc><vAcc>3.626738</vAcc></extensions></trkpt>
      <trkpt lon="120.907669" lat="23.473305"><ele>2747.285751</ele><time>2026-09-14T02:29:37Z</time><extensions><speed>0.343861</speed><course>87.044334</course><hAcc>1.490614</hAcc><vAcc>3.578988</vAcc></extensions></trkpt>
      <trkpt lon="120.907673" lat="23.473305"><ele>2747.261487</ele><time>2026-09-14T02:29:38Z</time><extensions><speed>0.434525</speed><course>101.597582</course><hAcc>1.478208</hAcc><vAcc>3.575747</vAcc></extensions></trkpt>
      <trkpt lon="120.907677" lat="23.473304"><ele>2747.244104</ele><time>2026-09-14T02:29:39Z</time><extensions><speed>0.571617</speed><course>105.811812</course><hAcc>1.494421</hAcc><vAcc>3.572967</vAcc></extensions></trkpt>
      <trkpt lon="120.907683" lat="23.473302"><ele>2747.234323</ele><time>2026-09-14T02:29:40Z</time><extensions><speed>0.660320</speed><course>107.824644</course><hAcc>1.506777</hAcc><vAcc>3.571436</vAcc></extensions></trkpt>
      <trkpt lon="120.907690" lat="23.473300"><ele>2747.230913</ele><time>2026-09-14T02:29:41Z</time><extensions><speed>0.793067</speed><course>109.884236</course><hAcc>1.524586</hAcc><vAcc>3.571315</vAcc></extensions></trkpt>
      <trkpt lon="120.907697" lat="23.473297"><ele>2747.233339</ele><time>2026-09-14T02:29:42Z</time><extensions><speed>0.783755</speed><course>109.871345</course><hAcc>1.563811</hAcc><vAcc>3.572394</vAcc></extensions></trkpt>
      <trkpt lon="120.907704" lat="23.473295"><ele>2747.241820</ele><time>2026-09-14T02:29:43Z</time><extensions><speed>0.752661</speed><course>115.235141</course><hAcc>1.579678</hAcc><vAcc>3.574306</vAcc></extensions></trkpt>
      <trkpt lon="120.907711" lat="23.473292"><ele>2747.254898</ele><time>2026-09-14T02:29:44Z</time><extensions><speed>0.786321</speed><course>119.605448</course><hAcc>1.572016</hAcc><vAcc>3.576829</vAcc></extensions></trkpt>
      <trkpt lon="120.907718" lat="23.473288"><ele>2747.271992</ele><time>2026-09-14T02:29:45Z</time><extensions><speed>0.778386</speed><course>120.045065</course><hAcc>1.594645</hAcc><vAcc>3.579722</vAcc></extensions></trkpt>
      <trkpt lon="120.907724" lat="23.473284"><ele>2747.293403</ele><time>2026-09-14T02:29:46Z</time><extensions><speed>0.745805</speed><course>122.115500</course><hAcc>1.600682</hAcc><vAcc>3.582728</vAcc></extensions></trkpt>
      <trkpt lon="120.907730" lat="23.473281"><ele>2747.317784</ele><time>2026-09-14T02:29:47Z</time><extensions><speed>0.673372</speed><course>123.205751</course><hAcc>1.590431</hAcc><vAcc>3.585778</vAcc></extensions></trkpt>
      <trkpt lon="120.907735" lat="23.473278"><ele>2747.345555</ele><time>2026-09-14T02:29:48Z</time><extensions><speed>0.632042</speed><course>124.519110</course><hAcc>1.588010</hAcc><vAcc>3.588706</vAcc></extensions></trkpt>
      <trkpt lon="120.907741" lat="23.473274"><ele>2747.375469</ele><time>2026-09-14T02:29:49Z</time><extensions><speed>0.656565</speed><course>122.146246</course><hAcc>1.588384</hAcc><vAcc>3.591519</vAcc></extensions></trkpt>
      <trkpt lon="120.907746" lat="23.473271"><ele>2747.407199</ele><time>2026-09-14T02:29:50Z</time><extensions><speed>0.657025</speed><course>118.562170</course><hAcc>1.598291</hAcc><vAcc>3.594176</vAcc></extensions></trkpt>
      <trkpt lon="120.907752" lat="23.473269"><ele>2747.441318</ele><time>2026-09-14T02:29:51Z</time><extensions><speed>0.729617</speed><course>114.307851</course><hAcc>1.615975</hAcc><vAcc>3.596587</vAcc></extensions></trkpt>
      <trkpt lon="120.907759" lat="23.473266"><ele>2747.476702</ele><time>2026-09-14T02:29:52Z</time><extensions><speed>0.804568</speed><course>111.764961</course><hAcc>1.632277</hAcc><vAcc>3.598812</vAcc></extensions></trkpt>
      <trkpt lon="120.907766" lat="23.473263"><ele>2747.514002</ele><time>2026-09-14T02:29:53Z</time><extensions><speed>0.786850</speed><course>109.398611</course><hAcc>1.654369</hAcc><vAcc>3.600780</vAcc></extensions></trkpt>
      <trkpt lon="120.907773" lat="23.473261"><ele>2747.552143</ele><time>2026-09-14T02:29:54Z</time><extensions><speed>0.612207</speed><course>110.464180</course><hAcc>1.635226</hAcc><vAcc>3.602566</vAcc></extensions></trkpt>
      <trkpt lon="120.907778" lat="23.473259"><ele>2747.590972</ele><time>2026-09-14T02:29:55Z</time><extensions><speed>0.471139</speed><course>123.077831</course><hAcc>1.607990</hAcc><vAcc>3.604179</vAcc></extensions></trkpt>
      <trkpt lon="120.907782" lat="23.473256"><ele>2747.631230</ele><time>2026-09-14T02:29:56Z</time><extensions><speed>0.474448</speed><course>126.423535</course><hAcc>1.593342</hAcc><vAcc>3.605558</vAcc></extensions></trkpt>
      <trkpt lon="120.907785" lat="23.473254"><ele>2747.671898</ele><time>2026-09-14T02:29:57Z</time><extensions><speed>0.475404</speed><course>125.168290</course><hAcc>1.577562</hAcc><vAcc>3.606787</vAcc></extensions></trkpt>
      <trkpt lon="120.907789" lat="23.473251"><ele>2747.713756</ele><time>2026-09-14T02:29:58Z</time><extensions><speed>0.455548</speed><course>124.207727</course><hAcc>1.581226</hAcc><vAcc>3.607806</vAcc></extensions></trkpt>
      <trkpt lon="120.907793" lat="23.473250"><ele>2747.755816</ele><time>2026-09-14T02:29:59Z</time><extensions><speed>0.252537</speed><course>119.081592</course><hAcc>1.608780</hAcc><vAcc>3.608701</vAcc></extensions></trkpt>
      <trkpt lon="120.907795" lat="23.473249"><ele>2747.798007</ele><time>2026-09-14T02:30:00Z</time><extensions><speed>0.182426</speed><course>117.976581</course><hAcc>1.570950</hAcc><vAcc>3.609482</vAcc></extensions></trkpt>
      <trkpt lon="120.907797" lat="23.473248"><ele>2747.841152</ele><time>2026-09-14T02:30:01Z</time><extensions><speed>0.252757</speed><course>115.951411</course><hAcc>1.540518</hAcc><vAcc>3.610089</vAcc></extensions></trkpt>
      <trkpt lon="120.907800" lat="23.473247"><ele>2747.884282</ele><time>2026-09-14T02:30:02Z</time><extensions><speed>0.328129</speed><course>113.280988</course><hAcc>1.526035</hAcc><vAcc>3.610606</vAcc></extensions></trkpt>
      <trkpt lon="120.907803" lat="23.473246"><ele>2747.928241</ele><time>2026-09-14T02:30:03Z</time><extensions><speed>0.318621</speed><course>109.830894</course><hAcc>1.527154</hAcc><vAcc>3.610969</vAcc></extensions></trkpt>
      <trkpt lon="120.907806" lat="23.473245"><ele>2747.972069</ele><time>2026-09-14T02:30:04Z</time><extensions><speed>0.325166</speed><course>108.220059</course><hAcc>1.534676</hAcc><vAcc>3.611262</vAcc></extensions></trkpt>
      <trkpt lon="120.907809" lat="23.473244"><ele>2748.015735</ele><time>2026-09-14T02:30:05Z</time><extensions><speed>0.375751</speed><course>108.947751</course><hAcc>1.543748</hAcc><vAcc>3.611493</vAcc></extensions></trkpt>
      <trkpt lon="120.907813" lat="23.473243"><ele>2748.060110</ele><time>2026-09-14T02:30:06Z</time><extensions><speed>0.477362</speed><course>110.619337</course><hAcc>1.549660</hAcc><vAcc>3.611596</vAcc></extensions></trkpt>
      <trkpt lon="120.907818" lat="23.473241"><ele>2748.104244</ele><time>2026-09-14T02:30:07Z</time><extensions><speed>0.483324</speed><course>109.626865</course><hAcc>1.550456</hAcc><vAcc>3.611653</vAcc></extensions></trkpt>
      <trkpt lon="120.907822" lat="23.473240"><ele>2748.148123</ele><time>2026-09-14T02:30:08Z</time><extensions><speed>0.527879</speed><course>109.971293</course><hAcc>1.557262</hAcc><vAcc>3.611670</vAcc></extensions></trkpt>
      <trkpt lon="120.907827" lat="23.473238"><ele>2748.192633</ele><time>2026-09-14T02:30:09Z</time><extensions><speed>0.501418</speed><course>110.912910</course><hAcc>1.567494</hAcc><vAcc>3.611580</vAcc></extensions></trkpt>
      <trkpt lon="120.907832" lat="23.473237"><ele>2748.236835</ele><time>2026-09-14T02:30:10Z</time><extensions><speed>0.522098</speed><course>108.786134</course><hAcc>1.573308</hAcc><vAcc>3.611463</vAcc></extensions></trkpt>
      <trkpt lon="120.907837" lat="23.473235"><ele>2748.281626</ele><time>2026-09-14T02:30:11Z</time><extensions><speed>0.632120</speed><course>110.530118</course><hAcc>1.584051</hAcc><vAcc>3.611248</vAcc></extensions></trkpt>
      <trkpt lon="120.907844" lat="23.473233"><ele>2748.326059</ele><time>2026-09-14T02:30:12Z</time><extensions><speed>0.733215</speed><course>109.326813</course><hAcc>1.607863</hAcc><vAcc>3.611015</vAcc></extensions></trkpt>
      <trkpt lon="120.907851" lat="23.473230"><ele>2748.370135</ele><time>2026-09-14T02:30:13Z</time><extensions><speed>0.875586</speed><course>111.136629</course><hAcc>1.607473</hAcc><vAcc>3.610770</vAcc></extensions></trkpt>
      <trkpt lon="120.907859" lat="23.473227"><ele>2748.414765</ele><time>2026-09-14T02:30:14Z</time><extensions><speed>0.870505</speed><course>111.985404</course><hAcc>1.602249</hAcc><vAcc>3.610439</vAcc></extensions></trkpt>
      <trkpt lon="120.907866" lat="23.473224"><ele>2748.459010</ele><time>2026-09-14T02:30:15Z</time><extensions><speed>0.790647</speed><course>117.165068</course><hAcc>1.588192</hAcc><vAcc>3.610103</vAcc></extensions></trkpt>
      <trkpt lon="120.907873" lat="23.473220"><ele>2748.503787</ele><time>2026-09-14T02:30:16Z</time><extensions><speed>0.788858</speed><course>125.423409</course><hAcc>1.581508</hAcc><vAcc>3.609687</vAcc></extensions></trkpt>
      <trkpt lon="120.907879" lat="23.473216"><ele>2748.548152</ele><time>2026-09-14T02:30:17Z</time><extensions><speed>0.744891</speed><course>131.100311</course><hAcc>1.578584</hAcc><vAcc>3.609271</vAcc></extensions></trkpt>
      <trkpt lon="120.907884" lat="23.473211"><ele>2748.592112</ele><time>2026-09-14T02:30:18Z</time><extensions><speed>0.802963</speed><course>134.620601</course><hAcc>1.569642</hAcc><vAcc>3.608858</vAcc></extensions></trkpt>
      <trkpt lon="120.907890" lat="23.473206"><ele>2748.636596</ele><time>2026-09-14T02:30:19Z</time><extensions><speed>0.890418</speed><course>135.190386</course><hAcc>1.579209</hAcc><vAcc>3.608373</vAcc></extensions></trkpt>
      <trkpt lon="120.907896" lat="23.473200"><ele>2748.680660</ele><time>2026-09-14T02:30:20Z</time><extensions><speed>0.908718</speed><course>131.958982</course><hAcc>1.588093</hAcc><vAcc>3.607894</vAcc></extensions></trkpt>
      <trkpt lon="120.907903" lat="23.473194"><ele>2748.725238</ele><time>2026-09-14T02:30:21Z</time><extensions><speed>1.022943</speed><course>130.562337</course><hAcc>1.561075</hAcc><vAcc>3.607347</vAcc></extensions></trkpt>
      <trkpt lon="120.907911" lat="23.473189"><ele>2748.769376</ele><time>2026-09-14T02:30:22Z</time><extensions><speed>0.947305</speed><course>126.385239</course><hAcc>1.556041</hAcc><vAcc>3.606812</vAcc></extensions></trkpt>
      <trkpt lon="120.907917" lat="23.473184"><ele>2748.813086</ele><time>2026-09-14T02:30:23Z</time><extensions><speed>0.774439</speed><course>125.322270</course><hAcc>1.568676</hAcc><vAcc>3.606289</vAcc></extensions></trkpt>
      <trkpt lon="120.907923" lat="23.473180"><ele>2748.857311</ele><time>2026-09-14T02:30:24Z</time><extensions><speed>0.658532</speed><course>126.081519</course><hAcc>1.562895</hAcc><vAcc>3.605702</vAcc></extensions></trkpt>
      <trkpt lon="120.907928" lat="23.473177"><ele>2748.901099</ele><time>2026-09-14T02:30:25Z</time><extensions><speed>0.570780</speed><course>128.442315</course><hAcc>1.541140</hAcc><vAcc>3.605131</vAcc></extensions></trkpt>
      <trkpt lon="120.907932" lat="23.473173"><ele>2748.945397</ele><time>2026-09-14T02:30:26Z</time><extensions><speed>0.544233</speed><course>127.148435</course><hAcc>1.532723</hAcc><vAcc>3.604499</vAcc></extensions></trkpt>
      <trkpt lon="120.907938" lat="23.473170"><ele>2748.989245</ele><time>2026-09-14T02:30:27Z</time><extensions><speed>0.790583</speed><course>117.446538</course><hAcc>1.543133</hAcc><vAcc>3.603885</vAcc></extensions></trkpt>
      <trkpt lon="120.907944" lat="23.473167"><ele>2749.032658</ele><time>2026-09-14T02:30:28Z</time><extensions><speed>0.688602</speed><course>114.742491</course><hAcc>1.563479</hAcc><vAcc>3.603290</vAcc></extensions></trkpt>
      <trkpt lon="120.907950" lat="23.473165"><ele>2749.076587</ele><time>2026-09-14T02:30:29Z</time><extensions><speed>0.527271</speed><course>117.385690</course><hAcc>1.549800</hAcc><vAcc>3.602638</vAcc></extensions></trkpt>
      <trkpt lon="120.907954" lat="23.473163"><ele>2749.120076</ele><time>2026-09-14T02:30:30Z</time><extensions><speed>0.456400</speed><course>120.556376</course><hAcc>1.537469</hAcc><vAcc>3.602007</vAcc></extensions></trkpt>
      <trkpt lon="120.907957" lat="23.473161"><ele>2749.163140</ele><time>2026-09-14T02:30:31Z</time><extensions><speed>0.339542</speed><course>118.485366</course><hAcc>1.570127</hAcc><vAcc>3.601398</vAcc></extensions></trkpt>
      <trkpt lon="120.907960" lat="23.473160"><ele>2749.206734</ele><time>2026-09-14T02:30:32Z</time><extensions><speed>0.370533</speed><course>118.566279</course><hAcc>1.553897</hAcc><vAcc>3.600734</vAcc></extensions></trkpt>
      <trkpt lon="120.907965" lat="23.473158"><ele>2749.249895</ele><time>2026-09-14T02:30:33Z</time><extensions><speed>0.566879</speed><course>113.275965</course><hAcc>1.534399</hAcc><vAcc>3.600094</vAcc></extensions></trkpt>
      <trkpt lon="120.907970" lat="23.473156"><ele>2749.293584</ele><time>2026-09-14T02:30:34Z</time><extensions><speed>0.650839</speed><course>109.747556</course><hAcc>1.561723</hAcc><vAcc>3.599398</vAcc></extensions></trkpt>
      <trkpt lon="120.907977" lat="23.473154"><ele>2749.336830</ele><time>2026-09-14T02:30:35Z</time><extensions><speed>0.744784</speed><course>107.196421</course><hAcc>1.596917</hAcc><vAcc>3.598728</vAcc></extensions></trkpt>
      <trkpt lon="120.907984" lat="23.473152"><ele>2749.379647</ele><time>2026-09-14T02:30:36Z</time><extensions><speed>0.733690</speed><course>108.889039</course><hAcc>1.597242</hAcc><vAcc>3.598083</vAcc></extensions></trkpt>
      <trkpt lon="120.907990" lat="23.473150"><ele>2749.423004</ele><time>2026-09-14T02:30:37Z</time><extensions><speed>0.631060</speed><course>115.634489</course><hAcc>1.628013</hAcc><vAcc>3.597385</vAcc></extensions></trkpt>
      <trkpt lon="120.907995" lat="23.473148"><ele>2749.465929</ele><time>2026-09-14T02:30:38Z</time><extensions><speed>0.514323</speed><course>104.661374</course><hAcc>1.642972</hAcc><vAcc>3.596714</vAcc></extensions></trkpt>
      <trkpt lon="120.907999" lat="23.473147"><ele>2749.509393</ele><time>2026-09-14T02:30:39Z</time><extensions><speed>0.402266</speed><course>85.606066</course><hAcc>1.665351</hAcc><vAcc>3.595988</vAcc></extensions></trkpt>
      <trkpt lon="120.908003" lat="23.473148"><ele>2749.552416</ele><time>2026-09-14T02:30:40Z</time><extensions><speed>0.323227</speed><course>68.151313</course><hAcc>1.675124</hAcc><vAcc>3.595290</vAcc></extensions></trkpt>
      <trkpt lon="120.908006" lat="23.473149"><ele>2749.595017</ele><time>2026-09-14T02:30:41Z</time><extensions><speed>0.335599</speed><course>63.081930</course><hAcc>1.695838</hAcc><vAcc>3.594618</vAcc></extensions></trkpt>
      <trkpt lon="120.908009" lat="23.473151"><ele>2749.638173</ele><time>2026-09-14T02:30:42Z</time><extensions><speed>0.382910</speed><course>64.213638</course><hAcc>1.717251</hAcc><vAcc>3.593893</vAcc></extensions></trkpt>
      <trkpt lon="120.908012" lat="23.473152"><ele>2749.680910</ele><time>2026-09-14T02:30:43Z</time><extensions><speed>0.410085</speed><course>63.615581</course><hAcc>1.732548</hAcc><vAcc>3.593196</vAcc></extensions></trkpt>
      <trkpt lon="120.908016" lat="23.473154"><ele>2749.724213</ele><time>2026-09-14T02:30:44Z</time><extensions><speed>0.352843</speed><course>55.532214</course><hAcc>1.745593</hAcc><vAcc>3.592445</vAcc></extensions></trkpt>
      <trkpt lon="120.908018" lat="23.473156"><ele>2749.767082</ele><time>2026-09-14T02:30:45Z</time><extensions><speed>0.265473</speed><course>33.444715</course><hAcc>1.753773</hAcc><vAcc>3.591721</vAcc></extensions></trkpt>
      <trkpt lon="120.908019" lat="23.473158"><ele>2749.809534</ele><time>2026-09-14T02:30:46Z</time><extensions><speed>0.260839</speed><course>24.515453</course><hAcc>1.753081</hAcc><vAcc>3.591027</vAcc></extensions></trkpt>
      <trkpt lon="120.908020" lat="23.473160"><ele>2749.852555</ele><time>2026-09-14T02:30:47Z</time><extensions><speed>0.252367</speed><course>10.181837</course><hAcc>1.749167</hAcc><vAcc>3.590279</vAcc></extensions></trkpt>
      <trkpt lon="120.908020" lat="23.473163"><ele>2749.895148</ele><time>2026-09-14T02:30:48Z</time><extensions><speed>0.239560</speed><course>0.477528</course><hAcc>1.745533</hAcc><vAcc>3.589560</vAcc></extensions></trkpt>
      <trkpt lon="120.908020" lat="23.473165"><ele>2749.938299</ele><time>2026-09-14T02:30:49Z</time><extensions><speed>0.216459</speed><course>357.476158</course><hAcc>1.738997</hAcc><vAcc>3.588788</vAcc></extensions></trkpt>
      <trkpt lon="120.908020" lat="23.473166"><ele>2749.981023</ele><time>2026-09-14T02:30:50Z</time><extensions><speed>0.183598</speed><course>350.375408</course><hAcc>1.736463</hAcc><vAcc>3.588046</vAcc></extensions></trkpt>
      <trkpt lon="120.908019" lat="23.473168"><ele>2750.023337</ele><time>2026-09-14T02:30:51Z</time><extensions><speed>0.153252</speed><course>347.264175</course><hAcc>1.735639</hAcc><vAcc>3.587334</vAcc></extensions></trkpt>
      <trkpt lon="120.908019" lat="23.473169"><ele>2750.066236</ele><time>2026-09-14T02:30:52Z</time><extensions><speed>0.131762</speed><course>353.341353</course><hAcc>1.736626</hAcc><vAcc>3.586569</vAcc></extensions></trkpt>
      <trkpt lon="120.908019" lat="23.473170"><ele>2750.108719</ele><time>2026-09-14T02:30:53Z</time><extensions><speed>0.122408</speed><course>359.028730</course><hAcc>1.743874</hAcc><vAcc>3.585834</vAcc></extensions></trkpt>
      <trkpt lon="120.908019" lat="23.473172"><ele>2750.150800</ele><time>2026-09-14T02:30:54Z</time><extensions><speed>0.146465</speed><course>10.156185</course><hAcc>1.735432</hAcc><vAcc>3.585129</vAcc></extensions></trkpt>
      <trkpt lon="120.908019" lat="23.473173"><ele>2750.193479</ele><time>2026-09-14T02:30:55Z</time><extensions><speed>0.167655</speed><course>10.649040</course><hAcc>1.731480</hAcc><vAcc>3.584373</vAcc></extensions></trkpt>
      <trkpt lon="120.908020" lat="23.473175"><ele>2750.235745</ele><time>2026-09-14T02:30:56Z</time><extensions><speed>0.172324</speed><course>6.062981</course><hAcc>1.734990</hAcc><vAcc>3.583647</vAcc></extensions></trkpt>
      <trkpt lon="120.908020" lat="23.473176"><ele>2750.278603</ele><time>2026-09-14T02:30:57Z</time><extensions><speed>0.172418</speed><course>10.823141</course><hAcc>1.737632</hAcc><vAcc>3.582868</vAcc></extensions></trkpt>
      <trkpt lon="120.908020" lat="23.473178"><ele>2750.321037</ele><time>2026-09-14T02:30:58Z</time><extensions><speed>0.168874</speed><course>10.488454</course><hAcc>1.740439</hAcc><vAcc>3.582120</vAcc></extensions></trkpt>
      <trkpt lon="120.908021" lat="23.473179"><ele>2750.363064</ele><time>2026-09-14T02:30:59Z</time><extensions><speed>0.166988</speed><course>8.842922</course><hAcc>1.741345</hAcc><vAcc>3.581404</vAcc></extensions></trkpt>
      <trkpt lon="120.908021" lat="23.473181"><ele>2750.405694</ele><time>2026-09-14T02:31:00Z</time><extensions><speed>0.167624</speed><course>8.424065</course><hAcc>1.741766</hAcc><vAcc>3.580636</vAcc></extensions></trkpt>
      <trkpt lon="120.908021" lat="23.473182"><ele>2750.447911</ele><time>2026-09-14T02:31:01Z</time><extensions><speed>0.173439</speed><course>7.096781</course><hAcc>1.740699</hAcc><vAcc>3.579899</vAcc></extensions></trkpt>
      <trkpt lon="120.908021" lat="23.473184"><ele>2750.490730</ele><time>2026-09-14T02:31:02Z</time><extensions><speed>0.172149</speed><course>5.827083</course><hAcc>1.740648</hAcc><vAcc>3.579108</vAcc></extensions></trkpt>
      <trkpt lon="120.908021" lat="23.473185"><ele>2750.533132</ele><time>2026-09-14T02:31:03Z</time><extensions><speed>0.161610</speed><course>7.413901</course><hAcc>1.740190</hAcc><vAcc>3.578349</vAcc></extensions></trkpt>
      <trkpt lon="120.908022" lat="23.473187"><ele>2750.575132</ele><time>2026-09-14T02:31:04Z</time><extensions><speed>0.143502</speed><course>7.277167</course><hAcc>1.739083</hAcc><vAcc>3.577621</vAcc></extensions></trkpt>
      <trkpt lon="120.908022" lat="23.473188"><ele>2750.617753</ele><time>2026-09-14T02:31:05Z</time><extensions><speed>0.123961</speed><course>359.047357</course><hAcc>1.738084</hAcc><vAcc>3.576838</vAcc></extensions></trkpt>
      <trkpt lon="120.908022" lat="23.473189"><ele>2750.659963</ele><time>2026-09-14T02:31:06Z</time><extensions><speed>0.101781</speed><course>2.360127</course><hAcc>1.739049</hAcc><vAcc>3.576087</vAcc></extensions></trkpt>
      <trkpt lon="120.908022" lat="23.473190"><ele>2750.702789</ele><time>2026-09-14T02:31:07Z</time><extensions><speed>0.082070</speed><course>0.658082</course><hAcc>1.738034</hAcc><vAcc>3.575281</vAcc></extensions></trkpt>
      <trkpt lon="120.908022" lat="23.473190"><ele>2750.745192</ele><time>2026-09-14T02:31:08Z</time><extensions><speed>0.062431</speed><course>5.192761</course><hAcc>1.734122</hAcc><vAcc>3.574507</vAcc></extensions></trkpt>
      <trkpt lon="120.908022" lat="23.473191"><ele>2750.787189</ele><time>2026-09-14T02:31:09Z</time><extensions><speed>0.046558</speed><course>36.375837</course><hAcc>1.730287</hAcc><vAcc>3.573764</vAcc></extensions></trkpt>
      <trkpt lon="120.908022" lat="23.473191"><ele>2750.829810</ele><time>2026-09-14T02:31:10Z</time><extensions><speed>0.042196</speed><course>67.850173</course><hAcc>1.732352</hAcc><vAcc>3.572967</vAcc></extensions></trkpt>
      <trkpt lon="120.908023" lat="23.473191"><ele>2750.872015</ele><time>2026-09-14T02:31:11Z</time><extensions><speed>0.038569</speed><course>93.758615</course><hAcc>1.738940</hAcc><vAcc>3.572202</vAcc></extensions></trkpt>
      <trkpt lon="120.908023" lat="23.473191"><ele>2750.914840</ele><time>2026-09-14T02:31:12Z</time><extensions><speed>0.064449</speed><course>109.510361</course><hAcc>1.723868</hAcc><vAcc>3.571382</vAcc></extensions></trkpt>
      <trkpt lon="120.908024" lat="23.473191"><ele>2750.957240</ele><time>2026-09-14T02:31:13Z</time><extensions><speed>0.100997</speed><course>112.961062</course><hAcc>1.704205</hAcc><vAcc>3.570595</vAcc></extensions></trkpt>
      <trkpt lon="120.908025" lat="23.473190"><ele>2750.999231</ele><time>2026-09-14T02:31:14Z</time><extensions><speed>0.066241</speed><course>131.871484</course><hAcc>1.684838</hAcc><vAcc>3.569839</vAcc></extensions></trkpt>
      <trkpt lon="120.908025" lat="23.473190"><ele>2751.041857</ele><time>2026-09-14T02:31:15Z</time><extensions><speed>0.042721</speed><course>181.287227</course><hAcc>1.662605</hAcc><vAcc>3.569030</vAcc></extensions></trkpt>
      <trkpt lon="120.908025" lat="23.473189"><ele>2751.084070</ele><time>2026-09-14T02:31:16Z</time><extensions><speed>0.046097</speed><course>208.582547</course><hAcc>1.640834</hAcc><vAcc>3.568253</vAcc></extensions></trkpt>
      <trkpt lon="120.908025" lat="23.473189"><ele>2751.125886</ele><time>2026-09-14T02:31:17Z</time><extensions><speed>0.043576</speed><course>224.703954</course><hAcc>1.634808</hAcc><vAcc>3.567508</vAcc></extensions></trkpt>
      <trkpt lon="120.908024" lat="23.473189"><ele>2751.168344</ele><time>2026-09-14T02:31:18Z</time><extensions><speed>0.030108</speed><course>206.340248</course><hAcc>1.620024</hAcc><vAcc>3.566710</vAcc></extensions></trkpt>
      <trkpt lon="120.908024" lat="23.473189"><ele>2751.210385</ele><time>2026-09-14T02:31:19Z</time><extensions><speed>0.026596</speed><course>187.478456</course><hAcc>1.599064</hAcc><vAcc>3.565944</vAcc></extensions></trkpt>
      <trkpt lon="120.908024" lat="23.473189"><ele>2751.253058</ele><time>2026-09-14T02:31:20Z</time><extensions><speed>0.026310</speed><course>175.333578</course><hAcc>1.582723</hAcc><vAcc>3.565124</vAcc></extensions></trkpt>
      <trkpt lon="120.908024" lat="23.473188"><ele>2751.295309</ele><time>2026-09-14T02:31:21Z</time><extensions><speed>0.021039</speed><course>170.689542</course><hAcc>1.571285</hAcc><vAcc>3.564337</vAcc></extensions></trkpt>
      <trkpt lon="120.908024" lat="23.473188"><ele>2751.337156</ele><time>2026-09-14T02:31:22Z</time><extensions><speed>0.027209</speed><course>112.224782</course><hAcc>1.569141</hAcc><vAcc>3.563584</vAcc></extensions></trkpt>
      <trkpt lon="120.908025" lat="23.473188"><ele>2751.379653</ele><time>2026-09-14T02:31:23Z</time><extensions><speed>0.039272</speed><course>88.500972</course><hAcc>1.572377</hAcc><vAcc>3.562776</vAcc></extensions></trkpt>
      <trkpt lon="120.908025" lat="23.473188"><ele>2751.421734</ele><time>2026-09-14T02:31:24Z</time><extensions><speed>0.043325</speed><course>74.169753</course><hAcc>1.580140</hAcc><vAcc>3.562002</vAcc></extensions></trkpt>
      <trkpt lon="120.908026" lat="23.473188"><ele>2751.464463</ele><time>2026-09-14T02:31:25Z</time><extensions><speed>0.057954</speed><course>73.104853</course><hAcc>1.596198</hAcc><vAcc>3.561172</vAcc></extensions></trkpt>
      <trkpt lon="120.908026" lat="23.473188"><ele>2751.506771</ele><time>2026-09-14T02:31:26Z</time><extensions><speed>0.049017</speed><course>68.945188</course><hAcc>1.617112</hAcc><vAcc>3.560375</vAcc></extensions></trkpt>
      <trkpt lon="120.908027" lat="23.473188"><ele>2751.548676</ele><time>2026-09-14T02:31:27Z</time><extensions><speed>0.055734</speed><course>84.496916</course><hAcc>1.636411</hAcc><vAcc>3.559611</vAcc></extensions></trkpt>
      <trkpt lon="120.908027" lat="23.473188"><ele>2751.591240</ele><time>2026-09-14T02:31:28Z</time><extensions><speed>0.074580</speed><course>103.344568</course><hAcc>1.639033</hAcc><vAcc>3.558790</vAcc></extensions></trkpt>
      <trkpt lon="120.908028" lat="23.473188"><ele>2751.633383</ele><time>2026-09-14T02:31:29Z</time><extensions><speed>0.050179</speed><course>138.718087</course><hAcc>1.661145</hAcc><vAcc>3.558003</vAcc></extensions></trkpt>
      <trkpt lon="120.908028" lat="23.473188"><ele>2751.676175</ele><time>2026-09-14T02:31:30Z</time><extensions><speed>0.052075</speed><course>167.165839</course><hAcc>1.691600</hAcc><vAcc>3.557159</vAcc></extensions></trkpt>
      <trkpt lon="120.908028" lat="23.473187"><ele>2751.718542</ele><time>2026-09-14T02:31:31Z</time><extensions><speed>0.050251</speed><course>163.082926</course><hAcc>1.716062</hAcc><vAcc>3.556348</vAcc></extensions></trkpt>
      <trkpt lon="120.908028" lat="23.473187"><ele>2751.760504</ele><time>2026-09-14T02:31:32Z</time><extensions><speed>0.043449</speed><course>134.226786</course><hAcc>1.730970</hAcc><vAcc>3.555570</vAcc></extensions></trkpt>
      <trkpt lon="120.908029" lat="23.473187"><ele>2751.803135</ele><time>2026-09-14T02:31:33Z</time><extensions><speed>0.009698</speed><course>67.205870</course><hAcc>1.738349</hAcc><vAcc>3.554735</vAcc></extensions></trkpt>
      <trkpt lon="120.908029" lat="23.473187"><ele>2751.845347</ele><time>2026-09-14T02:31:34Z</time><extensions><speed>0.040598</speed><course>13.203148</course><hAcc>1.741257</hAcc><vAcc>3.553934</vAcc></extensions></trkpt>
      <trkpt lon="120.908029" lat="23.473188"><ele>2751.888223</ele><time>2026-09-14T02:31:35Z</time><extensions><speed>0.061382</speed><course>7.804812</course><hAcc>1.737792</hAcc><vAcc>3.553076</vAcc></extensions></trkpt>
      <trkpt lon="120.908029" lat="23.473188"><ele>2751.930661</ele><time>2026-09-14T02:31:36Z</time><extensions><speed>0.053135</speed><course>355.070348</course><hAcc>1.728975</hAcc><vAcc>3.552252</vAcc></extensions></trkpt>
      <trkpt lon="120.908029" lat="23.473188"><ele>2751.972678</ele><time>2026-09-14T02:31:37Z</time><extensions><speed>0.029193</speed><course>20.297320</course><hAcc>1.719366</hAcc><vAcc>3.551461</vAcc></extensions></trkpt>
      <trkpt lon="120.908029" lat="23.473189"><ele>2752.015362</ele><time>2026-09-14T02:31:38Z</time><extensions><speed>0.053091</speed><course>83.105297</course><hAcc>1.726189</hAcc><vAcc>3.550614</vAcc></extensions></trkpt>
      <trkpt lon="120.908030" lat="23.473189"><ele>2752.057623</ele><time>2026-09-14T02:31:39Z</time><extensions><speed>0.036355</speed><course>93.776232</course><hAcc>1.746363</hAcc><vAcc>3.549801</vAcc></extensions></trkpt>
      <trkpt lon="120.908030" lat="23.473189"><ele>2752.099477</ele><time>2026-09-14T02:31:40Z</time><extensions><speed>0.037121</speed><course>101.697752</course><hAcc>1.723780</hAcc><vAcc>3.549023</vAcc></extensions></trkpt>
      <trkpt lon="120.908030" lat="23.473188"><ele>2752.142010</ele><time>2026-09-14T02:31:41Z</time><extensions><speed>0.035556</speed><course>99.588830</course><hAcc>1.709954</hAcc><vAcc>3.548188</vAcc></extensions></trkpt>
      <trkpt lon="120.908031" lat="23.473188"><ele>2752.184116</ele><time>2026-09-14T02:31:42Z</time><extensions><speed>0.016311</speed><course>82.904534</course><hAcc>1.712613</hAcc><vAcc>3.547387</vAcc></extensions></trkpt>
      <trkpt lon="120.908031" lat="23.473189"><ele>2752.226892</ele><time>2026-09-14T02:31:43Z</time><extensions><speed>0.011256</speed><course>10.195765</course><hAcc>1.713607</hAcc><vAcc>3.546530</vAcc></extensions></trkpt>
      <trkpt lon="120.908031" lat="23.473189"><ele>2752.269236</ele><time>2026-09-14T02:31:44Z</time><extensions><speed>0.020951</speed><course>337.061136</course><hAcc>1.709390</hAcc><vAcc>3.545707</vAcc></extensions></trkpt>
      <trkpt lon="120.908031" lat="23.473189"><ele>2752.311164</ele><time>2026-09-14T02:31:45Z</time><extensions><speed>0.028045</speed><course>330.193912</course><hAcc>1.705852</hAcc><vAcc>3.544920</vAcc></extensions></trkpt>
      <trkpt lon="120.908030" lat="23.473189"><ele>2752.353780</ele><time>2026-09-14T02:31:46Z</time><extensions><speed>0.028483</speed><course>328.326984</course><hAcc>1.700049</hAcc><vAcc>3.544076</vAcc></extensions></trkpt>
      <trkpt lon="120.908030" lat="23.473189"><ele>2752.395971</ele><time>2026-09-14T02:31:47Z</time><extensions><speed>0.023237</speed><course>327.590491</course><hAcc>1.693182</hAcc><vAcc>3.543266</vAcc></extensions></trkpt>
      <trkpt lon="120.908030" lat="23.473189"><ele>2752.438857</ele><time>2026-09-14T02:31:48Z</time><extensions><speed>0.018254</speed><course>325.584682</course><hAcc>1.689075</hAcc><vAcc>3.542398</vAcc></extensions></trkpt>
      <trkpt lon="120.908030" lat="23.473190"><ele>2752.481298</ele><time>2026-09-14T02:31:49Z</time><extensions><speed>0.013518</speed><course>322.281538</course><hAcc>1.694349</hAcc><vAcc>3.541566</vAcc></extensions></trkpt>
      <trkpt lon="120.908030" lat="23.473190"><ele>2752.523322</ele><time>2026-09-14T02:31:50Z</time><extensions><speed>0.011703</speed><course>317.188006</course><hAcc>1.688620</hAcc><vAcc>3.540767</vAcc></extensions></trkpt>
      <trkpt lon="120.908030" lat="23.473190"><ele>2752.566047</ele><time>2026-09-14T02:31:51Z</time><extensions><speed>0.012900</speed><course>311.071921</course><hAcc>1.671667</hAcc><vAcc>3.539909</vAcc></extensions></trkpt>
      <trkpt lon="120.908030" lat="23.473190"><ele>2752.608345</ele><time>2026-09-14T02:31:52Z</time><extensions><speed>0.014199</speed><course>306.674681</course><hAcc>1.680879</hAcc><vAcc>3.539086</vAcc></extensions></trkpt>
      <trkpt lon="120.908030" lat="23.473190"><ele>2752.651335</ele><time>2026-09-14T02:31:53Z</time><extensions><speed>0.015765</speed><course>302.420911</course><hAcc>1.708413</hAcc><vAcc>3.538203</vAcc></extensions></trkpt>
      <trkpt lon="120.908029" lat="23.473190"><ele>2752.693880</ele><time>2026-09-14T02:31:54Z</time><extensions><speed>0.025282</speed><course>299.680513</course><hAcc>1.697778</hAcc><vAcc>3.537355</vAcc></extensions></trkpt>
      <trkpt lon="120.908029" lat="23.473190"><ele>2752.736000</ele><time>2026-09-14T02:31:55Z</time><extensions><speed>0.035929</speed><course>298.146886</course><hAcc>1.697173</hAcc><vAcc>3.536542</vAcc></extensions></trkpt>
      <trkpt lon="120.908029" lat="23.473190"><ele>2752.778818</ele><time>2026-09-14T02:31:56Z</time><extensions><speed>0.047867</speed><course>296.296526</course><hAcc>1.707461</hAcc><vAcc>3.535669</vAcc></extensions></trkpt>
      <trkpt lon="120.908028" lat="23.473190"><ele>2752.821199</ele><time>2026-09-14T02:31:57Z</time><extensions><speed>0.059555</speed><course>294.529105</course><hAcc>1.716423</hAcc><vAcc>3.534831</vAcc></extensions></trkpt>
      <trkpt lon="120.908028" lat="23.473191"><ele>2752.864272</ele><time>2026-09-14T02:31:58Z</time><extensions><speed>0.063380</speed><course>291.880023</course><hAcc>1.722299</hAcc><vAcc>3.533935</vAcc></extensions></trkpt>
      <trkpt lon="120.908027" lat="23.473191"><ele>2752.906895</ele><time>2026-09-14T02:31:59Z</time><extensions><speed>0.051088</speed><course>288.839150</course><hAcc>1.727431</hAcc><vAcc>3.533073</vAcc></extensions></trkpt>
      <trkpt lon="120.908027" lat="23.473191"><ele>2752.949086</ele><time>2026-09-14T02:32:00Z</time><extensions><speed>0.041186</speed><course>281.239973</course><hAcc>1.728797</hAcc><vAcc>3.532247</vAcc></extensions></trkpt>
      <trkpt lon="120.908026" lat="23.473191"><ele>2752.991983</ele><time>2026-09-14T02:32:01Z</time><extensions><speed>0.038084</speed><course>268.779379</course><hAcc>1.724801</hAcc><vAcc>3.531361</vAcc></extensions></trkpt>
      <trkpt lon="120.908026" lat="23.473191"><ele>2753.034436</ele><time>2026-09-14T02:32:02Z</time><extensions><speed>0.044059</speed><course>255.663895</course><hAcc>1.713997</hAcc><vAcc>3.530511</vAcc></extensions></trkpt>
      <trkpt lon="120.908026" lat="23.473191"><ele>2753.076462</ele><time>2026-09-14T02:32:03Z</time><extensions><speed>0.045039</speed><course>240.174118</course><hAcc>1.697339</hAcc><vAcc>3.529698</vAcc></extensions></trkpt>
      <trkpt lon="120.908025" lat="23.473191"><ele>2753.119200</ele><time>2026-09-14T02:32:04Z</time><extensions><speed>0.045604</speed><course>227.866864</course><hAcc>1.679845</hAcc><vAcc>3.528825</vAcc></extensions></trkpt>
      <trkpt lon="120.908025" lat="23.473190"><ele>2753.161500</ele><time>2026-09-14T02:32:05Z</time><extensions><speed>0.038024</speed><course>204.170284</course><hAcc>1.674188</hAcc><vAcc>3.527989</vAcc></extensions></trkpt>
      <trkpt lon="120.908025" lat="23.473190"><ele>2753.204509</ele><time>2026-09-14T02:32:06Z</time><extensions><speed>0.028109</speed><course>189.431450</course><hAcc>1.692503</hAcc><vAcc>3.527093</vAcc></extensions></trkpt>
      <trkpt lon="120.908025" lat="23.473190"><ele>2753.247068</ele><time>2026-09-14T02:32:07Z</time><extensions><speed>0.022822</speed><course>169.573353</course><hAcc>1.696764</hAcc><vAcc>3.526233</vAcc></extensions></trkpt>
      <trkpt lon="120.908025" lat="23.473190"><ele>2753.289198</ele><time>2026-09-14T02:32:08Z</time><extensions><speed>0.020609</speed><course>155.091982</course><hAcc>1.690528</hAcc><vAcc>3.525410</vAcc></extensions></trkpt>
      <trkpt lon="120.908025" lat="23.473189"><ele>2753.332051</ele><time>2026-09-14T02:32:09Z</time><extensions><speed>0.020800</speed><course>149.564150</course><hAcc>1.670963</hAcc><vAcc>3.524528</vAcc></extensions></trkpt>
      <trkpt lon="120.908025" lat="23.473189"><ele>2753.374465</ele><time>2026-09-14T02:32:10Z</time><extensions><speed>0.016554</speed><course>146.794679</course><hAcc>1.675288</hAcc><vAcc>3.523682</vAcc></extensions></trkpt>
      <trkpt lon="120.908025" lat="23.473189"><ele>2753.417602</ele><time>2026-09-14T02:32:11Z</time><extensions><speed>0.011554</speed><course>140.572081</course><hAcc>1.689720</hAcc><vAcc>3.522776</vAcc></extensions></trkpt>
      <trkpt lon="120.908025" lat="23.473189"><ele>2753.460284</ele><time>2026-09-14T02:32:12Z</time><extensions><speed>0.007938</speed><course>115.428640</course><hAcc>1.699468</hAcc><vAcc>3.521905</vAcc></extensions></trkpt>
      <trkpt lon="120.908025" lat="23.473189"><ele>2753.502533</ele><time>2026-09-14T02:32:13Z</time><extensions><speed>0.002987</speed><course>344.519245</course><hAcc>1.703141</hAcc><vAcc>3.521070</vAcc></extensions></trkpt>
      <trkpt lon="120.908025" lat="23.473189"><ele>2753.545510</ele><time>2026-09-14T02:32:14Z</time><extensions><speed>0.010616</speed><course>319.806400</course><hAcc>1.704507</hAcc><vAcc>3.520174</vAcc></extensions></trkpt>
      <trkpt lon="120.908025" lat="23.473189"><ele>2753.588039</ele><time>2026-09-14T02:32:15Z</time><extensions><speed>0.016847</speed><course>316.191107</course><hAcc>1.707236</hAcc><vAcc>3.519314</vAcc></extensions></trkpt>
      <trkpt lon="120.908025" lat="23.473189"><ele>2753.631287</ele><time>2026-09-14T02:32:16Z</time><extensions><speed>0.025933</speed><course>315.725495</course><hAcc>1.700084</hAcc><vAcc>3.518391</vAcc></extensions></trkpt>
      <trkpt lon="120.908025" lat="23.473190"><ele>2753.674074</ele><time>2026-09-14T02:32:17Z</time><extensions><speed>0.035271</speed><course>313.998348</course><hAcc>1.700721</hAcc><vAcc>3.517505</vAcc></extensions></trkpt>
      <trkpt lon="120.908024" lat="23.473190"><ele>2753.716418</ele><time>2026-09-14T02:32:18Z</time><extensions><speed>0.047367</speed><course>313.116777</course><hAcc>1.702991</hAcc><vAcc>3.516656</vAcc></extensions></trkpt>
      <trkpt lon="120.908024" lat="23.473190"><ele>2753.759492</ele><time>2026-09-14T02:32:19Z</time><extensions><speed>0.057342</speed><course>312.060941</course><hAcc>1.709711</hAcc><vAcc>3.515744</vAcc></extensions></trkpt>
      <trkpt lon="120.908024" lat="23.473191"><ele>2753.802118</ele><time>2026-09-14T02:32:20Z</time><extensions><speed>0.069224</speed><course>310.396208</course><hAcc>1.697486</hAcc><vAcc>3.514869</vAcc></extensions></trkpt>
      <trkpt lon="120.908023" lat="23.473191"><ele>2753.845471</ele><time>2026-09-14T02:32:21Z</time><extensions><speed>0.063529</speed><course>306.773724</course><hAcc>1.695443</hAcc><vAcc>3.513932</vAcc></extensions></trkpt>
      <trkpt lon="120.908023" lat="23.473191"><ele>2753.888352</ele><time>2026-09-14T02:32:22Z</time><extensions><speed>0.053905</speed><course>292.382863</course><hAcc>1.712177</hAcc><vAcc>3.513031</vAcc></extensions></trkpt>
      <trkpt lon="120.908022" lat="23.473191"><ele>2753.930782</ele><time>2026-09-14T02:32:23Z</time><extensions><speed>0.040207</speed><course>263.985771</course><hAcc>1.734340</hAcc><vAcc>3.512168</vAcc></extensions></trkpt>
      <trkpt lon="120.908022" lat="23.473191"><ele>2753.973948</ele><time>2026-09-14T02:32:24Z</time><extensions><speed>0.036170</speed><course>215.768433</course><hAcc>1.726695</hAcc><vAcc>3.511243</vAcc></extensions></trkpt>
      <trkpt lon="120.908022" lat="23.473191"><ele>2754.016654</ele><time>2026-09-14T02:32:25Z</time><extensions><speed>0.050397</speed><course>220.340264</course><hAcc>1.725315</hAcc><vAcc>3.510355</vAcc></extensions></trkpt>
      <trkpt lon="120.908021" lat="23.473190"><ele>2754.058916</ele><time>2026-09-14T02:32:26Z</time><extensions><speed>0.053021</speed><course>217.819704</course><hAcc>1.728394</hAcc><vAcc>3.509505</vAcc></extensions></trkpt>
      <trkpt lon="120.908021" lat="23.473190"><ele>2754.101924</ele><time>2026-09-14T02:32:27Z</time><extensions><speed>0.049472</speed><course>220.799787</course><hAcc>1.735576</hAcc><vAcc>3.508593</vAcc></extensions></trkpt>
      <trkpt lon="120.908020" lat="23.473190"><ele>2754.144473</ele><time>2026-09-14T02:32:28Z</time><extensions><speed>0.059243</speed><course>247.914682</course><hAcc>1.744332</hAcc><vAcc>3.507720</vAcc></extensions></trkpt>
      <trkpt lon="120.908020" lat="23.473190"><ele>2754.187761</ele><time>2026-09-14T02:32:29Z</time><extensions><speed>0.053233</speed><course>259.145392</course><hAcc>1.747419</hAcc><vAcc>3.506784</vAcc></extensions></trkpt>
      <trkpt lon="120.908019" lat="23.473190"><ele>2754.230583</ele><time>2026-09-14T02:32:30Z</time><extensions><speed>0.038365</speed><course>270.480822</course><hAcc>1.746723</hAcc><vAcc>3.505886</vAcc></extensions></trkpt>
      <trkpt lon="120.908019" lat="23.473190"><ele>2754.272953</ele><time>2026-09-14T02:32:31Z</time><extensions><speed>0.027515</speed><course>296.649821</course><hAcc>1.746067</hAcc><vAcc>3.505026</vAcc></extensions></trkpt>
      <trkpt lon="120.908019" lat="23.473190"><ele>2754.316074</ele><time>2026-09-14T02:32:32Z</time><extensions><speed>0.023059</speed><course>30.255579</course><hAcc>1.738902</hAcc><vAcc>3.504105</vAcc></extensions></trkpt>
      <trkpt lon="120.908019" lat="23.473190"><ele>2754.358727</ele><time>2026-09-14T02:32:33Z</time><extensions><speed>0.063087</speed><course>58.816868</course><hAcc>1.728741</hAcc><vAcc>3.503221</vAcc></extensions></trkpt>
      <trkpt lon="120.908020" lat="23.473190"><ele>2754.402120</ele><time>2026-09-14T02:32:34Z</time><extensions><speed>0.070788</speed><course>40.632646</course><hAcc>1.714971</hAcc><vAcc>3.502275</vAcc></extensions></trkpt>
      <trkpt lon="120.908020" lat="23.473191"><ele>2754.445044</ele><time>2026-09-14T02:32:35Z</time><extensions><speed>0.067462</speed><course>31.475653</course><hAcc>1.699674</hAcc><vAcc>3.501366</vAcc></extensions></trkpt>
      <trkpt lon="120.908020" lat="23.473191"><ele>2754.487517</ele><time>2026-09-14T02:32:36Z</time><extensions><speed>0.049569</speed><course>29.645752</course><hAcc>1.692475</hAcc><vAcc>3.500495</vAcc></extensions></trkpt>
      <trkpt lon="120.908021" lat="23.473192"><ele>2754.530752</ele><time>2026-09-14T02:32:37Z</time><extensions><speed>0.058035</speed><course>72.448876</course><hAcc>1.699522</hAcc><vAcc>3.499560</vAcc></extensions></trkpt>
      <trkpt lon="120.908021" lat="23.473192"><ele>2754.573518</ele><time>2026-09-14T02:32:38Z</time><extensions><speed>0.063564</speed><course>89.596026</course><hAcc>1.709245</hAcc><vAcc>3.498662</vAcc></extensions></trkpt>
      <trkpt lon="120.908022" lat="23.473192"><ele>2754.617037</ele><time>2026-09-14T02:32:39Z</time><extensions><speed>0.028280</speed><course>117.396005</course><hAcc>1.722783</hAcc><vAcc>3.497700</vAcc></extensions></trkpt>
      <trkpt lon="120.908022" lat="23.473191"><ele>2754.660079</ele><time>2026-09-14T02:32:40Z</time><extensions><speed>0.051116</speed><course>153.780699</course><hAcc>1.714321</hAcc><vAcc>3.496775</vAcc></extensions></trkpt>
      <trkpt lon="120.908022" lat="23.473191"><ele>2754.702665</ele><time>2026-09-14T02:32:41Z</time><extensions><speed>0.102724</speed><course>189.741060</course><hAcc>1.672728</hAcc><vAcc>3.495889</vAcc></extensions></trkpt>
      <trkpt lon="120.908022" lat="23.473190"><ele>2754.746023</ele><time>2026-09-14T02:32:42Z</time><extensions><speed>0.118869</speed><course>189.884463</course><hAcc>1.690039</hAcc><vAcc>3.494937</vAcc></extensions></trkpt>
      <trkpt lon="120.908022" lat="23.473189"><ele>2754.788906</ele><time>2026-09-14T02:32:43Z</time><extensions><speed>0.109055</speed><course>174.723330</course><hAcc>1.716766</hAcc><vAcc>3.494024</vAcc></extensions></trkpt>
      <trkpt lon="120.908022" lat="23.473188"><ele>2754.832548</ele><time>2026-09-14T02:32:44Z</time><extensions><speed>0.116938</speed><course>145.522444</course><hAcc>1.719357</hAcc><vAcc>3.493046</vAcc></extensions></trkpt>
      <trkpt lon="120.908023" lat="23.473187"><ele>2754.875706</ele><time>2026-09-14T02:32:45Z</time><extensions><speed>0.101077</speed><course>135.637861</course><hAcc>1.716760</hAcc><vAcc>3.492106</vAcc></extensions></trkpt>
      <trkpt lon="120.908024" lat="23.473186"><ele>2754.918397</ele><time>2026-09-14T02:32:46Z</time><extensions><speed>0.110463</speed><course>121.162951</course><hAcc>1.714629</hAcc><vAcc>3.491205</vAcc></extensions></trkpt>
      <trkpt lon="120.908025" lat="23.473186"><ele>2754.961862</ele><time>2026-09-14T02:32:47Z</time><extensions><speed>0.134100</speed><course>109.970527</course><hAcc>1.718641</hAcc><vAcc>3.490239</vAcc></extensions></trkpt>
      <trkpt lon="120.908027" lat="23.473185"><ele>2755.004834</ele><time>2026-09-14T02:32:48Z</time><extensions><speed>0.169952</speed><course>105.414326</course><hAcc>1.703155</hAcc><vAcc>3.489311</vAcc></extensions></trkpt>
      <trkpt lon="120.908028" lat="23.473185"><ele>2755.047332</ele><time>2026-09-14T02:32:49Z</time><extensions><speed>0.162556</speed><course>104.370991</course><hAcc>1.713752</hAcc><vAcc>3.488424</vAcc></extensions></trkpt>
      <trkpt lon="120.908030" lat="23.473185"><ele>2755.090606</ele><time>2026-09-14T02:32:50Z</time><extensions><speed>0.198664</speed><course>107.810001</course><hAcc>1.712239</hAcc><vAcc>3.487472</vAcc></extensions></trkpt>
      <trkpt lon="120.908032" lat="23.473184"><ele>2755.133407</ele><time>2026-09-14T02:32:51Z</time><extensions><speed>0.244883</speed><course>112.756065</course><hAcc>1.718057</hAcc><vAcc>3.486560</vAcc></extensions></trkpt>
      <trkpt lon="120.908034" lat="23.473183"><ele>2755.176985</ele><time>2026-09-14T02:32:52Z</time><extensions><speed>0.316390</speed><course>115.083744</course><hAcc>1.729210</hAcc><vAcc>3.485583</vAcc></extensions></trkpt>
      <trkpt lon="120.908037" lat="23.473181"><ele>2755.220067</ele><time>2026-09-14T02:32:53Z</time><extensions><speed>0.322934</speed><course>119.460511</course><hAcc>1.741389</hAcc><vAcc>3.484645</vAcc></extensions></trkpt>
      <trkpt lon="120.908040" lat="23.473180"><ele>2755.262672</ele><time>2026-09-14T02:32:54Z</time><extensions><speed>0.336053</speed><course>122.650532</course><hAcc>1.744282</hAcc><vAcc>3.483748</vAcc></extensions></trkpt>
      <trkpt lon="120.908042" lat="23.473178"><ele>2755.306057</ele><time>2026-09-14T02:32:55Z</time><extensions><speed>0.243405</speed><course>136.797983</course><hAcc>1.743735</hAcc><vAcc>3.482787</vAcc></extensions></trkpt>
      <trkpt lon="120.908043" lat="23.473177"><ele>2755.348958</ele><time>2026-09-14T02:32:56Z</time><extensions><speed>0.191520</speed><course>151.653871</course><hAcc>1.741361</hAcc><vAcc>3.481865</vAcc></extensions></trkpt>
      <trkpt lon="120.908044" lat="23.473175"><ele>2755.392640</ele><time>2026-09-14T02:32:57Z</time><extensions><speed>0.160822</speed><course>159.558796</course><hAcc>1.736857</hAcc><vAcc>3.480877</vAcc></extensions></trkpt>
      <trkpt lon="120.908044" lat="23.473174"><ele>2755.435824</ele><time>2026-09-14T02:32:58Z</time><extensions><speed>0.133935</speed><course>164.354722</course><hAcc>1.722739</hAcc><vAcc>3.479929</vAcc></extensions></trkpt>
      <trkpt lon="120.908045" lat="23.473173"><ele>2755.478533</ele><time>2026-09-14T02:32:59Z</time><extensions><speed>0.097481</speed><course>182.249591</course><hAcc>1.705438</hAcc><vAcc>3.479020</vAcc></extensions></trkpt>
      <trkpt lon="120.908044" lat="23.473172"><ele>2755.522037</ele><time>2026-09-14T02:33:00Z</time><extensions><speed>0.067310</speed><course>204.915108</course><hAcc>1.695187</hAcc><vAcc>3.478044</vAcc></extensions></trkpt>
      <trkpt lon="120.908044" lat="23.473172"><ele>2755.565057</ele><time>2026-09-14T02:33:01Z</time><extensions><speed>0.042374</speed><course>221.198429</course><hAcc>1.687288</hAcc><vAcc>3.477107</vAcc></extensions></trkpt>
      <trkpt lon="120.908044" lat="23.473172"><ele>2755.608867</ele><time>2026-09-14T02:33:02Z</time><extensions><speed>0.021262</speed><course>243.167404</course><hAcc>1.683351</hAcc><vAcc>3.476102</vAcc></extensions></trkpt>
      <trkpt lon="120.908044" lat="23.473172"><ele>2755.652176</ele><time>2026-09-14T02:33:03Z</time><extensions><speed>0.014005</speed><course>307.031713</course><hAcc>1.681160</hAcc><vAcc>3.475136</vAcc></extensions></trkpt>
      <trkpt lon="120.908044" lat="23.473172"><ele>2755.695003</ele><time>2026-09-14T02:33:04Z</time><extensions><speed>0.024898</speed><course>345.936228</course><hAcc>1.679654</hAcc><vAcc>3.474211</vAcc></extensions></trkpt>
      <trkpt lon="120.908044" lat="23.473172"><ele>2755.738632</ele><time>2026-09-14T02:33:05Z</time><extensions><speed>0.044269</speed><course>347.448956</course><hAcc>1.654694</hAcc><vAcc>3.473218</vAcc></extensions></trkpt>
      <trkpt lon="120.908043" lat="23.473173"><ele>2755.781765</ele><time>2026-09-14T02:33:06Z</time><extensions><speed>0.054953</speed><course>341.137713</course><hAcc>1.649903</hAcc><vAcc>3.472264</vAcc></extensions></trkpt>
      <trkpt lon="120.908043" lat="23.473173"><ele>2755.825691</ele><time>2026-09-14T02:33:07Z</time><extensions><speed>0.053928</speed><course>335.871900</course><hAcc>1.660725</hAcc><vAcc>3.471243</vAcc></extensions></trkpt>
      <trkpt lon="120.908043" lat="23.473174"><ele>2755.869108</ele><time>2026-09-14T02:33:08Z</time><extensions><speed>0.049088</speed><course>330.510969</course><hAcc>1.664334</hAcc><vAcc>3.470262</vAcc></extensions></trkpt>
      <trkpt lon="120.908043" lat="23.473174"><ele>2755.912036</ele><time>2026-09-14T02:33:09Z</time><extensions><speed>0.044761</speed><course>324.242146</course><hAcc>1.662572</hAcc><vAcc>3.469322</vAcc></extensions></trkpt>
      <trkpt lon="120.908042" lat="23.473174"><ele>2755.955769</ele><time>2026-09-14T02:33:10Z</time><extensions><speed>0.047315</speed><course>317.646798</course><hAcc>1.656817</hAcc><vAcc>3.468313</vAcc></extensions></trkpt>
      <trkpt lon="120.908042" lat="23.473175"><ele>2755.998997</ele><time>2026-09-14T02:33:11Z</time><extensions><speed>0.041335</speed><course>312.155207</course><hAcc>1.682611</hAcc><vAcc>3.467345</vAcc></extensions></trkpt>
      <trkpt lon="120.908042" lat="23.473175"><ele>2756.041736</ele><time>2026-09-14T02:33:12Z</time><extensions><speed>0.040858</speed><course>308.485882</course><hAcc>1.690397</hAcc><vAcc>3.466419</vAcc></extensions></trkpt>
      <trkpt lon="120.908041" lat="23.473175"><ele>2756.085289</ele><time>2026-09-14T02:33:13Z</time><extensions><speed>0.034232</speed><course>309.827006</course><hAcc>1.676035</hAcc><vAcc>3.465426</vAcc></extensions></trkpt>
      <trkpt lon="120.908041" lat="23.473175"><ele>2756.128342</ele><time>2026-09-14T02:33:14Z</time><extensions><speed>0.031936</speed><course>289.750631</course><hAcc>1.685118</hAcc><vAcc>3.464474</vAcc></extensions></trkpt>
      <trkpt lon="120.908041" lat="23.473175"><ele>2756.172201</ele><time>2026-09-14T02:33:15Z</time><extensions><speed>0.023099</speed><course>258.302049</course><hAcc>1.700584</hAcc><vAcc>3.463454</vAcc></extensions></trkpt>
      <trkpt lon="120.908041" lat="23.473175"><ele>2756.215548</ele><time>2026-09-14T02:33:16Z</time><extensions><speed>0.042419</speed><course>247.796144</course><hAcc>1.715710</hAcc><vAcc>3.462476</vAcc></extensions></trkpt>
      <trkpt lon="120.908040" lat="23.473175"><ele>2756.258400</ele><time>2026-09-14T02:33:17Z</time><extensions><speed>0.066220</speed><course>252.436734</course><hAcc>1.728341</hAcc><vAcc>3.461539</vAcc></extensions></trkpt>
      <trkpt lon="120.908039" lat="23.473175"><ele>2756.302072</ele><time>2026-09-14T02:33:18Z</time><extensions><speed>0.071879</speed><course>257.354438</course><hAcc>1.734271</hAcc><vAcc>3.460535</vAcc></extensions></trkpt>
      <trkpt lon="120.908039" lat="23.473175"><ele>2756.345240</ele><time>2026-09-14T02:33:19Z</time><extensions><speed>0.069018</speed><course>271.896870</course><hAcc>1.740821</hAcc><vAcc>3.459573</vAcc></extensions></trkpt>
      <trkpt lon="120.908038" lat="23.473175"><ele>2756.389226</ele><time>2026-09-14T02:33:20Z</time><extensions><speed>0.073317</speed><course>297.239784</course><hAcc>1.744915</hAcc><vAcc>3.458542</vAcc></extensions></trkpt>
      <trkpt lon="120.908038" lat="23.473176"><ele>2756.432692</ele><time>2026-09-14T02:33:21Z</time><extensions><speed>0.080380</speed><course>337.895952</course><hAcc>1.745429</hAcc><vAcc>3.457551</vAcc></extensions></trkpt>
      <trkpt lon="120.908037" lat="23.473176"><ele>2756.475662</ele><time>2026-09-14T02:33:22Z</time><extensions><speed>0.121457</speed><course>2.546160</course><hAcc>1.743640</hAcc><vAcc>3.456602</vAcc></extensions></trkpt>
      <trkpt lon="120.908037" lat="23.473178"><ele>2756.519458</ele><time>2026-09-14T02:33:23Z</time><extensions><speed>0.167409</speed><course>350.909934</course><hAcc>1.744271</hAcc><vAcc>3.455583</vAcc></extensions></trkpt>
      <trkpt lon="120.908037" lat="23.473179"><ele>2756.562740</ele><time>2026-09-14T02:33:24Z</time><extensions><speed>0.191590</speed><course>347.420932</course><hAcc>1.742478</hAcc><vAcc>3.454605</vAcc></extensions></trkpt>
      <trkpt lon="120.908036" lat="23.473181"><ele>2756.606835</ele><time>2026-09-14T02:33:25Z</time><extensions><speed>0.208855</speed><course>337.074867</course><hAcc>1.739144</hAcc><vAcc>3.453556</vAcc></extensions></trkpt>
      <trkpt lon="120.908035" lat="23.473183"><ele>2756.650407</ele><time>2026-09-14T02:33:26Z</time><extensions><speed>0.205407</speed><course>334.809125</course><hAcc>1.734740</hAcc><vAcc>3.452549</vAcc></extensions></trkpt>
      <trkpt lon="120.908035" lat="23.473184"><ele>2756.693476</ele><time>2026-09-14T02:33:27Z</time><extensions><speed>0.172460</speed><course>337.111328</course><hAcc>1.738866</hAcc><vAcc>3.451584</vAcc></extensions></trkpt>
      <trkpt lon="120.908034" lat="23.473186"><ele>2756.737379</ele><time>2026-09-14T02:33:28Z</time><extensions><speed>0.131191</speed><course>341.629511</course><hAcc>1.743811</hAcc><vAcc>3.450548</vAcc></extensions></trkpt>
      <trkpt lon="120.908034" lat="23.473187"><ele>2756.780762</ele><time>2026-09-14T02:33:29Z</time><extensions><speed>0.104950</speed><course>3.383961</course><hAcc>1.726728</hAcc><vAcc>3.449553</vAcc></extensions></trkpt>
      <trkpt lon="120.908034" lat="23.473188"><ele>2756.824971</ele><time>2026-09-14T02:33:30Z</time><extensions><speed>0.101887</speed><course>28.897802</course><hAcc>1.710314</hAcc><vAcc>3.448488</vAcc></extensions></trkpt>
      <trkpt lon="120.908035" lat="23.473188"><ele>2756.868648</ele><time>2026-09-14T02:33:31Z</time><extensions><speed>0.080362</speed><course>14.410507</course><hAcc>1.708064</hAcc><vAcc>3.447465</vAcc></extensions></trkpt>
      <trkpt lon="120.908034" lat="23.473189"><ele>2756.911815</ele><time>2026-09-14T02:33:32Z</time><extensions><speed>0.068811</speed><course>335.771112</course><hAcc>1.722587</hAcc><vAcc>3.446484</vAcc></extensions></trkpt>
      <trkpt lon="120.908034" lat="23.473189"><ele>2756.955826</ele><time>2026-09-14T02:33:33Z</time><extensions><speed>0.059608</speed><course>319.884634</course><hAcc>1.741656</hAcc><vAcc>3.445433</vAcc></extensions></trkpt>
      <trkpt lon="120.908034" lat="23.473190"><ele>2756.999315</ele><time>2026-09-14T02:33:34Z</time><extensions><speed>0.073720</speed><course>313.830725</course><hAcc>1.720417</hAcc><vAcc>3.444424</vAcc></extensions></trkpt>
      <trkpt lon="120.908033" lat="23.473190"><ele>2757.042301</ele><time>2026-09-14T02:33:35Z</time><extensions><speed>0.085964</speed><course>312.869709</course><hAcc>1.711198</hAcc><vAcc>3.443458</vAcc></extensions></trkpt>
      <trkpt lon="120.908032" lat="23.473191"><ele>2757.086140</ele><time>2026-09-14T02:33:36Z</time><extensions><speed>0.102794</speed><course>312.521148</course><hAcc>1.715753</hAcc><vAcc>3.442421</vAcc></extensions></trkpt>
      <trkpt lon="120.908032" lat="23.473192"><ele>2757.129454</ele><time>2026-09-14T02:33:37Z</time><extensions><speed>0.125466</speed><course>311.923310</course><hAcc>1.723773</hAcc><vAcc>3.441428</vAcc></extensions></trkpt>
      <trkpt lon="120.908030" lat="23.473192"><ele>2757.173611</ele><time>2026-09-14T02:33:38Z</time><extensions><speed>0.155313</speed><course>310.896005</course><hAcc>1.728005</hAcc><vAcc>3.440364</vAcc></extensions></trkpt>
      <trkpt lon="120.908029" lat="23.473193"><ele>2757.217235</ele><time>2026-09-14T02:33:39Z</time><extensions><speed>0.178471</speed><course>308.283564</course><hAcc>1.728664</hAcc><vAcc>3.439343</vAcc></extensions></trkpt>
      <trkpt lon="120.908028" lat="23.473194"><ele>2757.260346</ele><time>2026-09-14T02:33:40Z</time><extensions><speed>0.169172</speed><course>300.819944</course><hAcc>1.728121</hAcc><vAcc>3.438366</vAcc></extensions></trkpt>
      <trkpt lon="120.908026" lat="23.473195"><ele>2757.304313</ele><time>2026-09-14T02:33:41Z</time><extensions><speed>0.125414</speed><course>285.531657</course><hAcc>1.732824</hAcc><vAcc>3.437318</vAcc></extensions></trkpt>
      <trkpt lon="120.908025" lat="23.473195"><ele>2757.347751</ele><time>2026-09-14T02:33:42Z</time><extensions><speed>0.084147</speed><course>254.584980</course><hAcc>1.742427</hAcc><vAcc>3.436314</vAcc></extensions></trkpt>
      <trkpt lon="120.908025" lat="23.473194"><ele>2757.392038</ele><time>2026-09-14T02:33:43Z</time><extensions><speed>0.080593</speed><course>201.430791</course><hAcc>1.734891</hAcc><vAcc>3.435238</vAcc></extensions></trkpt>
      <trkpt lon="120.908025" lat="23.473194"><ele>2757.435782</ele><time>2026-09-14T02:33:44Z</time><extensions><speed>0.107810</speed><course>178.661749</course><hAcc>1.732485</hAcc><vAcc>3.434204</vAcc></extensions></trkpt>
      <trkpt lon="120.908025" lat="23.473193"><ele>2757.479011</ele><time>2026-09-14T02:33:45Z</time><extensions><speed>0.121754</speed><course>201.964127</course><hAcc>1.741513</hAcc><vAcc>3.433214</vAcc></extensions></trkpt>
      <trkpt lon="120.908024" lat="23.473192"><ele>2757.523105</ele><time>2026-09-14T02:33:46Z</time><extensions><speed>0.131589</speed><course>209.702132</course><hAcc>1.749419</hAcc><vAcc>3.432150</vAcc></extensions></trkpt>
      <trkpt lon="120.908023" lat="23.473190"><ele>2757.566670</ele><time>2026-09-14T02:33:47Z</time><extensions><speed>0.136739</speed><course>211.981238</course><hAcc>1.754298</hAcc><vAcc>3.431129</vAcc></extensions></trkpt>
      <trkpt lon="120.908023" lat="23.473189"><ele>2757.611094</ele><time>2026-09-14T02:33:48Z</time><extensions><speed>0.154295</speed><course>196.174319</course><hAcc>1.753335</hAcc><vAcc>3.430034</vAcc></extensions></trkpt>
      <trkpt lon="120.908023" lat="23.473188"><ele>2757.654972</ele><time>2026-09-14T02:33:49Z</time><extensions><speed>0.196159</speed><course>179.162356</course><hAcc>1.754962</hAcc><vAcc>3.428983</vAcc></extensions></trkpt>
      <trkpt lon="120.908023" lat="23.473186"><ele>2757.698325</ele><time>2026-09-14T02:33:50Z</time><extensions><speed>0.238315</speed><course>160.361346</course><hAcc>1.760340</hAcc><vAcc>3.427974</vAcc></extensions></trkpt>
      <trkpt lon="120.908024" lat="23.473184"><ele>2757.742549</ele><time>2026-09-14T02:33:51Z</time><extensions><speed>0.244529</speed><course>150.540800</course><hAcc>1.761525</hAcc><vAcc>3.426892</vAcc></extensions></trkpt>
      <trkpt lon="120.908025" lat="23.473182"><ele>2757.786230</ele><time>2026-09-14T02:33:52Z</time><extensions><speed>0.198059</speed><course>146.767181</course><hAcc>1.760837</hAcc><vAcc>3.425854</vAcc></extensions></trkpt>
      <trkpt lon="120.908026" lat="23.473181"><ele>2757.830769</ele><time>2026-09-14T02:33:53Z</time><extensions><speed>0.184404</speed><course>138.255959</course><hAcc>1.756819</hAcc><vAcc>3.424742</vAcc></extensions></trkpt>
      <trkpt lon="120.908028" lat="23.473180"><ele>2757.874759</ele><time>2026-09-14T02:33:54Z</time><extensions><speed>0.202018</speed><course>129.114390</course><hAcc>1.750487</hAcc><vAcc>3.423673</vAcc></extensions></trkpt>
      <trkpt lon="120.908029" lat="23.473179"><ele>2757.918207</ele><time>2026-09-14T02:33:55Z</time><extensions><speed>0.165602</speed><course>121.496567</course><hAcc>1.745941</hAcc><vAcc>3.422650</vAcc></extensions></trkpt>
      <trkpt lon="120.908031" lat="23.473178"><ele>2757.962532</ele><time>2026-09-14T02:33:56Z</time><extensions><speed>0.171726</speed><course>112.379754</course><hAcc>1.742206</hAcc><vAcc>3.421552</vAcc></extensions></trkpt>
      <trkpt lon="120.908033" lat="23.473177"><ele>2758.006305</ele><time>2026-09-14T02:33:57Z</time><extensions><speed>0.202732</speed><course>105.913942</course><hAcc>1.744083</hAcc><vAcc>3.420499</vAcc></extensions></trkpt>
      <trkpt lon="120.908035" lat="23.473177"><ele>2758.049546</ele><time>2026-09-14T02:33:58Z</time><extensions><speed>0.257531</speed><course>100.728776</course><hAcc>1.740578</hAcc><vAcc>3.419491</vAcc></extensions></trkpt>
      <trkpt lon="120.908037" lat="23.473177"><ele>2758.093671</ele><time>2026-09-14T02:33:59Z</time><extensions><speed>0.276943</speed><course>92.755324</course><hAcc>1.735892</hAcc><vAcc>3.418410</vAcc></extensions></trkpt>
      <trkpt lon="120.908040" lat="23.473177"><ele>2758.137255</ele><time>2026-09-14T02:34:00Z</time><extensions><speed>0.304874</speed><course>87.116077</course><hAcc>1.724241</hAcc><vAcc>3.417375</vAcc></extensions></trkpt>
      <trkpt lon="120.908043" lat="23.473177"><ele>2758.181722</ele><time>2026-09-14T02:34:01Z</time><extensions><speed>0.297087</speed><course>83.883887</course><hAcc>1.713676</hAcc><vAcc>3.416265</vAcc></extensions></trkpt>
      <trkpt lon="120.908046" lat="23.473177"><ele>2758.225628</ele><time>2026-09-14T02:34:02Z</time><extensions><speed>0.268013</speed><course>84.862676</course><hAcc>1.702971</hAcc><vAcc>3.415200</vAcc></extensions></trkpt>
      <trkpt lon="120.908048" lat="23.473177"><ele>2758.268996</ele><time>2026-09-14T02:34:03Z</time><extensions><speed>0.217348</speed><course>90.641554</course><hAcc>1.706677</hAcc><vAcc>3.414182</vAcc></extensions></trkpt>
      <trkpt lon="120.908050" lat="23.473177"><ele>2758.313257</ele><time>2026-09-14T02:34:04Z</time><extensions><speed>0.121761</speed><course>95.347688</course><hAcc>1.733670</hAcc><vAcc>3.413090</vAcc></extensions></trkpt>
      <trkpt lon="120.908051" lat="23.473177"><ele>2758.356970</ele><time>2026-09-14T02:34:05Z</time><extensions><speed>0.076312</speed><course>98.348763</course><hAcc>1.726637</hAcc><vAcc>3.412043</vAcc></extensions></trkpt>
      <trkpt lon="120.908051" lat="23.473177"><ele>2758.401577</ele><time>2026-09-14T02:34:06Z</time><extensions><speed>0.045394</speed><course>97.690170</course><hAcc>1.703194</hAcc><vAcc>3.410920</vAcc></extensions></trkpt>
      <trkpt lon="120.908052" lat="23.473177"><ele>2758.445620</ele><time>2026-09-14T02:34:07Z</time><extensions><speed>0.012149</speed><course>75.821522</course><hAcc>1.698304</hAcc><vAcc>3.409843</vAcc></extensions></trkpt>
      <trkpt lon="120.908052" lat="23.473177"><ele>2758.489128</ele><time>2026-09-14T02:34:08Z</time><extensions><speed>0.023089</speed><course>306.172408</course><hAcc>1.703874</hAcc><vAcc>3.408810</vAcc></extensions></trkpt>
      <trkpt lon="120.908051" lat="23.473177"><ele>2758.533546</ele><time>2026-09-14T02:34:09Z</time><extensions><speed>0.048758</speed><course>300.762174</course><hAcc>1.713145</hAcc><vAcc>3.407700</vAcc></extensions></trkpt>
      <trkpt lon="120.908051" lat="23.473178"><ele>2758.577404</ele><time>2026-09-14T02:34:10Z</time><extensions><speed>0.059122</speed><course>305.037710</course><hAcc>1.727122</hAcc><vAcc>3.406635</vAcc></extensions></trkpt>
      <trkpt lon="120.908050" lat="23.473178"><ele>2758.622155</ele><time>2026-09-14T02:34:11Z</time><extensions><speed>0.071993</speed><course>313.768559</course><hAcc>1.728926</hAcc><vAcc>3.405493</vAcc></extensions></trkpt>
      <trkpt lon="120.908050" lat="23.473179"><ele>2758.666335</ele><time>2026-09-14T02:34:12Z</time><extensions><speed>0.086158</speed><course>324.481334</course><hAcc>1.719073</hAcc><vAcc>3.404395</vAcc></extensions></trkpt>
      <trkpt lon="120.908049" lat="23.473179"><ele>2758.709967</ele><time>2026-09-14T02:34:13Z</time><extensions><speed>0.108655</speed><course>332.763779</course><hAcc>1.718962</hAcc><vAcc>3.403343</vAcc></extensions></trkpt>
      <trkpt lon="120.908049" lat="23.473180"><ele>2758.754508</ele><time>2026-09-14T02:34:14Z</time><extensions><speed>0.124563</speed><course>341.666909</course><hAcc>1.718754</hAcc><vAcc>3.402214</vAcc></extensions></trkpt>
      <trkpt lon="120.908049" lat="23.473181"><ele>2758.798482</ele><time>2026-09-14T02:34:15Z</time><extensions><speed>0.133578</speed><course>351.143617</course><hAcc>1.707931</hAcc><vAcc>3.401131</vAcc></extensions></trkpt>
      <trkpt lon="120.908049" lat="23.473183"><ele>2758.843351</ele><time>2026-09-14T02:34:16Z</time><extensions><speed>0.135064</speed><course>355.380698</course><hAcc>1.690006</hAcc><vAcc>3.399970</vAcc></extensions></trkpt>
      <trkpt lon="120.908048" lat="23.473184"><ele>2758.887635</ele><time>2026-09-14T02:34:17Z</time><extensions><speed>0.123489</speed><course>358.790262</course><hAcc>1.670156</hAcc><vAcc>3.398855</vAcc></extensions></trkpt>
      <trkpt lon="120.908048" lat="23.473185"><ele>2758.931356</ele><time>2026-09-14T02:34:18Z</time><extensions><speed>0.101842</speed><course>3.887260</course><hAcc>1.658580</hAcc><vAcc>3.397787</vAcc></extensions></trkpt>
      <trkpt lon="120.908049" lat="23.473186"><ele>2758.975984</ele><time>2026-09-14T02:34:19Z</time><extensions><speed>0.072904</speed><course>4.409735</course><hAcc>1.665164</hAcc><vAcc>3.396642</vAcc></extensions></trkpt>
      <trkpt lon="120.908049" lat="23.473186"><ele>2759.020041</ele><time>2026-09-14T02:34:20Z</time><extensions><speed>0.055497</speed><course>9.247587</course><hAcc>1.663146</hAcc><vAcc>3.395543</vAcc></extensions></trkpt>
      <trkpt lon="120.908049" lat="23.473187"><ele>2759.063550</ele><time>2026-09-14T02:34:21Z</time><extensions><speed>0.042180</speed><course>18.682350</course><hAcc>1.670198</hAcc><vAcc>3.394492</vAcc></extensions></trkpt>
      <trkpt lon="120.908049" lat="23.473187"><ele>2759.107987</ele><time>2026-09-14T02:34:22Z</time><extensions><speed>0.025252</speed><course>41.700487</course><hAcc>1.691286</hAcc><vAcc>3.393364</vAcc></extensions></trkpt>
      <trkpt lon="120.908049" lat="23.473187"><ele>2759.151856</ele><time>2026-09-14T02:34:23Z</time><extensions><speed>0.034366</speed><course>142.913318</course><hAcc>1.682064</hAcc><vAcc>3.392283</vAcc></extensions></trkpt>
      <trkpt lon="120.908049" lat="23.473186"><ele>2759.196646</ele><time>2026-09-14T02:34:24Z</time><extensions><speed>0.129049</speed><course>169.229747</course><hAcc>1.643085</hAcc><vAcc>3.391125</vAcc></extensions></trkpt>
      <trkpt lon="120.908049" lat="23.473184"><ele>2759.240846</ele><time>2026-09-14T02:34:25Z</time><extensions><speed>0.199794</speed><course>174.667507</course><hAcc>1.659581</hAcc><vAcc>3.390014</vAcc></extensions></trkpt>
      <trkpt lon="120.908050" lat="23.473182"><ele>2759.284480</ele><time>2026-09-14T02:34:26Z</time><extensions><speed>0.226778</speed><course>176.292581</course><hAcc>1.695350</hAcc><vAcc>3.388951</vAcc></extensions></trkpt>
      <trkpt lon="120.908050" lat="23.473181"><ele>2759.329042</ele><time>2026-09-14T02:34:27Z</time><extensions><speed>0.161960</speed><course>191.199093</course><hAcc>1.740256</hAcc><vAcc>3.387811</vAcc></extensions></trkpt>
      <trkpt lon="120.908049" lat="23.473179"><ele>2759.373032</ele><time>2026-09-14T02:34:28Z</time><extensions><speed>0.149267</speed><course>194.513595</course><hAcc>1.750248</hAcc><vAcc>3.386720</vAcc></extensions></trkpt>
      <trkpt lon="120.908049" lat="23.473178"><ele>2759.417955</ele><time>2026-09-14T02:34:29Z</time><extensions><speed>0.206212</speed><course>189.703782</course><hAcc>1.720744</hAcc><vAcc>3.385548</vAcc></extensions></trkpt>
      <trkpt lon="120.908049" lat="23.473176"><ele>2759.462293</ele><time>2026-09-14T02:34:30Z</time><extensions><speed>0.266645</speed><course>183.976962</course><hAcc>1.708729</hAcc><vAcc>3.384424</vAcc></extensions></trkpt>
      <trkpt lon="120.908049" lat="23.473173"><ele>2759.506071</ele><time>2026-09-14T02:34:31Z</time><extensions><speed>0.334567</speed><course>179.245034</course><hAcc>1.711406</hAcc><vAcc>3.383347</vAcc></extensions></trkpt>
      <trkpt lon="120.908049" lat="23.473170"><ele>2759.550796</ele><time>2026-09-14T02:34:32Z</time><extensions><speed>0.395100</speed><course>175.030956</course><hAcc>1.714254</hAcc><vAcc>3.382189</vAcc></extensions></trkpt>
      <trkpt lon="120.908049" lat="23.473166"><ele>2759.594938</ele><time>2026-09-14T02:34:33Z</time><extensions><speed>0.397092</speed><course>169.125684</course><hAcc>1.711846</hAcc><vAcc>3.381078</vAcc></extensions></trkpt>
      <trkpt lon="120.908050" lat="23.473163"><ele>2759.640010</ele><time>2026-09-14T02:34:34Z</time><extensions><speed>0.349414</speed><course>158.164757</course><hAcc>1.706413</hAcc><vAcc>3.379886</vAcc></extensions></trkpt>
      <trkpt lon="120.908052" lat="23.473160"><ele>2759.684480</ele><time>2026-09-14T02:34:35Z</time><extensions><speed>0.274697</speed><course>145.364168</course><hAcc>1.711173</hAcc><vAcc>3.378741</vAcc></extensions></trkpt>
      <trkpt lon="120.908053" lat="23.473159"><ele>2759.728373</ele><time>2026-09-14T02:34:36Z</time><extensions><speed>0.152300</speed><course>129.310051</course><hAcc>1.728396</hAcc><vAcc>3.377644</vAcc></extensions></trkpt>
      <trkpt lon="120.908054" lat="23.473158"><ele>2759.773205</ele><time>2026-09-14T02:34:37Z</time><extensions><speed>0.135268</speed><course>102.603975</course><hAcc>1.703557</hAcc><vAcc>3.376466</vAcc></extensions></trkpt>
      <trkpt lon="120.908056" lat="23.473158"><ele>2759.817449</ele><time>2026-09-14T02:34:38Z</time><extensions><speed>0.136106</speed><course>78.539029</course><hAcc>1.692144</hAcc><vAcc>3.375337</vAcc></extensions></trkpt>
      <trkpt lon="120.908057" lat="23.473159"><ele>2759.862631</ele><time>2026-09-14T02:34:39Z</time><extensions><speed>0.128337</speed><course>59.506596</course><hAcc>1.705668</hAcc><vAcc>3.374126</vAcc></extensions></trkpt>
      <trkpt lon="120.908058" lat="23.473159"><ele>2759.907208</ele><time>2026-09-14T02:34:40Z</time><extensions><speed>0.090655</speed><course>40.753181</course><hAcc>1.728927</hAcc><vAcc>3.372963</vAcc></extensions></trkpt>
      <trkpt lon="120.908058" lat="23.473160"><ele>2759.951203</ele><time>2026-09-14T02:34:41Z</time><extensions><speed>0.062092</speed><course>33.654405</course><hAcc>1.708148</hAcc><vAcc>3.371850</vAcc></extensions></trkpt>
      <trkpt lon="120.908058" lat="23.473160"><ele>2759.996154</ele><time>2026-09-14T02:34:42Z</time><extensions><speed>0.008065</speed><course>167.922181</course><hAcc>1.699463</hAcc><vAcc>3.370654</vAcc></extensions></trkpt>
      <trkpt lon="120.908058" lat="23.473159"><ele>2760.040506</ele><time>2026-09-14T02:34:43Z</time><extensions><speed>0.088000</speed><course>225.589817</course><hAcc>1.699922</hAcc><vAcc>3.369508</vAcc></extensions></trkpt>
      <trkpt lon="120.908057" lat="23.473158"><ele>2760.084283</ele><time>2026-09-14T02:34:44Z</time><extensions><speed>0.162351</speed><course>215.383363</course><hAcc>1.692215</hAcc><vAcc>3.368412</vAcc></extensions></trkpt>
      <trkpt lon="120.908056" lat="23.473157"><ele>2760.129031</ele><time>2026-09-14T02:34:45Z</time><extensions><speed>0.220955</speed><course>204.665595</course><hAcc>1.675553</hAcc><vAcc>3.367234</vAcc></extensions></trkpt>
      <trkpt lon="120.908055" lat="23.473155"><ele>2760.173186</ele><time>2026-09-14T02:34:46Z</time><extensions><speed>0.228081</speed><course>205.919813</course><hAcc>1.672345</hAcc><vAcc>3.366107</vAcc></extensions></trkpt>
      <trkpt lon="120.908054" lat="23.473154"><ele>2760.218301</ele><time>2026-09-14T02:34:47Z</time><extensions><speed>0.182918</speed><course>203.915968</course><hAcc>1.689847</hAcc><vAcc>3.364898</vAcc></extensions></trkpt>
      <trkpt lon="120.908054" lat="23.473152"><ele>2760.262804</ele><time>2026-09-14T02:34:48Z</time><extensions><speed>0.167070</speed><course>200.687452</course><hAcc>1.693288</hAcc><vAcc>3.363739</vAcc></extensions></trkpt>
      <trkpt lon="120.908053" lat="23.473151"><ele>2760.306720</ele><time>2026-09-14T02:34:49Z</time><extensions><speed>0.173573</speed><course>197.943851</course><hAcc>1.685200</hAcc><vAcc>3.362630</vAcc></extensions></trkpt>
      <trkpt lon="120.908052" lat="23.473149"><ele>2760.351608</ele><time>2026-09-14T02:34:50Z</time><extensions><speed>0.207151</speed><course>197.432998</course><hAcc>1.661646</hAcc><vAcc>3.361440</vAcc></extensions></trkpt>
      <trkpt lon="120.908052" lat="23.473148"><ele>2760.395898</ele><time>2026-09-14T02:34:51Z</time><extensions><speed>0.183514</speed><course>204.349550</course><hAcc>1.662372</hAcc><vAcc>3.360301</vAcc></extensions></trkpt>
      <trkpt lon="120.908051" lat="23.473147"><ele>2760.441156</ele><time>2026-09-14T02:34:52Z</time><extensions><speed>0.134347</speed><course>210.869381</course><hAcc>1.664978</hAcc><vAcc>3.359078</vAcc></extensions></trkpt>
      <trkpt lon="120.908050" lat="23.473146"><ele>2760.485802</ele><time>2026-09-14T02:34:53Z</time><extensions><speed>0.074651</speed><course>258.919785</course><hAcc>1.667392</hAcc><vAcc>3.357905</vAcc></extensions></trkpt>
      <trkpt lon="120.908049" lat="23.473147"><ele>2760.529861</ele><time>2026-09-14T02:34:54Z</time><extensions><speed>0.107899</speed><course>323.953798</course><hAcc>1.667108</hAcc><vAcc>3.356781</vAcc></extensions></trkpt>
      <trkpt lon="120.908049" lat="23.473148"><ele>2760.574902</ele><time>2026-09-14T02:34:55Z</time><extensions><speed>0.183407</speed><course>343.977012</course><hAcc>1.642934</hAcc><vAcc>3.355572</vAcc></extensions></trkpt>
      <trkpt lon="120.908049" lat="23.473150"><ele>2760.619333</ele><time>2026-09-14T02:34:56Z</time><extensions><speed>0.189697</speed><course>356.732844</course><hAcc>1.643467</hAcc><vAcc>3.354413</vAcc></extensions></trkpt>
      <trkpt lon="120.908049" lat="23.473152"><ele>2760.664728</ele><time>2026-09-14T02:34:57Z</time><extensions><speed>0.215386</speed><course>4.092236</course><hAcc>1.633621</hAcc><vAcc>3.353170</vAcc></extensions></trkpt>
      <trkpt lon="120.908049" lat="23.473154"><ele>2760.709500</ele><time>2026-09-14T02:34:58Z</time><extensions><speed>0.258859</speed><course>354.057129</course><hAcc>1.628813</hAcc><vAcc>3.351976</vAcc></extensions></trkpt>
      <trkpt lon="120.908048" lat="23.473156"><ele>2760.753674</ele><time>2026-09-14T02:34:59Z</time><extensions><speed>0.277342</speed><course>352.342820</course><hAcc>1.629766</hAcc><vAcc>3.350832</vAcc></extensions></trkpt>
      <trkpt lon="120.908048" lat="23.473159"><ele>2760.798839</ele><time>2026-09-14T02:35:00Z</time><extensions><speed>0.280169</speed><course>353.983252</course><hAcc>1.635973</hAcc><vAcc>3.349603</vAcc></extensions></trkpt>
      <trkpt lon="120.908048" lat="23.473161"><ele>2760.843390</ele><time>2026-09-14T02:35:01Z</time><extensions><speed>0.268835</speed><course>1.268740</course><hAcc>1.646191</hAcc><vAcc>3.348424</vAcc></extensions></trkpt>
      <trkpt lon="120.908048" lat="23.473164"><ele>2760.888921</ele><time>2026-09-14T02:35:02Z</time><extensions><speed>0.258533</speed><course>13.086496</course><hAcc>1.655727</hAcc><vAcc>3.347161</vAcc></extensions></trkpt>
      <trkpt lon="120.908049" lat="23.473166"><ele>2760.933819</ele><time>2026-09-14T02:35:03Z</time><extensions><speed>0.296264</speed><course>6.898223</course><hAcc>1.658410</hAcc><vAcc>3.345948</vAcc></extensions></trkpt>
      <trkpt lon="120.908049" lat="23.473169"><ele>2760.978109</ele><time>2026-09-14T02:35:04Z</time><extensions><speed>0.292220</speed><course>359.117907</course><hAcc>1.679121</hAcc><vAcc>3.344786</vAcc></extensions></trkpt>
      <trkpt lon="120.908049" lat="23.473171"><ele>2761.023396</ele><time>2026-09-14T02:35:05Z</time><extensions><speed>0.256697</speed><course>357.077610</course><hAcc>1.701510</hAcc><vAcc>3.343539</vAcc></extensions></trkpt>
      <trkpt lon="120.908049" lat="23.473173"><ele>2761.068059</ele><time>2026-09-14T02:35:06Z</time><extensions><speed>0.209156</speed><course>358.838785</course><hAcc>1.712679</hAcc><vAcc>3.342343</vAcc></extensions></trkpt>
      <trkpt lon="120.908049" lat="23.473175"><ele>2761.112122</ele><time>2026-09-14T02:35:07Z</time><extensions><speed>0.161300</speed><course>0.370942</course><hAcc>1.714433</hAcc><vAcc>3.341199</vAcc></extensions></trkpt>
      <trkpt lon="120.908048" lat="23.473176"><ele>2761.157193</ele><time>2026-09-14T02:35:08Z</time><extensions><speed>0.123903</speed><course>353.660457</course><hAcc>1.713690</hAcc><vAcc>3.339971</vAcc></extensions></trkpt>
      <trkpt lon="120.908048" lat="23.473177"><ele>2761.201644</ele><time>2026-09-14T02:35:09Z</time><extensions><speed>0.088991</speed><course>349.535315</course><hAcc>1.708074</hAcc><vAcc>3.338795</vAcc></extensions></trkpt>
      <trkpt lon="120.908048" lat="23.473178"><ele>2761.247093</ele><time>2026-09-14T02:35:10Z</time><extensions><speed>0.060738</speed><course>346.746088</course><hAcc>1.702124</hAcc><vAcc>3.337534</vAcc></extensions></trkpt>
      <trkpt lon="120.908048" lat="23.473178"><ele>2761.291907</ele><time>2026-09-14T02:35:11Z</time><extensions><speed>0.041668</speed><course>340.160416</course><hAcc>1.703323</hAcc><vAcc>3.336325</vAcc></extensions></trkpt>
      <trkpt lon="120.908048" lat="23.473179"><ele>2761.336113</ele><time>2026-09-14T02:35:12Z</time><extensions><speed>0.031692</speed><course>329.955817</course><hAcc>1.709461</hAcc><vAcc>3.335169</vAcc></extensions></trkpt>
      <trkpt lon="120.908047" lat="23.473179"><ele>2761.381341</ele><time>2026-09-14T02:35:13Z</time><extensions><speed>0.029037</speed><course>315.251452</course><hAcc>1.719845</hAcc><vAcc>3.333928</vAcc></extensions></trkpt>
      <trkpt lon="120.908047" lat="23.473179"><ele>2761.425945</ele><time>2026-09-14T02:35:14Z</time><extensions><speed>0.044692</speed><course>305.726789</course><hAcc>1.701713</hAcc><vAcc>3.332740</vAcc></extensions></trkpt>
      <trkpt lon="120.908047" lat="23.473179"><ele>2761.471565</ele><time>2026-09-14T02:35:15Z</time><extensions><speed>0.065650</speed><course>301.321064</course><hAcc>1.700549</hAcc><vAcc>3.331464</vAcc></extensions></trkpt>
      <trkpt lon="120.908046" lat="23.473180"><ele>2761.516539</ele><time>2026-09-14T02:35:16Z</time><extensions><speed>0.093784</speed><course>299.639558</course><hAcc>1.713042</hAcc><vAcc>3.330239</vAcc></extensions></trkpt>
      <trkpt lon="120.908045" lat="23.473180"><ele>2761.560895</ele><time>2026-09-14T02:35:17Z</time><extensions><speed>0.132318</speed><course>298.856210</course><hAcc>1.723939</hAcc><vAcc>3.329066</vAcc></extensions></trkpt>
      <trkpt lon="120.908044" lat="23.473181"><ele>2761.606277</ele><time>2026-09-14T02:35:18Z</time><extensions><speed>0.183446</speed><course>298.374296</course><hAcc>1.729171</hAcc><vAcc>3.327805</vAcc></extensions></trkpt>
      <trkpt lon="120.908042" lat="23.473182"><ele>2761.651025</ele><time>2026-09-14T02:35:19Z</time><extensions><speed>0.241685</speed><course>298.148609</course><hAcc>1.729382</hAcc><vAcc>3.326596</vAcc></extensions></trkpt>
      <trkpt lon="120.908040" lat="23.473183"><ele>2761.696787</ele><time>2026-09-14T02:35:20Z</time><extensions><speed>0.288992</speed><course>298.334998</course><hAcc>1.724156</hAcc><vAcc>3.325297</vAcc></extensions></trkpt>
      <trkpt lon="120.908037" lat="23.473184"><ele>2761.741892</ele><time>2026-09-14T02:35:21Z</time><extensions><speed>0.283075</speed><course>299.517048</course><hAcc>1.715733</hAcc><vAcc>3.324051</vAcc></extensions></trkpt>
      <trkpt lon="120.908035" lat="23.473185"><ele>2761.786369</ele><time>2026-09-14T02:35:22Z</time><extensions><speed>0.220907</speed><course>303.037173</course><hAcc>1.713016</hAcc><vAcc>3.322856</vAcc></extensions></trkpt>
      <trkpt lon="120.908034" lat="23.473186"><ele>2761.831871</ele><time>2026-09-14T02:35:23Z</time><extensions><speed>0.149013</speed><course>310.286399</course><hAcc>1.718711</hAcc><vAcc>3.321574</vAcc></extensions></trkpt>
      <trkpt lon="120.908033" lat="23.473187"><ele>2761.876737</ele><time>2026-09-14T02:35:24Z</time><extensions><speed>0.072229</speed><course>322.080740</course><hAcc>1.720963</hAcc><vAcc>3.320344</vAcc></extensions></trkpt>
      <trkpt lon="120.908033" lat="23.473187"><ele>2761.922636</ele><time>2026-09-14T02:35:25Z</time><extensions><speed>0.006437</speed><course>14.629240</course><hAcc>1.722912</hAcc><vAcc>3.319024</vAcc></extensions></trkpt>
      <trkpt lon="120.908033" lat="23.473187"><ele>2761.967874</ele><time>2026-09-14T02:35:26Z</time><extensions><speed>0.074473</speed><course>144.049324</course><hAcc>1.710521</hAcc><vAcc>3.317758</vAcc></extensions></trkpt>
      <trkpt lon="120.908033" lat="23.473186"><ele>2762.012478</ele><time>2026-09-14T02:35:27Z</time><extensions><speed>0.114819</speed><course>157.454065</course><hAcc>1.714939</hAcc><vAcc>3.316545</vAcc></extensions></trkpt>
      <trkpt lon="120.908034" lat="23.473185"><ele>2762.058127</ele><time>2026-09-14T02:35:28Z</time><extensions><speed>0.147572</speed><course>162.961557</course><hAcc>1.718222</hAcc><vAcc>3.315242</vAcc></extensions></trkpt>
      <trkpt lon="120.908034" lat="23.473184"><ele>2762.103121</ele><time>2026-09-14T02:35:29Z</time><extensions><speed>0.178693</speed><course>157.647401</course><hAcc>1.721130</hAcc><vAcc>3.313993</vAcc></extensions></trkpt>
      <trkpt lon="120.908035" lat="23.473182"><ele>2762.147487</ele><time>2026-09-14T02:35:30Z</time><extensions><speed>0.143779</speed><course>161.402579</course><hAcc>1.725445</hAcc><vAcc>3.312799</vAcc></extensions></trkpt>
      <trkpt lon="120.908035" lat="23.473181"><ele>2762.192903</ele><time>2026-09-14T02:35:31Z</time><extensions><speed>0.108662</speed><course>162.253619</course><hAcc>1.725514</hAcc><vAcc>3.311516</vAcc></extensions></trkpt>
      <trkpt lon="120.908036" lat="23.473180"><ele>2762.237667</ele><time>2026-09-14T02:35:32Z</time><extensions><speed>0.082626</speed><course>158.797816</course><hAcc>1.721388</hAcc><vAcc>3.310288</vAcc></extensions></trkpt>
      <trkpt lon="120.908036" lat="23.473180"><ele>2762.283464</ele><time>2026-09-14T02:35:33Z</time><extensions><speed>0.067553</speed><course>150.888955</course><hAcc>1.714728</hAcc><vAcc>3.308971</vAcc></extensions></trkpt>
      <trkpt lon="120.908036" lat="23.473179"><ele>2762.328596</ele><time>2026-09-14T02:35:34Z</time><extensions><speed>0.063273</speed><course>139.352959</course><hAcc>1.707940</hAcc><vAcc>3.307709</vAcc></extensions></trkpt>
      <trkpt lon="120.908037" lat="23.473179"><ele>2762.373092</ele><time>2026-09-14T02:35:35Z</time><extensions><speed>0.068460</speed><course>128.122423</course><hAcc>1.704568</hAcc><vAcc>3.306502</vAcc></extensions></trkpt>
      <trkpt lon="120.908037" lat="23.473179"><ele>2762.418643</ele><time>2026-09-14T02:35:36Z</time><extensions><speed>0.083383</speed><course>120.186779</course><hAcc>1.702798</hAcc><vAcc>3.305207</vAcc></extensions></trkpt>
      <trkpt lon="120.908038" lat="23.473178"><ele>2762.463534</ele><time>2026-09-14T02:35:37Z</time><extensions><speed>0.101180</speed><course>114.584536</course><hAcc>1.709550</hAcc><vAcc>3.303966</vAcc></extensions></trkpt>
      <trkpt lon="120.908039" lat="23.473178"><ele>2762.509470</ele><time>2026-09-14T02:35:38Z</time><extensions><speed>0.119592</speed><course>108.492811</course><hAcc>1.719178</hAcc><vAcc>3.302635</vAcc></extensions></trkpt>
      <trkpt lon="120.908040" lat="23.473178"><ele>2762.554735</ele><time>2026-09-14T02:35:39Z</time><extensions><speed>0.139240</speed><course>98.676134</course><hAcc>1.716271</hAcc><vAcc>3.301358</vAcc></extensions></trkpt>
      <trkpt lon="120.908042" lat="23.473178"><ele>2762.599358</ele><time>2026-09-14T02:35:40Z</time><extensions><speed>0.166146</speed><course>87.443328</course><hAcc>1.711233</hAcc><vAcc>3.300135</vAcc></extensions></trkpt>
      <trkpt lon="120.908044" lat="23.473178"><ele>2762.645053</ele><time>2026-09-14T02:35:41Z</time><extensions><speed>0.161221</speed><course>73.411357</course><hAcc>1.720864</hAcc><vAcc>3.298820</vAcc></extensions></trkpt>
      <trkpt lon="120.908045" lat="23.473178"><ele>2762.690089</ele><time>2026-09-14T02:35:42Z</time><extensions><speed>0.158275</speed><course>66.469781</course><hAcc>1.733519</hAcc><vAcc>3.297558</vAcc></extensions></trkpt>
      <trkpt lon="120.908046" lat="23.473179"><ele>2762.736189</ele><time>2026-09-14T02:35:43Z</time><extensions><speed>0.161681</speed><course>69.210996</course><hAcc>1.742989</hAcc><vAcc>3.296204</vAcc></extensions></trkpt>
      <trkpt lon="120.908048" lat="23.473179"><ele>2762.781610</ele><time>2026-09-14T02:35:44Z</time><extensions><speed>0.170951</speed><course>76.489102</course><hAcc>1.744747</hAcc><vAcc>3.294904</vAcc></extensions></trkpt>
      <trkpt lon="120.908050" lat="23.473180"><ele>2762.826380</ele><time>2026-09-14T02:35:45Z</time><extensions><speed>0.157036</speed><course>79.129403</course><hAcc>1.742960</hAcc><vAcc>3.293659</vAcc></extensions></trkpt>
      <trkpt lon="120.908051" lat="23.473180"><ele>2762.872229</ele><time>2026-09-14T02:35:46Z</time><extensions><speed>0.127337</speed><course>53.112125</course><hAcc>1.737514</hAcc><vAcc>3.292320</vAcc></extensions></trkpt>
      <trkpt lon="120.908052" lat="23.473181"><ele>2762.917404</ele><time>2026-09-14T02:35:47Z</time><extensions><speed>0.123942</speed><course>41.630536</course><hAcc>1.726817</hAcc><vAcc>3.291037</vAcc></extensions></trkpt>
      <trkpt lon="120.908053" lat="23.473182"><ele>2762.963643</ele><time>2026-09-14T02:35:48Z</time><extensions><speed>0.113333</speed><course>41.156777</course><hAcc>1.715243</hAcc><vAcc>3.289660</vAcc></extensions></trkpt>
      <trkpt lon="120.908053" lat="23.473183"><ele>2763.009188</ele><time>2026-09-14T02:35:49Z</time><extensions><speed>0.093142</speed><course>39.382065</course><hAcc>1.711033</hAcc><vAcc>3.288339</vAcc></extensions></trkpt>
      <trkpt lon="120.908054" lat="23.473183"><ele>2763.054067</ele><time>2026-09-14T02:35:50Z</time><extensions><speed>0.075985</speed><course>42.635740</course><hAcc>1.707188</hAcc><vAcc>3.287073</vAcc></extensions></trkpt>
      <trkpt lon="120.908054" lat="23.473184"><ele>2763.100032</ele><time>2026-09-14T02:35:51Z</time><extensions><speed>0.075299</speed><course>49.178084</course><hAcc>1.692423</hAcc><vAcc>3.285715</vAcc></extensions></trkpt>
      <trkpt lon="120.908055" lat="23.473184"><ele>2763.145312</ele><time>2026-09-14T02:35:52Z</time><extensions><speed>0.075050</speed><course>56.637502</course><hAcc>1.695375</hAcc><vAcc>3.284412</vAcc></extensions></trkpt>
      <trkpt lon="120.908056" lat="23.473184"><ele>2763.189935</ele><time>2026-09-14T02:35:53Z</time><extensions><speed>0.083470</speed><course>63.765921</course><hAcc>1.704532</hAcc><vAcc>3.283166</vAcc></extensions></trkpt>
      <trkpt lon="120.908056" lat="23.473185"><ele>2763.235655</ele><time>2026-09-14T02:35:54Z</time><extensions><speed>0.092476</speed><course>71.185679</course><hAcc>1.712634</hAcc><vAcc>3.281828</vAcc></extensions></trkpt>
      <trkpt lon="120.908057" lat="23.473185"><ele>2763.280700</ele><time>2026-09-14T02:35:55Z</time><extensions><speed>0.109730</speed><course>82.022929</course><hAcc>1.695667</hAcc><vAcc>3.280548</vAcc></extensions></trkpt>
      <trkpt lon="120.908058" lat="23.473185"><ele>2763.326835</ele><time>2026-09-14T02:35:56Z</time><extensions><speed>0.085452</speed><course>87.309005</course><hAcc>1.695363</hAcc><vAcc>3.279174</vAcc></extensions></trkpt>
      <trkpt lon="120.908059" lat="23.473185"><ele>2763.372277</ele><time>2026-09-14T02:35:57Z</time><extensions><speed>0.046199</speed><course>82.782820</course><hAcc>1.704770</hAcc><vAcc>3.277857</vAcc></extensions></trkpt>
      <trkpt lon="120.908059" lat="23.473185"><ele>2763.417055</ele><time>2026-09-14T02:35:58Z</time><extensions><speed>0.021935</speed><course>80.977287</course><hAcc>1.713020</hAcc><vAcc>3.276598</vAcc></extensions></trkpt>
      <trkpt lon="120.908059" lat="23.473185"><ele>2763.462942</ele><time>2026-09-14T02:35:59Z</time><extensions><speed>0.009331</speed><course>78.020213</course><hAcc>1.728687</hAcc><vAcc>3.275246</vAcc></extensions></trkpt>
      <trkpt lon="120.908059" lat="23.473185"><ele>2763.508150</ele><time>2026-09-14T02:36:00Z</time><extensions><speed>0.002851</speed><course>71.087607</course><hAcc>1.750770</hAcc><vAcc>3.273951</vAcc></extensions></trkpt>
      <trkpt lon="120.908059" lat="23.473185"><ele>2763.554453</ele><time>2026-09-14T02:36:01Z</time><extensions><speed>0.000751</speed><course>39.145736</course><hAcc>1.733375</hAcc><vAcc>3.272562</vAcc></extensions></trkpt>
      <trkpt lon="120.908059" lat="23.473185"><ele>2763.600055</ele><time>2026-09-14T02:36:02Z</time><extensions><speed>0.000533</speed><course>312.335298</course><hAcc>1.726793</hAcc><vAcc>3.271229</vAcc></extensions></trkpt>
      <trkpt lon="120.908059" lat="23.473185"><ele>2763.644987</ele><time>2026-09-14T02:36:03Z</time><extensions><speed>0.005004</speed><course>276.568352</course><hAcc>1.733044</hAcc><vAcc>3.269952</vAcc></extensions></trkpt>
      <trkpt lon="120.908059" lat="23.473185"><ele>2763.691038</ele><time>2026-09-14T02:36:04Z</time><extensions><speed>0.011234</speed><course>275.089316</course><hAcc>1.740189</hAcc><vAcc>3.268579</vAcc></extensions></trkpt>
      <trkpt lon="120.908059" lat="23.473185"><ele>2763.736398</ele><time>2026-09-14T02:36:05Z</time><extensions><speed>0.020012</speed><course>274.787353</course><hAcc>1.744282</hAcc><vAcc>3.267262</vAcc></extensions></trkpt>
      <trkpt lon="120.908059" lat="23.473185"><ele>2763.782864</ele><time>2026-09-14T02:36:06Z</time><extensions><speed>0.032821</speed><course>274.711641</course><hAcc>1.743510</hAcc><vAcc>3.265848</vAcc></extensions></trkpt>
      <trkpt lon="120.908058" lat="23.473185"><ele>2763.828621</ele><time>2026-09-14T02:36:07Z</time><extensions><speed>0.050825</speed><course>274.692764</course><hAcc>1.740089</hAcc><vAcc>3.264491</vAcc></extensions></trkpt>
      <trkpt lon="120.908058" lat="23.473185"><ele>2763.873700</ele><time>2026-09-14T02:36:08Z</time><extensions><speed>0.074810</speed><course>274.688732</course><hAcc>1.736325</hAcc><vAcc>3.263190</vAcc></extensions></trkpt>
      <trkpt lon="120.908057" lat="23.473185"><ele>2763.919910</ele><time>2026-09-14T02:36:09Z</time><extensions><speed>0.105943</speed><course>274.688372</course><hAcc>1.732133</hAcc><vAcc>3.261792</vAcc></extensions></trkpt>
      <trkpt lon="120.908056" lat="23.473185"><ele>2763.965418</ele><time>2026-09-14T02:36:10Z</time><extensions><speed>0.144490</speed><course>274.688716</course><hAcc>1.726270</hAcc><vAcc>3.260452</vAcc></extensions></trkpt>
      <trkpt lon="120.908054" lat="23.473185"><ele>2764.012043</ele><time>2026-09-14T02:36:11Z</time><extensions><speed>0.189729</speed><course>274.689048</course><hAcc>1.716712</hAcc><vAcc>3.259014</vAcc></extensions></trkpt>
      <trkpt lon="120.908052" lat="23.473186"><ele>2764.057943</ele><time>2026-09-14T02:36:12Z</time><extensions><speed>0.226277</speed><course>274.689255</course><hAcc>1.708003</hAcc><vAcc>3.257633</vAcc></extensions></trkpt>
      <trkpt lon="120.908050" lat="23.473186"><ele>2764.103145</ele><time>2026-09-14T02:36:13Z</time><extensions><speed>0.218541</speed><course>274.689354</course><hAcc>1.703221</hAcc><vAcc>3.256312</vAcc></extensions></trkpt>
      <trkpt lon="120.908048" lat="23.473186"><ele>2764.149478</ele><time>2026-09-14T02:36:14Z</time><extensions><speed>0.178277</speed><course>274.689394</course><hAcc>1.697710</hAcc><vAcc>3.254893</vAcc></extensions></trkpt>
      <trkpt lon="120.908046" lat="23.473186"><ele>2764.195099</ele><time>2026-09-14T02:36:15Z</time><extensions><speed>0.132963</speed><course>274.689415</course><hAcc>1.698349</hAcc><vAcc>3.253533</vAcc></extensions></trkpt>
      <trkpt lon="120.908045" lat="23.473186"><ele>2764.240038</ele><time>2026-09-14T02:36:16Z</time><extensions><speed>0.089949</speed><course>274.689428</course><hAcc>1.712579</hAcc><vAcc>3.252232</vAcc></extensions></trkpt>
      <trkpt lon="120.908044" lat="23.473186"><ele>2764.286128</ele><time>2026-09-14T02:36:17Z</time><extensions><speed>0.059497</speed><course>274.689436</course><hAcc>1.723877</hAcc><vAcc>3.250835</vAcc></extensions></trkpt>
      <trkpt lon="120.908044" lat="23.473186"><ele>2764.331514</ele><time>2026-09-14T02:36:18Z</time><extensions><speed>0.049857</speed><course>274.689442</course><hAcc>1.709165</hAcc><vAcc>3.249497</vAcc></extensions></trkpt>
      <trkpt lon="120.908044" lat="23.473186"><ele>2764.378042</ele><time>2026-09-14T02:36:19Z</time><extensions><speed>0.037491</speed><course>274.689445</course><hAcc>1.713456</hAcc><vAcc>3.248062</vAcc></extensions></trkpt>
      <trkpt lon="120.908043" lat="23.473186"><ele>2764.423844</ele><time>2026-09-14T02:36:20Z</time><extensions><speed>0.026340</speed><course>274.689447</course><hAcc>1.729622</hAcc><vAcc>3.246687</vAcc></extensions></trkpt>
      <trkpt lon="120.908043" lat="23.473186"><ele>2764.468952</ele><time>2026-09-14T02:36:21Z</time><extensions><speed>0.017752</speed><course>274.689448</course><hAcc>1.742543</hAcc><vAcc>3.245372</vAcc></extensions></trkpt>
      <trkpt lon="120.908043" lat="23.473186"><ele>2764.515218</ele><time>2026-09-14T02:36:22Z</time><extensions><speed>0.011564</speed><course>274.689450</course><hAcc>1.748716</hAcc><vAcc>3.243960</vAcc></extensions></trkpt>
      <trkpt lon="120.908043" lat="23.473186"><ele>2764.560765</ele><time>2026-09-14T02:36:23Z</time><extensions><speed>0.007332</speed><course>274.689451</course><hAcc>1.748709</hAcc><vAcc>3.242608</vAcc></extensions></trkpt>
      <trkpt lon="120.908043" lat="23.473186"><ele>2764.607458</ele><time>2026-09-14T02:36:24Z</time><extensions><speed>0.004509</speed><course>274.689453</course><hAcc>1.744301</hAcc><vAcc>3.241157</vAcc></extensions></trkpt>
      <trkpt lon="120.908043" lat="23.473186"><ele>2764.653418</ele><time>2026-09-14T02:36:25Z</time><extensions><speed>0.002688</speed><course>274.689455</course><hAcc>1.735584</hAcc><vAcc>3.239765</vAcc></extensions></trkpt>
      <trkpt lon="120.908043" lat="23.473186"><ele>2764.698677</ele><time>2026-09-14T02:36:26Z</time><extensions><speed>0.001565</speed><course>274.689459</course><hAcc>1.722451</hAcc><vAcc>3.238431</vAcc></extensions></trkpt>
      <trkpt lon="120.908043" lat="23.473186"><ele>2764.745108</ele><time>2026-09-14T02:36:27Z</time><extensions><speed>0.000878</speed><course>274.689465</course><hAcc>1.710497</hAcc><vAcc>3.236997</vAcc></extensions></trkpt>
      <trkpt lon="120.908043" lat="23.473186"><ele>2764.790819</ele><time>2026-09-14T02:36:28Z</time><extensions><speed>0.000461</speed><course>274.689474</course><hAcc>1.705280</hAcc><vAcc>3.235621</vAcc></extensions></trkpt>
      <trkpt lon="120.908043" lat="23.473186"><ele>2764.837691</ele><time>2026-09-14T02:36:29Z</time><extensions><speed>0.000234</speed><course>274.689489</course><hAcc>1.701081</hAcc><vAcc>3.234144</vAcc></extensions></trkpt>
      <trkpt lon="120.908043" lat="23.473186"><ele>2764.883819</ele><time>2026-09-14T02:36:30Z</time><extensions><speed>0.000125</speed><course>274.689513</course><hAcc>1.691990</hAcc><vAcc>3.232725</vAcc></extensions></trkpt>
      <trkpt lon="120.908043" lat="23.473186"><ele>2764.929236</ele><time>2026-09-14T02:36:31Z</time><extensions><speed>0.000072</speed><course>274.689547</course><hAcc>1.686891</hAcc><vAcc>3.231367</vAcc></extensions></trkpt>
      <trkpt lon="120.908043" lat="23.473186"><ele>2764.975832</ele><time>2026-09-14T02:36:32Z</time><extensions><speed>0.000038</speed><course>274.689597</course><hAcc>1.699282</hAcc><vAcc>3.229906</vAcc></extensions></trkpt>
      <trkpt lon="120.908043" lat="23.473186"><ele>2765.021694</ele><time>2026-09-14T02:36:33Z</time><extensions><speed>0.000024</speed><course>274.689673</course><hAcc>1.693549</hAcc><vAcc>3.228506</vAcc></extensions></trkpt>
      <trkpt lon="120.908043" lat="23.473186"><ele>2765.068724</ele><time>2026-09-14T02:36:34Z</time><extensions><speed>0.006027</speed><course>212.367440</course><hAcc>1.681751</hAcc><vAcc>3.227003</vAcc></extensions></trkpt>
      <trkpt lon="120.908042" lat="23.473186"><ele>2765.114990</ele><time>2026-09-14T02:36:35Z</time><extensions><speed>0.013063</speed><course>209.611518</course><hAcc>1.701291</hAcc><vAcc>3.225560</vAcc></extensions></trkpt>
      <trkpt lon="120.908042" lat="23.473186"><ele>2765.160526</ele><time>2026-09-14T02:36:36Z</time><extensions><speed>0.020429</speed><course>208.498897</course><hAcc>1.736652</hAcc><vAcc>3.224179</vAcc></extensions></trkpt>
      <trkpt lon="120.908042" lat="23.473186"><ele>2765.207236</ele><time>2026-09-14T02:36:37Z</time><extensions><speed>0.040244</speed><course>206.978683</course><hAcc>1.728551</hAcc><vAcc>3.222696</vAcc></extensions></trkpt>
      <trkpt lon="120.908042" lat="23.473185"><ele>2765.253204</ele><time>2026-09-14T02:36:38Z</time><extensions><speed>0.065770</speed><course>206.039103</course><hAcc>1.728428</hAcc><vAcc>3.221274</vAcc></extensions></trkpt>
      <trkpt lon="120.908042" lat="23.473185"><ele>2765.298460</ele><time>2026-09-14T02:36:39Z</time><extensions><speed>0.099781</speed><course>205.324893</course><hAcc>1.739672</hAcc><vAcc>3.219915</vAcc></extensions></trkpt>
      <trkpt lon="120.908041" lat="23.473184"><ele>2765.344921</ele><time>2026-09-14T02:36:40Z</time><extensions><speed>0.146372</speed><course>204.641538</course><hAcc>1.748189</hAcc><vAcc>3.218455</vAcc></extensions></trkpt>
      <trkpt lon="120.908040" lat="23.473182"><ele>2765.390649</ele><time>2026-09-14T02:36:41Z</time><extensions><speed>0.205099</speed><course>203.826593</course><hAcc>1.750071</hAcc><vAcc>3.217057</vAcc></extensions></trkpt>
      <trkpt lon="120.908040" lat="23.473180"><ele>2765.437571</ele><time>2026-09-14T02:36:42Z</time><extensions><speed>0.273014</speed><course>201.860652</course><hAcc>1.746031</hAcc><vAcc>3.215557</vAcc></extensions></trkpt>
      <trkpt lon="120.908039" lat="23.473177"><ele>2765.483726</ele><time>2026-09-14T02:36:43Z</time><extensions><speed>0.322254</speed><course>198.944378</course><hAcc>1.735961</hAcc><vAcc>3.214119</vAcc></extensions></trkpt>
      <trkpt lon="120.908038" lat="23.473175"><ele>2765.529148</ele><time>2026-09-14T02:36:44Z</time><extensions><speed>0.298662</speed><course>192.344231</course><hAcc>1.723874</hAcc><vAcc>3.212745</vAcc></extensions></trkpt>
      <trkpt lon="120.908038" lat="23.473173"><ele>2765.575772</ele><time>2026-09-14T02:36:45Z</time><extensions><speed>0.200124</speed><course>182.213162</course><hAcc>1.715057</hAcc><vAcc>3.211269</vAcc></extensions></trkpt>
      <trkpt lon="120.908038" lat="23.473171"><ele>2765.621652</ele><time>2026-09-14T02:36:46Z</time><extensions><speed>0.152795</speed><course>166.273902</course><hAcc>1.697740</hAcc><vAcc>3.209857</vAcc></extensions></trkpt>
      <trkpt lon="120.908038" lat="23.473170"><ele>2765.668736</ele><time>2026-09-14T02:36:47Z</time><extensions><speed>0.115965</speed><course>155.051734</course><hAcc>1.704560</hAcc><vAcc>3.208340</vAcc></extensions></trkpt>
      <trkpt lon="120.908039" lat="23.473169"><ele>2765.715056</ele><time>2026-09-14T02:36:48Z</time><extensions><speed>0.105952</speed><course>150.385134</course><hAcc>1.715436</hAcc><vAcc>3.206885</vAcc></extensions></trkpt>
      <trkpt lon="120.908039" lat="23.473168"><ele>2765.760644</ele><time>2026-09-14T02:36:49Z</time><extensions><speed>0.128823</speed><course>150.173010</course><hAcc>1.709646</hAcc><vAcc>3.205492</vAcc></extensions></trkpt>
      <trkpt lon="120.908040" lat="23.473167"><ele>2765.807462</ele><time>2026-09-14T02:36:50Z</time><extensions><speed>0.191219</speed><course>150.219498</course><hAcc>1.683417</hAcc><vAcc>3.203993</vAcc></extensions></trkpt>
      <trkpt lon="120.908041" lat="23.473165"><ele>2765.853526</ele><time>2026-09-14T02:36:51Z</time><extensions><speed>0.227855</speed><course>148.628436</course><hAcc>1.680710</hAcc><vAcc>3.202555</vAcc></extensions></trkpt>
      <trkpt lon="120.908042" lat="23.473164"><ele>2765.900801</ele><time>2026-09-14T02:36:52Z</time><extensions><speed>0.212633</speed><course>142.149914</course><hAcc>1.703078</hAcc><vAcc>3.201010</vAcc></extensions></trkpt>
      <trkpt lon="120.908043" lat="23.473163"><ele>2765.947291</ele><time>2026-09-14T02:36:53Z</time><extensions><speed>0.112010</speed><course>123.788214</course><hAcc>1.735899</hAcc><vAcc>3.199527</vAcc></extensions></trkpt>
      <trkpt lon="120.908044" lat="23.473162"><ele>2765.993032</ele><time>2026-09-14T02:36:54Z</time><extensions><speed>0.087352</speed><course>81.243295</course><hAcc>1.725415</hAcc><vAcc>3.198107</vAcc></extensions></trkpt>
      <trkpt lon="120.908045" lat="23.473163"><ele>2766.039995</ele><time>2026-09-14T02:36:55Z</time><extensions><speed>0.111435</speed><course>41.244925</course><hAcc>1.722263</hAcc><vAcc>3.196581</vAcc></extensions></trkpt>
      <trkpt lon="120.908046" lat="23.473164"><ele>2766.086194</ele><time>2026-09-14T02:36:56Z</time><extensions><speed>0.164437</speed><course>22.395734</course><hAcc>1.728780</hAcc><vAcc>3.195117</vAcc></extensions></trkpt>
      <trkpt lon="120.908046" lat="23.473166"><ele>2766.133616</ele><time>2026-09-14T02:36:57Z</time><extensions><speed>0.219033</speed><course>14.858498</course><hAcc>1.735335</hAcc><vAcc>3.193546</vAcc></extensions></trkpt>
      <trkpt lon="120.908047" lat="23.473168"><ele>2766.180238</ele><time>2026-09-14T02:36:58Z</time><extensions><speed>0.245034</speed><course>12.520889</course><hAcc>1.738136</hAcc><vAcc>3.192039</vAcc></extensions></trkpt>
      <trkpt lon="120.908047" lat="23.473170"><ele>2766.226097</ele><time>2026-09-14T02:36:59Z</time><extensions><speed>0.240017</speed><course>12.874238</course><hAcc>1.735774</hAcc><vAcc>3.190596</vAcc></extensions></trkpt>
      <trkpt lon="120.908048" lat="23.473172"><ele>2766.273185</ele><time>2026-09-14T02:37:00Z</time><extensions><speed>0.227249</speed><course>15.094788</course><hAcc>1.727161</hAcc><vAcc>3.189046</vAcc></extensions></trkpt>
      <trkpt lon="120.908048" lat="23.473174"><ele>2766.319496</ele><time>2026-09-14T02:37:01Z</time><extensions><speed>0.216990</speed><course>14.248175</course><hAcc>1.720635</hAcc><vAcc>3.187561</vAcc></extensions></trkpt>
      <trkpt lon="120.908049" lat="23.473176"><ele>2766.365063</ele><time>2026-09-14T02:37:02Z</time><extensions><speed>0.195355</speed><course>14.635866</course><hAcc>1.725515</hAcc><vAcc>3.186141</vAcc></extensions></trkpt>
      <trkpt lon="120.908049" lat="23.473177"><ele>2766.411885</ele><time>2026-09-14T02:37:03Z</time><extensions><speed>0.148257</speed><course>14.882800</course><hAcc>1.742074</hAcc><vAcc>3.184616</vAcc></extensions></trkpt>
      <trkpt lon="120.908050" lat="23.473178"><ele>2766.457938</ele><time>2026-09-14T02:37:04Z</time><extensions><speed>0.132017</speed><course>17.403144</course><hAcc>1.724969</hAcc><vAcc>3.183155</vAcc></extensions></trkpt>
      <trkpt lon="120.908050" lat="23.473179"><ele>2766.505238</ele><time>2026-09-14T02:37:05Z</time><extensions><speed>0.097953</speed><course>15.417559</course><hAcc>1.723557</hAcc><vAcc>3.181588</vAcc></extensions></trkpt>
      <trkpt lon="120.908050" lat="23.473180"><ele>2766.551744</ele><time>2026-09-14T02:37:06Z</time><extensions><speed>0.083018</speed><course>5.626912</course><hAcc>1.722138</hAcc><vAcc>3.180086</vAcc></extensions></trkpt>
      <trkpt lon="120.908050" lat="23.473181"><ele>2766.597491</ele><time>2026-09-14T02:37:07Z</time><extensions><speed>0.064429</speed><course>359.695524</course><hAcc>1.726098</hAcc><vAcc>3.178651</vAcc></extensions></trkpt>
      <trkpt lon="120.908050" lat="23.473181"><ele>2766.644501</ele><time>2026-09-14T02:37:08Z</time><extensions><speed>0.046739</speed><course>356.024473</course><hAcc>1.731252</hAcc><vAcc>3.177109</vAcc></extensions></trkpt>
      <trkpt lon="120.908050" lat="23.473182"><ele>2766.690723</ele><time>2026-09-14T02:37:09Z</time><extensions><speed>0.032269</speed><course>353.477111</course><hAcc>1.733797</hAcc><vAcc>3.175633</vAcc></extensions></trkpt>
      <trkpt lon="120.908050" lat="23.473182"><ele>2766.738192</ele><time>2026-09-14T02:37:10Z</time><extensions><speed>0.021604</speed><course>351.561824</course><hAcc>1.732080</hAcc><vAcc>3.174048</vAcc></extensions></trkpt>
      <trkpt lon="120.908050" lat="23.473182"><ele>2766.784863</ele><time>2026-09-14T02:37:11Z</time><extensions><speed>0.014120</speed><course>350.042817</course><hAcc>1.726827</hAcc><vAcc>3.172528</vAcc></extensions></trkpt>
      <trkpt lon="120.908050" lat="23.473182"><ele>2766.830773</ele><time>2026-09-14T02:37:12Z</time><extensions><speed>0.008983</speed><course>348.784082</course><hAcc>1.719267</hAcc><vAcc>3.171073</vAcc></extensions></trkpt>
      <trkpt lon="120.908050" lat="23.473182"><ele>2766.877966</ele><time>2026-09-14T02:37:13Z</time><extensions><speed>0.005627</speed><course>347.705619</course><hAcc>1.709710</hAcc><vAcc>3.169506</vAcc></extensions></trkpt>
      <trkpt lon="120.908050" lat="23.473182"><ele>2766.924372</ele><time>2026-09-14T02:37:14Z</time><extensions><speed>0.003413</speed><course>346.761429</course><hAcc>1.702614</hAcc><vAcc>3.168003</vAcc></extensions></trkpt>
      <trkpt lon="120.908050" lat="23.473182"><ele>2766.972046</ele><time>2026-09-14T02:37:15Z</time><extensions><speed>0.002011</speed><course>345.911371</course><hAcc>1.699447</hAcc><vAcc>3.166389</vAcc></extensions></trkpt>
      <trkpt lon="120.908050" lat="23.473182"><ele>2767.018904</ele><time>2026-09-14T02:37:16Z</time><extensions><speed>0.001164</speed><course>345.130570</course><hAcc>1.697246</hAcc><vAcc>3.164839</vAcc></extensions></trkpt>
      <trkpt lon="120.908050" lat="23.473182"><ele>2767.064981</ele><time>2026-09-14T02:37:17Z</time><extensions><speed>0.000737</speed><course>344.446052</course><hAcc>1.689061</hAcc><vAcc>3.163355</vAcc></extensions></trkpt>
      <trkpt lon="120.908050" lat="23.473182"><ele>2767.112343</ele><time>2026-09-14T02:37:18Z</time><extensions><speed>0.000453</speed><course>343.895615</course><hAcc>1.690150</hAcc><vAcc>3.161760</vAcc></extensions></trkpt>
      <trkpt lon="120.908050" lat="23.473182"><ele>2767.158904</ele><time>2026-09-14T02:37:19Z</time><extensions><speed>0.000296</speed><course>343.451569</course><hAcc>1.684092</hAcc><vAcc>3.160230</vAcc></extensions></trkpt>
      <trkpt lon="120.908050" lat="23.473182"><ele>2767.206740</ele><time>2026-09-14T02:37:20Z</time><extensions><speed>0.000220</speed><course>343.134032</course><hAcc>1.666157</hAcc><vAcc>3.158587</vAcc></extensions></trkpt>
      <trkpt lon="120.908050" lat="23.473182"><ele>2767.253747</ele><time>2026-09-14T02:37:21Z</time><extensions><speed>0.000148</speed><course>342.926515</course><hAcc>1.674155</hAcc><vAcc>3.157012</vAcc></extensions></trkpt>
      <trkpt lon="120.908050" lat="23.473182"><ele>2767.299964</ele><time>2026-09-14T02:37:22Z</time><extensions><speed>0.000081</speed><course>342.766007</course><hAcc>1.708853</hAcc><vAcc>3.155503</vAcc></extensions></trkpt>
      <trkpt lon="120.908050" lat="23.473182"><ele>2767.347476</ele><time>2026-09-14T02:37:23Z</time><extensions><speed>0.002323</speed><course>45.934225</course><hAcc>1.716749</hAcc><vAcc>3.153882</vAcc></extensions></trkpt>
      <trkpt lon="120.908050" lat="23.473182"><ele>2767.394169</ele><time>2026-09-14T02:37:24Z</time><extensions><speed>0.006780</speed><course>46.752884</course><hAcc>1.698194</hAcc><vAcc>3.152328</vAcc></extensions></trkpt>
      <trkpt lon="120.908050" lat="23.473182"><ele>2767.440079</ele><time>2026-09-14T02:37:25Z</time><extensions><speed>0.012492</speed><course>48.391810</course><hAcc>1.699251</hAcc><vAcc>3.150843</vAcc></extensions></trkpt>
      <trkpt lon="120.908050" lat="23.473183"><ele>2767.487303</ele><time>2026-09-14T02:37:26Z</time><extensions><speed>0.020426</speed><course>49.734497</course><hAcc>1.712615</hAcc><vAcc>3.149247</vAcc></extensions></trkpt>
      <trkpt lon="120.908051" lat="23.473183"><ele>2767.533721</ele><time>2026-09-14T02:37:27Z</time><extensions><speed>0.031605</speed><course>49.974217</course><hAcc>1.725174</hAcc><vAcc>3.147720</vAcc></extensions></trkpt>
      <trkpt lon="120.908051" lat="23.473183"><ele>2767.581442</ele><time>2026-09-14T02:37:28Z</time><extensions><speed>0.047513</speed><course>50.244743</course><hAcc>1.732334</hAcc><vAcc>3.146080</vAcc></extensions></trkpt>
      <trkpt lon="120.908051" lat="23.473183"><ele>2767.628328</ele><time>2026-09-14T02:37:29Z</time><extensions><speed>0.068400</speed><course>50.509669</course><hAcc>1.737745</hAcc><vAcc>3.144509</vAcc></extensions></trkpt>
      <trkpt lon="120.908052" lat="23.473184"><ele>2767.674418</ele><time>2026-09-14T02:37:30Z</time><extensions><speed>0.095553</speed><course>51.149348</course><hAcc>1.740263</hAcc><vAcc>3.143008</vAcc></extensions></trkpt>
      <trkpt lon="120.908053" lat="23.473184"><ele>2767.721826</ele><time>2026-09-14T02:37:31Z</time><extensions><speed>0.127046</speed><course>51.689497</course><hAcc>1.741446</hAcc><vAcc>3.141395</vAcc></extensions></trkpt>
      <trkpt lon="120.908054" lat="23.473185"><ele>2767.768416</ele><time>2026-09-14T02:37:32Z</time><extensions><speed>0.154417</speed><course>52.753929</course><hAcc>1.741413</hAcc><vAcc>3.139852</vAcc></extensions></trkpt>
      <trkpt lon="120.908055" lat="23.473186"><ele>2767.816319</ele><time>2026-09-14T02:37:33Z</time><extensions><speed>0.156060</speed><course>55.301038</course><hAcc>1.738836</hAcc><vAcc>3.138194</vAcc></extensions></trkpt>
      <trkpt lon="120.908056" lat="23.473187"><ele>2767.863387</ele><time>2026-09-14T02:37:34Z</time><extensions><speed>0.127555</speed><course>60.612632</course><hAcc>1.738279</hAcc><vAcc>3.136603</vAcc></extensions></trkpt>
      <trkpt lon="120.908057" lat="23.473187"><ele>2767.909660</ele><time>2026-09-14T02:37:35Z</time><extensions><speed>0.096560</speed><course>69.415851</course><hAcc>1.739844</hAcc><vAcc>3.135081</vAcc></extensions></trkpt>
      <trkpt lon="120.908058" lat="23.473187"><ele>2767.957279</ele><time>2026-09-14T02:37:36Z</time><extensions><speed>0.062329</speed><course>68.944229</course><hAcc>1.743369</hAcc><vAcc>3.133441</vAcc></extensions></trkpt>
      <trkpt lon="120.908058" lat="23.473188"><ele>2768.004068</ele><time>2026-09-14T02:37:37Z</time><extensions><speed>0.038940</speed><course>76.877077</course><hAcc>1.738683</hAcc><vAcc>3.131868</vAcc></extensions></trkpt>
      <trkpt lon="120.908059" lat="23.473188"><ele>2768.052173</ele><time>2026-09-14T02:37:38Z</time><extensions><speed>0.018812</speed><course>98.779917</course><hAcc>1.738961</hAcc><vAcc>3.130179</vAcc></extensions></trkpt>
      <trkpt lon="120.908059" lat="23.473187"><ele>2768.099425</ele><time>2026-09-14T02:37:39Z</time><extensions><speed>0.018513</speed><course>150.363416</course><hAcc>1.740070</hAcc><vAcc>3.128557</vAcc></extensions></trkpt>
      <trkpt lon="120.908059" lat="23.473187"><ele>2768.145861</ele><time>2026-09-14T02:37:40Z</time><extensions><speed>0.030216</speed><course>153.293559</course><hAcc>1.741805</hAcc><vAcc>3.127004</vAcc></extensions></trkpt>
      <trkpt lon="120.908059" lat="23.473187"><ele>2768.193641</ele><time>2026-09-14T02:37:41Z</time><extensions><speed>0.001859</speed><course>126.099378</course><hAcc>1.731669</hAcc><vAcc>3.125334</vAcc></extensions></trkpt>
      <trkpt lon="120.908059" lat="23.473187"><ele>2768.240580</ele><time>2026-09-14T02:37:42Z</time><extensions><speed>0.027054</speed><course>347.356072</course><hAcc>1.722671</hAcc><vAcc>3.123733</vAcc></extensions></trkpt>
      <trkpt lon="120.908059" lat="23.473188"><ele>2768.288847</ele><time>2026-09-14T02:37:43Z</time><extensions><speed>0.040965</speed><course>359.736599</course><hAcc>1.716382</hAcc><vAcc>3.122014</vAcc></extensions></trkpt>
      <trkpt lon="120.908059" lat="23.473188"><ele>2768.336246</ele><time>2026-09-14T02:37:44Z</time><extensions><speed>0.043043</speed><course>16.560908</course><hAcc>1.720203</hAcc><vAcc>3.120364</vAcc></extensions></trkpt>
      <trkpt lon="120.908059" lat="23.473188"><ele>2768.382818</ele><time>2026-09-14T02:37:45Z</time><extensions><speed>0.038013</speed><course>43.741167</course><hAcc>1.731281</hAcc><vAcc>3.118786</vAcc></extensions></trkpt>
      <trkpt lon="120.908060" lat="23.473188"><ele>2768.430747</ele><time>2026-09-14T02:37:46Z</time><extensions><speed>0.051058</speed><course>70.360219</course><hAcc>1.698748</hAcc><vAcc>3.117089</vAcc></extensions></trkpt>
      <trkpt lon="120.908060" lat="23.473188"><ele>2768.477818</ele><time>2026-09-14T02:37:47Z</time><extensions><speed>0.057201</speed><course>92.588828</course><hAcc>1.676218</hAcc><vAcc>3.115462</vAcc></extensions></trkpt>
      <trkpt lon="120.908061" lat="23.473188"><ele>2768.524068</ele><time>2026-09-14T02:37:48Z</time><extensions><speed>0.025896</speed><course>88.976953</course><hAcc>1.678156</hAcc><vAcc>3.113908</vAcc></extensions></trkpt>
      <trkpt lon="120.908061" lat="23.473188"><ele>2768.571688</ele><time>2026-09-14T02:37:49Z</time><extensions><speed>0.004623</speed><course>187.398287</course><hAcc>1.685624</hAcc><vAcc>3.112237</vAcc></extensions></trkpt>
      <trkpt lon="120.908061" lat="23.473188"><ele>2768.618461</ele><time>2026-09-14T02:37:50Z</time><extensions><speed>0.024365</speed><course>237.842431</course><hAcc>1.692830</hAcc><vAcc>3.110639</vAcc></extensions></trkpt>
      <trkpt lon="120.908060" lat="23.473188"><ele>2768.666595</ele><time>2026-09-14T02:37:51Z</time><extensions><speed>0.043497</speed><course>234.323042</course><hAcc>1.683176</hAcc><vAcc>3.108923</vAcc></extensions></trkpt>
      <trkpt lon="120.908060" lat="23.473188"><ele>2768.713856</ele><time>2026-09-14T02:37:52Z</time><extensions><speed>0.055015</speed><course>220.345490</course><hAcc>1.653782</hAcc><vAcc>3.107278</vAcc></extensions></trkpt>
      <trkpt lon="120.908060" lat="23.473188"><ele>2768.760283</ele><time>2026-09-14T02:37:53Z</time><extensions><speed>0.041371</speed><course>230.210952</course><hAcc>1.650237</hAcc><vAcc>3.105708</vAcc></extensions></trkpt>
      <trkpt lon="120.908059" lat="23.473188"><ele>2768.808095</ele><time>2026-09-14T02:37:54Z</time><extensions><speed>0.026096</speed><course>237.839843</course><hAcc>1.650985</hAcc><vAcc>3.104020</vAcc></extensions></trkpt>
      <trkpt lon="120.908059" lat="23.473187"><ele>2768.855053</ele><time>2026-09-14T02:37:55Z</time><extensions><speed>0.009531</speed><course>260.312085</course><hAcc>1.662149</hAcc><vAcc>3.102404</vAcc></extensions></trkpt>
      <trkpt lon="120.908059" lat="23.473188"><ele>2768.903388</ele><time>2026-09-14T02:37:56Z</time><extensions><speed>0.009181</speed><course>10.614210</course><hAcc>1.672124</hAcc><vAcc>3.100668</vAcc></extensions></trkpt>
      <trkpt lon="120.908059" lat="23.473188"><ele>2768.950846</ele><time>2026-09-14T02:37:57Z</time><extensions><speed>0.025678</speed><course>31.363362</course><hAcc>1.664162</hAcc><vAcc>3.099003</vAcc></extensions></trkpt>
      <trkpt lon="120.908060" lat="23.473188"><ele>2768.997468</ele><time>2026-09-14T02:37:58Z</time><extensions><speed>0.049972</speed><course>34.851564</course><hAcc>1.648231</hAcc><vAcc>3.097409</vAcc></extensions></trkpt>
      <trkpt lon="120.908060" lat="23.473188"><ele>2769.045498</ele><time>2026-09-14T02:37:59Z</time><extensions><speed>0.064929</speed><course>36.232947</course><hAcc>1.673838</hAcc><vAcc>3.095693</vAcc></extensions></trkpt>
      <trkpt lon="120.908060" lat="23.473189"><ele>2769.092664</ele><time>2026-09-14T02:38:00Z</time><extensions><speed>0.093556</speed><course>36.747076</course><hAcc>1.683717</hAcc><vAcc>3.094046</vAcc></extensions></trkpt>
      <trkpt lon="120.908061" lat="23.473190"><ele>2769.141221</ele><time>2026-09-14T02:38:01Z</time><extensions><speed>0.142980</speed><course>36.141865</course><hAcc>1.668306</hAcc><vAcc>3.092276</vAcc></extensions></trkpt>
      <trkpt lon="120.908062" lat="23.473191"><ele>2769.188881</ele><time>2026-09-14T02:38:02Z</time><extensions><speed>0.152803</speed><course>33.794241</course><hAcc>1.679376</hAcc><vAcc>3.090578</vAcc></extensions></trkpt>
      <trkpt lon="120.908063" lat="23.473192"><ele>2769.235685</ele><time>2026-09-14T02:38:03Z</time><extensions><speed>0.133514</speed><course>29.006365</course><hAcc>1.706068</hAcc><vAcc>3.088951</vAcc></extensions></trkpt>
      <trkpt lon="120.908063" lat="23.473193"><ele>2769.283892</ele><time>2026-09-14T02:38:04Z</time><extensions><speed>0.113760</speed><course>22.668373</course><hAcc>1.721295</hAcc><vAcc>3.087201</vAcc></extensions></trkpt>
      <trkpt lon="120.908063" lat="23.473194"><ele>2769.331214</ele><time>2026-09-14T02:38:05Z</time><extensions><speed>0.100299</speed><course>17.219485</course><hAcc>1.711997</hAcc><vAcc>3.085523</vAcc></extensions></trkpt>
      <trkpt lon="120.908064" lat="23.473195"><ele>2769.379925</ele><time>2026-09-14T02:38:06Z</time><extensions><speed>0.060988</speed><course>18.050442</course><hAcc>1.712017</hAcc><vAcc>3.083722</vAcc></extensions></trkpt>
      <trkpt lon="120.908064" lat="23.473195"><ele>2769.427729</ele><time>2026-09-14T02:38:07Z</time><extensions><speed>0.021914</speed><course>343.526940</course><hAcc>1.725126</hAcc><vAcc>3.081994</vAcc></extensions></trkpt>
      <trkpt lon="120.908064" lat="23.473195"><ele>2769.474669</ele><time>2026-09-14T02:38:08Z</time><extensions><speed>0.038250</speed><course>212.160020</course><hAcc>1.742897</hAcc><vAcc>3.080340</vAcc></extensions></trkpt>
      <trkpt lon="120.908063" lat="23.473194"><ele>2769.523035</ele><time>2026-09-14T02:38:09Z</time><extensions><speed>0.098233</speed><course>195.633772</course><hAcc>1.745507</hAcc><vAcc>3.078562</vAcc></extensions></trkpt>
      <trkpt lon="120.908063" lat="23.473193"><ele>2769.570507</ele><time>2026-09-14T02:38:10Z</time><extensions><speed>0.143467</speed><course>200.027712</course><hAcc>1.735726</hAcc><vAcc>3.076858</vAcc></extensions></trkpt>
      <trkpt lon="120.908062" lat="23.473192"><ele>2769.617122</ele><time>2026-09-14T02:38:11Z</time><extensions><speed>0.159697</speed><course>209.408085</course><hAcc>1.733091</hAcc><vAcc>3.075230</vAcc></extensions></trkpt>
      <trkpt lon="120.908061" lat="23.473191"><ele>2769.665177</ele><time>2026-09-14T02:38:12Z</time><extensions><speed>0.158799</speed><course>218.616306</course><hAcc>1.735485</hAcc><vAcc>3.073479</vAcc></extensions></trkpt>
      <trkpt lon="120.908061" lat="23.473190"><ele>2769.712350</ele><time>2026-09-14T02:38:13Z</time><extensions><speed>0.136357</speed><course>228.486093</course><hAcc>1.741067</hAcc><vAcc>3.071805</vAcc></extensions></trkpt>
      <trkpt lon="120.908060" lat="23.473189"><ele>2769.760950</ele><time>2026-09-14T02:38:14Z</time><extensions><speed>0.109737</speed><course>224.957249</course><hAcc>1.740426</hAcc><vAcc>3.070006</vAcc></extensions></trkpt>
      <trkpt lon="120.908059" lat="23.473188"><ele>2769.808637</ele><time>2026-09-14T02:38:15Z</time><extensions><speed>0.092365</speed><course>209.056645</course><hAcc>1.735400</hAcc><vAcc>3.068282</vAcc></extensions></trkpt>
      <trkpt lon="120.908059" lat="23.473188"><ele>2769.855448</ele><time>2026-09-14T02:38:16Z</time><extensions><speed>0.097618</speed><course>186.386840</course><hAcc>1.730896</hAcc><vAcc>3.066636</vAcc></extensions></trkpt>
      <trkpt lon="120.908059" lat="23.473187"><ele>2769.903711</ele><time>2026-09-14T02:38:17Z</time><extensions><speed>0.124501</speed><course>168.894379</course><hAcc>1.732326</hAcc><vAcc>3.064867</vAcc></extensions></trkpt>
      <trkpt lon="120.908059" lat="23.473185"><ele>2769.951083</ele><time>2026-09-14T02:38:18Z</time><extensions><speed>0.156785</speed><course>158.327990</course><hAcc>1.741849</hAcc><vAcc>3.063175</vAcc></extensions></trkpt>
      <trkpt lon="120.908060" lat="23.473184"><ele>2769.999905</ele><time>2026-09-14T02:38:19Z</time><extensions><speed>0.191791</speed><course>150.636976</course><hAcc>1.744415</hAcc><vAcc>3.061355</vAcc></extensions></trkpt>
      <trkpt lon="120.908061" lat="23.473182"><ele>2770.047800</ele><time>2026-09-14T02:38:20Z</time><extensions><speed>0.239242</speed><course>145.315791</course><hAcc>1.736708</hAcc><vAcc>3.059609</vAcc></extensions></trkpt>
      <trkpt lon="120.908063" lat="23.473180"><ele>2770.094811</ele><time>2026-09-14T02:38:21Z</time><extensions><speed>0.262670</speed><course>143.360841</course><hAcc>1.735843</hAcc><vAcc>3.057938</vAcc></extensions></trkpt>
      <trkpt lon="120.908064" lat="23.473179"><ele>2770.143284</ele><time>2026-09-14T02:38:22Z</time><extensions><speed>0.259370</speed><course>142.355748</course><hAcc>1.739996</hAcc><vAcc>3.056139</vAcc></extensions></trkpt>
      <trkpt lon="120.908066" lat="23.473177"><ele>2770.190855</ele><time>2026-09-14T02:38:23Z</time><extensions><speed>0.230449</speed><course>141.143383</course><hAcc>1.749078</hAcc><vAcc>3.054414</vAcc></extensions></trkpt>
      <trkpt lon="120.908067" lat="23.473175"><ele>2770.239883</ele><time>2026-09-14T02:38:24Z</time><extensions><speed>0.185680</speed><course>139.524289</course><hAcc>1.770200</hAcc><vAcc>3.052559</vAcc></extensions></trkpt>
      <trkpt lon="120.908068" lat="23.473174"><ele>2770.287969</ele><time>2026-09-14T02:38:25Z</time><extensions><speed>0.160498</speed><course>135.659404</course><hAcc>1.790010</hAcc><vAcc>3.050779</vAcc></extensions></trkpt>
      <trkpt lon="120.908069" lat="23.473173"><ele>2770.335160</ele><time>2026-09-14T02:38:26Z</time><extensions><speed>0.195232</speed><course>126.963196</course><hAcc>1.753180</hAcc><vAcc>3.049074</vAcc></extensions></trkpt>
      <trkpt lon="120.908071" lat="23.473173"><ele>2770.383826</ele><time>2026-09-14T02:38:27Z</time><extensions><speed>0.167126</speed><course>97.344727</course><hAcc>1.754627</hAcc><vAcc>3.047240</vAcc></extensions></trkpt>
      <trkpt lon="120.908073" lat="23.473173"><ele>2770.431569</ele><time>2026-09-14T02:38:28Z</time><extensions><speed>0.183596</speed><course>80.892358</course><hAcc>1.772218</hAcc><vAcc>3.045482</vAcc></extensions></trkpt>
      <trkpt lon="120.908075" lat="23.473173"><ele>2770.480777</ele><time>2026-09-14T02:38:29Z</time><extensions><speed>0.221063</speed><course>67.739029</course><hAcc>1.777188</hAcc><vAcc>3.043594</vAcc></extensions></trkpt>
      <trkpt lon="120.908077" lat="23.473174"><ele>2770.529030</ele><time>2026-09-14T02:38:30Z</time><extensions><speed>0.273052</speed><course>54.286078</course><hAcc>1.774014</hAcc><vAcc>3.041782</vAcc></extensions></trkpt>
      <trkpt lon="120.908079" lat="23.473176"><ele>2770.576373</ele><time>2026-09-14T02:38:31Z</time><extensions><speed>0.292547</speed><course>51.427721</course><hAcc>1.773128</hAcc><vAcc>3.040048</vAcc></extensions></trkpt>
      <trkpt lon="120.908081" lat="23.473178"><ele>2770.625204</ele><time>2026-09-14T02:38:32Z</time><extensions><speed>0.296839</speed><course>52.261392</course><hAcc>1.768576</hAcc><vAcc>3.038184</vAcc></extensions></trkpt>
      <trkpt lon="120.908084" lat="23.473179"><ele>2770.673093</ele><time>2026-09-14T02:38:33Z</time><extensions><speed>0.295403</speed><course>51.463264</course><hAcc>1.764249</hAcc><vAcc>3.036398</vAcc></extensions></trkpt>
      <trkpt lon="120.908086" lat="23.473181"><ele>2770.720081</ele><time>2026-09-14T02:38:34Z</time><extensions><speed>0.287887</speed><course>51.235766</course><hAcc>1.763366</hAcc><vAcc>3.034691</vAcc></extensions></trkpt>
      <trkpt lon="120.908088" lat="23.473182"><ele>2770.768575</ele><time>2026-09-14T02:38:35Z</time><extensions><speed>0.277218</speed><course>54.540265</course><hAcc>1.763274</hAcc><vAcc>3.032856</vAcc></extensions></trkpt>
      <trkpt lon="120.908090" lat="23.473184"><ele>2770.816140</ele><time>2026-09-14T02:38:36Z</time><extensions><speed>0.282876</speed><course>53.297299</course><hAcc>1.764180</hAcc><vAcc>3.031101</vAcc></extensions></trkpt>
      <trkpt lon="120.908093" lat="23.473185"><ele>2770.865199</ele><time>2026-09-14T02:38:37Z</time><extensions><speed>0.280121</speed><course>58.071359</course><hAcc>1.763612</hAcc><vAcc>3.029215</vAcc></extensions></trkpt>
      <trkpt lon="120.908095" lat="23.473186"><ele>2770.913303</ele><time>2026-09-14T02:38:38Z</time><extensions><speed>0.265926</speed><course>69.565571</course><hAcc>1.762210</hAcc><vAcc>3.027409</vAcc></extensions></trkpt>
      <trkpt lon="120.908097" lat="23.473187"><ele>2770.960493</ele><time>2026-09-14T02:38:39Z</time><extensions><speed>0.249255</speed><course>78.871300</course><hAcc>1.761545</hAcc><vAcc>3.025685</vAcc></extensions></trkpt>
      <trkpt lon="120.908100" lat="23.473187"><ele>2771.009207</ele><time>2026-09-14T02:38:40Z</time><extensions><speed>0.225548</speed><course>84.308576</course><hAcc>1.760678</hAcc><vAcc>3.023830</vAcc></extensions></trkpt>
      <trkpt lon="120.908102" lat="23.473188"><ele>2771.056976</ele><time>2026-09-14T02:38:41Z</time><extensions><speed>0.202612</speed><course>86.011531</course><hAcc>1.761255</hAcc><vAcc>3.022055</vAcc></extensions></trkpt>
      <trkpt lon="120.908104" lat="23.473188"><ele>2771.106255</ele><time>2026-09-14T02:38:42Z</time><extensions><speed>0.203518</speed><course>93.171479</course><hAcc>1.760918</hAcc><vAcc>3.020147</vAcc></extensions></trkpt>
      <trkpt lon="120.908106" lat="23.473187"><ele>2771.154564</ele><time>2026-09-14T02:38:43Z</time><extensions><speed>0.241947</speed><course>104.216873</course><hAcc>1.761966</hAcc><vAcc>3.018318</vAcc></extensions></trkpt>
      <trkpt lon="120.908109" lat="23.473186"><ele>2771.201952</ele><time>2026-09-14T02:38:44Z</time><extensions><speed>0.342533</speed><course>117.257242</course><hAcc>1.763257</hAcc><vAcc>3.016567</vAcc></extensions></trkpt>
      <trkpt lon="120.908112" lat="23.473185"><ele>2771.250880</ele><time>2026-09-14T02:38:45Z</time><extensions><speed>0.313494</speed><course>100.301516</course><hAcc>1.751318</hAcc><vAcc>3.014680</vAcc></extensions></trkpt>
      <trkpt lon="120.908115" lat="23.473185"><ele>2771.298856</ele><time>2026-09-14T02:38:46Z</time><extensions><speed>0.367767</speed><course>95.275563</course><hAcc>1.724375</hAcc><vAcc>3.012871</vAcc></extensions></trkpt>
      <trkpt lon="120.908119" lat="23.473185"><ele>2771.348353</ele><time>2026-09-14T02:38:47Z</time><extensions><speed>0.418120</speed><course>91.104204</course><hAcc>1.680530</hAcc><vAcc>3.010926</vAcc></extensions></trkpt>
      <trkpt lon="120.908123" lat="23.473185"><ele>2771.396865</ele><time>2026-09-14T02:38:48Z</time><extensions><speed>0.436993</speed><course>82.877830</course><hAcc>1.627925</hAcc><vAcc>3.009059</vAcc></extensions></trkpt>
      <trkpt lon="120.908128" lat="23.473186"><ele>2771.444437</ele><time>2026-09-14T02:38:49Z</time><extensions><speed>0.442942</speed><course>81.935364</course><hAcc>1.611467</hAcc><vAcc>3.007271</vAcc></extensions></trkpt>
      <trkpt lon="120.908132" lat="23.473186"><ele>2771.493561</ele><time>2026-09-14T02:38:50Z</time><extensions><speed>0.433317</speed><course>92.007242</course><hAcc>1.655543</hAcc><vAcc>3.005347</vAcc></extensions></trkpt>
      <trkpt lon="120.908136" lat="23.473186"><ele>2771.541716</ele><time>2026-09-14T02:38:51Z</time><extensions><speed>0.340228</speed><course>70.619891</course><hAcc>1.639255</hAcc><vAcc>3.003503</vAcc></extensions></trkpt>
      <trkpt lon="120.908139" lat="23.473187"><ele>2771.591408</ele><time>2026-09-14T02:38:52Z</time><extensions><speed>0.354714</speed><course>69.514011</course><hAcc>1.597213</hAcc><vAcc>3.001522</vAcc></extensions></trkpt>
      <trkpt lon="120.908143" lat="23.473189"><ele>2771.640096</ele><time>2026-09-14T02:38:53Z</time><extensions><speed>0.416832</speed><course>71.060251</course><hAcc>1.584045</hAcc><vAcc>2.999621</vAcc></extensions></trkpt>
      <trkpt lon="120.908147" lat="23.473190"><ele>2771.687830</ele><time>2026-09-14T02:38:54Z</time><extensions><speed>0.477460</speed><course>76.424585</course><hAcc>1.591232</hAcc><vAcc>2.997801</vAcc></extensions></trkpt>
      <trkpt lon="120.908153" lat="23.473190"><ele>2771.737126</ele><time>2026-09-14T02:38:55Z</time><extensions><speed>0.663734</speed><course>84.291286</course><hAcc>1.595575</hAcc><vAcc>2.995845</vAcc></extensions></trkpt>
      <trkpt lon="120.908159" lat="23.473191"><ele>2771.785434</ele><time>2026-09-14T02:38:56Z</time><extensions><speed>0.672624</speed><course>86.354735</course><hAcc>1.612264</hAcc><vAcc>2.993970</vAcc></extensions></trkpt>
      <trkpt lon="120.908165" lat="23.473191"><ele>2771.832797</ele><time>2026-09-14T02:38:57Z</time><extensions><speed>0.627883</speed><course>87.273964</course><hAcc>1.624125</hAcc><vAcc>2.992179</vAcc></extensions></trkpt>
      <trkpt lon="120.908172" lat="23.473192"><ele>2771.881744</ele><time>2026-09-14T02:38:58Z</time><extensions><speed>0.675596</speed><course>87.522238</course><hAcc>1.623575</hAcc><vAcc>2.990253</vAcc></extensions></trkpt>
      <trkpt lon="120.908178" lat="23.473192"><ele>2771.929720</ele><time>2026-09-14T02:38:59Z</time><extensions><speed>0.654916</speed><course>87.410550</course><hAcc>1.627239</hAcc><vAcc>2.988411</vAcc></extensions></trkpt>
      <trkpt lon="120.908185" lat="23.473192"><ele>2771.979275</ele><time>2026-09-14T02:39:00Z</time><extensions><speed>0.704555</speed><course>87.512747</course><hAcc>1.624439</hAcc><vAcc>2.986431</vAcc></extensions></trkpt>
      <trkpt lon="120.908192" lat="23.473192"><ele>2772.027820</ele><time>2026-09-14T02:39:01Z</time><extensions><speed>0.729972</speed><course>87.918261</course><hAcc>1.626583</hAcc><vAcc>2.984534</vAcc></extensions></trkpt>
      <trkpt lon="120.908200" lat="23.473193"><ele>2772.075402</ele><time>2026-09-14T02:39:02Z</time><extensions><speed>0.833892</speed><course>88.469223</course><hAcc>1.627462</hAcc><vAcc>2.982723</vAcc></extensions></trkpt>
      <trkpt lon="120.908208" lat="23.473193"><ele>2772.124578</ele><time>2026-09-14T02:39:03Z</time><extensions><speed>0.917332</speed><course>88.672474</course><hAcc>1.618363</hAcc><vAcc>2.980776</vAcc></extensions></trkpt>
      <trkpt lon="120.908218" lat="23.473193"><ele>2772.172764</ele><time>2026-09-14T02:39:04Z</time><extensions><speed>1.028365</speed><course>88.810338</course><hAcc>1.630620</hAcc><vAcc>2.978913</vAcc></extensions></trkpt>
      <trkpt lon="120.908228" lat="23.473193"><ele>2772.222539</ele><time>2026-09-14T02:39:05Z</time><extensions><speed>1.007074</speed><course>88.181337</course><hAcc>1.631597</hAcc><vAcc>2.976910</vAcc></extensions></trkpt>
      <trkpt lon="120.908237" lat="23.473194"><ele>2772.271298</ele><time>2026-09-14T02:39:06Z</time><extensions><speed>0.868880</speed><course>86.674543</course><hAcc>1.615407</hAcc><vAcc>2.974989</vAcc></extensions></trkpt>
      <trkpt lon="120.908245" lat="23.473194"><ele>2772.319093</ele><time>2026-09-14T02:39:07Z</time><extensions><speed>0.791531</speed><course>87.194633</course><hAcc>1.618867</hAcc><vAcc>2.973150</vAcc></extensions></trkpt>
      <trkpt lon="120.908253" lat="23.473194"><ele>2772.368512</ele><time>2026-09-14T02:39:08Z</time><extensions><speed>0.853195</speed><course>90.192079</course><hAcc>1.633412</hAcc><vAcc>2.971168</vAcc></extensions></trkpt>
      <trkpt lon="120.908261" lat="23.473194"><ele>2772.416928</ele><time>2026-09-14T02:39:09Z</time><extensions><speed>0.805005</speed><course>93.090788</course><hAcc>1.638394</hAcc><vAcc>2.969268</vAcc></extensions></trkpt>
      <trkpt lon="120.908269" lat="23.473194"><ele>2772.466942</ele><time>2026-09-14T02:39:10Z</time><extensions><speed>0.805926</speed><course>94.428814</course><hAcc>1.654715</hAcc><vAcc>2.967224</vAcc></extensions></trkpt>
      <trkpt lon="120.908277" lat="23.473193"><ele>2772.515919</ele><time>2026-09-14T02:39:11Z</time><extensions><speed>0.694604</speed><course>94.433376</course><hAcc>1.652114</hAcc><vAcc>2.965263</vAcc></extensions></trkpt>
      <trkpt lon="120.908283" lat="23.473193"><ele>2772.563910</ele><time>2026-09-14T02:39:12Z</time><extensions><speed>0.547814</speed><course>91.564217</course><hAcc>1.658504</hAcc><vAcc>2.963385</vAcc></extensions></trkpt>
      <trkpt lon="120.908288" lat="23.473193"><ele>2772.613529</ele><time>2026-09-14T02:39:13Z</time><extensions><speed>0.484060</speed><course>86.203496</course><hAcc>1.656471</hAcc><vAcc>2.961364</vAcc></extensions></trkpt>
      <trkpt lon="120.908292" lat="23.473193"><ele>2772.662127</ele><time>2026-09-14T02:39:14Z</time><extensions><speed>0.435356</speed><course>80.022223</course><hAcc>1.631887</hAcc><vAcc>2.959426</vAcc></extensions></trkpt>
      <trkpt lon="120.908297" lat="23.473194"><ele>2772.712334</ele><time>2026-09-14T02:39:15Z</time><extensions><speed>0.451816</speed><course>78.823165</course><hAcc>1.614467</hAcc><vAcc>2.957343</vAcc></extensions></trkpt>
      <trkpt lon="120.908301" lat="23.473195"><ele>2772.761485</ele><time>2026-09-14T02:39:16Z</time><extensions><speed>0.486362</speed><course>84.399180</course><hAcc>1.636282</hAcc><vAcc>2.955346</vAcc></extensions></trkpt>
      <trkpt lon="120.908305" lat="23.473195"><ele>2772.809629</ele><time>2026-09-14T02:39:17Z</time><extensions><speed>0.356551</speed><course>91.361288</course><hAcc>1.670839</hAcc><vAcc>2.953435</vAcc></extensions></trkpt>
      <trkpt lon="120.908309" lat="23.473194"><ele>2772.859413</ele><time>2026-09-14T02:39:18Z</time><extensions><speed>0.476377</speed><course>97.961518</course><hAcc>1.637302</hAcc><vAcc>2.951379</vAcc></extensions></trkpt>
      <trkpt lon="120.908314" lat="23.473194"><ele>2772.908157</ele><time>2026-09-14T02:39:19Z</time><extensions><speed>0.540731</speed><course>99.984951</course><hAcc>1.627771</hAcc><vAcc>2.949409</vAcc></extensions></trkpt>
      <trkpt lon="120.908320" lat="23.473193"><ele>2772.955910</ele><time>2026-09-14T02:39:20Z</time><extensions><speed>0.665709</speed><course>99.929724</course><hAcc>1.612260</hAcc><vAcc>2.947527</vAcc></extensions></trkpt>
      <trkpt lon="120.908327" lat="23.473192"><ele>2773.005329</ele><time>2026-09-14T02:39:21Z</time><extensions><speed>0.765699</speed><course>99.213489</course><hAcc>1.604286</hAcc><vAcc>2.945503</vAcc></extensions></trkpt>
      <trkpt lon="120.908334" lat="23.473191"><ele>2773.053726</ele><time>2026-09-14T02:39:22Z</time><extensions><speed>0.719058</speed><course>99.277350</course><hAcc>1.614359</hAcc><vAcc>2.943567</vAcc></extensions></trkpt>
      <trkpt lon="120.908341" lat="23.473189"><ele>2773.103780</ele><time>2026-09-14T02:39:23Z</time><extensions><speed>0.690166</speed><course>99.504857</course><hAcc>1.631933</hAcc><vAcc>2.941486</vAcc></extensions></trkpt>
      <trkpt lon="120.908348" lat="23.473188"><ele>2773.152773</ele><time>2026-09-14T02:39:24Z</time><extensions><speed>0.756874</speed><course>99.103055</course><hAcc>1.654912</hAcc><vAcc>2.939493</vAcc></extensions></trkpt>
      <trkpt lon="120.908355" lat="23.473187"><ele>2773.200756</ele><time>2026-09-14T02:39:25Z</time><extensions><speed>0.714168</speed><course>101.345228</course><hAcc>1.656042</hAcc><vAcc>2.937591</vAcc></extensions></trkpt>
      <trkpt lon="120.908361" lat="23.473186"><ele>2773.250417</ele><time>2026-09-14T02:39:26Z</time><extensions><speed>0.541145</speed><course>103.851417</course><hAcc>1.643169</hAcc><vAcc>2.935544</vAcc></extensions></trkpt>
      <trkpt lon="120.908367" lat="23.473185"><ele>2773.299037</ele><time>2026-09-14T02:39:27Z</time><extensions><speed>0.591025</speed><course>103.211074</course><hAcc>1.633620</hAcc><vAcc>2.933586</vAcc></extensions></trkpt>
      <trkpt lon="120.908372" lat="23.473183"><ele>2773.349327</ele><time>2026-09-14T02:39:28Z</time><extensions><speed>0.622685</speed><course>101.854514</course><hAcc>1.632957</hAcc><vAcc>2.931481</vAcc></extensions></trkpt>
      <trkpt lon="120.908379" lat="23.473182"><ele>2773.398546</ele><time>2026-09-14T02:39:29Z</time><extensions><speed>0.710398</speed><course>101.506881</course><hAcc>1.652991</hAcc><vAcc>2.929462</vAcc></extensions></trkpt>
      <trkpt lon="120.908386" lat="23.473181"><ele>2773.446750</ele><time>2026-09-14T02:39:30Z</time><extensions><speed>0.749668</speed><course>103.202956</course><hAcc>1.681816</hAcc><vAcc>2.927529</vAcc></extensions></trkpt>
      <trkpt lon="120.908393" lat="23.473179"><ele>2773.496658</ele><time>2026-09-14T02:39:31Z</time><extensions><speed>0.674390</speed><course>107.716833</course><hAcc>1.673063</hAcc><vAcc>2.925445</vAcc></extensions></trkpt>
      <trkpt lon="120.908399" lat="23.473177"><ele>2773.545518</ele><time>2026-09-14T02:39:32Z</time><extensions><speed>0.701785</speed><course>110.839039</course><hAcc>1.660088</hAcc><vAcc>2.923448</vAcc></extensions></trkpt>
      <trkpt lon="120.908405" lat="23.473175"><ele>2773.596067</ele><time>2026-09-14T02:39:33Z</time><extensions><speed>0.691736</speed><course>110.253729</course><hAcc>1.663617</hAcc><vAcc>2.921298</vAcc></extensions></trkpt>
      <trkpt lon="120.908411" lat="23.473173"><ele>2773.645527</ele><time>2026-09-14T02:39:34Z</time><extensions><speed>0.629317</speed><course>107.632331</course><hAcc>1.679463</hAcc><vAcc>2.919235</vAcc></extensions></trkpt>
      <trkpt lon="120.908417" lat="23.473171"><ele>2773.693947</ele><time>2026-09-14T02:39:35Z</time><extensions><speed>0.521741</speed><course>103.852022</course><hAcc>1.690469</hAcc><vAcc>2.917260</vAcc></extensions></trkpt>
      <trkpt lon="120.908422" lat="23.473171"><ele>2773.744080</ele><time>2026-09-14T02:39:36Z</time><extensions><speed>0.499669</speed><course>99.249805</course><hAcc>1.670797</hAcc><vAcc>2.915133</vAcc></extensions></trkpt>
      <trkpt lon="120.908426" lat="23.473170"><ele>2773.793140</ele><time>2026-09-14T02:39:37Z</time><extensions><speed>0.451565</speed><course>96.006914</course><hAcc>1.663656</hAcc><vAcc>2.913094</vAcc></extensions></trkpt>
      <trkpt lon="120.908430" lat="23.473170"><ele>2773.843892</ele><time>2026-09-14T02:39:38Z</time><extensions><speed>0.430370</speed><course>97.379456</course><hAcc>1.675709</hAcc><vAcc>2.910903</vAcc></extensions></trkpt>
      <trkpt lon="120.908435" lat="23.473169"><ele>2773.893532</ele><time>2026-09-14T02:39:39Z</time><extensions><speed>0.423382</speed><course>104.144480</course><hAcc>1.706573</hAcc><vAcc>2.908802</vAcc></extensions></trkpt>
      <trkpt lon="120.908438" lat="23.473168"><ele>2773.942115</ele><time>2026-09-14T02:39:40Z</time><extensions><speed>0.369045</speed><course>114.028799</course><hAcc>1.714490</hAcc><vAcc>2.906790</vAcc></extensions></trkpt>
      <trkpt lon="120.908441" lat="23.473167"><ele>2773.992421</ele><time>2026-09-14T02:39:41Z</time><extensions><speed>0.303186</speed><course>121.646957</course><hAcc>1.696333</hAcc><vAcc>2.904626</vAcc></extensions></trkpt>
      <trkpt lon="120.908444" lat="23.473165"><ele>2774.041635</ele><time>2026-09-14T02:39:42Z</time><extensions><speed>0.310576</speed><course>122.898655</course><hAcc>1.669337</hAcc><vAcc>2.902553</vAcc></extensions></trkpt>
      <trkpt lon="120.908446" lat="23.473164"><ele>2774.089808</ele><time>2026-09-14T02:39:43Z</time><extensions><speed>0.323776</speed><course>118.115947</course><hAcc>1.651158</hAcc><vAcc>2.900573</vAcc></extensions></trkpt>
      <trkpt lon="120.908450" lat="23.473162"><ele>2774.139736</ele><time>2026-09-14T02:39:44Z</time><extensions><speed>0.414753</speed><course>110.581879</course><hAcc>1.632538</hAcc><vAcc>2.898442</vAcc></extensions></trkpt>
      <trkpt lon="120.908454" lat="23.473161"><ele>2774.188589</ele><time>2026-09-14T02:39:45Z</time><extensions><speed>0.564434</speed><course>104.433511</course><hAcc>1.628380</hAcc><vAcc>2.896404</vAcc></extensions></trkpt>
      <trkpt lon="120.908460" lat="23.473160"><ele>2774.239183</ele><time>2026-09-14T02:39:46Z</time><extensions><speed>0.627894</speed><course>102.582929</course><hAcc>1.642675</hAcc><vAcc>2.894214</vAcc></extensions></trkpt>
      <trkpt lon="120.908467" lat="23.473158"><ele>2774.288661</ele><time>2026-09-14T02:39:47Z</time><extensions><speed>0.811486</speed><course>103.998306</course><hAcc>1.618656</hAcc><vAcc>2.892116</vAcc></extensions></trkpt>
      <trkpt lon="120.908475" lat="23.473156"><ele>2774.337077</ele><time>2026-09-14T02:39:48Z</time><extensions><speed>0.829010</speed><course>106.578334</course><hAcc>1.600100</hAcc><vAcc>2.890113</vAcc></extensions></trkpt>
      <trkpt lon="120.908482" lat="23.473154"><ele>2774.387259</ele><time>2026-09-14T02:39:49Z</time><extensions><speed>0.764281</speed><course>109.552011</course><hAcc>1.598585</hAcc><vAcc>2.887958</vAcc></extensions></trkpt>
      <trkpt lon="120.908489" lat="23.473152"><ele>2774.436346</ele><time>2026-09-14T02:39:50Z</time><extensions><speed>0.720043</speed><course>113.231042</course><hAcc>1.604742</hAcc><vAcc>2.885897</vAcc></extensions></trkpt>
      <trkpt lon="120.908496" lat="23.473149"><ele>2774.487188</ele><time>2026-09-14T02:39:51Z</time><extensions><speed>0.745588</speed><course>114.753435</course><hAcc>1.610567</hAcc><vAcc>2.883681</vAcc></extensions></trkpt>
      <trkpt lon="120.908502" lat="23.473146"><ele>2774.536904</ele><time>2026-09-14T02:39:52Z</time><extensions><speed>0.548774</speed><course>114.843626</course><hAcc>1.614677</hAcc><vAcc>2.881555</vAcc></extensions></trkpt>
      <trkpt lon="120.908507" lat="23.473144"><ele>2774.585552</ele><time>2026-09-14T02:39:53Z</time><extensions><speed>0.542047</speed><course>114.787941</course><hAcc>1.602955</hAcc><vAcc>2.879520</vAcc></extensions></trkpt>
      <trkpt lon="120.908512" lat="23.473142"><ele>2774.635996</ele><time>2026-09-14T02:39:54Z</time><extensions><speed>0.576743</speed><course>114.949478</course><hAcc>1.609250</hAcc><vAcc>2.877326</vAcc></extensions></trkpt>
      <trkpt lon="120.908517" lat="23.473139"><ele>2774.685336</ele><time>2026-09-14T02:39:55Z</time><extensions><speed>0.717808</speed><course>116.353859</course><hAcc>1.633650</hAcc><vAcc>2.875222</vAcc></extensions></trkpt>
      <trkpt lon="120.908524" lat="23.473136"><ele>2774.736456</ele><time>2026-09-14T02:39:56Z</time><extensions><speed>0.736462</speed><course>116.947619</course><hAcc>1.672106</hAcc><vAcc>2.872957</vAcc></extensions></trkpt>
      <trkpt lon="120.908530" lat="23.473133"><ele>2774.786426</ele><time>2026-09-14T02:39:57Z</time><extensions><speed>0.685492</speed><course>114.675966</course><hAcc>1.658802</hAcc><vAcc>2.870784</vAcc></extensions></trkpt>
      <trkpt lon="120.908537" lat="23.473131"><ele>2774.835303</ele><time>2026-09-14T02:39:58Z</time><extensions><speed>0.829859</speed><course>114.258458</course><hAcc>1.615232</hAcc><vAcc>2.868704</vAcc></extensions></trkpt>
      <trkpt lon="120.908545" lat="23.473127"><ele>2774.885985</ele><time>2026-09-14T02:39:59Z</time><extensions><speed>1.076919</speed><course>117.281862</course><hAcc>1.601954</hAcc><vAcc>2.866462</vAcc></extensions></trkpt>
      <trkpt lon="120.908555" lat="23.473122"><ele>2774.935536</ele><time>2026-09-14T02:40:00Z</time><extensions><speed>1.220040</speed><course>120.540137</course><hAcc>1.617379</hAcc><vAcc>2.864314</vAcc></extensions></trkpt>
      <trkpt lon="120.908566" lat="23.473116"><ele>2774.986871</ele><time>2026-09-14T02:40:01Z</time><extensions><speed>1.284286</speed><course>122.470416</course><hAcc>1.610546</hAcc><vAcc>2.862005</vAcc></extensions></trkpt>
      <trkpt lon="120.908576" lat="23.473109"><ele>2775.037032</ele><time>2026-09-14T02:40:02Z</time><extensions><speed>1.236112</speed><course>124.440434</course><hAcc>1.595290</hAcc><vAcc>2.859789</vAcc></extensions></trkpt>
      <trkpt lon="120.908585" lat="23.473103"><ele>2775.086080</ele><time>2026-09-14T02:40:03Z</time><extensions><speed>1.107004</speed><course>126.877584</course><hAcc>1.585043</hAcc><vAcc>2.857669</vAcc></extensions></trkpt>
      <trkpt lon="120.908593" lat="23.473097"><ele>2775.136945</ele><time>2026-09-14T02:40:04Z</time><extensions><speed>0.956299</speed><course>129.143720</course><hAcc>1.583409</hAcc><vAcc>2.855388</vAcc></extensions></trkpt>
      <trkpt lon="120.908600" lat="23.473091"><ele>2775.186662</ele><time>2026-09-14T02:40:05Z</time><extensions><speed>1.045129</speed><course>130.119038</course><hAcc>1.570260</hAcc><vAcc>2.853203</vAcc></extensions></trkpt>
      <trkpt lon="120.908608" lat="23.473085"><ele>2775.235287</ele><time>2026-09-14T02:40:06Z</time><extensions><speed>1.011349</speed><course>130.717748</course><hAcc>1.569145</hAcc><vAcc>2.851115</vAcc></extensions></trkpt>
      <trkpt lon="120.908615" lat="23.473079"><ele>2775.285760</ele><time>2026-09-14T02:40:07Z</time><extensions><speed>0.963463</speed><course>131.379654</course><hAcc>1.576392</hAcc><vAcc>2.848869</vAcc></extensions></trkpt>
      <trkpt lon="120.908622" lat="23.473073"><ele>2775.335097</ele><time>2026-09-14T02:40:08Z</time><extensions><speed>1.001176</speed><course>131.980874</course><hAcc>1.582800</hAcc><vAcc>2.846720</vAcc></extensions></trkpt>
      <trkpt lon="120.908630" lat="23.473067"><ele>2775.386264</ele><time>2026-09-14T02:40:09Z</time><extensions><speed>1.023537</speed><course>133.189737</course><hAcc>1.584960</hAcc><vAcc>2.844410</vAcc></extensions></trkpt>
      <trkpt lon="120.908636" lat="23.473061"><ele>2775.436254</ele><time>2026-09-14T02:40:10Z</time><extensions><speed>0.910346</speed><course>139.047270</course><hAcc>1.563686</hAcc><vAcc>2.842198</vAcc></extensions></trkpt>
      <trkpt lon="120.908642" lat="23.473054"><ele>2775.485125</ele><time>2026-09-14T02:40:11Z</time><extensions><speed>0.897639</speed><course>141.322457</course><hAcc>1.555283</hAcc><vAcc>2.840086</vAcc></extensions></trkpt>
      <trkpt lon="120.908648" lat="23.473048"><ele>2775.535867</ele><time>2026-09-14T02:40:12Z</time><extensions><speed>0.939888</speed><course>139.405598</course><hAcc>1.574023</hAcc><vAcc>2.837814</vAcc></extensions></trkpt>
      <trkpt lon="120.908654" lat="23.473042"><ele>2775.585448</ele><time>2026-09-14T02:40:13Z</time><extensions><speed>0.996895</speed><course>131.880946</course><hAcc>1.621919</hAcc><vAcc>2.835641</vAcc></extensions></trkpt>
      <trkpt lon="120.908661" lat="23.473036"><ele>2775.636880</ele><time>2026-09-14T02:40:14Z</time><extensions><speed>0.901066</speed><course>134.273328</course><hAcc>1.598091</hAcc><vAcc>2.833303</vAcc></extensions></trkpt>
      <trkpt lon="120.908667" lat="23.473030"><ele>2775.687128</ele><time>2026-09-14T02:40:15Z</time><extensions><speed>0.836736</speed><course>136.760727</course><hAcc>1.560448</hAcc><vAcc>2.831061</vAcc></extensions></trkpt>
      <trkpt lon="120.908673" lat="23.473025"><ele>2775.736253</ele><time>2026-09-14T02:40:16Z</time><extensions><speed>0.874244</speed><course>134.226532</course><hAcc>1.559173</hAcc><vAcc>2.828915</vAcc></extensions></trkpt>
      <trkpt lon="120.908680" lat="23.473019"><ele>2775.787274</ele><time>2026-09-14T02:40:17Z</time><extensions><speed>0.927464</speed><course>129.926076</course><hAcc>1.577242</hAcc><vAcc>2.826600</vAcc></extensions></trkpt>
      <trkpt lon="120.908687" lat="23.473014"><ele>2775.837125</ele><time>2026-09-14T02:40:18Z</time><extensions><speed>0.953279</speed><course>129.043783</course><hAcc>1.551554</hAcc><vAcc>2.824380</vAcc></extensions></trkpt>
      <trkpt lon="120.908695" lat="23.473008"><ele>2775.888848</ele><time>2026-09-14T02:40:19Z</time><extensions><speed>0.993805</speed><course>127.076666</course><hAcc>1.549220</hAcc><vAcc>2.821991</vAcc></extensions></trkpt>
      <trkpt lon="120.908702" lat="23.473003"><ele>2775.939357</ele><time>2026-09-14T02:40:20Z</time><extensions><speed>0.898349</speed><course>125.903098</course><hAcc>1.550364</hAcc><vAcc>2.819697</vAcc></extensions></trkpt>
      <trkpt lon="120.908709" lat="23.472998"><ele>2775.988716</ele><time>2026-09-14T02:40:21Z</time><extensions><speed>0.852726</speed><course>124.527163</course><hAcc>1.564154</hAcc><vAcc>2.817502</vAcc></extensions></trkpt>
      <trkpt lon="120.908716" lat="23.472994"><ele>2776.039979</ele><time>2026-09-14T02:40:22Z</time><extensions><speed>0.867012</speed><course>123.751120</course><hAcc>1.578644</hAcc><vAcc>2.815136</vAcc></extensions></trkpt>
      <trkpt lon="120.908723" lat="23.472990"><ele>2776.090048</ele><time>2026-09-14T02:40:23Z</time><extensions><speed>0.888530</speed><course>123.493730</course><hAcc>1.558268</hAcc><vAcc>2.812868</vAcc></extensions></trkpt>
      <trkpt lon="120.908731" lat="23.472985"><ele>2776.141996</ele><time>2026-09-14T02:40:24Z</time><extensions><speed>0.918901</speed><course>123.585678</course><hAcc>1.532340</hAcc><vAcc>2.810430</vAcc></extensions></trkpt>
      <trkpt lon="120.908738" lat="23.472980"><ele>2776.192710</ele><time>2026-09-14T02:40:25Z</time><extensions><speed>0.894695</speed><course>123.845367</course><hAcc>1.549643</hAcc><vAcc>2.808091</vAcc></extensions></trkpt>
      <trkpt lon="120.908745" lat="23.472975"><ele>2776.242253</ele><time>2026-09-14T02:40:26Z</time><extensions><speed>0.865193</speed><course>124.191089</course><hAcc>1.588487</hAcc><vAcc>2.805853</vAcc></extensions></trkpt>
      <trkpt lon="120.908753" lat="23.472971"><ele>2776.293719</ele><time>2026-09-14T02:40:27Z</time><extensions><speed>0.970944</speed><course>125.246742</course><hAcc>1.598503</hAcc><vAcc>2.803444</vAcc></extensions></trkpt>
      <trkpt lon="120.908761" lat="23.472965"><ele>2776.343967</ele><time>2026-09-14T02:40:28Z</time><extensions><speed>1.042736</speed><course>126.919937</course><hAcc>1.594304</hAcc><vAcc>2.801136</vAcc></extensions></trkpt>
      <trkpt lon="120.908769" lat="23.472959"><ele>2776.393059</ele><time>2026-09-14T02:40:29Z</time><extensions><speed>1.047081</speed><course>130.224775</course><hAcc>1.568692</hAcc><vAcc>2.798931</vAcc></extensions></trkpt>
      <trkpt lon="120.908777" lat="23.472953"><ele>2776.444103</ele><time>2026-09-14T02:40:30Z</time><extensions><speed>1.089255</speed><course>132.792129</course><hAcc>1.564022</hAcc><vAcc>2.796559</vAcc></extensions></trkpt>
      <trkpt lon="120.908785" lat="23.472946"><ele>2776.493952</ele><time>2026-09-14T02:40:31Z</time><extensions><speed>1.132597</speed><course>132.895247</course><hAcc>1.586638</hAcc><vAcc>2.794290</vAcc></extensions></trkpt>
      <trkpt lon="120.908793" lat="23.472939"><ele>2776.545738</ele><time>2026-09-14T02:40:32Z</time><extensions><speed>1.074615</speed><course>133.936141</course><hAcc>1.597537</hAcc><vAcc>2.791850</vAcc></extensions></trkpt>
      <trkpt lon="120.908800" lat="23.472932"><ele>2776.596282</ele><time>2026-09-14T02:40:33Z</time><extensions><speed>1.015665</speed><course>135.760234</course><hAcc>1.595824</hAcc><vAcc>2.789514</vAcc></extensions></trkpt>
      <trkpt lon="120.908807" lat="23.472926"><ele>2776.645645</ele><time>2026-09-14T02:40:34Z</time><extensions><speed>0.992053</speed><course>136.005335</course><hAcc>1.593077</hAcc><vAcc>2.787283</vAcc></extensions></trkpt>
      <trkpt lon="120.908813" lat="23.472920"><ele>2776.696976</ele><time>2026-09-14T02:40:35Z</time><extensions><speed>0.882539</speed><course>137.784371</course><hAcc>1.578462</hAcc><vAcc>2.784884</vAcc></extensions></trkpt>
      <trkpt lon="120.908819" lat="23.472914"><ele>2776.747091</ele><time>2026-09-14T02:40:36Z</time><extensions><speed>0.774869</speed><course>136.241578</course><hAcc>1.588188</hAcc><vAcc>2.782588</vAcc></extensions></trkpt>
      <trkpt lon="120.908824" lat="23.472909"><ele>2776.799170</ele><time>2026-09-14T02:40:37Z</time><extensions><speed>0.803095</speed><course>132.381225</course><hAcc>1.601223</hAcc><vAcc>2.780118</vAcc></extensions></trkpt>
      <trkpt lon="120.908831" lat="23.472904"><ele>2776.849995</ele><time>2026-09-14T02:40:38Z</time><extensions><speed>0.965774</speed><course>129.143020</course><hAcc>1.608060</hAcc><vAcc>2.777749</vAcc></extensions></trkpt>
      <trkpt lon="120.908839" lat="23.472898"><ele>2776.899634</ele><time>2026-09-14T02:40:39Z</time><extensions><speed>1.109389</speed><course>126.525313</course><hAcc>1.630620</hAcc><vAcc>2.775481</vAcc></extensions></trkpt>
      <trkpt lon="120.908848" lat="23.472893"><ele>2776.951276</ele><time>2026-09-14T02:40:40Z</time><extensions><speed>1.000750</speed><course>124.512241</course><hAcc>1.641946</hAcc><vAcc>2.773034</vAcc></extensions></trkpt>
      <trkpt lon="120.908855" lat="23.472888"><ele>2777.001682</ele><time>2026-09-14T02:40:41Z</time><extensions><speed>0.775382</speed><course>120.807611</course><hAcc>1.635028</hAcc><vAcc>2.770687</vAcc></extensions></trkpt>
      <trkpt lon="120.908862" lat="23.472885"><ele>2777.054065</ele><time>2026-09-14T02:40:42Z</time><extensions><speed>0.723340</speed><course>115.739343</course><hAcc>1.626564</hAcc><vAcc>2.768161</vAcc></extensions></trkpt>
      <trkpt lon="120.908869" lat="23.472882"><ele>2777.105164</ele><time>2026-09-14T02:40:43Z</time><extensions><speed>0.826371</speed><course>111.519604</course><hAcc>1.605435</hAcc><vAcc>2.765735</vAcc></extensions></trkpt>
      <trkpt lon="120.908878" lat="23.472879"><ele>2777.155047</ele><time>2026-09-14T02:40:44Z</time><extensions><speed>1.012218</speed><course>111.902516</course><hAcc>1.605785</hAcc><vAcc>2.763413</vAcc></extensions></trkpt>
      <trkpt lon="120.908887" lat="23.472876"><ele>2777.206942</ele><time>2026-09-14T02:40:45Z</time><extensions><speed>1.096630</speed><course>114.190279</course><hAcc>1.624318</hAcc><vAcc>2.760911</vAcc></extensions></trkpt>
      <trkpt lon="120.908898" lat="23.472871"><ele>2777.257578</ele><time>2026-09-14T02:40:46Z</time><extensions><speed>1.192856</speed><course>115.059374</course><hAcc>1.617406</hAcc><vAcc>2.758512</vAcc></extensions></trkpt>
      <trkpt lon="120.908908" lat="23.472867"><ele>2777.310208</ele><time>2026-09-14T02:40:47Z</time><extensions><speed>1.199115</speed><course>114.653541</course><hAcc>1.602308</hAcc><vAcc>2.755933</vAcc></extensions></trkpt>
      <trkpt lon="120.908919" lat="23.472863"><ele>2777.361530</ele><time>2026-09-14T02:40:48Z</time><extensions><speed>1.172957</speed><course>113.429800</course><hAcc>1.588791</hAcc><vAcc>2.753458</vAcc></extensions></trkpt>
      <trkpt lon="120.908930" lat="23.472858"><ele>2777.411614</ele><time>2026-09-14T02:40:49Z</time><extensions><speed>1.252726</speed><course>113.036631</course><hAcc>1.574720</hAcc><vAcc>2.751090</vAcc></extensions></trkpt>
      <trkpt lon="120.908942" lat="23.472854"><ele>2777.463731</ele><time>2026-09-14T02:40:50Z</time><extensions><speed>1.247193</speed><course>112.489797</course><hAcc>1.562363</hAcc><vAcc>2.748541</vAcc></extensions></trkpt>
      <trkpt lon="120.908953" lat="23.472850"><ele>2777.514565</ele><time>2026-09-14T02:40:51Z</time><extensions><speed>1.297172</speed><course>112.939599</course><hAcc>1.551537</hAcc><vAcc>2.746098</vAcc></extensions></trkpt>
      <trkpt lon="120.908965" lat="23.472845"><ele>2777.564179</ele><time>2026-09-14T02:40:52Z</time><extensions><speed>1.367572</speed><course>113.891608</course><hAcc>1.541389</hAcc><vAcc>2.743764</vAcc></extensions></trkpt>
      <trkpt lon="120.908978" lat="23.472839"><ele>2777.615856</ele><time>2026-09-14T02:40:53Z</time><extensions><speed>1.534403</speed><course>115.700225</course><hAcc>1.543662</hAcc><vAcc>2.741253</vAcc></extensions></trkpt>
      <trkpt lon="120.908990" lat="23.472834"><ele>2777.666264</ele><time>2026-09-14T02:40:54Z</time><extensions><speed>1.285980</speed><course>117.448135</course><hAcc>1.554081</hAcc><vAcc>2.738851</vAcc></extensions></trkpt>
      <trkpt lon="120.909000" lat="23.472829"><ele>2777.718713</ele><time>2026-09-14T02:40:55Z</time><extensions><speed>1.134007</speed><course>116.333766</course><hAcc>1.528083</hAcc><vAcc>2.736268</vAcc></extensions></trkpt>
      <trkpt lon="120.909009" lat="23.472825"><ele>2777.769848</ele><time>2026-09-14T02:40:56Z</time><extensions><speed>0.900057</speed><course>114.669700</course><hAcc>1.507751</hAcc><vAcc>2.733795</vAcc></extensions></trkpt>
      <trkpt lon="120.909017" lat="23.472821"><ele>2777.819735</ele><time>2026-09-14T02:40:57Z</time><extensions><speed>0.794361</speed><course>117.113344</course><hAcc>1.525271</hAcc><vAcc>2.731434</vAcc></extensions></trkpt>
      <trkpt lon="120.909024" lat="23.472817"><ele>2777.871707</ele><time>2026-09-14T02:40:58Z</time><extensions><speed>0.861634</speed><course>120.890597</course><hAcc>1.539552</hAcc><vAcc>2.728893</vAcc></extensions></trkpt>
      <trkpt lon="120.909031" lat="23.472813"><ele>2777.922392</ele><time>2026-09-14T02:40:59Z</time><extensions><speed>0.936530</speed><course>123.628998</course><hAcc>1.541018</hAcc><vAcc>2.726463</vAcc></extensions></trkpt>
      <trkpt lon="120.909039" lat="23.472808"><ele>2777.975153</ele><time>2026-09-14T02:41:00Z</time><extensions><speed>0.942639</speed><course>125.858391</course><hAcc>1.562404</hAcc><vAcc>2.723847</vAcc></extensions></trkpt>
      <trkpt lon="120.909045" lat="23.472803"><ele>2778.026582</ele><time>2026-09-14T02:41:01Z</time><extensions><speed>0.734502</speed><course>131.164567</course><hAcc>1.542764</hAcc><vAcc>2.721338</vAcc></extensions></trkpt>
      <trkpt lon="120.909050" lat="23.472799"><ele>2778.076751</ele><time>2026-09-14T02:41:02Z</time><extensions><speed>0.611475</speed><course>136.495738</course><hAcc>1.550768</hAcc><vAcc>2.718936</vAcc></extensions></trkpt>
      <trkpt lon="120.909054" lat="23.472795"><ele>2778.129038</ele><time>2026-09-14T02:41:03Z</time><extensions><speed>0.597926</speed><course>138.791973</course><hAcc>1.577082</hAcc><vAcc>2.716344</vAcc></extensions></trkpt>
      <trkpt lon="120.909058" lat="23.472790"><ele>2778.180016</ele><time>2026-09-14T02:41:04Z</time><extensions><speed>0.665017</speed><course>138.503619</course><hAcc>1.597079</hAcc><vAcc>2.713858</vAcc></extensions></trkpt>
      <trkpt lon="120.909063" lat="23.472785"><ele>2778.233086</ele><time>2026-09-14T02:41:05Z</time><extensions><speed>0.737591</speed><course>141.506179</course><hAcc>1.585748</hAcc><vAcc>2.711180</vAcc></extensions></trkpt>
      <trkpt lon="120.909067" lat="23.472779"><ele>2778.284795</ele><time>2026-09-14T02:41:06Z</time><extensions><speed>0.842773</speed><course>142.045184</course><hAcc>1.580336</hAcc><vAcc>2.708610</vAcc></extensions></trkpt>
      <trkpt lon="120.909073" lat="23.472772"><ele>2778.335217</ele><time>2026-09-14T02:41:07Z</time><extensions><speed>1.025602</speed><course>141.824848</course><hAcc>1.584563</hAcc><vAcc>2.706148</vAcc></extensions></trkpt>
      <trkpt lon="120.909080" lat="23.472764"><ele>2778.387767</ele><time>2026-09-14T02:41:08Z</time><extensions><speed>1.236942</speed><course>137.076491</course><hAcc>1.579079</hAcc><vAcc>2.703495</vAcc></extensions></trkpt>
      <trkpt lon="120.909089" lat="23.472756"><ele>2778.438984</ele><time>2026-09-14T02:41:09Z</time><extensions><speed>1.311616</speed><course>135.442504</course><hAcc>1.579588</hAcc><vAcc>2.700952</vAcc></extensions></trkpt>
      <trkpt lon="120.909098" lat="23.472748"><ele>2778.492314</ele><time>2026-09-14T02:41:10Z</time><extensions><speed>1.328952</speed><course>133.935413</course><hAcc>1.585275</hAcc><vAcc>2.698216</vAcc></extensions></trkpt>
      <trkpt lon="120.909108" lat="23.472739"><ele>2778.544254</ele><time>2026-09-14T02:41:11Z</time><extensions><speed>1.473286</speed><course>131.377358</course><hAcc>1.574661</hAcc><vAcc>2.695591</vAcc></extensions></trkpt>
      <trkpt lon="120.909119" lat="23.472731"><ele>2778.594876</ele><time>2026-09-14T02:41:12Z</time><extensions><speed>1.426156</speed><course>127.586904</course><hAcc>1.578273</hAcc><vAcc>2.693078</vAcc></extensions></trkpt>
      <trkpt lon="120.909130" lat="23.472723"><ele>2778.647648</ele><time>2026-09-14T02:41:13Z</time><extensions><speed>1.329088</speed><course>126.769723</course><hAcc>1.589571</hAcc><vAcc>2.690374</vAcc></extensions></trkpt>
      <trkpt lon="120.909140" lat="23.472716"><ele>2778.699059</ele><time>2026-09-14T02:41:14Z</time><extensions><speed>1.181631</speed><course>128.247694</course><hAcc>1.588676</hAcc><vAcc>2.687782</vAcc></extensions></trkpt>
      <trkpt lon="120.909148" lat="23.472710"><ele>2778.749180</ele><time>2026-09-14T02:41:15Z</time><extensions><speed>1.027524</speed><course>129.727649</course><hAcc>1.573500</hAcc><vAcc>2.685306</vAcc></extensions></trkpt>
      <trkpt lon="120.909157" lat="23.472704"><ele>2778.801488</ele><time>2026-09-14T02:41:16Z</time><extensions><speed>1.026267</speed><course>124.575270</course><hAcc>1.570809</hAcc><vAcc>2.682642</vAcc></extensions></trkpt>
      <trkpt lon="120.909165" lat="23.472700"><ele>2778.852451</ele><time>2026-09-14T02:41:17Z</time><extensions><speed>1.011456</speed><course>115.205460</course><hAcc>1.587006</hAcc><vAcc>2.680093</vAcc></extensions></trkpt>
      <trkpt lon="120.909175" lat="23.472697"><ele>2778.905580</ele><time>2026-09-14T02:41:18Z</time><extensions><speed>1.043426</speed><course>105.457098</course><hAcc>1.586726</hAcc><vAcc>2.677352</vAcc></extensions></trkpt>
      <trkpt lon="120.909186" lat="23.472695"><ele>2778.957319</ele><time>2026-09-14T02:41:19Z</time><extensions><speed>1.151561</speed><course>99.362222</course><hAcc>1.577632</hAcc><vAcc>2.674728</vAcc></extensions></trkpt>
      <trkpt lon="120.909197" lat="23.472693"><ele>2779.007739</ele><time>2026-09-14T02:41:20Z</time><extensions><speed>1.064167</speed><course>95.202455</course><hAcc>1.564189</hAcc><vAcc>2.672222</vAcc></extensions></trkpt>
      <trkpt lon="120.909208" lat="23.472693"><ele>2779.060372</ele><time>2026-09-14T02:41:21Z</time><extensions><speed>1.167765</speed><course>89.038174</course><hAcc>1.544975</hAcc><vAcc>2.669525</vAcc></extensions></trkpt>
      <trkpt lon="120.909219" lat="23.472694"><ele>2779.111636</ele><time>2026-09-14T02:41:22Z</time><extensions><speed>1.183797</speed><course>85.947015</course><hAcc>1.526562</hAcc><vAcc>2.666946</vAcc></extensions></trkpt>
      <trkpt lon="120.909230" lat="23.472695"><ele>2779.165097</ele><time>2026-09-14T02:41:23Z</time><extensions><speed>1.109532</speed><course>82.957806</course><hAcc>1.517117</hAcc><vAcc>2.664169</vAcc></extensions></trkpt>
      <trkpt lon="120.909241" lat="23.472697"><ele>2779.217148</ele><time>2026-09-14T02:41:24Z</time><extensions><speed>1.032214</speed><course>78.755554</course><hAcc>1.523376</hAcc><vAcc>2.661506</vAcc></extensions></trkpt>
      <trkpt lon="120.909251" lat="23.472699"><ele>2779.267872</ele><time>2026-09-14T02:41:25Z</time><extensions><speed>1.035741</speed><course>76.009286</course><hAcc>1.525282</hAcc><vAcc>2.658955</vAcc></extensions></trkpt>
      <trkpt lon="120.909261" lat="23.472702"><ele>2779.320842</ele><time>2026-09-14T02:41:26Z</time><extensions><speed>1.219754</speed><course>72.174748</course><hAcc>1.513686</hAcc><vAcc>2.656202</vAcc></extensions></trkpt>
      <trkpt lon="120.909272" lat="23.472706"><ele>2779.372427</ele><time>2026-09-14T02:41:27Z</time><extensions><speed>1.168228</speed><course>70.879387</course><hAcc>1.544225</hAcc><vAcc>2.653561</vAcc></extensions></trkpt>
      <trkpt lon="120.909283" lat="23.472710"><ele>2779.426228</ele><time>2026-09-14T02:41:28Z</time><extensions><speed>1.212594</speed><course>66.562747</course><hAcc>1.535275</hAcc><vAcc>2.650716</vAcc></extensions></trkpt>
      <trkpt lon="120.909294" lat="23.472715"><ele>2779.478590</ele><time>2026-09-14T02:41:29Z</time><extensions><speed>1.206761</speed><course>62.424767</course><hAcc>1.539603</hAcc><vAcc>2.647985</vAcc></extensions></trkpt>
      <trkpt lon="120.909304" lat="23.472720"><ele>2779.529590</ele><time>2026-09-14T02:41:30Z</time><extensions><speed>1.101782</speed><course>55.422281</course><hAcc>1.544345</hAcc><vAcc>2.645369</vAcc></extensions></trkpt>
      <trkpt lon="120.909313" lat="23.472726"><ele>2779.582859</ele><time>2026-09-14T02:41:31Z</time><extensions><speed>1.063921</speed><course>53.870785</course><hAcc>1.570127</hAcc><vAcc>2.642549</vAcc></extensions></trkpt>
      <trkpt lon="120.909321" lat="23.472732"><ele>2779.634706</ele><time>2026-09-14T02:41:32Z</time><extensions><speed>1.011752</speed><course>49.852154</course><hAcc>1.586257</hAcc><vAcc>2.639844</vAcc></extensions></trkpt>
      <trkpt lon="120.909328" lat="23.472737"><ele>2779.688786</ele><time>2026-09-14T02:41:33Z</time><extensions><speed>0.934648</speed><course>53.845530</course><hAcc>1.618741</hAcc><vAcc>2.636936</vAcc></extensions></trkpt>
      <trkpt lon="120.909337" lat="23.472742"><ele>2779.741389</ele><time>2026-09-14T02:41:34Z</time><extensions><speed>1.049934</speed><course>57.305609</course><hAcc>1.613379</hAcc><vAcc>2.634144</vAcc></extensions></trkpt>
      <trkpt lon="120.909346" lat="23.472747"><ele>2779.792597</ele><time>2026-09-14T02:41:35Z</time><extensions><speed>1.202948</speed><course>61.370476</course><hAcc>1.595517</hAcc><vAcc>2.631472</vAcc></extensions></trkpt>
      <trkpt lon="120.909357" lat="23.472752"><ele>2779.846088</ele><time>2026-09-14T02:41:36Z</time><extensions><speed>1.282062</speed><course>70.585299</course><hAcc>1.609697</hAcc><vAcc>2.628595</vAcc></extensions></trkpt>
      <trkpt lon="120.909370" lat="23.472755"><ele>2779.898129</ele><time>2026-09-14T02:41:37Z</time><extensions><speed>1.313924</speed><course>79.772858</course><hAcc>1.627680</hAcc><vAcc>2.625837</vAcc></extensions></trkpt>
      <trkpt lon="120.909382" lat="23.472756"><ele>2779.948797</ele><time>2026-09-14T02:41:38Z</time><extensions><speed>1.196972</speed><course>85.709994</course><hAcc>1.639252</hAcc><vAcc>2.623203</vAcc></extensions></trkpt>
      <trkpt lon="120.909393" lat="23.472757"><ele>2780.001788</ele><time>2026-09-14T02:41:39Z</time><extensions><speed>1.096592</speed><course>89.906647</course><hAcc>1.625774</hAcc><vAcc>2.620368</vAcc></extensions></trkpt>
      <trkpt lon="120.909404" lat="23.472756"><ele>2780.053355</ele><time>2026-09-14T02:41:40Z</time><extensions><speed>1.024012</speed><course>94.766170</course><hAcc>1.636536</hAcc><vAcc>2.617656</vAcc></extensions></trkpt>
      <trkpt lon="120.909414" lat="23.472755"><ele>2780.107231</ele><time>2026-09-14T02:41:41Z</time><extensions><speed>1.032762</speed><course>100.542757</course><hAcc>1.635797</hAcc><vAcc>2.614740</vAcc></extensions></trkpt>
      <trkpt lon="120.909424" lat="23.472753"><ele>2780.159622</ele><time>2026-09-14T02:41:42Z</time><extensions><speed>1.075471</speed><course>104.474827</course><hAcc>1.630185</hAcc><vAcc>2.611946</vAcc></extensions></trkpt>
      <trkpt lon="120.909435" lat="23.472750"><ele>2780.210609</ele><time>2026-09-14T02:41:43Z</time><extensions><speed>1.130241</speed><course>107.526280</course><hAcc>1.621543</hAcc><vAcc>2.609278</vAcc></extensions></trkpt>
      <trkpt lon="120.909446" lat="23.472746"><ele>2780.263946</ele><time>2026-09-14T02:41:44Z</time><extensions><speed>1.218345</speed><course>110.387938</course><hAcc>1.612334</hAcc><vAcc>2.606408</vAcc></extensions></trkpt>
      <trkpt lon="120.909458" lat="23.472742"><ele>2780.315833</ele><time>2026-09-14T02:41:45Z</time><extensions><speed>1.238991</speed><course>111.965423</course><hAcc>1.608748</hAcc><vAcc>2.603663</vAcc></extensions></trkpt>
      <trkpt lon="120.909469" lat="23.472737"><ele>2780.370059</ele><time>2026-09-14T02:41:46Z</time><extensions><speed>1.287761</speed><course>113.077425</course><hAcc>1.590723</hAcc><vAcc>2.600707</vAcc></extensions></trkpt>
      <trkpt lon="120.909481" lat="23.472733"><ele>2780.422783</ele><time>2026-09-14T02:41:47Z</time><extensions><speed>1.327837</speed><course>113.659033</course><hAcc>1.610639</hAcc><vAcc>2.597871</vAcc></extensions></trkpt>
      <trkpt lon="120.909492" lat="23.472728"><ele>2780.474092</ele><time>2026-09-14T02:41:48Z</time><extensions><speed>1.140597</speed><course>114.066476</course><hAcc>1.620654</hAcc><vAcc>2.595154</vAcc></extensions></trkpt>
      <trkpt lon="120.909503" lat="23.472723"><ele>2780.527787</ele><time>2026-09-14T02:41:49Z</time><extensions><speed>1.253353</speed><course>114.904760</course><hAcc>1.592316</hAcc><vAcc>2.592222</vAcc></extensions></trkpt>
      <trkpt lon="120.909515" lat="23.472718"><ele>2780.580008</ele><time>2026-09-14T02:41:50Z</time><extensions><speed>1.265681</speed><course>116.080833</course><hAcc>1.570427</hAcc><vAcc>2.589408</vAcc></extensions></trkpt>
      <trkpt lon="120.909526" lat="23.472713"><ele>2780.634593</ele><time>2026-09-14T02:41:51Z</time><extensions><speed>1.216442</speed><course>117.190542</course><hAcc>1.574097</hAcc><vAcc>2.586377</vAcc></extensions></trkpt>
      <trkpt lon="120.909537" lat="23.472708"><ele>2780.687643</ele><time>2026-09-14T02:41:52Z</time><extensions><speed>1.246219</speed><course>118.704566</course><hAcc>1.573375</hAcc><vAcc>2.583465</vAcc></extensions></trkpt>
      <trkpt lon="120.909548" lat="23.472702"><ele>2780.739246</ele><time>2026-09-14T02:41:53Z</time><extensions><speed>1.335923</speed><course>119.668809</course><hAcc>1.566318</hAcc><vAcc>2.580676</vAcc></extensions></trkpt>
      <trkpt lon="120.909559" lat="23.472696"><ele>2780.793262</ele><time>2026-09-14T02:41:54Z</time><extensions><speed>1.282818</speed><course>119.728110</course><hAcc>1.573735</hAcc><vAcc>2.577669</vAcc></extensions></trkpt>
      <trkpt lon="120.909570" lat="23.472690"><ele>2780.845771</ele><time>2026-09-14T02:41:55Z</time><extensions><speed>1.280647</speed><course>119.910035</course><hAcc>1.561064</hAcc><vAcc>2.574785</vAcc></extensions></trkpt>
      <trkpt lon="120.909581" lat="23.472685"><ele>2780.900662</ele><time>2026-09-14T02:41:56Z</time><extensions><speed>1.264299</speed><course>119.744155</course><hAcc>1.542774</hAcc><vAcc>2.571682</vAcc></extensions></trkpt>
      <trkpt lon="120.909592" lat="23.472679"><ele>2780.953978</ele><time>2026-09-14T02:41:57Z</time><extensions><speed>1.169384</speed><course>119.189175</course><hAcc>1.545767</hAcc><vAcc>2.568704</vAcc></extensions></trkpt>
      <trkpt lon="120.909602" lat="23.472674"><ele>2781.005810</ele><time>2026-09-14T02:41:58Z</time><extensions><speed>1.252617</speed><course>118.827935</course><hAcc>1.548139</hAcc><vAcc>2.565852</vAcc></extensions></trkpt>
      <trkpt lon="120.909614" lat="23.472668"><ele>2781.060069</ele><time>2026-09-14T02:41:59Z</time><extensions><speed>1.450187</speed><course>118.720925</course><hAcc>1.533095</hAcc><vAcc>2.562782</vAcc></extensions></trkpt>
      <trkpt lon="120.909626" lat="23.472662"><ele>2781.112786</ele><time>2026-09-14T02:42:00Z</time><extensions><speed>1.418631</speed><course>118.474671</course><hAcc>1.535722</hAcc><vAcc>2.559839</vAcc></extensions></trkpt>
      <trkpt lon="120.909638" lat="23.472656"><ele>2781.164045</ele><time>2026-09-14T02:42:01Z</time><extensions><speed>1.302111</speed><course>118.105545</course><hAcc>1.550236</hAcc><vAcc>2.557026</vAcc></extensions></trkpt>
      <trkpt lon="120.909649" lat="23.472651"><ele>2781.217781</ele><time>2026-09-14T02:42:02Z</time><extensions><speed>1.149243</speed><course>117.777931</course><hAcc>1.576097</hAcc><vAcc>2.554000</vAcc></extensions></trkpt>
      <trkpt lon="120.909659" lat="23.472646"><ele>2781.270001</ele><time>2026-09-14T02:42:03Z</time><extensions><speed>1.135364</speed><course>117.550890</course><hAcc>1.599660</hAcc><vAcc>2.551105</vAcc></extensions></trkpt>
      <trkpt lon="120.909669" lat="23.472641"><ele>2781.324682</ele><time>2026-09-14T02:42:04Z</time><extensions><speed>1.073716</speed><course>117.587687</course><hAcc>1.611824</hAcc><vAcc>2.547991</vAcc></extensions></trkpt>
      <trkpt lon="120.909678" lat="23.472636"><ele>2781.377784</ele><time>2026-09-14T02:42:05Z</time><extensions><speed>1.064566</speed><course>117.718388</course><hAcc>1.610021</hAcc><vAcc>2.545007</vAcc></extensions></trkpt>
      <trkpt lon="120.909688" lat="23.472632"><ele>2781.429395</ele><time>2026-09-14T02:42:06Z</time><extensions><speed>1.130090</speed><course>117.689171</course><hAcc>1.622599</hAcc><vAcc>2.542158</vAcc></extensions></trkpt>
      <trkpt lon="120.909699" lat="23.472626"><ele>2781.483510</ele><time>2026-09-14T02:42:07Z</time><extensions><speed>1.438407</speed><course>118.043307</course><hAcc>1.654613</hAcc><vAcc>2.539093</vAcc></extensions></trkpt>
      <trkpt lon="120.909711" lat="23.472620"><ele>2781.536075</ele><time>2026-09-14T02:42:08Z</time><extensions><speed>1.431734</speed><course>118.906704</course><hAcc>1.679736</hAcc><vAcc>2.536161</vAcc></extensions></trkpt>
      <trkpt lon="120.909723" lat="23.472613"><ele>2781.591131</ele><time>2026-09-14T02:42:09Z</time><extensions><speed>1.314109</speed><course>120.742714</course><hAcc>1.679325</hAcc><vAcc>2.533004</vAcc></extensions></trkpt>
      <trkpt lon="120.909734" lat="23.472607"><ele>2781.644584</ele><time>2026-09-14T02:42:10Z</time><extensions><speed>1.318997</speed><course>123.446037</course><hAcc>1.666341</hAcc><vAcc>2.529973</vAcc></extensions></trkpt>
      <trkpt lon="120.909745" lat="23.472600"><ele>2781.696531</ele><time>2026-09-14T02:42:11Z</time><extensions><speed>1.323571</speed><course>126.343880</course><hAcc>1.651147</hAcc><vAcc>2.527069</vAcc></extensions></trkpt>
      <trkpt lon="120.909756" lat="23.472593"><ele>2781.751024</ele><time>2026-09-14T02:42:12Z</time><extensions><speed>1.311990</speed><course>127.890672</course><hAcc>1.632648</hAcc><vAcc>2.523935</vAcc></extensions></trkpt>
      <trkpt lon="120.909766" lat="23.472586"><ele>2781.803950</ele><time>2026-09-14T02:42:13Z</time><extensions><speed>1.289408</speed><course>126.667141</course><hAcc>1.612944</hAcc><vAcc>2.520925</vAcc></extensions></trkpt>
      <trkpt lon="120.909777" lat="23.472579"><ele>2781.859402</ele><time>2026-09-14T02:42:14Z</time><extensions><speed>1.327306</speed><course>122.418241</course><hAcc>1.605445</hAcc><vAcc>2.517684</vAcc></extensions></trkpt>
      <trkpt lon="120.909789" lat="23.472573"><ele>2781.913210</ele><time>2026-09-14T02:42:15Z</time><extensions><speed>1.252656</speed><course>119.527441</course><hAcc>1.601717</hAcc><vAcc>2.514568</vAcc></extensions></trkpt>
      <trkpt lon="120.909800" lat="23.472568"><ele>2781.965469</ele><time>2026-09-14T02:42:16Z</time><extensions><speed>1.351024</speed><course>117.843351</course><hAcc>1.577131</hAcc><vAcc>2.511583</vAcc></extensions></trkpt>
      <trkpt lon="120.909812" lat="23.472562"><ele>2782.020299</ele><time>2026-09-14T02:42:17Z</time><extensions><speed>1.250983</speed><course>115.661928</course><hAcc>1.576074</hAcc><vAcc>2.508365</vAcc></extensions></trkpt>
      <trkpt lon="120.909824" lat="23.472558"><ele>2782.073525</ele><time>2026-09-14T02:42:18Z</time><extensions><speed>1.313688</speed><course>113.412678</course><hAcc>1.553030</hAcc><vAcc>2.505275</vAcc></extensions></trkpt>
      <trkpt lon="120.909835" lat="23.472554"><ele>2782.129291</ele><time>2026-09-14T02:42:19Z</time><extensions><speed>1.149730</speed><course>110.269275</course><hAcc>1.548223</hAcc><vAcc>2.501954</vAcc></extensions></trkpt>
      <trkpt lon="120.909847" lat="23.472550"><ele>2782.183371</ele><time>2026-09-14T02:42:20Z</time><extensions><speed>1.323391</speed><course>107.099253</course><hAcc>1.534588</hAcc><vAcc>2.498764</vAcc></extensions></trkpt>
      <trkpt lon="120.909860" lat="23.472547"><ele>2782.235865</ele><time>2026-09-14T02:42:21Z</time><extensions><speed>1.375159</speed><course>105.065185</course><hAcc>1.531810</hAcc><vAcc>2.495709</vAcc></extensions></trkpt>
      <trkpt lon="120.909874" lat="23.472543"><ele>2782.290956</ele><time>2026-09-14T02:42:22Z</time><extensions><speed>1.349966</speed><course>103.586029</course><hAcc>1.531449</hAcc><vAcc>2.492421</vAcc></extensions></trkpt>
      <trkpt lon="120.909887" lat="23.472540"><ele>2782.344400</ele><time>2026-09-14T02:42:23Z</time><extensions><speed>1.293657</speed><course>102.145214</course><hAcc>1.523866</hAcc><vAcc>2.489267</vAcc></extensions></trkpt>
      <trkpt lon="120.909900" lat="23.472537"><ele>2782.396291</ele><time>2026-09-14T02:42:24Z</time><extensions><speed>1.417203</speed><course>102.615877</course><hAcc>1.509955</hAcc><vAcc>2.486252</vAcc></extensions></trkpt>
      <trkpt lon="120.909914" lat="23.472534"><ele>2782.450830</ele><time>2026-09-14T02:42:25Z</time><extensions><speed>1.437786</speed><course>105.019120</course><hAcc>1.508224</hAcc><vAcc>2.483009</vAcc></extensions></trkpt>
      <trkpt lon="120.909928" lat="23.472530"><ele>2782.503747</ele><time>2026-09-14T02:42:26Z</time><extensions><speed>1.513675</speed><course>105.644486</course><hAcc>1.482385</hAcc><vAcc>2.479905</vAcc></extensions></trkpt>
      <trkpt lon="120.909943" lat="23.472526"><ele>2782.559290</ele><time>2026-09-14T02:42:27Z</time><extensions><speed>1.589931</speed><course>107.730970</course><hAcc>1.476665</hAcc><vAcc>2.476567</vAcc></extensions></trkpt>
      <trkpt lon="120.909956" lat="23.472522"><ele>2782.613144</ele><time>2026-09-14T02:42:28Z</time><extensions><speed>1.194672</speed><course>110.788552</course><hAcc>1.510274</hAcc><vAcc>2.473369</vAcc></extensions></trkpt>
      <trkpt lon="120.909967" lat="23.472518"><ele>2782.665407</ele><time>2026-09-14T02:42:29Z</time><extensions><speed>1.354296</speed><course>113.243834</course><hAcc>1.485977</hAcc><vAcc>2.470313</vAcc></extensions></trkpt>
      <trkpt lon="120.909981" lat="23.472512"><ele>2782.720347</ele><time>2026-09-14T02:42:30Z</time><extensions><speed>1.646555</speed><course>115.134151</course><hAcc>1.473217</hAcc><vAcc>2.467028</vAcc></extensions></trkpt>
      <trkpt lon="120.909994" lat="23.472506"><ele>2782.773634</ele><time>2026-09-14T02:42:31Z</time><extensions><speed>1.376013</speed><course>116.189302</course><hAcc>1.491861</hAcc><vAcc>2.463883</vAcc></extensions></trkpt>
      <trkpt lon="120.910007" lat="23.472500"><ele>2782.829579</ele><time>2026-09-14T02:42:32Z</time><extensions><speed>1.498796</speed><course>116.708175</course><hAcc>1.481151</hAcc><vAcc>2.460498</vAcc></extensions></trkpt>
      <trkpt lon="120.910021" lat="23.472494"><ele>2782.883813</ele><time>2026-09-14T02:42:33Z</time><extensions><speed>1.605126</speed><course>115.800001</course><hAcc>1.483851</hAcc><vAcc>2.457248</vAcc></extensions></trkpt>
      <trkpt lon="120.910035" lat="23.472488"><ele>2782.936442</ele><time>2026-09-14T02:42:34Z</time><extensions><speed>1.589443</speed><course>114.833445</course><hAcc>1.493679</hAcc><vAcc>2.454131</vAcc></extensions></trkpt>
      <trkpt lon="120.910049" lat="23.472482"><ele>2782.991805</ele><time>2026-09-14T02:42:35Z</time><extensions><speed>1.516600</speed><course>113.916640</course><hAcc>1.510515</hAcc><vAcc>2.450767</vAcc></extensions></trkpt>
      <trkpt lon="120.910061" lat="23.472477"><ele>2783.045484</ele><time>2026-09-14T02:42:36Z</time><extensions><speed>1.233762</speed><course>113.510811</course><hAcc>1.528356</hAcc><vAcc>2.447536</vAcc></extensions></trkpt>
      <trkpt lon="120.910073" lat="23.472472"><ele>2783.101859</ele><time>2026-09-14T02:42:37Z</time><extensions><speed>1.267492</speed><course>113.416964</course><hAcc>1.510600</hAcc><vAcc>2.444055</vAcc></extensions></trkpt>
      <trkpt lon="120.910084" lat="23.472468"><ele>2783.156473</ele><time>2026-09-14T02:42:38Z</time><extensions><speed>1.246379</speed><course>114.536327</course><hAcc>1.513469</hAcc><vAcc>2.440709</vAcc></extensions></trkpt>
      <trkpt lon="120.910095" lat="23.472463"><ele>2783.209432</ele><time>2026-09-14T02:42:39Z</time><extensions><speed>1.205463</speed><course>114.977095</course><hAcc>1.515656</hAcc><vAcc>2.437499</vAcc></extensions></trkpt>
      <trkpt lon="120.910106" lat="23.472458"><ele>2783.265142</ele><time>2026-09-14T02:42:40Z</time><extensions><speed>1.216097</speed><course>114.980296</course><hAcc>1.516963</hAcc><vAcc>2.434041</vAcc></extensions></trkpt>
      <trkpt lon="120.910116" lat="23.472454"><ele>2783.319123</ele><time>2026-09-14T02:42:41Z</time><extensions><speed>1.138832</speed><course>114.820332</course><hAcc>1.513464</hAcc><vAcc>2.430720</vAcc></extensions></trkpt>
      <trkpt lon="120.910126" lat="23.472449"><ele>2783.375819</ele><time>2026-09-14T02:42:42Z</time><extensions><speed>0.989856</speed><course>115.030787</course><hAcc>1.521512</hAcc><vAcc>2.427150</vAcc></extensions></trkpt>
      <trkpt lon="120.910134" lat="23.472446"><ele>2783.430714</ele><time>2026-09-14T02:42:43Z</time><extensions><speed>0.935870</speed><course>115.068890</course><hAcc>1.544595</hAcc><vAcc>2.423720</vAcc></extensions></trkpt>
      <trkpt lon="120.910144" lat="23.472441"><ele>2783.483917</ele><time>2026-09-14T02:42:44Z</time><extensions><speed>1.152832</speed><course>115.480110</course><hAcc>1.520923</hAcc><vAcc>2.420432</vAcc></extensions></trkpt>
      <trkpt lon="120.910154" lat="23.472437"><ele>2783.539908</ele><time>2026-09-14T02:42:45Z</time><extensions><speed>1.179134</speed><course>116.135146</course><hAcc>1.505442</hAcc><vAcc>2.416894</vAcc></extensions></trkpt>
      <trkpt lon="120.910165" lat="23.472432"><ele>2783.594134</ele><time>2026-09-14T02:42:46Z</time><extensions><speed>1.207037</speed><course>116.653634</course><hAcc>1.501591</hAcc><vAcc>2.413498</vAcc></extensions></trkpt>
      <trkpt lon="120.910176" lat="23.472427"><ele>2783.646698</ele><time>2026-09-14T02:42:47Z</time><extensions><speed>1.276447</speed><course>116.505616</course><hAcc>1.510906</hAcc><vAcc>2.410251</vAcc></extensions></trkpt>
      <trkpt lon="120.910187" lat="23.472422"><ele>2783.702101</ele><time>2026-09-14T02:42:48Z</time><extensions><speed>1.255656</speed><course>115.782953</course><hAcc>1.525949</hAcc><vAcc>2.406760</vAcc></extensions></trkpt>
      <trkpt lon="120.910198" lat="23.472417"><ele>2783.755770</ele><time>2026-09-14T02:42:49Z</time><extensions><speed>1.203622</speed><course>116.051301</course><hAcc>1.513778</hAcc><vAcc>2.403418</vAcc></extensions></trkpt>
      <trkpt lon="120.910208" lat="23.472412"><ele>2783.812256</ele><time>2026-09-14T02:42:50Z</time><extensions><speed>1.007137</speed><course>114.090706</course><hAcc>1.532352</hAcc><vAcc>2.399824</vAcc></extensions></trkpt>
      <trkpt lon="120.910217" lat="23.472409"><ele>2783.866926</ele><time>2026-09-14T02:42:51Z</time><extensions><speed>0.986040</speed><course>113.247356</course><hAcc>1.544980</hAcc><vAcc>2.396379</vAcc></extensions></trkpt>
      <trkpt lon="120.910227" lat="23.472405"><ele>2783.919887</ele><time>2026-09-14T02:42:52Z</time><extensions><speed>1.152749</speed><course>113.302790</course><hAcc>1.533243</hAcc><vAcc>2.393087</vAcc></extensions></trkpt>
      <trkpt lon="120.910237" lat="23.472401"><ele>2783.975721</ele><time>2026-09-14T02:42:53Z</time><extensions><speed>1.176126</speed><course>113.277003</course><hAcc>1.526797</hAcc><vAcc>2.389549</vAcc></extensions></trkpt>
      <trkpt lon="120.910249" lat="23.472397"><ele>2784.029784</ele><time>2026-09-14T02:42:54Z</time><extensions><speed>1.307388</speed><course>110.641315</course><hAcc>1.551213</hAcc><vAcc>2.386161</vAcc></extensions></trkpt>
      <trkpt lon="120.910261" lat="23.472393"><ele>2784.086715</ele><time>2026-09-14T02:42:55Z</time><extensions><speed>1.327669</speed><course>107.909074</course><hAcc>1.567867</hAcc><vAcc>2.382515</vAcc></extensions></trkpt>
      <trkpt lon="120.910273" lat="23.472390"><ele>2784.141806</ele><time>2026-09-14T02:42:56Z</time><extensions><speed>1.359681</speed><course>105.947184</course><hAcc>1.575416</hAcc><vAcc>2.379011</vAcc></extensions></trkpt>
      <trkpt lon="120.910286" lat="23.472386"><ele>2784.195176</ele><time>2026-09-14T02:42:57Z</time><extensions><speed>1.303800</speed><course>104.385110</course><hAcc>1.575061</hAcc><vAcc>2.375649</vAcc></extensions></trkpt>
      <trkpt lon="120.910298" lat="23.472384"><ele>2784.251481</ele><time>2026-09-14T02:42:58Z</time><extensions><speed>1.179337</speed><course>102.280967</course><hAcc>1.562703</hAcc><vAcc>2.372021</vAcc></extensions></trkpt>
      <trkpt lon="120.910309" lat="23.472382"><ele>2784.305978</ele><time>2026-09-14T02:42:59Z</time><extensions><speed>1.150256</speed><course>100.104607</course><hAcc>1.539822</hAcc><vAcc>2.368533</vAcc></extensions></trkpt>
      <trkpt lon="120.910321" lat="23.472380"><ele>2784.363370</ele><time>2026-09-14T02:43:00Z</time><extensions><speed>1.218628</speed><course>100.157547</course><hAcc>1.544885</hAcc><vAcc>2.364777</vAcc></extensions></trkpt>
      <trkpt lon="120.910333" lat="23.472378"><ele>2784.418868</ele><time>2026-09-14T02:43:01Z</time><extensions><speed>1.281869</speed><course>100.483175</course><hAcc>1.563096</hAcc><vAcc>2.361164</vAcc></extensions></trkpt>
      <trkpt lon="120.910344" lat="23.472376"><ele>2784.472587</ele><time>2026-09-14T02:43:02Z</time><extensions><speed>1.022413</speed><course>101.075013</course><hAcc>1.598077</hAcc><vAcc>2.357695</vAcc></extensions></trkpt>
      <trkpt lon="120.910354" lat="23.472374"><ele>2784.529265</ele><time>2026-09-14T02:43:03Z</time><extensions><speed>0.950313</speed><course>97.451216</course><hAcc>1.552376</hAcc><vAcc>2.353960</vAcc></extensions></trkpt>
      <trkpt lon="120.910363" lat="23.472373"><ele>2784.584082</ele><time>2026-09-14T02:43:04Z</time><extensions><speed>0.947758</speed><course>99.327794</course><hAcc>1.559968</hAcc><vAcc>2.350370</vAcc></extensions></trkpt>
      <trkpt lon="120.910372" lat="23.472371"><ele>2784.641822</ele><time>2026-09-14T02:43:05Z</time><extensions><speed>0.999178</speed><course>102.169732</course><hAcc>1.573221</hAcc><vAcc>2.346512</vAcc></extensions></trkpt>
      <trkpt lon="120.910381" lat="23.472370"><ele>2784.697620</ele><time>2026-09-14T02:43:06Z</time><extensions><speed>0.841797</speed><course>100.817496</course><hAcc>1.567152</hAcc><vAcc>2.342802</vAcc></extensions></trkpt>
      <trkpt lon="120.910390" lat="23.472368"><ele>2784.751597</ele><time>2026-09-14T02:43:07Z</time><extensions><speed>0.796829</speed><course>101.518438</course><hAcc>1.558473</hAcc><vAcc>2.339244</vAcc></extensions></trkpt>
      <trkpt lon="120.910398" lat="23.472367"><ele>2784.808575</ele><time>2026-09-14T02:43:08Z</time><extensions><speed>0.831755</speed><course>105.702531</course><hAcc>1.538508</hAcc><vAcc>2.335417</vAcc></extensions></trkpt>
      <trkpt lon="120.910406" lat="23.472364"><ele>2784.863648</ele><time>2026-09-14T02:43:09Z</time><extensions><speed>0.825988</speed><course>110.254461</course><hAcc>1.525942</hAcc><vAcc>2.331741</vAcc></extensions></trkpt>
      <trkpt lon="120.910413" lat="23.472361"><ele>2784.916929</ele><time>2026-09-14T02:43:10Z</time><extensions><speed>0.712671</speed><course>114.447628</course><hAcc>1.544779</hAcc><vAcc>2.328224</vAcc></extensions></trkpt>
      <trkpt lon="120.910419" lat="23.472358"><ele>2784.973262</ele><time>2026-09-14T02:43:11Z</time><extensions><speed>0.712949</speed><course>119.567188</course><hAcc>1.533181</hAcc><vAcc>2.324445</vAcc></extensions></trkpt>
      <trkpt lon="120.910424" lat="23.472355"><ele>2785.027723</ele><time>2026-09-14T02:43:12Z</time><extensions><speed>0.548781</speed><course>120.087829</course><hAcc>1.542448</hAcc><vAcc>2.320825</vAcc></extensions></trkpt>
      <trkpt lon="120.910431" lat="23.472352"><ele>2785.085215</ele><time>2026-09-14T02:43:13Z</time><extensions><speed>0.994216</speed><course>124.917607</course><hAcc>1.504627</hAcc><vAcc>2.316936</vAcc></extensions></trkpt>
      <trkpt lon="120.910439" lat="23.472346"><ele>2785.140750</ele><time>2026-09-14T02:43:14Z</time><extensions><speed>1.008649</speed><course>127.655002</course><hAcc>1.507119</hAcc><vAcc>2.313204</vAcc></extensions></trkpt>
      <trkpt lon="120.910446" lat="23.472341"><ele>2785.194446</ele><time>2026-09-14T02:43:15Z</time><extensions><speed>0.877756</speed><course>125.960984</course><hAcc>1.517251</hAcc><vAcc>2.309636</vAcc></extensions></trkpt>
      <trkpt lon="120.910454" lat="23.472336"><ele>2785.251241</ele><time>2026-09-14T02:43:16Z</time><extensions><speed>0.990886</speed><course>123.830063</course><hAcc>1.500547</hAcc><vAcc>2.305804</vAcc></extensions></trkpt>
      <trkpt lon="120.910462" lat="23.472331"><ele>2785.306127</ele><time>2026-09-14T02:43:17Z</time><extensions><speed>1.027643</speed><course>129.467028</course><hAcc>1.522898</hAcc><vAcc>2.302132</vAcc></extensions></trkpt>
      <trkpt lon="120.910469" lat="23.472325"><ele>2785.364105</ele><time>2026-09-14T02:43:18Z</time><extensions><speed>0.959251</speed><course>134.599931</course><hAcc>1.549952</hAcc><vAcc>2.298183</vAcc></extensions></trkpt>
      <trkpt lon="120.910476" lat="23.472319"><ele>2785.420095</ele><time>2026-09-14T02:43:19Z</time><extensions><speed>0.984662</speed><course>142.078861</course><hAcc>1.548982</hAcc><vAcc>2.294384</vAcc></extensions></trkpt>
      <trkpt lon="120.910481" lat="23.472312"><ele>2785.474226</ele><time>2026-09-14T02:43:20Z</time><extensions><speed>0.923817</speed><course>148.159490</course><hAcc>1.546855</hAcc><vAcc>2.290735</vAcc></extensions></trkpt>
      <trkpt lon="120.910486" lat="23.472305"><ele>2785.531520</ele><time>2026-09-14T02:43:21Z</time><extensions><speed>0.942117</speed><course>146.175930</course><hAcc>1.552596</hAcc><vAcc>2.286800</vAcc></extensions></trkpt>
      <trkpt lon="120.910491" lat="23.472298"><ele>2785.586864</ele><time>2026-09-14T02:43:22Z</time><extensions><speed>0.835492</speed><course>149.943518</course><hAcc>1.574080</hAcc><vAcc>2.283013</vAcc></extensions></trkpt>
      <trkpt lon="120.910495" lat="23.472292"><ele>2785.645333</ele><time>2026-09-14T02:43:23Z</time><extensions><speed>0.726961</speed><course>150.964166</course><hAcc>1.602890</hAcc><vAcc>2.278936</vAcc></extensions></trkpt>
      <trkpt lon="120.910498" lat="23.472287"><ele>2785.701754</ele><time>2026-09-14T02:43:24Z</time><extensions><speed>0.572154</speed><course>144.991254</course><hAcc>1.598426</hAcc><vAcc>2.275010</vAcc></extensions></trkpt>
      <trkpt lon="120.910502" lat="23.472282"><ele>2785.756259</ele><time>2026-09-14T02:43:25Z</time><extensions><speed>0.675482</speed><course>143.094041</course><hAcc>1.577912</hAcc><vAcc>2.271239</vAcc></extensions></trkpt>
      <trkpt lon="120.910506" lat="23.472277"><ele>2785.813960</ele><time>2026-09-14T02:43:26Z</time><extensions><speed>0.807102</speed><course>147.311664</course><hAcc>1.594293</hAcc><vAcc>2.267179</vAcc></extensions></trkpt>
      <trkpt lon="120.910510" lat="23.472270"><ele>2785.869661</ele><time>2026-09-14T02:43:27Z</time><extensions><speed>0.850768</speed><course>152.900262</course><hAcc>1.639983</hAcc><vAcc>2.263274</vAcc></extensions></trkpt>
      <trkpt lon="120.910514" lat="23.472263"><ele>2785.928548</ele><time>2026-09-14T02:43:28Z</time><extensions><speed>0.784756</speed><course>152.719921</course><hAcc>1.646110</hAcc><vAcc>2.259077</vAcc></extensions></trkpt>
      <trkpt lon="120.910517" lat="23.472258"><ele>2785.985322</ele><time>2026-09-14T02:43:29Z</time><extensions><speed>0.680270</speed><course>148.875111</course><hAcc>1.622210</hAcc><vAcc>2.255038</vAcc></extensions></trkpt>
      <trkpt lon="120.910520" lat="23.472252"><ele>2786.040121</ele><time>2026-09-14T02:43:30Z</time><extensions><speed>0.614667</speed><course>148.808600</course><hAcc>1.603395</hAcc><vAcc>2.251161</vAcc></extensions></trkpt>
      <trkpt lon="120.910524" lat="23.472248"><ele>2786.098142</ele><time>2026-09-14T02:43:31Z</time><extensions><speed>0.585756</speed><course>150.261871</course><hAcc>1.586231</hAcc><vAcc>2.246995</vAcc></extensions></trkpt>
      <trkpt lon="120.910526" lat="23.472243"><ele>2786.154108</ele><time>2026-09-14T02:43:32Z</time><extensions><speed>0.550578</speed><course>152.139874</course><hAcc>1.566376</hAcc><vAcc>2.242989</vAcc></extensions></trkpt>
      <trkpt lon="120.910529" lat="23.472239"><ele>2786.208144</ele><time>2026-09-14T02:43:33Z</time><extensions><speed>0.521927</speed><course>155.467581</course><hAcc>1.550147</hAcc><vAcc>2.239152</vAcc></extensions></trkpt>
      <trkpt lon="120.910531" lat="23.472234"><ele>2786.265481</ele><time>2026-09-14T02:43:34Z</time><extensions><speed>0.555664</speed><course>162.118302</course><hAcc>1.551241</hAcc><vAcc>2.235036</vAcc></extensions></trkpt>
      <trkpt lon="120.910532" lat="23.472229"><ele>2786.320797</ele><time>2026-09-14T02:43:35Z</time><extensions><speed>0.479300</speed><course>167.264665</course><hAcc>1.566652</hAcc><vAcc>2.231087</vAcc></extensions></trkpt>
      <trkpt lon="120.910534" lat="23.472224"><ele>2786.379393</ele><time>2026-09-14T02:43:36Z</time><extensions><speed>0.699533</speed><course>169.983914</course><hAcc>1.538446</hAcc><vAcc>2.226850</vAcc></extensions></trkpt>
      <trkpt lon="120.910535" lat="23.472217"><ele>2786.435874</ele><time>2026-09-14T02:43:37Z</time><extensions><speed>1.016248</speed><course>173.024328</course><hAcc>1.517403</hAcc><vAcc>2.222780</vAcc></extensions></trkpt>
      <trkpt lon="120.910536" lat="23.472206"><ele>2786.490374</ele><time>2026-09-14T02:43:38Z</time><extensions><speed>1.334489</speed><course>174.530484</course><hAcc>1.516032</hAcc><vAcc>2.218885</vAcc></extensions></trkpt>
      <trkpt lon="120.910537" lat="23.472194"><ele>2786.548233</ele><time>2026-09-14T02:43:39Z</time><extensions><speed>1.385176</speed><course>174.118469</course><hAcc>1.521140</hAcc><vAcc>2.214708</vAcc></extensions></trkpt>
      <trkpt lon="120.910539" lat="23.472182"><ele>2786.604026</ele><time>2026-09-14T02:43:40Z</time><extensions><speed>1.330911</speed><course>172.545361</course><hAcc>1.529430</hAcc><vAcc>2.210701</vAcc></extensions></trkpt>
      <trkpt lon="120.910541" lat="23.472171"><ele>2786.663172</ele><time>2026-09-14T02:43:41Z</time><extensions><speed>1.210579</speed><course>170.504583</course><hAcc>1.547200</hAcc><vAcc>2.206394</vAcc></extensions></trkpt>
      <trkpt lon="120.910543" lat="23.472161"><ele>2786.720166</ele><time>2026-09-14T02:43:42Z</time><extensions><speed>1.019365</speed><course>168.742844</course><hAcc>1.549155</hAcc><vAcc>2.202247</vAcc></extensions></trkpt>
      <trkpt lon="120.910545" lat="23.472152"><ele>2786.775153</ele><time>2026-09-14T02:43:43Z</time><extensions><speed>0.948276</speed><course>169.066497</course><hAcc>1.557497</hAcc><vAcc>2.198259</vAcc></extensions></trkpt>
      <trkpt lon="120.910546" lat="23.472144"><ele>2786.833578</ele><time>2026-09-14T02:43:44Z</time><extensions><speed>0.950162</speed><course>170.335947</course><hAcc>1.573849</hAcc><vAcc>2.193960</vAcc></extensions></trkpt>
      <trkpt lon="120.910548" lat="23.472136"><ele>2786.889889</ele><time>2026-09-14T02:43:45Z</time><extensions><speed>0.805203</speed><course>171.143327</course><hAcc>1.597929</hAcc><vAcc>2.189817</vAcc></extensions></trkpt>
      <trkpt lon="120.910549" lat="23.472130"><ele>2786.949582</ele><time>2026-09-14T02:43:46Z</time><extensions><speed>0.444706</speed><course>169.184554</course><hAcc>1.607531</hAcc><vAcc>2.185361</vAcc></extensions></trkpt>
      <trkpt lon="120.910549" lat="23.472128"><ele>2787.007051</ele><time>2026-09-14T02:43:47Z</time><extensions><speed>0.168807</speed><course>164.015707</course><hAcc>1.621428</hAcc><vAcc>2.181064</vAcc></extensions></trkpt>
      <trkpt lon="120.910549" lat="23.472127"><ele>2787.062445</ele><time>2026-09-14T02:43:48Z</time><extensions><speed>0.027563</speed><course>143.040929</course><hAcc>1.641146</hAcc><vAcc>2.176931</vAcc></extensions></trkpt>
      <trkpt lon="120.910550" lat="23.472127"><ele>2787.121309</ele><time>2026-09-14T02:43:49Z</time><extensions><speed>0.010565</speed><course>320.337431</course><hAcc>1.659365</hAcc><vAcc>2.172485</vAcc></extensions></trkpt>
      <trkpt lon="120.910549" lat="23.472127"><ele>2787.177995</ele><time>2026-09-14T02:43:50Z</time><extensions><speed>0.034251</speed><course>302.280769</course><hAcc>1.680130</hAcc><vAcc>2.168203</vAcc></extensions></trkpt>
      <trkpt lon="120.910549" lat="23.472127"><ele>2787.238123</ele><time>2026-09-14T02:43:51Z</time><extensions><speed>0.050351</speed><course>292.433200</course><hAcc>1.703063</hAcc><vAcc>2.163606</vAcc></extensions></trkpt>
      <trkpt lon="120.910548" lat="23.472127"><ele>2787.295957</ele><time>2026-09-14T02:43:52Z</time><extensions><speed>0.059150</speed><course>272.007371</course><hAcc>1.716101</hAcc><vAcc>2.159177</vAcc></extensions></trkpt>
      <trkpt lon="120.910548" lat="23.472127"><ele>2787.351654</ele><time>2026-09-14T02:43:53Z</time><extensions><speed>0.074275</speed><course>242.758986</course><hAcc>1.716935</hAcc><vAcc>2.154919</vAcc></extensions></trkpt>
      <trkpt lon="120.910547" lat="23.472127"><ele>2787.410869</ele><time>2026-09-14T02:43:54Z</time><extensions><speed>0.084646</speed><course>221.057608</course><hAcc>1.716591</hAcc><vAcc>2.150348</vAcc></extensions></trkpt>
      <trkpt lon="120.910547" lat="23.472126"><ele>2787.467846</ele><time>2026-09-14T02:43:55Z</time><extensions><speed>0.085221</speed><course>201.133895</course><hAcc>1.716806</hAcc><vAcc>2.145947</vAcc></extensions></trkpt>
      <trkpt lon="120.910547" lat="23.472125"><ele>2787.522728</ele><time>2026-09-14T02:43:56Z</time><extensions><speed>0.077984</speed><course>180.976589</course><hAcc>1.719433</hAcc><vAcc>2.141726</vAcc></extensions></trkpt>
      <trkpt lon="120.910547" lat="23.472125"><ele>2787.581196</ele><time>2026-09-14T02:43:57Z</time><extensions><speed>0.086888</speed><course>162.325795</course><hAcc>1.722810</hAcc><vAcc>2.137204</vAcc></extensions></trkpt>
      <trkpt lon="120.910547" lat="23.472124"><ele>2787.637467</ele><time>2026-09-14T02:43:58Z</time><extensions><speed>0.101017</speed><course>154.411484</course><hAcc>1.724777</hAcc><vAcc>2.132862</vAcc></extensions></trkpt>
      <trkpt lon="120.910548" lat="23.472123"><ele>2787.697311</ele><time>2026-09-14T02:43:59Z</time><extensions><speed>0.136244</speed><course>158.831328</course><hAcc>1.725800</hAcc><vAcc>2.128207</vAcc></extensions></trkpt>
      <trkpt lon="120.910548" lat="23.472122"><ele>2787.754849</ele><time>2026-09-14T02:44:00Z</time><extensions><speed>0.110428</speed><course>157.015104</course><hAcc>1.724597</hAcc><vAcc>2.123730</vAcc></extensions></trkpt>
      <trkpt lon="120.910548" lat="23.472121"><ele>2787.810233</ele><time>2026-09-14T02:44:01Z</time><extensions><speed>0.045047</speed><course>131.684160</course><hAcc>1.721392</hAcc><vAcc>2.119441</vAcc></extensions></trkpt>
      <trkpt lon="120.910549" lat="23.472121"><ele>2787.869281</ele><time>2026-09-14T02:44:02Z</time><extensions><speed>0.026132</speed><course>82.412477</course><hAcc>1.717018</hAcc><vAcc>2.114847</vAcc></extensions></trkpt>
      <trkpt lon="120.910549" lat="23.472121"><ele>2787.926078</ele><time>2026-09-14T02:44:03Z</time><extensions><speed>0.033720</speed><course>34.420926</course><hAcc>1.714711</hAcc><vAcc>2.110435</vAcc></extensions></trkpt>
      <trkpt lon="120.910549" lat="23.472122"><ele>2787.986526</ele><time>2026-09-14T02:44:04Z</time><extensions><speed>0.045282</speed><course>22.856431</course><hAcc>1.712342</hAcc><vAcc>2.105699</vAcc></extensions></trkpt>
      <trkpt lon="120.910549" lat="23.472122"><ele>2788.044619</ele><time>2026-09-14T02:44:05Z</time><extensions><speed>0.054768</speed><course>21.004448</course><hAcc>1.714501</hAcc><vAcc>2.101130</vAcc></extensions></trkpt>
      <trkpt lon="120.910550" lat="23.472122"><ele>2788.100526</ele><time>2026-09-14T02:44:06Z</time><extensions><speed>0.042528</speed><course>40.801207</course><hAcc>1.708146</hAcc><vAcc>2.096728</vAcc></extensions></trkpt>
      <trkpt lon="120.910550" lat="23.472123"><ele>2788.160164</ele><time>2026-09-14T02:44:07Z</time><extensions><speed>0.043452</speed><course>57.428372</course><hAcc>1.706425</hAcc><vAcc>2.091990</vAcc></extensions></trkpt>
      <trkpt lon="120.910550" lat="23.472123"><ele>2788.217493</ele><time>2026-09-14T02:44:08Z</time><extensions><speed>0.049206</speed><course>86.046106</course><hAcc>1.706340</hAcc><vAcc>2.087414</vAcc></extensions></trkpt>
      <trkpt lon="120.910551" lat="23.472123"><ele>2788.278504</ele><time>2026-09-14T02:44:09Z</time><extensions><speed>0.060935</speed><course>102.355020</course><hAcc>1.705227</hAcc><vAcc>2.082499</vAcc></extensions></trkpt>
      <trkpt lon="120.910551" lat="23.472123"><ele>2788.337086</ele><time>2026-09-14T02:44:10Z</time><extensions><speed>0.056862</speed><course>60.564252</course><hAcc>1.708546</hAcc><vAcc>2.077752</vAcc></extensions></trkpt>
      <trkpt lon="120.910552" lat="23.472123"><ele>2788.393410</ele><time>2026-09-14T02:44:11Z</time><extensions><speed>0.060190</speed><course>55.291336</course><hAcc>1.705458</hAcc><vAcc>2.073176</vAcc></extensions></trkpt>
      <trkpt lon="120.910552" lat="23.472123"><ele>2788.453527</ele><time>2026-09-14T02:44:12Z</time><extensions><speed>0.058785</speed><course>75.661405</course><hAcc>1.696699</hAcc><vAcc>2.068262</vAcc></extensions></trkpt>
      <trkpt lon="120.910553" lat="23.472123"><ele>2788.511263</ele><time>2026-09-14T02:44:13Z</time><extensions><speed>0.069356</speed><course>110.582364</course><hAcc>1.695850</hAcc><vAcc>2.063519</vAcc></extensions></trkpt>
      <trkpt lon="120.910554" lat="23.472123"><ele>2788.572754</ele><time>2026-09-14T02:44:14Z</time><extensions><speed>0.078202</speed><course>114.649735</course><hAcc>1.686520</hAcc><vAcc>2.058436</vAcc></extensions></trkpt>
      <trkpt lon="120.910554" lat="23.472123"><ele>2788.631739</ele><time>2026-09-14T02:44:15Z</time><extensions><speed>0.093313</speed><course>123.052579</course><hAcc>1.678598</hAcc><vAcc>2.053530</vAcc></extensions></trkpt>
      <trkpt lon="120.910555" lat="23.472122"><ele>2788.688400</ele><time>2026-09-14T02:44:16Z</time><extensions><speed>0.058686</speed><course>90.466525</course><hAcc>1.672979</hAcc><vAcc>2.048805</vAcc></extensions></trkpt>
      <trkpt lon="120.910556" lat="23.472123"><ele>2788.748935</ele><time>2026-09-14T02:44:17Z</time><extensions><speed>0.047962</speed><course>52.609358</course><hAcc>1.676731</hAcc><vAcc>2.043738</vAcc></extensions></trkpt>
      <trkpt lon="120.910556" lat="23.472123"><ele>2788.807016</ele><time>2026-09-14T02:44:18Z</time><extensions><speed>0.035814</speed><course>35.124335</course><hAcc>1.693069</hAcc><vAcc>2.038851</vAcc></extensions></trkpt>
      <trkpt lon="120.910556" lat="23.472123"><ele>2788.862811</ele><time>2026-09-14T02:44:19Z</time><extensions><speed>0.035489</speed><course>27.551419</course><hAcc>1.670232</hAcc><vAcc>2.034154</vAcc></extensions></trkpt>
      <trkpt lon="120.910556" lat="23.472123"><ele>2788.922534</ele><time>2026-09-14T02:44:20Z</time><extensions><speed>0.029621</speed><course>24.577131</course><hAcc>1.660761</hAcc><vAcc>2.029133</vAcc></extensions></trkpt>
      <trkpt lon="120.910556" lat="23.472124"><ele>2788.979852</ele><time>2026-09-14T02:44:21Z</time><extensions><speed>0.022752</speed><course>23.065053</course><hAcc>1.665298</hAcc><vAcc>2.024303</vAcc></extensions></trkpt>
      <trkpt lon="120.910556" lat="23.472124"><ele>2789.041086</ele><time>2026-09-14T02:44:22Z</time><extensions><speed>0.016612</speed><course>22.187658</course><hAcc>1.672547</hAcc><vAcc>2.019132</vAcc></extensions></trkpt>
      <trkpt lon="120.910556" lat="23.472124"><ele>2789.099783</ele><time>2026-09-14T02:44:23Z</time><extensions><speed>0.011781</speed><course>21.636663</course><hAcc>1.677649</hAcc><vAcc>2.014150</vAcc></extensions></trkpt>
      <trkpt lon="120.910556" lat="23.472124"><ele>2789.156126</ele><time>2026-09-14T02:44:24Z</time><extensions><speed>0.008209</speed><course>21.274203</course><hAcc>1.680044</hAcc><vAcc>2.009369</vAcc></extensions></trkpt>
      <trkpt lon="120.910557" lat="23.472124"><ele>2789.216470</ele><time>2026-09-14T02:44:25Z</time><extensions><speed>0.005650</speed><course>21.028713</course><hAcc>1.680562</hAcc><vAcc>2.004261</vAcc></extensions></trkpt>
      <trkpt lon="120.910557" lat="23.472124"><ele>2789.274347</ele><time>2026-09-14T02:44:26Z</time><extensions><speed>0.010727</speed><course>35.926605</course><hAcc>1.679729</hAcc><vAcc>1.999346</vAcc></extensions></trkpt>
      <trkpt lon="120.910557" lat="23.472124"><ele>2789.336242</ele><time>2026-09-14T02:44:27Z</time><extensions><speed>0.019222</speed><course>40.405298</course><hAcc>1.677353</hAcc><vAcc>1.994078</vAcc></extensions></trkpt>
      <trkpt lon="120.910557" lat="23.472125"><ele>2789.395540</ele><time>2026-09-14T02:44:28Z</time><extensions><speed>0.029575</speed><course>39.418504</course><hAcc>1.673437</hAcc><vAcc>1.988984</vAcc></extensions></trkpt>
      <trkpt lon="120.910557" lat="23.472125"><ele>2789.452436</ele><time>2026-09-14T02:44:29Z</time><extensions><speed>0.043317</speed><course>38.988901</course><hAcc>1.665240</hAcc><vAcc>1.984065</vAcc></extensions></trkpt>
      <trkpt lon="120.910558" lat="23.472125"><ele>2789.513411</ele><time>2026-09-14T02:44:30Z</time><extensions><speed>0.060848</speed><course>38.581729</course><hAcc>1.653723</hAcc><vAcc>1.978779</vAcc></extensions></trkpt>
      <trkpt lon="120.910558" lat="23.472126"><ele>2789.571859</ele><time>2026-09-14T02:44:31Z</time><extensions><speed>0.081572</speed><course>38.335335</course><hAcc>1.641013</hAcc><vAcc>1.973662</vAcc></extensions></trkpt>
      <trkpt lon="120.910559" lat="23.472127"><ele>2789.634380</ele><time>2026-09-14T02:44:32Z</time><extensions><speed>0.103056</speed><course>38.200383</course><hAcc>1.633160</hAcc><vAcc>1.968173</vAcc></extensions></trkpt>
      <trkpt lon="120.910559" lat="23.472127"><ele>2789.694212</ele><time>2026-09-14T02:44:33Z</time><extensions><speed>0.119888</speed><course>38.137632</course><hAcc>1.639835</hAcc><vAcc>1.962858</vAcc></extensions></trkpt>
      <trkpt lon="120.910560" lat="23.472128"><ele>2789.751557</ele><time>2026-09-14T02:44:34Z</time><extensions><speed>0.130261</speed><course>38.136327</course><hAcc>1.657389</hAcc><vAcc>1.957722</vAcc></extensions></trkpt>
      <trkpt lon="120.910561" lat="23.472129"><ele>2789.813064</ele><time>2026-09-14T02:44:35Z</time><extensions><speed>0.163771</speed><course>38.207695</course><hAcc>1.653936</hAcc><vAcc>1.952217</vAcc></extensions></trkpt>
      <trkpt lon="120.910562" lat="23.472131"><ele>2789.871942</ele><time>2026-09-14T02:44:36Z</time><extensions><speed>0.211917</speed><course>38.413633</course><hAcc>1.621646</hAcc><vAcc>1.946891</vAcc></extensions></trkpt>
      <trkpt lon="120.910563" lat="23.472132"><ele>2789.934939</ele><time>2026-09-14T02:44:37Z</time><extensions><speed>0.178620</speed><course>38.372329</course><hAcc>1.612556</hAcc><vAcc>1.941196</vAcc></extensions></trkpt>
      <trkpt lon="120.910564" lat="23.472133"><ele>2789.995160</ele><time>2026-09-14T02:44:38Z</time><extensions><speed>0.112620</speed><course>45.800977</course><hAcc>1.621575</hAcc><vAcc>1.935685</vAcc></extensions></trkpt>
      <trkpt lon="120.910565" lat="23.472134"><ele>2790.052818</ele><time>2026-09-14T02:44:39Z</time><extensions><speed>0.083455</speed><course>30.375585</course><hAcc>1.631125</hAcc><vAcc>1.930363</vAcc></extensions></trkpt>
      <trkpt lon="120.910565" lat="23.472134"><ele>2790.114715</ele><time>2026-09-14T02:44:40Z</time><extensions><speed>0.065073</speed><course>22.278689</course><hAcc>1.619413</hAcc><vAcc>1.924673</vAcc></extensions></trkpt>
      <trkpt lon="120.910565" lat="23.472135"><ele>2790.173914</ele><time>2026-09-14T02:44:41Z</time><extensions><speed>0.046705</speed><course>18.078994</course><hAcc>1.610135</hAcc><vAcc>1.919168</vAcc></extensions></trkpt>
      <trkpt lon="120.910565" lat="23.472135"><ele>2790.237327</ele><time>2026-09-14T02:44:42Z</time><extensions><speed>0.031275</speed><course>15.710431</course><hAcc>1.611222</hAcc><vAcc>1.913291</vAcc></extensions></trkpt>
      <trkpt lon="120.910566" lat="23.472135"><ele>2790.297891</ele><time>2026-09-14T02:44:43Z</time><extensions><speed>0.020327</speed><course>14.317761</course><hAcc>1.617394</hAcc><vAcc>1.907604</vAcc></extensions></trkpt>
      <trkpt lon="120.910566" lat="23.472135"><ele>2790.355829</ele><time>2026-09-14T02:44:44Z</time><extensions><speed>0.015543</speed><course>13.556518</course><hAcc>1.617343</hAcc><vAcc>1.902110</vAcc></extensions></trkpt>
      <trkpt lon="120.910566" lat="23.472136"><ele>2790.418101</ele><time>2026-09-14T02:44:45Z</time><extensions><speed>0.011208</speed><course>13.184336</course><hAcc>1.626346</hAcc><vAcc>1.896243</vAcc></extensions></trkpt>
      <trkpt lon="120.910566" lat="23.472136"><ele>2790.477601</ele><time>2026-09-14T02:44:46Z</time><extensions><speed>0.010651</speed><course>13.007537</course><hAcc>1.615613</hAcc><vAcc>1.890564</vAcc></extensions></trkpt>
      <trkpt lon="120.910566" lat="23.472136"><ele>2790.534531</ele><time>2026-09-14T02:44:47Z</time><extensions><speed>0.008646</speed><course>12.933046</course><hAcc>1.625939</hAcc><vAcc>1.885091</vAcc></extensions></trkpt>
      <trkpt lon="120.910566" lat="23.472136"><ele>2790.595883</ele><time>2026-09-14T02:44:48Z</time><extensions><speed>0.006514</speed><course>12.893525</course><hAcc>1.645783</hAcc><vAcc>1.879265</vAcc></extensions></trkpt>
      <trkpt lon="120.910566" lat="23.472136"><ele>2790.654528</ele><time>2026-09-14T02:44:49Z</time><extensions><speed>0.004714</speed><course>12.870021</course><hAcc>1.661592</hAcc><vAcc>1.873642</vAcc></extensions></trkpt>
      <trkpt lon="120.910566" lat="23.472136"><ele>2790.717597</ele><time>2026-09-14T02:44:50Z</time><extensions><speed>0.003326</speed><course>12.855108</course><hAcc>1.671091</hAcc><vAcc>1.867647</vAcc></extensions></trkpt>
      <trkpt lon="120.910566" lat="23.472136"><ele>2790.777793</ele><time>2026-09-14T02:44:51Z</time><extensions><speed>0.002317</speed><course>12.845268</course><hAcc>1.675510</hAcc><vAcc>1.861851</vAcc></extensions></trkpt>
      <trkpt lon="120.910566" lat="23.472136"><ele>2790.835333</ele><time>2026-09-14T02:44:52Z</time><extensions><speed>0.001596</speed><course>12.838620</course><hAcc>1.677138</hAcc><vAcc>1.856270</vAcc></extensions></trkpt>
      <trkpt lon="120.910566" lat="23.472136"><ele>2790.897399</ele><time>2026-09-14T02:44:53Z</time><extensions><speed>0.001089</speed><course>12.834044</course><hAcc>1.677191</hAcc><vAcc>1.850337</vAcc></extensions></trkpt>
      <trkpt lon="120.910566" lat="23.472136"><ele>2790.956678</ele><time>2026-09-14T02:44:54Z</time><extensions><speed>0.000742</speed><course>12.830858</course><hAcc>1.675654</hAcc><vAcc>1.844608</vAcc></extensions></trkpt>
      <trkpt lon="120.910566" lat="23.472136"><ele>2791.020502</ele><time>2026-09-14T02:44:55Z</time><extensions><speed>0.000499</speed><course>12.828625</course><hAcc>1.673670</hAcc><vAcc>1.838490</vAcc></extensions></trkpt>
      <trkpt lon="120.910566" lat="23.472136"><ele>2791.081384</ele><time>2026-09-14T02:44:56Z</time><extensions><speed>0.000340</speed><course>12.827052</course><hAcc>1.668868</hAcc><vAcc>1.832549</vAcc></extensions></trkpt>
      <trkpt lon="120.910566" lat="23.472136"><ele>2791.139561</ele><time>2026-09-14T02:44:57Z</time><extensions><speed>0.000228</speed><course>12.825956</course><hAcc>1.664507</hAcc><vAcc>1.826784</vAcc></extensions></trkpt>
      <trkpt lon="120.910566" lat="23.472136"><ele>2791.202378</ele><time>2026-09-14T02:44:58Z</time><extensions><speed>0.000153</speed><course>12.825180</course><hAcc>1.658099</hAcc><vAcc>1.820607</vAcc></extensions></trkpt>
      <trkpt lon="120.910566" lat="23.472136"><ele>2791.262315</ele><time>2026-09-14T02:44:59Z</time><extensions><speed>0.000104</speed><course>12.824634</course><hAcc>1.646891</hAcc><vAcc>1.814597</vAcc></extensions></trkpt>
      <trkpt lon="120.910566" lat="23.472136"><ele>2791.326858</ele><time>2026-09-14T02:45:00Z</time><extensions><speed>0.000071</speed><course>12.824270</course><hAcc>1.634827</hAcc><vAcc>1.808173</vAcc></extensions></trkpt>
      <trkpt lon="120.910566" lat="23.472136"><ele>2791.388332</ele><time>2026-09-14T02:45:01Z</time><extensions><speed>0.000046</speed><course>12.824046</course><hAcc>1.628243</hAcc><vAcc>1.801922</vAcc></extensions></trkpt>
      <trkpt lon="120.910566" lat="23.472136"><ele>2791.446983</ele><time>2026-09-14T02:45:02Z</time><extensions><speed>0.000029</speed><course>12.823915</course><hAcc>1.625123</hAcc><vAcc>1.795851</vAcc></extensions></trkpt>
      <trkpt lon="120.910566" lat="23.472136"><ele>2791.510346</ele><time>2026-09-14T02:45:03Z</time><extensions><speed>0.000021</speed><course>12.823859</course><hAcc>1.606202</hAcc><vAcc>1.789371</vAcc></extensions></trkpt>
      <trkpt lon="120.910566" lat="23.472136"><ele>2791.570717</ele><time>2026-09-14T02:45:04Z</time><extensions><speed>0.000015</speed><course>12.823867</course><hAcc>1.589458</hAcc><vAcc>1.783069</vAcc></extensions></trkpt>
      <trkpt lon="120.910566" lat="23.472136"><ele>2791.635782</ele><time>2026-09-14T02:45:05Z</time><extensions><speed>0.000010</speed><course>12.823956</course><hAcc>1.584091</hAcc><vAcc>1.776358</vAcc></extensions></trkpt>
      <trkpt lon="120.910566" lat="23.472136"><ele>2791.697665</ele><time>2026-09-14T02:45:06Z</time><extensions><speed>0.000006</speed><course>12.824172</course><hAcc>1.596751</hAcc><vAcc>1.769832</vAcc></extensions></trkpt>
      <trkpt lon="120.910566" lat="23.472136"><ele>2791.756631</ele><time>2026-09-14T02:45:07Z</time><extensions><speed>0.000004</speed><course>12.824520</course><hAcc>1.600998</hAcc><vAcc>1.763496</vAcc></extensions></trkpt>
      <trkpt lon="120.910566" lat="23.472136"><ele>2791.820404</ele><time>2026-09-14T02:45:08Z</time><extensions><speed>0.000003</speed><course>12.825076</course><hAcc>1.602711</hAcc><vAcc>1.756754</vAcc></extensions></trkpt>
      <trkpt lon="120.910566" lat="23.472136"><ele>2791.881088</ele><time>2026-09-14T02:45:09Z</time><extensions><speed>0.000003</speed><course>12.825911</course><hAcc>1.615999</hAcc><vAcc>1.750195</vAcc></extensions></trkpt>
      <trkpt lon="120.910566" lat="23.472136"><ele>2791.938926</ele><time>2026-09-14T02:45:10Z</time><extensions><speed>0.000002</speed><course>12.826792</course><hAcc>1.609203</hAcc><vAcc>1.743844</vAcc></extensions></trkpt>
      <trkpt lon="120.910566" lat="23.472136"><ele>2792.001672</ele><time>2026-09-14T02:45:11Z</time><extensions><speed>0.000002</speed><course>12.827315</course><hAcc>1.623141</hAcc><vAcc>1.737117</vAcc></extensions></trkpt>
      <trkpt lon="120.910566" lat="23.472136"><ele>2792.061401</ele><time>2026-09-14T02:45:12Z</time><extensions><speed>0.000002</speed><course>12.827619</course><hAcc>1.645398</hAcc><vAcc>1.730593</vAcc></extensions></trkpt>
      <trkpt lon="120.910566" lat="23.472136"><ele>2792.126052</ele><time>2026-09-14T02:45:13Z</time><extensions><speed>0.000001</speed><course>12.827536</course><hAcc>1.662133</hAcc><vAcc>1.723667</vAcc></extensions></trkpt>
      <trkpt lon="120.910566" lat="23.472136"><ele>2792.187491</ele><time>2026-09-14T02:45:14Z</time><extensions><speed>0.000001</speed><course>12.826719</course><hAcc>1.671443</hAcc><vAcc>1.716941</vAcc></extensions></trkpt>
      <trkpt lon="120.910566" lat="23.472136"><ele>2792.245981</ele><time>2026-09-14T02:45:15Z</time><extensions><speed>0.000001</speed><course>12.825292</course><hAcc>1.674804</hAcc><vAcc>1.710436</vAcc></extensions></trkpt>
      <trkpt lon="120.910566" lat="23.472136"><ele>2792.309514</ele><time>2026-09-14T02:45:16Z</time><extensions><speed>0.000000</speed><course>12.822584</course><hAcc>1.673119</hAcc><vAcc>1.703561</vAcc></extensions></trkpt>
      <trkpt lon="120.910566" lat="23.472136"><ele>2792.369931</ele><time>2026-09-14T02:45:17Z</time><extensions><speed>0.000000</speed><course>12.817103</course><hAcc>1.668432</hAcc><vAcc>1.696891</vAcc></extensions></trkpt>
      <trkpt lon="120.910566" lat="23.472136"><ele>2792.435409</ele><time>2026-09-14T02:45:18Z</time><extensions><speed>0.000000</speed><course>12.810414</course><hAcc>1.659575</hAcc><vAcc>1.689803</vAcc></extensions></trkpt>
      <trkpt lon="120.910566" lat="23.472136"><ele>2792.497585</ele><time>2026-09-14T02:45:19Z</time><extensions><speed>0.000000</speed><course>12.804773</course><hAcc>1.648509</hAcc><vAcc>1.682881</vAcc></extensions></trkpt>
      <trkpt lon="120.910566" lat="23.472136"><ele>2792.556747</ele><time>2026-09-14T02:45:20Z</time><extensions><speed>0.000000</speed><course>12.796483</course><hAcc>1.637681</hAcc><vAcc>1.676119</vAcc></extensions></trkpt>
      <trkpt lon="120.910566" lat="23.472136"><ele>2792.621072</ele><time>2026-09-14T02:45:21Z</time><extensions><speed>0.000000</speed><course>12.791139</course><hAcc>1.627729</hAcc><vAcc>1.668906</vAcc></extensions></trkpt>
      <trkpt lon="120.910566" lat="23.472136"><ele>2792.682168</ele><time>2026-09-14T02:45:22Z</time><extensions><speed>0.000000</speed><course>12.805858</course><hAcc>1.612357</hAcc><vAcc>1.661841</vAcc></extensions></trkpt>
      <trkpt lon="120.910566" lat="23.472136"><ele>2792.748395</ele><time>2026-09-14T02:45:23Z</time><extensions><speed>0.000000</speed><course>12.843159</course><hAcc>1.610451</hAcc><vAcc>1.654325</vAcc></extensions></trkpt>
      <trkpt lon="120.910566" lat="23.472136"><ele>2792.811165</ele><time>2026-09-14T02:45:24Z</time><extensions><speed>0.000000</speed><course>12.870103</course><hAcc>1.612897</hAcc><vAcc>1.646968</vAcc></extensions></trkpt>
      <trkpt lon="120.910566" lat="23.472136"><ele>2792.870782</ele><time>2026-09-14T02:45:25Z</time><extensions><speed>0.000000</speed><course>12.835858</course><hAcc>1.625898</hAcc><vAcc>1.639774</vAcc></extensions></trkpt>
      <trkpt lon="120.910566" lat="23.472136"><ele>2792.935651</ele><time>2026-09-14T02:45:26Z</time><extensions><speed>0.000000</speed><course>12.767002</course><hAcc>1.629915</hAcc><vAcc>1.632136</vAcc></extensions></trkpt>
      <trkpt lon="120.910566" lat="23.472136"><ele>2792.997152</ele><time>2026-09-14T02:45:27Z</time><extensions><speed>0.000000</speed><course>12.708832</course><hAcc>1.615252</hAcc><vAcc>1.624657</vAcc></extensions></trkpt>
      <trkpt lon="120.910566" lat="23.472136"><ele>2792.920300</ele><time>2026-09-14T02:45:28Z</time><extensions><speed>0.000000</speed><course>12.627838</course><hAcc>1.625165</hAcc><vAcc>1.613798</vAcc></extensions></trkpt>
      <trkpt lon="120.910566" lat="23.472136"><ele>2792.835053</ele><time>2026-09-14T02:45:29Z</time><extensions><speed>0.000000</speed><course>12.391042</course><hAcc>1.645624</hAcc><vAcc>1.602894</vAcc></extensions></trkpt>
      <trkpt lon="120.910566" lat="23.472136"><ele>2792.733169</ele><time>2026-09-14T02:45:30Z</time><extensions><speed>0.000000</speed><course>11.813878</course><hAcc>1.660916</hAcc><vAcc>1.592645</vAcc></extensions></trkpt>
      <trkpt lon="120.910566" lat="23.472136"><ele>2792.461085</ele><time>2026-09-14T02:45:31Z</time><extensions><speed>0.000118</speed><course>152.020260</course><hAcc>1.669539</hAcc><vAcc>1.602072</vAcc></extensions></trkpt>
      <trkpt lon="120.910566" lat="23.472136"><ele>2792.358494</ele><time>2026-09-14T02:45:32Z</time><extensions><speed>0.000233</speed><course>152.369004</course><hAcc>1.675045</hAcc><vAcc>1.613796</vAcc></extensions></trkpt>
      <trkpt lon="120.910566" lat="23.472136"><ele>2792.164571</ele><time>2026-09-14T02:45:33Z</time><extensions><speed>0.000343</speed><course>146.293554</course><hAcc>1.677164</hAcc><vAcc>1.631065</vAcc></extensions></trkpt>
      <trkpt lon="120.910566" lat="23.472136"><ele>2791.950119</ele><time>2026-09-14T02:45:34Z</time><extensions><speed>0.000404</speed><course>142.486370</course><hAcc>1.680384</hAcc><vAcc>1.654115</vAcc></extensions></trkpt>
      <trkpt lon="120.910566" lat="23.472136"><ele>2791.730294</ele><time>2026-09-14T02:45:35Z</time><extensions><speed>0.000680</speed><course>141.851669</course><hAcc>1.691229</hAcc><vAcc>1.683547</vAcc></extensions></trkpt>
      <trkpt lon="120.910566" lat="23.472136"><ele>2791.524868</ele><time>2026-09-14T02:45:36Z</time><extensions><speed>0.001399</speed><course>141.129120</course><hAcc>1.722205</hAcc><vAcc>1.719722</vAcc></extensions></trkpt>
      <trkpt lon="120.910566" lat="23.472136"><ele>2791.357844</ele><time>2026-09-14T02:45:37Z</time><extensions><speed>0.003472</speed><course>140.139598</course><hAcc>1.781289</hAcc><vAcc>1.762718</vAcc></extensions></trkpt>
      <trkpt lon="120.910566" lat="23.472136"><ele>2791.264173</ele><time>2026-09-14T02:45:38Z</time><extensions><speed>0.008001</speed><course>139.873921</course><hAcc>1.883556</hAcc><vAcc>1.812294</vAcc></extensions></trkpt>
      <trkpt lon="120.910566" lat="23.472136"><ele>2791.290515</ele><time>2026-09-14T02:45:39Z</time><extensions><speed>0.019574</speed><course>139.301318</course><hAcc>2.034309</hAcc><vAcc>1.868027</vAcc></extensions></trkpt>
      <trkpt lon="120.910566" lat="23.472136"><ele>2791.493326</ele><time>2026-09-14T02:45:40Z</time><extensions><speed>0.041862</speed><course>138.320397</course><hAcc>2.291865</hAcc><vAcc>1.929933</vAcc></extensions></trkpt>
      <trkpt lon="120.910550" lat="23.472163"><ele>2795.924421</ele><time>2026-09-14T02:45:55Z</time><extensions><speed>0.478063</speed><course>330.297479</course><hAcc>8.192389</hAcc><vAcc>1.920770</vAcc></extensions></trkpt>
      <trkpt lon="120.910547" lat="23.472168"><ele>2796.322338</ele><time>2026-09-14T02:45:56Z</time><extensions><speed>0.619115</speed><course>328.942070</course><hAcc>8.400564</hAcc><vAcc>1.828991</vAcc></extensions></trkpt>
      <trkpt lon="120.910543" lat="23.472174"><ele>2796.541311</ele><time>2026-09-14T02:45:57Z</time><extensions><speed>0.729714</speed><course>327.778431</course><hAcc>8.265231</hAcc><vAcc>1.740690</vAcc></extensions></trkpt>
      <trkpt lon="120.910538" lat="23.472181"><ele>2796.602668</ele><time>2026-09-14T02:45:59Z</time><extensions><speed>0.814879</speed><course>326.373231</course><hAcc>7.822499</hAcc><vAcc>1.643943</vAcc></extensions></trkpt>
      <trkpt lon="120.910533" lat="23.472188"><ele>2796.581186</ele><time>2026-09-14T02:46:00Z</time><extensions><speed>0.825435</speed><course>325.673892</course><hAcc>7.300817</hAcc><vAcc>1.566266</vAcc></extensions></trkpt>
      <trkpt lon="120.910528" lat="23.472194"><ele>2796.506230</ele><time>2026-09-14T02:46:01Z</time><extensions><speed>0.796851</speed><course>325.463887</course><hAcc>6.773751</hAcc><vAcc>1.500511</vAcc></extensions></trkpt>
      <trkpt lon="120.910523" lat="23.472200"><ele>2796.400613</ele><time>2026-09-14T02:46:02Z</time><extensions><speed>0.739883</speed><course>325.857464</course><hAcc>6.295624</hAcc><vAcc>1.446209</vAcc></extensions></trkpt>
      <trkpt lon="120.910519" lat="23.472205"><ele>2796.281099</ele><time>2026-09-14T02:46:03Z</time><extensions><speed>0.661934</speed><course>327.078152</course><hAcc>5.906491</hAcc><vAcc>1.402383</vAcc></extensions></trkpt>
      <trkpt lon="120.910515" lat="23.472210"><ele>2796.156536</ele><time>2026-09-14T02:46:04Z</time><extensions><speed>0.573201</speed><course>329.167163</course><hAcc>5.622666</hAcc><vAcc>1.367873</vAcc></extensions></trkpt>
      <trkpt lon="120.910512" lat="23.472215"><ele>2796.036668</ele><time>2026-09-14T02:46:05Z</time><extensions><speed>0.478954</speed><course>332.316902</course><hAcc>5.436721</hAcc><vAcc>1.341151</vAcc></extensions></trkpt>
      <trkpt lon="120.910510" lat="23.472219"><ele>2795.925856</ele><time>2026-09-14T02:46:06Z</time><extensions><speed>0.380823</speed><course>337.416309</course><hAcc>5.327803</hAcc><vAcc>1.320797</vAcc></extensions></trkpt>
      <trkpt lon="120.910509" lat="23.472222"><ele>2795.822607</ele><time>2026-09-14T02:46:07Z</time><extensions><speed>0.278634</speed><course>346.693603</course><hAcc>5.271620</hAcc><vAcc>1.305743</vAcc></extensions></trkpt>
      <trkpt lon="120.910509" lat="23.472225"><ele>2795.731561</ele><time>2026-09-14T02:46:08Z</time><extensions><speed>0.181421</speed><course>7.040152</course><hAcc>5.247085</hAcc><vAcc>1.294780</vAcc></extensions></trkpt>
      <trkpt lon="120.910509" lat="23.472226"><ele>2795.646046</ele><time>2026-09-14T02:46:09Z</time><extensions><speed>0.132801</speed><course>54.827337</course><hAcc>5.233392</hAcc><vAcc>1.287458</vAcc></extensions></trkpt>
      <trkpt lon="120.910511" lat="23.472227"><ele>2795.572004</ele><time>2026-09-14T02:46:10Z</time><extensions><speed>0.195053</speed><course>100.974218</course><hAcc>5.232197</hAcc><vAcc>1.282861</vAcc></extensions></trkpt>
      <trkpt lon="120.910513" lat="23.472226"><ele>2795.508605</ele><time>2026-09-14T02:46:11Z</time><extensions><speed>0.311668</speed><course>121.507882</course><hAcc>5.231249</hAcc><vAcc>1.280485</vAcc></extensions></trkpt>
      <trkpt lon="120.910517" lat="23.472223"><ele>2795.448404</ele><time>2026-09-14T02:46:12Z</time><extensions><speed>0.441358</speed><course>132.519507</course><hAcc>5.222836</hAcc><vAcc>1.280302</vAcc></extensions></trkpt>
      <trkpt lon="120.910520" lat="23.472220"><ele>2795.396571</ele><time>2026-09-14T02:46:13Z</time><extensions><speed>0.565517</speed><course>140.116443</course><hAcc>5.209425</hAcc><vAcc>1.280905</vAcc></extensions></trkpt>
      <trkpt lon="120.910525" lat="23.472213"><ele>2795.352353</ele><time>2026-09-14T02:46:14Z</time><extensions><speed>0.784484</speed><course>147.461384</course><hAcc>5.049038</hAcc><vAcc>1.281481</vAcc></extensions></trkpt>
      <trkpt lon="120.910529" lat="23.472205"><ele>2795.309407</ele><time>2026-09-14T02:46:15Z</time><extensions><speed>0.933671</speed><course>151.371475</course><hAcc>4.906964</hAcc><vAcc>1.282955</vAcc></extensions></trkpt>
      <trkpt lon="120.910534" lat="23.472197"><ele>2795.272044</ele><time>2026-09-14T02:46:16Z</time><extensions><speed>1.014982</speed><course>154.018152</course><hAcc>4.731608</hAcc><vAcc>1.284885</vAcc></extensions></trkpt>
      <trkpt lon="120.910538" lat="23.472189"><ele>2795.238631</ele><time>2026-09-14T02:46:17Z</time><extensions><speed>1.051610</speed><course>156.013245</course><hAcc>4.482874</hAcc><vAcc>1.287208</vAcc></extensions></trkpt>
      <trkpt lon="120.910542" lat="23.472180"><ele>2795.199548</ele><time>2026-09-14T02:46:18Z</time><extensions><speed>1.046507</speed><course>157.488992</course><hAcc>4.150658</hAcc><vAcc>1.290444</vAcc></extensions></trkpt>
      <trkpt lon="120.910546" lat="23.472172"><ele>2795.158625</ele><time>2026-09-14T02:46:19Z</time><extensions><speed>0.997430</speed><course>158.678029</course><hAcc>3.739515</hAcc><vAcc>1.294219</vAcc></extensions></trkpt>
      <trkpt lon="120.910549" lat="23.472164"><ele>2795.111511</ele><time>2026-09-14T02:46:20Z</time><extensions><speed>0.902497</speed><course>159.902156</course><hAcc>3.272973</hAcc><vAcc>1.298383</vAcc></extensions></trkpt>
      <trkpt lon="120.910551" lat="23.472157"><ele>2795.044515</ele><time>2026-09-14T02:46:21Z</time><extensions><speed>0.750966</speed><course>161.147571</course><hAcc>2.794994</hAcc><vAcc>1.302636</vAcc></extensions></trkpt>
      <trkpt lon="120.910553" lat="23.472151"><ele>2794.957069</ele><time>2026-09-14T02:46:22Z</time><extensions><speed>0.525641</speed><course>162.644196</course><hAcc>2.363054</hAcc><vAcc>1.303464</vAcc></extensions></trkpt>
      <trkpt lon="120.910554" lat="23.472149"><ele>2794.981916</ele><time>2026-09-14T02:46:22Z</time><extensions><speed>0.440301</speed><course>163.378068</course><hAcc>2.176099</hAcc><vAcc>1.299662</vAcc></extensions></trkpt>
      <trkpt lon="120.910555" lat="23.472147"><ele>2795.024712</ele><time>2026-09-14T02:46:23Z</time><extensions><speed>0.362234</speed><course>164.270420</course><hAcc>2.076024</hAcc><vAcc>1.301085</vAcc></extensions></trkpt>
      <trkpt lon="120.910555" lat="23.472145"><ele>2794.946440</ele><time>2026-09-14T02:46:24Z</time><extensions><speed>0.146382</speed><course>173.941420</course><hAcc>1.968257</hAcc><vAcc>1.318626</vAcc></extensions></trkpt>
      <trkpt lon="120.910555" lat="23.472144"><ele>2794.882492</ele><time>2026-09-14T02:46:25Z</time><extensions><speed>0.106757</speed><course>194.249264</course><hAcc>1.855746</hAcc><vAcc>1.333483</vAcc></extensions></trkpt>
      <trkpt lon="120.910555" lat="23.472143"><ele>2794.835657</ele><time>2026-09-14T02:46:26Z</time><extensions><speed>0.080082</speed><course>223.373530</course><hAcc>1.777905</hAcc><vAcc>1.348050</vAcc></extensions></trkpt>
      <trkpt lon="120.910554" lat="23.472143"><ele>2794.796496</ele><time>2026-09-14T02:46:27Z</time><extensions><speed>0.084178</speed><course>233.868883</course><hAcc>1.735709</hAcc><vAcc>1.363197</vAcc></extensions></trkpt>
      <trkpt lon="120.910553" lat="23.472142"><ele>2794.768067</ele><time>2026-09-14T02:46:28Z</time><extensions><speed>0.087576</speed><course>243.406296</course><hAcc>1.714498</hAcc><vAcc>1.378304</vAcc></extensions></trkpt>
      <trkpt lon="120.910553" lat="23.472142"><ele>2794.747939</ele><time>2026-09-14T02:46:29Z</time><extensions><speed>0.075904</speed><course>247.446401</course><hAcc>1.719298</hAcc><vAcc>1.392975</vAcc></extensions></trkpt>
      <trkpt lon="120.910552" lat="23.472142"><ele>2794.727708</ele><time>2026-09-14T02:46:30Z</time><extensions><speed>0.073161</speed><course>222.299735</course><hAcc>1.720525</hAcc><vAcc>1.407353</vAcc></extensions></trkpt>
      <trkpt lon="120.910552" lat="23.472141"><ele>2794.712162</ele><time>2026-09-14T02:46:31Z</time><extensions><speed>0.045572</speed><course>234.410150</course><hAcc>1.720322</hAcc><vAcc>1.420886</vAcc></extensions></trkpt>
      <trkpt lon="120.910551" lat="23.472141"><ele>2794.693896</ele><time>2026-09-14T02:46:32Z</time><extensions><speed>0.022167</speed><course>222.658548</course><hAcc>1.722967</hAcc><vAcc>1.433922</vAcc></extensions></trkpt>
      <trkpt lon="120.910551" lat="23.472141"><ele>2794.678406</ele><time>2026-09-14T02:46:33Z</time><extensions><speed>0.042236</speed><course>160.580185</course><hAcc>1.718532</hAcc><vAcc>1.446087</vAcc></extensions></trkpt>
      <trkpt lon="120.910552" lat="23.472140"><ele>2794.665195</ele><time>2026-09-14T02:46:34Z</time><extensions><speed>0.089630</speed><course>151.370728</course><hAcc>1.717191</hAcc><vAcc>1.457433</vAcc></extensions></trkpt>
      <trkpt lon="120.910552" lat="23.472140"><ele>2794.647456</ele><time>2026-09-14T02:46:35Z</time><extensions><speed>0.075378</speed><course>141.734732</course><hAcc>1.708772</hAcc><vAcc>1.468504</vAcc></extensions></trkpt>
      <trkpt lon="120.910552" lat="23.472139"><ele>2794.631426</ele><time>2026-09-14T02:46:36Z</time><extensions><speed>0.048451</speed><course>133.498118</course><hAcc>1.707467</hAcc><vAcc>1.478955</vAcc></extensions></trkpt>
      <trkpt lon="120.910553" lat="23.472139"><ele>2794.610683</ele><time>2026-09-14T02:46:37Z</time><extensions><speed>0.030523</speed><course>133.025101</course><hAcc>1.704371</hAcc><vAcc>1.489283</vAcc></extensions></trkpt>
      <trkpt lon="120.910553" lat="23.472139"><ele>2794.591565</ele><time>2026-09-14T02:46:38Z</time><extensions><speed>0.012125</speed><course>33.117063</course><hAcc>1.691059</hAcc><vAcc>1.499125</vAcc></extensions></trkpt>
      <trkpt lon="120.910553" lat="23.472139"><ele>2794.574109</ele><time>2026-09-14T02:46:39Z</time><extensions><speed>0.016794</speed><course>6.029265</course><hAcc>1.673626</hAcc><vAcc>1.508518</vAcc></extensions></trkpt>
      <trkpt lon="120.910553" lat="23.472139"><ele>2794.551907</ele><time>2026-09-14T02:46:40Z</time><extensions><speed>0.020628</speed><course>356.096746</course><hAcc>1.666510</hAcc><vAcc>1.517976</vAcc></extensions></trkpt>
      <trkpt lon="120.910553" lat="23.472140"><ele>2794.531474</ele><time>2026-09-14T02:46:41Z</time><extensions><speed>0.018806</speed><course>353.327948</course><hAcc>1.650795</hAcc><vAcc>1.527085</vAcc></extensions></trkpt>
      <trkpt lon="120.910553" lat="23.472140"><ele>2794.512895</ele><time>2026-09-14T02:46:42Z</time><extensions><speed>0.014718</speed><course>352.142139</course><hAcc>1.635608</hAcc><vAcc>1.535822</vAcc></extensions></trkpt>
      <trkpt lon="120.910553" lat="23.472140"><ele>2794.489748</ele><time>2026-09-14T02:46:43Z</time><extensions><speed>0.010667</speed><course>351.521439</course><hAcc>1.622692</hAcc><vAcc>1.544656</vAcc></extensions></trkpt>
      <trkpt lon="120.910553" lat="23.472140"><ele>2794.468565</ele><time>2026-09-14T02:46:44Z</time><extensions><speed>0.007696</speed><course>351.172821</course><hAcc>1.608409</hAcc><vAcc>1.553167</vAcc></extensions></trkpt>
      <trkpt lon="120.910553" lat="23.472140"><ele>2794.443045</ele><time>2026-09-14T02:46:45Z</time><extensions><speed>0.005426</speed><course>350.978745</course><hAcc>1.601593</hAcc><vAcc>1.561838</vAcc></extensions></trkpt>
      <trkpt lon="120.910553" lat="23.472140"><ele>2794.419644</ele><time>2026-09-14T02:46:46Z</time><extensions><speed>0.003398</speed><course>350.865674</course><hAcc>1.607977</hAcc><vAcc>1.570220</vAcc></extensions></trkpt>
      <trkpt lon="120.910553" lat="23.472140"><ele>2794.398413</ele><time>2026-09-14T02:46:47Z</time><extensions><speed>0.002623</speed><course>350.800140</course><hAcc>1.597660</hAcc><vAcc>1.578273</vAcc></extensions></trkpt>
      <trkpt lon="120.910553" lat="23.472140"><ele>2794.372959</ele><time>2026-09-14T02:46:48Z</time><extensions><speed>0.002033</speed><course>350.768707</course><hAcc>1.589074</hAcc><vAcc>1.586468</vAcc></extensions></trkpt>
      <trkpt lon="120.910553" lat="23.472140"><ele>2794.349725</ele><time>2026-09-14T02:46:49Z</time><extensions><speed>0.001705</speed><course>350.754111</course><hAcc>1.586871</hAcc><vAcc>1.594369</vAcc></extensions></trkpt>
      <trkpt lon="120.910553" lat="23.472140"><ele>2794.322429</ele><time>2026-09-14T02:46:50Z</time><extensions><speed>0.001031</speed><course>350.746873</course><hAcc>1.622995</hAcc><vAcc>1.602477</vAcc></extensions></trkpt>
      <trkpt lon="120.910553" lat="23.472140"><ele>2794.297429</ele><time>2026-09-14T02:46:51Z</time><extensions><speed>0.000741</speed><course>350.742359</course><hAcc>1.635784</hAcc><vAcc>1.610357</vAcc></extensions></trkpt>
      <trkpt lon="120.910553" lat="23.472140"><ele>2794.274727</ele><time>2026-09-14T02:46:52Z</time><extensions><speed>0.000715</speed><course>350.740203</course><hAcc>1.620097</hAcc><vAcc>1.618006</vAcc></extensions></trkpt>
      <trkpt lon="120.910553" lat="23.472140"><ele>2794.247988</ele><time>2026-09-14T02:46:53Z</time><extensions><speed>0.000582</speed><course>350.739298</course><hAcc>1.627237</hAcc><vAcc>1.625921</vAcc></extensions></trkpt>
      <trkpt lon="120.910553" lat="23.472140"><ele>2794.223615</ele><time>2026-09-14T02:46:54Z</time><extensions><speed>0.000437</speed><course>350.738814</course><hAcc>1.644748</hAcc><vAcc>1.633631</vAcc></extensions></trkpt>
      <trkpt lon="120.910553" lat="23.472140"><ele>2794.195396</ele><time>2026-09-14T02:46:55Z</time><extensions><speed>0.000311</speed><course>350.738523</course><hAcc>1.657951</hAcc><vAcc>1.641595</vAcc></extensions></trkpt>
      <trkpt lon="120.910553" lat="23.472140"><ele>2794.169630</ele><time>2026-09-14T02:46:56Z</time><extensions><speed>0.000215</speed><course>350.738337</course><hAcc>1.663913</hAcc><vAcc>1.649342</vAcc></extensions></trkpt>
      <trkpt lon="120.910553" lat="23.472140"><ele>2794.146295</ele><time>2026-09-14T02:46:57Z</time><extensions><speed>0.000146</speed><course>350.738218</course><hAcc>1.663706</hAcc><vAcc>1.656851</vAcc></extensions></trkpt>
      <trkpt lon="120.910553" lat="23.472140"><ele>2794.119095</ele><time>2026-09-14T02:46:58Z</time><extensions><speed>0.000099</speed><course>350.738150</course><hAcc>1.660132</hAcc><vAcc>1.664613</vAcc></extensions></trkpt>
      <trkpt lon="120.910553" lat="23.472140"><ele>2794.094356</ele><time>2026-09-14T02:46:59Z</time><extensions><speed>0.000066</speed><course>350.738126</course><hAcc>1.653579</hAcc><vAcc>1.672147</vAcc></extensions></trkpt>
      <trkpt lon="120.910553" lat="23.472140"><ele>2794.065902</ele><time>2026-09-14T02:47:00Z</time><extensions><speed>0.000046</speed><course>350.738144</course><hAcc>1.639703</hAcc><vAcc>1.679921</vAcc></extensions></trkpt>
      <trkpt lon="120.910553" lat="23.472140"><ele>2794.039964</ele><time>2026-09-14T02:47:01Z</time><extensions><speed>0.000032</speed><course>350.738206</course><hAcc>1.628494</hAcc><vAcc>1.687458</vAcc></extensions></trkpt>
      <trkpt lon="120.910553" lat="23.472140"><ele>2794.016496</ele><time>2026-09-14T02:47:02Z</time><extensions><speed>0.000021</speed><course>350.738321</course><hAcc>1.626252</hAcc><vAcc>1.694743</vAcc></extensions></trkpt>
      <trkpt lon="120.910553" lat="23.472140"><ele>2793.989264</ele><time>2026-09-14T02:47:03Z</time><extensions><speed>0.000014</speed><course>350.738516</course><hAcc>1.627263</hAcc><vAcc>1.702271</vAcc></extensions></trkpt>
      <trkpt lon="120.910553" lat="23.472140"><ele>2793.964515</ele><time>2026-09-14T02:47:04Z</time><extensions><speed>0.000008</speed><course>350.738821</course><hAcc>1.634808</hAcc><vAcc>1.709562</vAcc></extensions></trkpt>
      <trkpt lon="120.910553" lat="23.472140"><ele>2793.942203</ele><time>2026-09-14T02:47:05Z</time><extensions><speed>0.000007</speed><course>350.739178</course><hAcc>1.624471</hAcc><vAcc>1.716579</vAcc></extensions></trkpt>
      <trkpt lon="120.910553" lat="23.472140"><ele>2793.916086</ele><time>2026-09-14T02:47:06Z</time><extensions><speed>0.000004</speed><course>350.739537</course><hAcc>1.643634</hAcc><vAcc>1.723810</vAcc></extensions></trkpt>
      <trkpt lon="120.910553" lat="23.472140"><ele>2793.892404</ele><time>2026-09-14T02:47:07Z</time><extensions><speed>0.000004</speed><course>350.739976</course><hAcc>1.634348</hAcc><vAcc>1.730780</vAcc></extensions></trkpt>
      <trkpt lon="120.910553" lat="23.472140"><ele>2793.865020</ele><time>2026-09-14T02:47:08Z</time><extensions><speed>0.000003</speed><course>350.740479</course><hAcc>1.639749</hAcc><vAcc>1.737984</vAcc></extensions></trkpt>
      <trkpt lon="120.910553" lat="23.472140"><ele>2793.840099</ele><time>2026-09-14T02:47:09Z</time><extensions><speed>0.003323</speed><course>163.409616</course><hAcc>1.654369</hAcc><vAcc>1.744941</vAcc></extensions></trkpt>
      <trkpt lon="120.910553" lat="23.472140"><ele>2793.817590</ele><time>2026-09-14T02:47:10Z</time><extensions><speed>0.007390</speed><course>163.412998</course><hAcc>1.667942</hAcc><vAcc>1.751619</vAcc></extensions></trkpt>
      <trkpt lon="120.910553" lat="23.472140"><ele>2793.791330</ele><time>2026-09-14T02:47:11Z</time><extensions><speed>0.012748</speed><course>163.413942</course><hAcc>1.674577</hAcc><vAcc>1.758508</vAcc></extensions></trkpt>
      <trkpt lon="120.910553" lat="23.472140"><ele>2793.767466</ele><time>2026-09-14T02:47:12Z</time><extensions><speed>0.019767</speed><course>163.414305</course><hAcc>1.677478</hAcc><vAcc>1.765140</vAcc></extensions></trkpt>
      <trkpt lon="120.910553" lat="23.472139"><ele>2793.739941</ele><time>2026-09-14T02:47:13Z</time><extensions><speed>0.028988</speed><course>163.414463</course><hAcc>1.678529</hAcc><vAcc>1.772022</vAcc></extensions></trkpt>
      <trkpt lon="120.910553" lat="23.472139"><ele>2793.714824</ele><time>2026-09-14T02:47:14Z</time><extensions><speed>0.041339</speed><course>163.414535</course><hAcc>1.677148</hAcc><vAcc>1.778689</vAcc></extensions></trkpt>
      <trkpt lon="120.910553" lat="23.472139"><ele>2793.692049</ele><time>2026-09-14T02:47:15Z</time><extensions><speed>0.057331</speed><course>163.414569</course><hAcc>1.675203</hAcc><vAcc>1.785136</vAcc></extensions></trkpt>
      <trkpt lon="120.910553" lat="23.472138"><ele>2793.665563</ele><time>2026-09-14T02:47:16Z</time><extensions><speed>0.076098</speed><course>163.414585</course><hAcc>1.677080</hAcc><vAcc>1.791866</vAcc></extensions></trkpt>
      <trkpt lon="120.910554" lat="23.472137"><ele>2793.641451</ele><time>2026-09-14T02:47:17Z</time><extensions><speed>0.095953</speed><course>163.414592</course><hAcc>1.682609</hAcc><vAcc>1.798393</vAcc></extensions></trkpt>
      <trkpt lon="120.910554" lat="23.472136"><ele>2793.613761</ele><time>2026-09-14T02:47:18Z</time><extensions><speed>0.117618</speed><course>163.414596</course><hAcc>1.681843</hAcc><vAcc>1.805196</vAcc></extensions></trkpt>
      <trkpt lon="120.910554" lat="23.472135"><ele>2793.588500</ele><time>2026-09-14T02:47:19Z</time><extensions><speed>0.126148</speed><course>163.414598</course><hAcc>1.674397</hAcc><vAcc>1.811791</vAcc></extensions></trkpt>
      <trkpt lon="120.910555" lat="23.472134"><ele>2793.565603</ele><time>2026-09-14T02:47:20Z</time><extensions><speed>0.106171</speed><course>163.414598</course><hAcc>1.675608</hAcc><vAcc>1.818163</vAcc></extensions></trkpt>
      <trkpt lon="120.910555" lat="23.472134"><ele>2793.539080</ele><time>2026-09-14T02:47:21Z</time><extensions><speed>0.080881</speed><course>163.414599</course><hAcc>1.679905</hAcc><vAcc>1.824807</vAcc></extensions></trkpt>
      <trkpt lon="120.910555" lat="23.472133"><ele>2793.514947</ele><time>2026-09-14T02:47:22Z</time><extensions><speed>0.058997</speed><course>163.414599</course><hAcc>1.681695</hAcc><vAcc>1.831234</vAcc></extensions></trkpt>
      <trkpt lon="120.910555" lat="23.472133"><ele>2793.487324</ele><time>2026-09-14T02:47:23Z</time><extensions><speed>0.041683</speed><course>163.414599</course><hAcc>1.681930</hAcc><vAcc>1.837922</vAcc></extensions></trkpt>
      <trkpt lon="120.910555" lat="23.472132"><ele>2793.462136</ele><time>2026-09-14T02:47:24Z</time><extensions><speed>0.028835</speed><course>163.414599</course><hAcc>1.681136</hAcc><vAcc>1.844391</vAcc></extensions></trkpt>
      <trkpt lon="120.910555" lat="23.472132"><ele>2793.439306</ele><time>2026-09-14T02:47:25Z</time><extensions><speed>0.019810</speed><course>163.414599</course><hAcc>1.678967</hAcc><vAcc>1.850625</vAcc></extensions></trkpt>
      <trkpt lon="120.910555" lat="23.472132"><ele>2793.412927</ele><time>2026-09-14T02:47:26Z</time><extensions><speed>0.013477</speed><course>163.414599</course><hAcc>1.677216</hAcc><vAcc>1.857120</vAcc></extensions></trkpt>
      <trkpt lon="120.910556" lat="23.472132"><ele>2793.388925</ele><time>2026-09-14T02:47:27Z</time><extensions><speed>0.009031</speed><course>163.414599</course><hAcc>1.676781</hAcc><vAcc>1.863392</vAcc></extensions></trkpt>
      <trkpt lon="120.910556" lat="23.472132"><ele>2793.367231</ele><time>2026-09-14T02:47:28Z</time><extensions><speed>0.006099</speed><course>163.414598</course><hAcc>1.674940</hAcc><vAcc>1.869415</vAcc></extensions></trkpt>
      <trkpt lon="120.910556" lat="23.472132"><ele>2793.341951</ele><time>2026-09-14T02:47:29Z</time><extensions><speed>0.004147</speed><course>163.414598</course><hAcc>1.672333</hAcc><vAcc>1.875675</vAcc></extensions></trkpt>
      <trkpt lon="120.910556" lat="23.472132"><ele>2793.318988</ele><time>2026-09-14T02:47:30Z</time><extensions><speed>0.002823</speed><course>163.414597</course><hAcc>1.669842</hAcc><vAcc>1.881697</vAcc></extensions></trkpt>
      <trkpt lon="120.910556" lat="23.472132"><ele>2793.292534</ele><time>2026-09-14T02:47:31Z</time><extensions><speed>0.001925</speed><course>163.414595</course><hAcc>1.666718</hAcc><vAcc>1.887969</vAcc></extensions></trkpt>
      <trkpt lon="120.910556" lat="23.472132"><ele>2793.268429</ele><time>2026-09-14T02:47:32Z</time><extensions><speed>0.001318</speed><course>163.414593</course><hAcc>1.662282</hAcc><vAcc>1.894012</vAcc></extensions></trkpt>
      <trkpt lon="120.910556" lat="23.472132"><ele>2793.246604</ele><time>2026-09-14T02:47:33Z</time><extensions><speed>0.000893</speed><course>163.414589</course><hAcc>1.657086</hAcc><vAcc>1.899802</vAcc></extensions></trkpt>
      <trkpt lon="120.910556" lat="23.472132"><ele>2793.221250</ele><time>2026-09-14T02:47:34Z</time><extensions><speed>0.000611</speed><course>163.414583</course><hAcc>1.648549</hAcc><vAcc>1.905826</vAcc></extensions></trkpt>
      <trkpt lon="120.910556" lat="23.472132"><ele>2793.198175</ele><time>2026-09-14T02:47:35Z</time><extensions><speed>0.000413</speed><course>163.414578</course><hAcc>1.640509</hAcc><vAcc>1.911615</vAcc></extensions></trkpt>
      <trkpt lon="120.910556" lat="23.472132"><ele>2793.171660</ele><time>2026-09-14T02:47:36Z</time><extensions><speed>0.000268</speed><course>163.414571</course><hAcc>1.634438</hAcc><vAcc>1.917663</vAcc></extensions></trkpt>
      <trkpt lon="120.910556" lat="23.472132"><ele>2793.147439</ele><time>2026-09-14T02:47:37Z</time><extensions><speed>0.000186</speed><course>163.414562</course><hAcc>1.620439</hAcc><vAcc>1.923506</vAcc></extensions></trkpt>
      <trkpt lon="120.910556" lat="23.472132"><ele>2793.125431</ele><time>2026-09-14T02:47:38Z</time><extensions><speed>0.000124</speed><course>163.414550</course><hAcc>1.614450</hAcc><vAcc>1.929141</vAcc></extensions></trkpt>
      <trkpt lon="120.910556" lat="23.472132"><ele>2793.099920</ele><time>2026-09-14T02:47:39Z</time><extensions><speed>0.000081</speed><course>163.414535</course><hAcc>1.615344</hAcc><vAcc>1.935057</vAcc></extensions></trkpt>
      <trkpt lon="120.910556" lat="23.472132"><ele>2793.076657</ele><time>2026-09-14T02:47:40Z</time><extensions><speed>0.000055</speed><course>163.414521</course><hAcc>1.616123</hAcc><vAcc>1.940777</vAcc></extensions></trkpt>
      <trkpt lon="120.910556" lat="23.472132"><ele>2793.050021</ele><time>2026-09-14T02:47:41Z</time><extensions><speed>0.000039</speed><course>163.414517</course><hAcc>1.624000</hAcc><vAcc>1.946775</vAcc></extensions></trkpt>
      <trkpt lon="120.910556" lat="23.472132"><ele>2793.025687</ele><time>2026-09-14T02:47:42Z</time><extensions><speed>0.000027</speed><course>163.414522</course><hAcc>1.635671</hAcc><vAcc>1.952574</vAcc></extensions></trkpt>
      <trkpt lon="120.910556" lat="23.472132"><ele>2793.003576</ele><time>2026-09-14T02:47:43Z</time><extensions><speed>0.000025</speed><course>163.414534</course><hAcc>1.623454</hAcc><vAcc>1.958163</vAcc></extensions></trkpt>
      <trkpt lon="120.910556" lat="23.472132"><ele>2792.978049</ele><time>2026-09-14T02:47:44Z</time><extensions><speed>0.000020</speed><course>163.414550</course><hAcc>1.631443</hAcc><vAcc>1.964023</vAcc></extensions></trkpt>
      <trkpt lon="120.910556" lat="23.472132"><ele>2792.954778</ele><time>2026-09-14T02:47:45Z</time><extensions><speed>0.000015</speed><course>163.414586</course><hAcc>1.648854</hAcc><vAcc>1.969680</vAcc></extensions></trkpt>
      <trkpt lon="120.910556" lat="23.472132"><ele>2792.933688</ele><time>2026-09-14T02:47:46Z</time><extensions><speed>0.000011</speed><course>163.414675</course><hAcc>1.662954</hAcc><vAcc>1.975109</vAcc></extensions></trkpt>
      <trkpt lon="120.910556" lat="23.472132"><ele>2792.914688</ele><time>2026-09-14T02:47:47Z</time><extensions><speed>0.000008</speed><course>163.414867</course><hAcc>1.671279</hAcc><vAcc>1.980292</vAcc></extensions></trkpt>
      <trkpt lon="120.910556" lat="23.472132"><ele>2792.897670</ele><time>2026-09-14T02:47:48Z</time><extensions><speed>0.000005</speed><course>163.415218</course><hAcc>1.673970</hAcc><vAcc>1.985213</vAcc></extensions></trkpt>
      <trkpt lon="120.910556" lat="23.472132"><ele>2793.315886</ele><time>2026-09-14T02:47:49Z</time><extensions><speed>0.000004</speed><course>163.415816</course><hAcc>1.671284</hAcc><vAcc>1.937083</vAcc></extensions></trkpt>
      <trkpt lon="120.910556" lat="23.472132"><ele>2793.550404</ele><time>2026-09-14T02:47:50Z</time><extensions><speed>0.000002</speed><course>163.416714</course><hAcc>1.665684</hAcc><vAcc>1.902770</vAcc></extensions></trkpt>
      <trkpt lon="120.910556" lat="23.472132"><ele>2793.723877</ele><time>2026-09-14T02:47:51Z</time><extensions><speed>0.000002</speed><course>163.418439</course><hAcc>1.660003</hAcc><vAcc>1.870466</vAcc></extensions></trkpt>
      <trkpt lon="120.910556" lat="23.472132"><ele>2793.858263</ele><time>2026-09-14T02:47:52Z</time><extensions><speed>0.000001</speed><course>163.421775</course><hAcc>1.657217</hAcc><vAcc>1.837738</vAcc></extensions></trkpt>
      <trkpt lon="120.910556" lat="23.472132"><ele>2793.959292</ele><time>2026-09-14T02:47:53Z</time><extensions><speed>0.000001</speed><course>163.426691</course><hAcc>1.649791</hAcc><vAcc>1.803564</vAcc></extensions></trkpt>
      <trkpt lon="120.910556" lat="23.472132"><ele>2794.027461</ele><time>2026-09-14T02:47:54Z</time><extensions><speed>0.000000</speed><course>163.432691</course><hAcc>1.640075</hAcc><vAcc>1.767384</vAcc></extensions></trkpt>
      <trkpt lon="120.910556" lat="23.472132"><ele>2794.078966</ele><time>2026-09-14T02:47:55Z</time><extensions><speed>0.000000</speed><course>163.438650</course><hAcc>1.632836</hAcc><vAcc>1.727516</vAcc></extensions></trkpt>
      <trkpt lon="120.910556" lat="23.472132"><ele>2794.113298</ele><time>2026-09-14T02:47:56Z</time><extensions><speed>0.000000</speed><course>163.442326</course><hAcc>1.633992</hAcc><vAcc>1.683891</vAcc></extensions></trkpt>
      <trkpt lon="120.910556" lat="23.472132"><ele>2794.106198</ele><time>2026-09-14T02:47:57Z</time><extensions><speed>0.000000</speed><course>163.441227</course><hAcc>1.642377</hAcc><vAcc>1.638680</vAcc></extensions></trkpt>
      <trkpt lon="120.910556" lat="23.472132"><ele>2794.084859</ele><time>2026-09-14T02:47:58Z</time><extensions><speed>0.000000</speed><course>163.436399</course><hAcc>1.656200</hAcc><vAcc>1.591574</vAcc></extensions></trkpt>
      <trkpt lon="120.910556" lat="23.472132"><ele>2794.055428</ele><time>2026-09-14T02:47:59Z</time><extensions><speed>0.000000</speed><course>163.436904</course><hAcc>1.639888</hAcc><vAcc>1.544851</vAcc></extensions></trkpt>
      <trkpt lon="120.910556" lat="23.472132"><ele>2794.007406</ele><time>2026-09-14T02:48:00Z</time><extensions><speed>0.000000</speed><course>163.454021</course><hAcc>1.642417</hAcc><vAcc>1.502457</vAcc></extensions></trkpt>
      <trkpt lon="120.910556" lat="23.472132"><ele>2793.960568</ele><time>2026-09-14T02:48:01Z</time><extensions><speed>0.000000</speed><course>163.498690</course><hAcc>1.655406</hAcc><vAcc>1.465632</vAcc></extensions></trkpt>
      <trkpt lon="120.910556" lat="23.472132"><ele>2793.916353</ele><time>2026-09-14T02:48:02Z</time><extensions><speed>0.000000</speed><course>163.585170</course><hAcc>1.666713</hAcc><vAcc>1.435240</vAcc></extensions></trkpt>
      <trkpt lon="120.910556" lat="23.472132"><ele>2793.874436</ele><time>2026-09-14T02:48:03Z</time><extensions><speed>0.000000</speed><course>163.734384</course><hAcc>1.674166</hAcc><vAcc>1.411409</vAcc></extensions></trkpt>
      <trkpt lon="120.910556" lat="23.472132"><ele>2793.816000</ele><time>2026-09-14T02:48:04Z</time><extensions><speed>0.000000</speed><course>163.944019</course><hAcc>1.677689</hAcc><vAcc>1.394931</vAcc></extensions></trkpt>
      <trkpt lon="120.910556" lat="23.472132"><ele>2793.767746</ele><time>2026-09-14T02:48:05Z</time><extensions><speed>0.000000</speed><course>164.206242</course><hAcc>1.677981</hAcc><vAcc>1.383707</vAcc></extensions></trkpt>
      <trkpt lon="120.910556" lat="23.472132"><ele>2793.723985</ele><time>2026-09-14T02:48:06Z</time><extensions><speed>0.000000</speed><course>164.480508</course><hAcc>1.677436</hAcc><vAcc>1.377214</vAcc></extensions></trkpt>
      <trkpt lon="120.910556" lat="23.472132"><ele>2793.690341</ele><time>2026-09-14T02:48:07Z</time><extensions><speed>0.000000</speed><course>164.694831</course><hAcc>1.676303</hAcc><vAcc>1.374121</vAcc></extensions></trkpt>
      <trkpt lon="120.910556" lat="23.472132"><ele>2793.648819</ele><time>2026-09-14T02:48:08Z</time><extensions><speed>0.000000</speed><course>164.758161</course><hAcc>1.672156</hAcc><vAcc>1.374468</vAcc></extensions></trkpt>
      <trkpt lon="120.910556" lat="23.472132"><ele>2793.624907</ele><time>2026-09-14T02:48:09Z</time><extensions><speed>0.000000</speed><course>164.616584</course><hAcc>1.667232</hAcc><vAcc>1.375848</vAcc></extensions></trkpt>
      <trkpt lon="120.910556" lat="23.472132"><ele>2793.617384</ele><time>2026-09-14T02:48:10Z</time><extensions><speed>0.000000</speed><course>164.379553</course><hAcc>1.655959</hAcc><vAcc>1.377462</vAcc></extensions></trkpt>
      <trkpt lon="120.910556" lat="23.472132"><ele>2793.612964</ele><time>2026-09-14T02:48:11Z</time><extensions><speed>0.000000</speed><course>164.212571</course><hAcc>1.641690</hAcc><vAcc>1.379491</vAcc></extensions></trkpt>
      <trkpt lon="120.910555" lat="23.472132"><ele>2793.655080</ele><time>2026-09-14T02:48:12Z</time><extensions><speed>0.009922</speed><course>341.164609</course><hAcc>1.627834</hAcc><vAcc>1.381117</vAcc></extensions></trkpt>
      <trkpt lon="120.910555" lat="23.472132"><ele>2793.706739</ele><time>2026-09-14T02:48:13Z</time><extensions><speed>0.019030</speed><course>340.311593</course><hAcc>1.618337</hAcc><vAcc>1.381903</vAcc></extensions></trkpt>
      <trkpt lon="120.910555" lat="23.472132"><ele>2793.752804</ele><time>2026-09-14T02:48:14Z</time><extensions><speed>0.026644</speed><course>340.093787</course><hAcc>1.616201</hAcc><vAcc>1.382612</vAcc></extensions></trkpt>
      <trkpt lon="120.910555" lat="23.472133"><ele>2793.804838</ele><time>2026-09-14T02:48:15Z</time><extensions><speed>0.037509</speed><course>339.715787</course><hAcc>1.608973</hAcc><vAcc>1.382305</vAcc></extensions></trkpt>
      <trkpt lon="120.910555" lat="23.472133"><ele>2793.879493</ele><time>2026-09-14T02:48:16Z</time><extensions><speed>0.050949</speed><course>339.545413</course><hAcc>1.609641</hAcc><vAcc>1.380000</vAcc></extensions></trkpt>
      <trkpt lon="120.910555" lat="23.472134"><ele>2793.989998</ele><time>2026-09-14T02:48:17Z</time><extensions><speed>0.065945</speed><course>339.472163</course><hAcc>1.626153</hAcc><vAcc>1.374259</vAcc></extensions></trkpt>
      <trkpt lon="120.910554" lat="23.472134"><ele>2794.070109</ele><time>2026-09-14T02:48:18Z</time><extensions><speed>0.101184</speed><course>339.352125</course><hAcc>1.634483</hAcc><vAcc>1.368465</vAcc></extensions></trkpt>
      <trkpt lon="120.910554" lat="23.472136"><ele>2794.133668</ele><time>2026-09-14T02:48:19Z</time><extensions><speed>0.184119</speed><course>339.247311</course><hAcc>1.625635</hAcc><vAcc>1.362344</vAcc></extensions></trkpt>
      <trkpt lon="120.910553" lat="23.472137"><ele>2794.203513</ele><time>2026-09-14T02:48:20Z</time><extensions><speed>0.258004</speed><course>339.018348</course><hAcc>1.643144</hAcc><vAcc>1.355723</vAcc></extensions></trkpt>
      <trkpt lon="120.910552" lat="23.472140"><ele>2794.280620</ele><time>2026-09-14T02:48:21Z</time><extensions><speed>0.317618</speed><course>338.630973</course><hAcc>1.669312</hAcc><vAcc>1.348794</vAcc></extensions></trkpt>
      <trkpt lon="120.910551" lat="23.472143"><ele>2794.386558</ele><time>2026-09-14T02:48:22Z</time><extensions><speed>0.333932</speed><course>337.684695</course><hAcc>1.684695</hAcc><vAcc>1.341206</vAcc></extensions></trkpt>
      <trkpt lon="120.910550" lat="23.472145"><ele>2794.489741</ele><time>2026-09-14T02:48:23Z</time><extensions><speed>0.283810</speed><course>336.441680</course><hAcc>1.703746</hAcc><vAcc>1.334488</vAcc></extensions></trkpt>
      <trkpt lon="120.910549" lat="23.472147"><ele>2794.589726</ele><time>2026-09-14T02:48:24Z</time><extensions><speed>0.207747</speed><course>334.755408</course><hAcc>1.725320</hAcc><vAcc>1.329019</vAcc></extensions></trkpt>
      <trkpt lon="120.910548" lat="23.472149"><ele>2794.692677</ele><time>2026-09-14T02:48:25Z</time><extensions><speed>0.133422</speed><course>330.715022</course><hAcc>1.729325</hAcc><vAcc>1.324681</vAcc></extensions></trkpt>
      <trkpt lon="120.910547" lat="23.472149"><ele>2794.794374</ele><time>2026-09-14T02:48:26Z</time><extensions><speed>0.081763</speed><course>323.248743</course><hAcc>1.722563</hAcc><vAcc>1.321897</vAcc></extensions></trkpt>
      <trkpt lon="120.910547" lat="23.472150"><ele>2794.889082</ele><time>2026-09-14T02:48:27Z</time><extensions><speed>0.030745</speed><course>282.155634</course><hAcc>1.728084</hAcc><vAcc>1.321322</vAcc></extensions></trkpt>
      <trkpt lon="120.910547" lat="23.472150"><ele>2794.982813</ele><time>2026-09-14T02:48:28Z</time><extensions><speed>0.039498</speed><course>209.872683</course><hAcc>1.731563</hAcc><vAcc>1.322590</vAcc></extensions></trkpt>
      <trkpt lon="120.910547" lat="23.472149"><ele>2795.077536</ele><time>2026-09-14T02:48:29Z</time><extensions><speed>0.038707</speed><course>218.561968</course><hAcc>1.728651</hAcc><vAcc>1.324636</vAcc></extensions></trkpt>
      <trkpt lon="120.910546" lat="23.472149"><ele>2795.163771</ele><time>2026-09-14T02:48:30Z</time><extensions><speed>0.041311</speed><course>219.662364</course><hAcc>1.720467</hAcc><vAcc>1.326669</vAcc></extensions></trkpt>
      <trkpt lon="120.910546" lat="23.472149"><ele>2795.245414</ele><time>2026-09-14T02:48:31Z</time><extensions><speed>0.045192</speed><course>215.303516</course><hAcc>1.706864</hAcc><vAcc>1.327592</vAcc></extensions></trkpt>
      <trkpt lon="120.910546" lat="23.472148"><ele>2795.320437</ele><time>2026-09-14T02:48:32Z</time><extensions><speed>0.030936</speed><course>235.939871</course><hAcc>1.705907</hAcc><vAcc>1.327255</vAcc></extensions></trkpt>
      <trkpt lon="120.910546" lat="23.472148"><ele>2795.365246</ele><time>2026-09-14T02:48:33Z</time><extensions><speed>0.019855</speed><course>254.870884</course><hAcc>1.703493</hAcc><vAcc>1.324519</vAcc></extensions></trkpt>
      <trkpt lon="120.910546" lat="23.472148"><ele>2795.394424</ele><time>2026-09-14T02:48:34Z</time><extensions><speed>0.013192</speed><course>260.197069</course><hAcc>1.694427</hAcc><vAcc>1.321726</vAcc></extensions></trkpt>
      <trkpt lon="120.910545" lat="23.472148"><ele>2795.414512</ele><time>2026-09-14T02:48:35Z</time><extensions><speed>0.008648</speed><course>246.367469</course><hAcc>1.682991</hAcc><vAcc>1.318789</vAcc></extensions></trkpt>
      <trkpt lon="120.910545" lat="23.472148"><ele>2795.429330</ele><time>2026-09-14T02:48:36Z</time><extensions><speed>0.007572</speed><course>205.128617</course><hAcc>1.675930</hAcc><vAcc>1.315209</vAcc></extensions></trkpt>
      <trkpt lon="120.910545" lat="23.472148"><ele>2795.427423</ele><time>2026-09-14T02:48:37Z</time><extensions><speed>0.011885</speed><course>175.057615</course><hAcc>1.669104</hAcc><vAcc>1.311777</vAcc></extensions></trkpt>
      <trkpt lon="120.910545" lat="23.472148"><ele>2795.416632</ele><time>2026-09-14T02:48:38Z</time><extensions><speed>0.019064</speed><course>164.490652</course><hAcc>1.662495</hAcc><vAcc>1.308224</vAcc></extensions></trkpt>
      <trkpt lon="120.910545" lat="23.472148"><ele>2795.406857</ele><time>2026-09-14T02:48:39Z</time><extensions><speed>0.027943</speed><course>160.988903</course><hAcc>1.659788</hAcc><vAcc>1.304085</vAcc></extensions></trkpt>
      <trkpt lon="120.910545" lat="23.472148"><ele>2795.398098</ele><time>2026-09-14T02:48:40Z</time><extensions><speed>0.037636</speed><course>160.447901</course><hAcc>1.665622</hAcc><vAcc>1.299357</vAcc></extensions></trkpt>
      <trkpt lon="120.910546" lat="23.472147"><ele>2795.379370</ele><time>2026-09-14T02:48:41Z</time><extensions><speed>0.048374</speed><course>162.132510</course><hAcc>1.676057</hAcc><vAcc>1.294670</vAcc></extensions></trkpt>
      <trkpt lon="120.910546" lat="23.472147"><ele>2795.352828</ele><time>2026-09-14T02:48:42Z</time><extensions><speed>0.061409</speed><course>166.961454</course><hAcc>1.679294</hAcc><vAcc>1.290141</vAcc></extensions></trkpt>
      <trkpt lon="120.910546" lat="23.472146"><ele>2795.321972</ele><time>2026-09-14T02:48:43Z</time><extensions><speed>0.074000</speed><course>178.480622</course><hAcc>1.668910</hAcc><vAcc>1.286010</vAcc></extensions></trkpt>
      <trkpt lon="120.910546" lat="23.472145"><ele>2795.291096</ele><time>2026-09-14T02:48:44Z</time><extensions><speed>0.056725</speed><course>201.110776</course><hAcc>1.666922</hAcc><vAcc>1.282388</vAcc></extensions></trkpt>
      <trkpt lon="120.910545" lat="23.472145"><ele>2795.299375</ele><time>2026-09-14T02:48:45Z</time><extensions><speed>0.037546</speed><course>244.920791</course><hAcc>1.681655</hAcc><vAcc>1.278479</vAcc></extensions></trkpt>
      <trkpt lon="120.910545" lat="23.472145"><ele>2795.319256</ele><time>2026-09-14T02:48:46Z</time><extensions><speed>0.036655</speed><course>272.887485</course><hAcc>1.689299</hAcc><vAcc>1.274003</vAcc></extensions></trkpt>
      <trkpt lon="120.910545" lat="23.472145"><ele>2795.329140</ele><time>2026-09-14T02:48:47Z</time><extensions><speed>0.038628</speed><course>287.703248</course><hAcc>1.690483</hAcc><vAcc>1.269541</vAcc></extensions></trkpt>
      <trkpt lon="120.910544" lat="23.472145"><ele>2795.346185</ele><time>2026-09-14T02:48:48Z</time><extensions><speed>0.043200</speed><course>296.442876</course><hAcc>1.689089</hAcc><vAcc>1.264448</vAcc></extensions></trkpt>
      <trkpt lon="120.910544" lat="23.472146"><ele>2795.216712</ele><time>2026-09-14T02:48:49Z</time><extensions><speed>0.051121</speed><course>301.569143</course><hAcc>1.686300</hAcc><vAcc>1.267372</vAcc></extensions></trkpt>
      <trkpt lon="120.910543" lat="23.472146"><ele>2795.061950</ele><time>2026-09-14T02:48:50Z</time><extensions><speed>0.064818</speed><course>304.467278</course><hAcc>1.683661</hAcc><vAcc>1.274478</vAcc></extensions></trkpt>
      <trkpt lon="120.910543" lat="23.472146"><ele>2794.875916</ele><time>2026-09-14T02:48:51Z</time><extensions><speed>0.083193</speed><course>305.965410</course><hAcc>1.686874</hAcc><vAcc>1.288137</vAcc></extensions></trkpt>
      <trkpt lon="120.910542" lat="23.472147"><ele>2794.652278</ele><time>2026-09-14T02:48:52Z</time><extensions><speed>0.107048</speed><course>306.666683</course><hAcc>1.696093</hAcc><vAcc>1.311077</vAcc></extensions></trkpt>
      <trkpt lon="120.910541" lat="23.472148"><ele>2794.384588</ele><time>2026-09-14T02:48:53Z</time><extensions><speed>0.136168</speed><course>306.898660</course><hAcc>1.711723</hAcc><vAcc>1.346623</vAcc></extensions></trkpt>
      <trkpt lon="120.910540" lat="23.472148"><ele>2794.066596</ele><time>2026-09-14T02:48:54Z</time><extensions><speed>0.162381</speed><course>306.776366</course><hAcc>1.739590</hAcc><vAcc>1.399168</vAcc></extensions></trkpt>
      <trkpt lon="120.910539" lat="23.472149"><ele>2793.692714</ele><time>2026-09-14T02:48:55Z</time><extensions><speed>0.162277</speed><course>306.063852</course><hAcc>1.792766</hAcc><vAcc>1.474767</vAcc></extensions></trkpt>
      <trkpt lon="120.910537" lat="23.472150"><ele>2793.260009</ele><time>2026-09-14T02:48:56Z</time><extensions><speed>0.127644</speed><course>305.138259</course><hAcc>1.902203</hAcc><vAcc>1.581721</vAcc></extensions></trkpt>
      <trkpt lon="120.910537" lat="23.472150"><ele>2792.772150</ele><time>2026-09-14T02:48:57Z</time><extensions><speed>0.086990</speed><course>304.714494</course><hAcc>2.102050</hAcc><vAcc>1.731196</vAcc></extensions></trkpt>
      <trkpt lon="120.910536" lat="23.472151"><ele>2792.242613</ele><time>2026-09-14T02:48:58Z</time><extensions><speed>0.059415</speed><course>304.567424</course><hAcc>2.459512</hAcc><vAcc>1.938564</vAcc></extensions></trkpt>
    </trkseg>
  </trk>
</gpx>