<?xml version="1.0" encoding="UTF-8"?>
<gpx version="1.1" creator="Apple Health Export" xmlns="http://www.topografix.com/GPX/1/1" xmlns:xsi="http://www.w3.org/2001/XMLSchema-instance" xsi:schemaLocation="http://www.topografix.com/GPX/1/1 http://www.topografix.com/GPX/1/1/gpx.xsd">
  <metadata>
    <time>2026-09-15T12:51:54Z</time>
  </metadata>
  <trk>
    <name>Route 2026-09-15 4:42am</name>
    <trkseg>
      <trkpt lon="120.955211" lat="23.468690"><ele>3712.838935</ele><time>2026-09-14T20:10:22Z</time><extensions><speed>0.019627</speed><course>235.678843</course><hAcc>2.109371</hAcc><vAcc>1.442483</vAcc></extensions></trkpt>
      <trkpt lon="120.955211" lat="23.468690"><ele>3712.557004</ele><time>2026-09-14T20:10:23Z</time><extensions><speed>0.023636</speed><course>241.768132</course><hAcc>1.874072</hAcc><vAcc>1.219085</vAcc></extensions></trkpt>
      <trkpt lon="120.955211" lat="23.468690"><ele>3712.347674</ele><time>2026-09-14T20:10:24Z</time><extensions><speed>0.035280</speed><course>250.509271</course><hAcc>1.747734</hAcc><vAcc>1.060928</vAcc></extensions></trkpt>
      <trkpt lon="120.955211" lat="23.468690"><ele>3712.222038</ele><time>2026-09-14T20:10:25Z</time><extensions><speed>0.013682</speed><course>261.353946</course><hAcc>1.745004</hAcc><vAcc>0.947300</vAcc></extensions></trkpt>
      <trkpt lon="120.955210" lat="23.468690"><ele>3712.175703</ele><time>2026-09-14T20:10:26Z</time><extensions><speed>0.049155</speed><course>272.819252</course><hAcc>1.672899</hAcc><vAcc>0.862732</vAcc></extensions></trkpt>
      <trkpt lon="120.955210" lat="23.468690"><ele>3712.188450</ele><time>2026-09-14T20:10:27Z</time><extensions><speed>0.077375</speed><course>278.700726</course><hAcc>1.614181</hAcc><vAcc>0.799063</vAcc></extensions></trkpt>
      <trkpt lon="120.955209" lat="23.468690"><ele>3712.231175</ele><time>2026-09-14T20:10:28Z</time><extensions><speed>0.074374</speed><course>282.286860</course><hAcc>1.631271</hAcc><vAcc>0.753792</vAcc></extensions></trkpt>
      <trkpt lon="120.955208" lat="23.468690"><ele>3712.279908</ele><time>2026-09-14T20:10:29Z</time><extensions><speed>0.066529</speed><course>288.133710</course><hAcc>1.651223</hAcc><vAcc>0.724587</vAcc></extensions></trkpt>
      <trkpt lon="120.955208" lat="23.468691"><ele>3712.320985</ele><time>2026-09-14T20:10:30Z</time><extensions><speed>0.061633</speed><course>308.983696</course><hAcc>1.647280</hAcc><vAcc>0.707466</vAcc></extensions></trkpt>
      <trkpt lon="120.955208" lat="23.468691"><ele>3712.348446</ele><time>2026-09-14T20:10:31Z</time><extensions><speed>0.066415</speed><course>352.951149</course><hAcc>1.674334</hAcc><vAcc>0.698301</vAcc></extensions></trkpt>
      <trkpt lon="120.955208" lat="23.468692"><ele>3712.361343</ele><time>2026-09-14T20:10:32Z</time><extensions><speed>0.113540</speed><course>15.611216</course><hAcc>1.702105</hAcc><vAcc>0.693802</vAcc></extensions></trkpt>
      <trkpt lon="120.955208" lat="23.468693"><ele>3712.361619</ele><time>2026-09-14T20:10:33Z</time><extensions><speed>0.218735</speed><course>21.845407</course><hAcc>1.678262</hAcc><vAcc>0.691773</vAcc></extensions></trkpt>
      <trkpt lon="120.955209" lat="23.468695"><ele>3712.352579</ele><time>2026-09-14T20:10:34Z</time><extensions><speed>0.063853</speed><course>26.811540</course><hAcc>1.658526</hAcc><vAcc>0.690927</vAcc></extensions></trkpt>
      <trkpt lon="120.955209" lat="23.468695"><ele>3712.337556</ele><time>2026-09-14T20:10:35Z</time><extensions><speed>0.018166</speed><course>181.616958</course><hAcc>1.648759</hAcc><vAcc>0.690594</vAcc></extensions></trkpt>
      <trkpt lon="120.955209" lat="23.468695"><ele>3712.319807</ele><time>2026-09-14T20:10:36Z</time><extensions><speed>0.039061</speed><course>214.716987</course><hAcc>1.666593</hAcc><vAcc>0.690462</vAcc></extensions></trkpt>
      <trkpt lon="120.955209" lat="23.468694"><ele>3712.302037</ele><time>2026-09-14T20:10:37Z</time><extensions><speed>0.050501</speed><course>236.358586</course><hAcc>1.647099</hAcc><vAcc>0.690400</vAcc></extensions></trkpt>
      <trkpt lon="120.955208" lat="23.468694"><ele>3712.286243</ele><time>2026-09-14T20:10:38Z</time><extensions><speed>0.048219</speed><course>254.314550</course><hAcc>1.654502</hAcc><vAcc>0.690363</vAcc></extensions></trkpt>
      <trkpt lon="120.955208" lat="23.468694"><ele>3712.274377</ele><time>2026-09-14T20:10:39Z</time><extensions><speed>0.023992</speed><course>281.956754</course><hAcc>1.705064</hAcc><vAcc>0.690337</vAcc></extensions></trkpt>
      <trkpt lon="120.955207" lat="23.468694"><ele>3712.268037</ele><time>2026-09-14T20:10:40Z</time><extensions><speed>0.064370</speed><course>320.613137</course><hAcc>1.667430</hAcc><vAcc>0.690317</vAcc></extensions></trkpt>
      <trkpt lon="120.955207" lat="23.468695"><ele>3712.268575</ele><time>2026-09-14T20:10:41Z</time><extensions><speed>0.144942</speed><course>330.616881</course><hAcc>1.655220</hAcc><vAcc>0.690303</vAcc></extensions></trkpt>
      <trkpt lon="120.955206" lat="23.468697"><ele>3712.277250</ele><time>2026-09-14T20:10:42Z</time><extensions><speed>0.258761</speed><course>328.902910</course><hAcc>1.685173</hAcc><vAcc>0.690294</vAcc></extensions></trkpt>
      <trkpt lon="120.955204" lat="23.468699"><ele>3712.295358</ele><time>2026-09-14T20:10:43Z</time><extensions><speed>0.444107</speed><course>323.947600</course><hAcc>1.718698</hAcc><vAcc>0.690289</vAcc></extensions></trkpt>
      <trkpt lon="120.955201" lat="23.468703"><ele>3712.324134</ele><time>2026-09-14T20:10:44Z</time><extensions><speed>0.498735</speed><course>320.217580</course><hAcc>1.748447</hAcc><vAcc>0.690286</vAcc></extensions></trkpt>
      <trkpt lon="120.955198" lat="23.468706"><ele>3712.364469</ele><time>2026-09-14T20:10:45Z</time><extensions><speed>0.412483</speed><course>314.326719</course><hAcc>1.758364</hAcc><vAcc>0.690284</vAcc></extensions></trkpt>
      <trkpt lon="120.955196" lat="23.468709"><ele>3712.416659</ele><time>2026-09-14T20:10:46Z</time><extensions><speed>0.321309</speed><course>329.258000</course><hAcc>1.764620</hAcc><vAcc>0.690284</vAcc></extensions></trkpt>
      <trkpt lon="120.955194" lat="23.468711"><ele>3712.480333</ele><time>2026-09-14T20:10:47Z</time><extensions><speed>0.324382</speed><course>334.267011</course><hAcc>1.762835</hAcc><vAcc>0.690283</vAcc></extensions></trkpt>
      <trkpt lon="120.955193" lat="23.468714"><ele>3712.554332</ele><time>2026-09-14T20:10:48Z</time><extensions><speed>0.399437</speed><course>331.017078</course><hAcc>1.748687</hAcc><vAcc>0.690283</vAcc></extensions></trkpt>
      <trkpt lon="120.955190" lat="23.468718"><ele>3712.637150</ele><time>2026-09-14T20:10:49Z</time><extensions><speed>0.554642</speed><course>325.814054</course><hAcc>1.734614</hAcc><vAcc>0.690283</vAcc></extensions></trkpt>
      <trkpt lon="120.955187" lat="23.468722"><ele>3712.727028</ele><time>2026-09-14T20:10:50Z</time><extensions><speed>0.575610</speed><course>322.811948</course><hAcc>1.734174</hAcc><vAcc>0.690283</vAcc></extensions></trkpt>
      <trkpt lon="120.955183" lat="23.468726"><ele>3712.822436</ele><time>2026-09-14T20:10:51Z</time><extensions><speed>0.544911</speed><course>318.149548</course><hAcc>1.727010</hAcc><vAcc>0.690283</vAcc></extensions></trkpt>
      <trkpt lon="120.955181" lat="23.468729"><ele>3712.922429</ele><time>2026-09-14T20:10:52Z</time><extensions><speed>0.386462</speed><course>330.228563</course><hAcc>1.725870</hAcc><vAcc>0.690283</vAcc></extensions></trkpt>
      <trkpt lon="120.955179" lat="23.468732"><ele>3713.026344</ele><time>2026-09-14T20:10:53Z</time><extensions><speed>0.361444</speed><course>336.759875</course><hAcc>1.714234</hAcc><vAcc>0.690283</vAcc></extensions></trkpt>
      <trkpt lon="120.955177" lat="23.468735"><ele>3713.134301</ele><time>2026-09-14T20:10:54Z</time><extensions><speed>0.391761</speed><course>335.347776</course><hAcc>1.695307</hAcc><vAcc>0.690283</vAcc></extensions></trkpt>
      <trkpt lon="120.955176" lat="23.468739"><ele>3713.246865</ele><time>2026-09-14T20:10:55Z</time><extensions><speed>0.408003</speed><course>330.045203</course><hAcc>1.695165</hAcc><vAcc>0.690283</vAcc></extensions></trkpt>
      <trkpt lon="120.955173" lat="23.468742"><ele>3713.364863</ele><time>2026-09-14T20:10:56Z</time><extensions><speed>0.511184</speed><course>325.150503</course><hAcc>1.696368</hAcc><vAcc>0.690283</vAcc></extensions></trkpt>
      <trkpt lon="120.955170" lat="23.468746"><ele>3713.489243</ele><time>2026-09-14T20:10:57Z</time><extensions><speed>0.529878</speed><course>323.377464</course><hAcc>1.695731</hAcc><vAcc>0.690283</vAcc></extensions></trkpt>
      <trkpt lon="120.955167" lat="23.468750"><ele>3713.621144</ele><time>2026-09-14T20:10:58Z</time><extensions><speed>0.500012</speed><course>328.725158</course><hAcc>1.685023</hAcc><vAcc>0.690283</vAcc></extensions></trkpt>
      <trkpt lon="120.955165" lat="23.468753"><ele>3713.761202</ele><time>2026-09-14T20:10:59Z</time><extensions><speed>0.437722</speed><course>333.459880</course><hAcc>1.666102</hAcc><vAcc>0.690283</vAcc></extensions></trkpt>
      <trkpt lon="120.955163" lat="23.468757"><ele>3713.909647</ele><time>2026-09-14T20:11:00Z</time><extensions><speed>0.516879</speed><course>339.040623</course><hAcc>1.667017</hAcc><vAcc>0.690283</vAcc></extensions></trkpt>
      <trkpt lon="120.955162" lat="23.468762"><ele>3714.066299</ele><time>2026-09-14T20:11:01Z</time><extensions><speed>0.512309</speed><course>343.600103</course><hAcc>1.673718</hAcc><vAcc>0.690283</vAcc></extensions></trkpt>
      <trkpt lon="120.955160" lat="23.468766"><ele>3714.230301</ele><time>2026-09-14T20:11:02Z</time><extensions><speed>0.521236</speed><course>337.447885</course><hAcc>1.658268</hAcc><vAcc>0.690283</vAcc></extensions></trkpt>
      <trkpt lon="120.955158" lat="23.468770"><ele>3714.400070</ele><time>2026-09-14T20:11:03Z</time><extensions><speed>0.435135</speed><course>331.132549</course><hAcc>1.631521</hAcc><vAcc>0.690283</vAcc></extensions></trkpt>
      <trkpt lon="120.955156" lat="23.468774"><ele>3714.573606</ele><time>2026-09-14T20:11:04Z</time><extensions><speed>0.510187</speed><course>328.824312</course><hAcc>1.642387</hAcc><vAcc>0.690283</vAcc></extensions></trkpt>
      <trkpt lon="120.955153" lat="23.468777"><ele>3714.748685</ele><time>2026-09-14T20:11:05Z</time><extensions><speed>0.407609</speed><course>328.205225</course><hAcc>1.699224</hAcc><vAcc>0.690283</vAcc></extensions></trkpt>
      <trkpt lon="120.955151" lat="23.468780"><ele>3714.923104</ele><time>2026-09-14T20:11:06Z</time><extensions><speed>0.418280</speed><course>319.500991</course><hAcc>1.679887</hAcc><vAcc>0.690283</vAcc></extensions></trkpt>
      <trkpt lon="120.955148" lat="23.468783"><ele>3715.094981</ele><time>2026-09-14T20:11:07Z</time><extensions><speed>0.399605</speed><course>317.900630</course><hAcc>1.669586</hAcc><vAcc>0.690283</vAcc></extensions></trkpt>
      <trkpt lon="120.955146" lat="23.468786"><ele>3715.263173</ele><time>2026-09-14T20:11:08Z</time><extensions><speed>0.364929</speed><course>313.634911</course><hAcc>1.681246</hAcc><vAcc>0.690283</vAcc></extensions></trkpt>
      <trkpt lon="120.955142" lat="23.468788"><ele>3715.427367</ele><time>2026-09-14T20:11:09Z</time><extensions><speed>0.544176</speed><course>312.032415</course><hAcc>1.699667</hAcc><vAcc>0.690283</vAcc></extensions></trkpt>
      <trkpt lon="120.955138" lat="23.468792"><ele>3715.587963</ele><time>2026-09-14T20:11:10Z</time><extensions><speed>0.618425</speed><course>312.243073</course><hAcc>1.724793</hAcc><vAcc>0.690283</vAcc></extensions></trkpt>
      <trkpt lon="120.955134" lat="23.468796"><ele>3715.746064</ele><time>2026-09-14T20:11:11Z</time><extensions><speed>0.713873</speed><course>317.095505</course><hAcc>1.741630</hAcc><vAcc>0.690283</vAcc></extensions></trkpt>
      <trkpt lon="120.955129" lat="23.468801"><ele>3715.902581</ele><time>2026-09-14T20:11:12Z</time><extensions><speed>0.727219</speed><course>315.413453</course><hAcc>1.756721</hAcc><vAcc>0.690283</vAcc></extensions></trkpt>
      <trkpt lon="120.955124" lat="23.468806"><ele>3716.058337</ele><time>2026-09-14T20:11:13Z</time><extensions><speed>0.729216</speed><course>316.427741</course><hAcc>1.767234</hAcc><vAcc>0.690283</vAcc></extensions></trkpt>
      <trkpt lon="120.955119" lat="23.468810"><ele>3716.213488</ele><time>2026-09-14T20:11:14Z</time><extensions><speed>0.751438</speed><course>315.903203</course><hAcc>1.769061</hAcc><vAcc>0.690283</vAcc></extensions></trkpt>
      <trkpt lon="120.955114" lat="23.468815"><ele>3716.367169</ele><time>2026-09-14T20:11:15Z</time><extensions><speed>0.728596</speed><course>315.468387</course><hAcc>1.771823</hAcc><vAcc>0.690283</vAcc></extensions></trkpt>
      <trkpt lon="120.955109" lat="23.468820"><ele>3716.518188</ele><time>2026-09-14T20:11:16Z</time><extensions><speed>0.731273</speed><course>314.197232</course><hAcc>1.773854</hAcc><vAcc>0.690283</vAcc></extensions></trkpt>
      <trkpt lon="120.955103" lat="23.468824"><ele>3716.664643</ele><time>2026-09-14T20:11:17Z</time><extensions><speed>0.698296</speed><course>312.530437</course><hAcc>1.778130</hAcc><vAcc>0.690283</vAcc></extensions></trkpt>
      <trkpt lon="120.955098" lat="23.468828"><ele>3716.804379</ele><time>2026-09-14T20:11:18Z</time><extensions><speed>0.678819</speed><course>309.903724</course><hAcc>1.782014</hAcc><vAcc>0.690283</vAcc></extensions></trkpt>
      <trkpt lon="120.955093" lat="23.468832"><ele>3716.935221</ele><time>2026-09-14T20:11:19Z</time><extensions><speed>0.699859</speed><course>306.874640</course><hAcc>1.783746</hAcc><vAcc>0.690283</vAcc></extensions></trkpt>
      <trkpt lon="120.955088" lat="23.468836"><ele>3717.055159</ele><time>2026-09-14T20:11:20Z</time><extensions><speed>0.704444</speed><course>304.845486</course><hAcc>1.787211</hAcc><vAcc>0.690283</vAcc></extensions></trkpt>
      <trkpt lon="120.955082" lat="23.468840"><ele>3717.162427</ele><time>2026-09-14T20:11:21Z</time><extensions><speed>0.719379</speed><course>303.554231</course><hAcc>1.789897</hAcc><vAcc>0.690283</vAcc></extensions></trkpt>
      <trkpt lon="120.955076" lat="23.468843"><ele>3717.255867</ele><time>2026-09-14T20:11:22Z</time><extensions><speed>0.766654</speed><course>303.166905</course><hAcc>1.788428</hAcc><vAcc>0.690283</vAcc></extensions></trkpt>
      <trkpt lon="120.955069" lat="23.468847"><ele>3717.334956</ele><time>2026-09-14T20:11:23Z</time><extensions><speed>0.763514</speed><course>303.634382</course><hAcc>1.788815</hAcc><vAcc>0.690283</vAcc></extensions></trkpt>
      <trkpt lon="120.955064" lat="23.468851"><ele>3717.399893</ele><time>2026-09-14T20:11:24Z</time><extensions><speed>0.686759</speed><course>305.440753</course><hAcc>1.791815</hAcc><vAcc>0.690283</vAcc></extensions></trkpt>
      <trkpt lon="120.955058" lat="23.468854"><ele>3717.452018</ele><time>2026-09-14T20:11:25Z</time><extensions><speed>0.648783</speed><course>307.761142</course><hAcc>1.789834</hAcc><vAcc>0.690283</vAcc></extensions></trkpt>
      <trkpt lon="120.955054" lat="23.468858"><ele>3717.493322</ele><time>2026-09-14T20:11:26Z</time><extensions><speed>0.595015</speed><course>311.761051</course><hAcc>1.786728</hAcc><vAcc>0.690283</vAcc></extensions></trkpt>
      <trkpt lon="120.955050" lat="23.468861"><ele>3717.526487</ele><time>2026-09-14T20:11:27Z</time><extensions><speed>0.560761</speed><course>315.789080</course><hAcc>1.777561</hAcc><vAcc>0.690283</vAcc></extensions></trkpt>
      <trkpt lon="120.955046" lat="23.468865"><ele>3717.554569</ele><time>2026-09-14T20:11:28Z</time><extensions><speed>0.531365</speed><course>318.265073</course><hAcc>1.762747</hAcc><vAcc>0.690283</vAcc></extensions></trkpt>
      <trkpt lon="120.955043" lat="23.468869"><ele>3717.580599</ele><time>2026-09-14T20:11:29Z</time><extensions><speed>0.521933</speed><course>318.383264</course><hAcc>1.740553</hAcc><vAcc>0.690283</vAcc></extensions></trkpt>
      <trkpt lon="120.955039" lat="23.468872"><ele>3717.607318</ele><time>2026-09-14T20:11:30Z</time><extensions><speed>0.578108</speed><course>314.648469</course><hAcc>1.716703</hAcc><vAcc>0.690283</vAcc></extensions></trkpt>
      <trkpt lon="120.955035" lat="23.468876"><ele>3717.637074</ele><time>2026-09-14T20:11:31Z</time><extensions><speed>0.564051</speed><course>310.570072</course><hAcc>1.710384</hAcc><vAcc>0.690283</vAcc></extensions></trkpt>
      <trkpt lon="120.955030" lat="23.468879"><ele>3717.671739</ele><time>2026-09-14T20:11:32Z</time><extensions><speed>0.602031</speed><course>307.962270</course><hAcc>1.692215</hAcc><vAcc>0.690283</vAcc></extensions></trkpt>
      <trkpt lon="120.955025" lat="23.468882"><ele>3717.712647</ele><time>2026-09-14T20:11:33Z</time><extensions><speed>0.652311</speed><course>306.230867</course><hAcc>1.681297</hAcc><vAcc>0.690283</vAcc></extensions></trkpt>
      <trkpt lon="120.955020" lat="23.468886"><ele>3717.760442</ele><time>2026-09-14T20:11:34Z</time><extensions><speed>0.726718</speed><course>305.240140</course><hAcc>1.688903</hAcc><vAcc>0.690283</vAcc></extensions></trkpt>
      <trkpt lon="120.955014" lat="23.468890"><ele>3717.815182</ele><time>2026-09-14T20:11:35Z</time><extensions><speed>0.716265</speed><course>304.191161</course><hAcc>1.688178</hAcc><vAcc>0.690283</vAcc></extensions></trkpt>
      <trkpt lon="120.955009" lat="23.468893"><ele>3717.876397</ele><time>2026-09-14T20:11:36Z</time><extensions><speed>0.623643</speed><course>302.105074</course><hAcc>1.677836</hAcc><vAcc>0.690283</vAcc></extensions></trkpt>
      <trkpt lon="120.955004" lat="23.468896"><ele>3717.943245</ele><time>2026-09-14T20:11:37Z</time><extensions><speed>0.495507</speed><course>300.730114</course><hAcc>1.686657</hAcc><vAcc>0.690283</vAcc></extensions></trkpt>
      <trkpt lon="120.955000" lat="23.468898"><ele>3718.014694</ele><time>2026-09-14T20:11:38Z</time><extensions><speed>0.448497</speed><course>300.642043</course><hAcc>1.681764</hAcc><vAcc>0.690283</vAcc></extensions></trkpt>
      <trkpt lon="120.954996" lat="23.468900"><ele>3718.089747</ele><time>2026-09-14T20:11:39Z</time><extensions><speed>0.489727</speed><course>302.697868</course><hAcc>1.681880</hAcc><vAcc>0.690282</vAcc></extensions></trkpt>
      <trkpt lon="120.954992" lat="23.468903"><ele>3718.167616</ele><time>2026-09-14T20:11:40Z</time><extensions><speed>0.547044</speed><course>304.574263</course><hAcc>1.690437</hAcc><vAcc>0.690282</vAcc></extensions></trkpt>
      <trkpt lon="120.954987" lat="23.468906"><ele>3718.247721</ele><time>2026-09-14T20:11:41Z</time><extensions><speed>0.654265</speed><course>305.542953</course><hAcc>1.704242</hAcc><vAcc>0.690281</vAcc></extensions></trkpt>
      <trkpt lon="120.954982" lat="23.468909"><ele>3718.329643</ele><time>2026-09-14T20:11:42Z</time><extensions><speed>0.689838</speed><course>305.086587</course><hAcc>1.701543</hAcc><vAcc>0.690280</vAcc></extensions></trkpt>
      <trkpt lon="120.954976" lat="23.468913"><ele>3718.413050</ele><time>2026-09-14T20:11:43Z</time><extensions><speed>0.673747</speed><course>304.516575</course><hAcc>1.701304</hAcc><vAcc>0.690280</vAcc></extensions></trkpt>
      <trkpt lon="120.954971" lat="23.468916"><ele>3718.497640</ele><time>2026-09-14T20:11:44Z</time><extensions><speed>0.616284</speed><course>305.360864</course><hAcc>1.713444</hAcc><vAcc>0.690281</vAcc></extensions></trkpt>
      <trkpt lon="120.954966" lat="23.468919"><ele>3718.583155</ele><time>2026-09-14T20:11:45Z</time><extensions><speed>0.511572</speed><course>303.051710</course><hAcc>1.694103</hAcc><vAcc>0.690282</vAcc></extensions></trkpt>
      <trkpt lon="120.954963" lat="23.468921"><ele>3718.669367</ele><time>2026-09-14T20:11:46Z</time><extensions><speed>0.426334</speed><course>299.897364</course><hAcc>1.665057</hAcc><vAcc>0.690282</vAcc></extensions></trkpt>
      <trkpt lon="120.954959" lat="23.468923"><ele>3718.756087</ele><time>2026-09-14T20:11:47Z</time><extensions><speed>0.454546</speed><course>300.704217</course><hAcc>1.651452</hAcc><vAcc>0.690282</vAcc></extensions></trkpt>
      <trkpt lon="120.954955" lat="23.468925"><ele>3718.843355</ele><time>2026-09-14T20:11:48Z</time><extensions><speed>0.490633</speed><course>304.400419</course><hAcc>1.658909</hAcc><vAcc>0.690283</vAcc></extensions></trkpt>
      <trkpt lon="120.954951" lat="23.468928"><ele>3718.931313</ele><time>2026-09-14T20:11:49Z</time><extensions><speed>0.536458</speed><course>308.516674</course><hAcc>1.655217</hAcc><vAcc>0.690283</vAcc></extensions></trkpt>
      <trkpt lon="120.954947" lat="23.468931"><ele>3719.020094</ele><time>2026-09-14T20:11:50Z</time><extensions><speed>0.542475</speed><course>310.707260</course><hAcc>1.654305</hAcc><vAcc>0.690283</vAcc></extensions></trkpt>
      <trkpt lon="120.954943" lat="23.468935"><ele>3719.109847</ele><time>2026-09-14T20:11:51Z</time><extensions><speed>0.582937</speed><course>312.996136</course><hAcc>1.662421</hAcc><vAcc>0.690283</vAcc></extensions></trkpt>
      <trkpt lon="120.954939" lat="23.468938"><ele>3719.200789</ele><time>2026-09-14T20:11:52Z</time><extensions><speed>0.572718</speed><course>315.024130</course><hAcc>1.639074</hAcc><vAcc>0.690283</vAcc></extensions></trkpt>
      <trkpt lon="120.954935" lat="23.468942"><ele>3719.293138</ele><time>2026-09-14T20:11:53Z</time><extensions><speed>0.551686</speed><course>317.799904</course><hAcc>1.630956</hAcc><vAcc>0.690283</vAcc></extensions></trkpt>
      <trkpt lon="120.954931" lat="23.468946"><ele>3719.387083</ele><time>2026-09-14T20:11:54Z</time><extensions><speed>0.587047</speed><course>321.692997</course><hAcc>1.627136</hAcc><vAcc>0.690283</vAcc></extensions></trkpt>
      <trkpt lon="120.954928" lat="23.468950"><ele>3719.482693</ele><time>2026-09-14T20:11:55Z</time><extensions><speed>0.540830</speed><course>322.874922</course><hAcc>1.632721</hAcc><vAcc>0.690283</vAcc></extensions></trkpt>
      <trkpt lon="120.954925" lat="23.468954"><ele>3719.579862</ele><time>2026-09-14T20:11:56Z</time><extensions><speed>0.511517</speed><course>322.612103</course><hAcc>1.637243</hAcc><vAcc>0.690283</vAcc></extensions></trkpt>
      <trkpt lon="120.954922" lat="23.468957"><ele>3719.678307</ele><time>2026-09-14T20:11:57Z</time><extensions><speed>0.564776</speed><course>321.471963</course><hAcc>1.635235</hAcc><vAcc>0.690283</vAcc></extensions></trkpt>
      <trkpt lon="120.954918" lat="23.468962"><ele>3719.777458</ele><time>2026-09-14T20:11:58Z</time><extensions><speed>0.591709</speed><course>320.602650</course><hAcc>1.641124</hAcc><vAcc>0.690283</vAcc></extensions></trkpt>
      <trkpt lon="120.954914" lat="23.468966"><ele>3719.876680</ele><time>2026-09-14T20:11:59Z</time><extensions><speed>0.561936</speed><course>320.819860</course><hAcc>1.661079</hAcc><vAcc>0.690283</vAcc></extensions></trkpt>
      <trkpt lon="120.954911" lat="23.468969"><ele>3719.975441</ele><time>2026-09-14T20:12:00Z</time><extensions><speed>0.513655</speed><course>321.265685</course><hAcc>1.650385</hAcc><vAcc>0.690283</vAcc></extensions></trkpt>
      <trkpt lon="120.954908" lat="23.468973"><ele>3720.073382</ele><time>2026-09-14T20:12:01Z</time><extensions><speed>0.511050</speed><course>322.764740</course><hAcc>1.647213</hAcc><vAcc>0.690283</vAcc></extensions></trkpt>
      <trkpt lon="120.954905" lat="23.468977"><ele>3720.170286</ele><time>2026-09-14T20:12:02Z</time><extensions><speed>0.453112</speed><course>323.809161</course><hAcc>1.658261</hAcc><vAcc>0.690283</vAcc></extensions></trkpt>
      <trkpt lon="120.954903" lat="23.468980"><ele>3720.266021</ele><time>2026-09-14T20:12:03Z</time><extensions><speed>0.515329</speed><course>325.484939</course><hAcc>1.655906</hAcc><vAcc>0.690283</vAcc></extensions></trkpt>
      <trkpt lon="120.954900" lat="23.468984"><ele>3720.360524</ele><time>2026-09-14T20:12:04Z</time><extensions><speed>0.536194</speed><course>327.919618</course><hAcc>1.660301</hAcc><vAcc>0.690283</vAcc></extensions></trkpt>
      <trkpt lon="120.954897" lat="23.468988"><ele>3720.453780</ele><time>2026-09-14T20:12:05Z</time><extensions><speed>0.536521</speed><course>330.980860</course><hAcc>1.663245</hAcc><vAcc>0.690283</vAcc></extensions></trkpt>
      <trkpt lon="120.954895" lat="23.468993"><ele>3720.545808</ele><time>2026-09-14T20:12:06Z</time><extensions><speed>0.524926</speed><course>333.591586</course><hAcc>1.664990</hAcc><vAcc>0.690283</vAcc></extensions></trkpt>
      <trkpt lon="120.954892" lat="23.468997"><ele>3720.636661</ele><time>2026-09-14T20:12:07Z</time><extensions><speed>0.508197</speed><course>335.239890</course><hAcc>1.665632</hAcc><vAcc>0.690283</vAcc></extensions></trkpt>
      <trkpt lon="120.954890" lat="23.469001"><ele>3720.726543</ele><time>2026-09-14T20:12:08Z</time><extensions><speed>0.480439</speed><course>336.325877</course><hAcc>1.660067</hAcc><vAcc>0.690283</vAcc></extensions></trkpt>
      <trkpt lon="120.954889" lat="23.469005"><ele>3720.815711</ele><time>2026-09-14T20:12:09Z</time><extensions><speed>0.419036</speed><course>337.348185</course><hAcc>1.652598</hAcc><vAcc>0.690283</vAcc></extensions></trkpt>
      <trkpt lon="120.954887" lat="23.469007"><ele>3720.904396</ele><time>2026-09-14T20:12:10Z</time><extensions><speed>0.245407</speed><course>342.948421</course><hAcc>1.650118</hAcc><vAcc>0.690283</vAcc></extensions></trkpt>
      <trkpt lon="120.954886" lat="23.469010"><ele>3720.992778</ele><time>2026-09-14T20:12:11Z</time><extensions><speed>0.484595</speed><course>332.461768</course><hAcc>1.649965</hAcc><vAcc>0.690283</vAcc></extensions></trkpt>
      <trkpt lon="120.954883" lat="23.469015"><ele>3721.081021</ele><time>2026-09-14T20:12:12Z</time><extensions><speed>0.571397</speed><course>329.413672</course><hAcc>1.644944</hAcc><vAcc>0.690283</vAcc></extensions></trkpt>
      <trkpt lon="120.954880" lat="23.469019"><ele>3721.169307</ele><time>2026-09-14T20:12:13Z</time><extensions><speed>0.571011</speed><course>326.295502</course><hAcc>1.640099</hAcc><vAcc>0.690283</vAcc></extensions></trkpt>
      <trkpt lon="120.954877" lat="23.469023"><ele>3721.257856</ele><time>2026-09-14T20:12:14Z</time><extensions><speed>0.565469</speed><course>323.278233</course><hAcc>1.633975</hAcc><vAcc>0.690283</vAcc></extensions></trkpt>
      <trkpt lon="120.954874" lat="23.469027"><ele>3721.346943</ele><time>2026-09-14T20:12:15Z</time><extensions><speed>0.528993</speed><course>320.468796</course><hAcc>1.631602</hAcc><vAcc>0.690283</vAcc></extensions></trkpt>
      <trkpt lon="120.954871" lat="23.469031"><ele>3721.436714</ele><time>2026-09-14T20:12:16Z</time><extensions><speed>0.541341</speed><course>317.628048</course><hAcc>1.634978</hAcc><vAcc>0.690283</vAcc></extensions></trkpt>
      <trkpt lon="120.954867" lat="23.469034"><ele>3721.527137</ele><time>2026-09-14T20:12:17Z</time><extensions><speed>0.537410</speed><course>312.577390</course><hAcc>1.656366</hAcc><vAcc>0.690283</vAcc></extensions></trkpt>
      <trkpt lon="120.954863" lat="23.469037"><ele>3721.618178</ele><time>2026-09-14T20:12:18Z</time><extensions><speed>0.472930</speed><course>314.386782</course><hAcc>1.655635</hAcc><vAcc>0.690283</vAcc></extensions></trkpt>
      <trkpt lon="120.954860" lat="23.469040"><ele>3721.709854</ele><time>2026-09-14T20:12:19Z</time><extensions><speed>0.441865</speed><course>310.199490</course><hAcc>1.667198</hAcc><vAcc>0.690283</vAcc></extensions></trkpt>
      <trkpt lon="120.954857" lat="23.469042"><ele>3721.802032</ele><time>2026-09-14T20:12:20Z</time><extensions><speed>0.394482</speed><course>309.944037</course><hAcc>1.688177</hAcc><vAcc>0.690283</vAcc></extensions></trkpt>
      <trkpt lon="120.954854" lat="23.469045"><ele>3721.894851</ele><time>2026-09-14T20:12:21Z</time><extensions><speed>0.319942</speed><course>314.424975</course><hAcc>1.699564</hAcc><vAcc>0.690283</vAcc></extensions></trkpt>
      <trkpt lon="120.954852" lat="23.469047"><ele>3721.988477</ele><time>2026-09-14T20:12:22Z</time><extensions><speed>0.326136</speed><course>317.250968</course><hAcc>1.712271</hAcc><vAcc>0.690283</vAcc></extensions></trkpt>
      <trkpt lon="120.954850" lat="23.469049"><ele>3722.083282</ele><time>2026-09-14T20:12:23Z</time><extensions><speed>0.371940</speed><course>320.489397</course><hAcc>1.730465</hAcc><vAcc>0.690283</vAcc></extensions></trkpt>
      <trkpt lon="120.954848" lat="23.469052"><ele>3722.180004</ele><time>2026-09-14T20:12:24Z</time><extensions><speed>0.363620</speed><course>324.405861</course><hAcc>1.750074</hAcc><vAcc>0.690283</vAcc></extensions></trkpt>
      <trkpt lon="120.954846" lat="23.469055"><ele>3722.279710</ele><time>2026-09-14T20:12:25Z</time><extensions><speed>0.392184</speed><course>325.914290</course><hAcc>1.759634</hAcc><vAcc>0.690283</vAcc></extensions></trkpt>
      <trkpt lon="120.954843" lat="23.469057"><ele>3722.383552</ele><time>2026-09-14T20:12:26Z</time><extensions><speed>0.388617</speed><course>327.607181</course><hAcc>1.757265</hAcc><vAcc>0.690283</vAcc></extensions></trkpt>
      <trkpt lon="120.954841" lat="23.469061"><ele>3722.492746</ele><time>2026-09-14T20:12:27Z</time><extensions><speed>0.389450</speed><course>328.795287</course><hAcc>1.743410</hAcc><vAcc>0.690283</vAcc></extensions></trkpt>
      <trkpt lon="120.954839" lat="23.469064"><ele>3722.608211</ele><time>2026-09-14T20:12:28Z</time><extensions><speed>0.459450</speed><course>327.326254</course><hAcc>1.720087</hAcc><vAcc>0.690283</vAcc></extensions></trkpt>
      <trkpt lon="120.954837" lat="23.469068"><ele>3722.730097</ele><time>2026-09-14T20:12:29Z</time><extensions><speed>0.534700</speed><course>324.768967</course><hAcc>1.703701</hAcc><vAcc>0.690283</vAcc></extensions></trkpt>
      <trkpt lon="120.954833" lat="23.469071"><ele>3722.858126</ele><time>2026-09-14T20:12:30Z</time><extensions><speed>0.572507</speed><course>321.396751</course><hAcc>1.699832</hAcc><vAcc>0.690283</vAcc></extensions></trkpt>
      <trkpt lon="120.954830" lat="23.469075"><ele>3722.991394</ele><time>2026-09-14T20:12:31Z</time><extensions><speed>0.519141</speed><course>319.833237</course><hAcc>1.686739</hAcc><vAcc>0.690283</vAcc></extensions></trkpt>
      <trkpt lon="120.954826" lat="23.469079"><ele>3723.128454</ele><time>2026-09-14T20:12:32Z</time><extensions><speed>0.594731</speed><course>317.704635</course><hAcc>1.655727</hAcc><vAcc>0.690283</vAcc></extensions></trkpt>
      <trkpt lon="120.954822" lat="23.469083"><ele>3723.267393</ele><time>2026-09-14T20:12:33Z</time><extensions><speed>0.645085</speed><course>315.716198</course><hAcc>1.646776</hAcc><vAcc>0.690283</vAcc></extensions></trkpt>
      <trkpt lon="120.954817" lat="23.469087"><ele>3723.406002</ele><time>2026-09-14T20:12:34Z</time><extensions><speed>0.677603</speed><course>314.174786</course><hAcc>1.648470</hAcc><vAcc>0.690283</vAcc></extensions></trkpt>
      <trkpt lon="120.954812" lat="23.469091"><ele>3723.542048</ele><time>2026-09-14T20:12:35Z</time><extensions><speed>0.679132</speed><course>313.026897</course><hAcc>1.622525</hAcc><vAcc>0.690283</vAcc></extensions></trkpt>
      <trkpt lon="120.954807" lat="23.469095"><ele>3723.673569</ele><time>2026-09-14T20:12:36Z</time><extensions><speed>0.663921</speed><course>310.425721</course><hAcc>1.603521</hAcc><vAcc>0.690283</vAcc></extensions></trkpt>
      <trkpt lon="120.954802" lat="23.469099"><ele>3723.799123</ele><time>2026-09-14T20:12:37Z</time><extensions><speed>0.677615</speed><course>306.765576</course><hAcc>1.597407</hAcc><vAcc>0.690283</vAcc></extensions></trkpt>
      <trkpt lon="120.954797" lat="23.469102"><ele>3723.918009</ele><time>2026-09-14T20:12:38Z</time><extensions><speed>0.693464</speed><course>303.543849</course><hAcc>1.607776</hAcc><vAcc>0.690283</vAcc></extensions></trkpt>
      <trkpt lon="120.954791" lat="23.469105"><ele>3724.030268</ele><time>2026-09-14T20:12:39Z</time><extensions><speed>0.630183</speed><course>299.392678</course><hAcc>1.612279</hAcc><vAcc>0.690283</vAcc></extensions></trkpt>
      <trkpt lon="120.954786" lat="23.469108"><ele>3724.136497</ele><time>2026-09-14T20:12:40Z</time><extensions><speed>0.560466</speed><course>294.604225</course><hAcc>1.617878</hAcc><vAcc>0.690283</vAcc></extensions></trkpt>
      <trkpt lon="120.954781" lat="23.469109"><ele>3724.237635</ele><time>2026-09-14T20:12:41Z</time><extensions><speed>0.555001</speed><course>288.376320</course><hAcc>1.614309</hAcc><vAcc>0.690283</vAcc></extensions></trkpt>
      <trkpt lon="120.954776" lat="23.469110"><ele>3724.334737</ele><time>2026-09-14T20:12:42Z</time><extensions><speed>0.567546</speed><course>280.742722</course><hAcc>1.608574</hAcc><vAcc>0.690283</vAcc></extensions></trkpt>
      <trkpt lon="120.954770" lat="23.469111"><ele>3724.428828</ele><time>2026-09-14T20:12:43Z</time><extensions><speed>0.588452</speed><course>277.313998</course><hAcc>1.618964</hAcc><vAcc>0.690283</vAcc></extensions></trkpt>
      <trkpt lon="120.954764" lat="23.469112"><ele>3724.520659</ele><time>2026-09-14T20:12:44Z</time><extensions><speed>0.578758</speed><course>274.538142</course><hAcc>1.635194</hAcc><vAcc>0.690283</vAcc></extensions></trkpt>
      <trkpt lon="120.954759" lat="23.469112"><ele>3724.610796</ele><time>2026-09-14T20:12:45Z</time><extensions><speed>0.589998</speed><course>274.999094</course><hAcc>1.647415</hAcc><vAcc>0.690283</vAcc></extensions></trkpt>
      <trkpt lon="120.954753" lat="23.469113"><ele>3724.699640</ele><time>2026-09-14T20:12:46Z</time><extensions><speed>0.599865</speed><course>275.345105</course><hAcc>1.653118</hAcc><vAcc>0.690283</vAcc></extensions></trkpt>
      <trkpt lon="120.954747" lat="23.469113"><ele>3724.787465</ele><time>2026-09-14T20:12:47Z</time><extensions><speed>0.583651</speed><course>276.693218</course><hAcc>1.661870</hAcc><vAcc>0.690283</vAcc></extensions></trkpt>
      <trkpt lon="120.954741" lat="23.469114"><ele>3724.874382</ele><time>2026-09-14T20:12:48Z</time><extensions><speed>0.559354</speed><course>277.837512</course><hAcc>1.666786</hAcc><vAcc>0.690283</vAcc></extensions></trkpt>
      <trkpt lon="120.954736" lat="23.469115"><ele>3724.960560</ele><time>2026-09-14T20:12:49Z</time><extensions><speed>0.539385</speed><course>281.547081</course><hAcc>1.670130</hAcc><vAcc>0.690283</vAcc></extensions></trkpt>
      <trkpt lon="120.954731" lat="23.469116"><ele>3725.046074</ele><time>2026-09-14T20:12:50Z</time><extensions><speed>0.518512</speed><course>287.793944</course><hAcc>1.676055</hAcc><vAcc>0.690283</vAcc></extensions></trkpt>
      <trkpt lon="120.954727" lat="23.469118"><ele>3725.130970</ele><time>2026-09-14T20:12:51Z</time><extensions><speed>0.468599</speed><course>296.075195</course><hAcc>1.694401</hAcc><vAcc>0.690283</vAcc></extensions></trkpt>
      <trkpt lon="120.954723" lat="23.469120"><ele>3725.215484</ele><time>2026-09-14T20:12:52Z</time><extensions><speed>0.443964</speed><course>304.955438</course><hAcc>1.712384</hAcc><vAcc>0.690283</vAcc></extensions></trkpt>
      <trkpt lon="120.954720" lat="23.469122"><ele>3725.299966</ele><time>2026-09-14T20:12:53Z</time><extensions><speed>0.425429</speed><course>312.029640</course><hAcc>1.715619</hAcc><vAcc>0.690283</vAcc></extensions></trkpt>
      <trkpt lon="120.954716" lat="23.469125"><ele>3725.384929</ele><time>2026-09-14T20:12:54Z</time><extensions><speed>0.465608</speed><course>317.066655</course><hAcc>1.716403</hAcc><vAcc>0.690283</vAcc></extensions></trkpt>
      <trkpt lon="120.954713" lat="23.469128"><ele>3725.471058</ele><time>2026-09-14T20:12:55Z</time><extensions><speed>0.471767</speed><course>320.444048</course><hAcc>1.732427</hAcc><vAcc>0.690283</vAcc></extensions></trkpt>
      <trkpt lon="120.954710" lat="23.469132"><ele>3725.559152</ele><time>2026-09-14T20:12:56Z</time><extensions><speed>0.483545</speed><course>322.876520</course><hAcc>1.751244</hAcc><vAcc>0.690283</vAcc></extensions></trkpt>
      <trkpt lon="120.954708" lat="23.469135"><ele>3725.649884</ele><time>2026-09-14T20:12:57Z</time><extensions><speed>0.455294</speed><course>325.864155</course><hAcc>1.765828</hAcc><vAcc>0.690283</vAcc></extensions></trkpt>
      <trkpt lon="120.954705" lat="23.469139"><ele>3725.743872</ele><time>2026-09-14T20:12:58Z</time><extensions><speed>0.455177</speed><course>326.911905</course><hAcc>1.774132</hAcc><vAcc>0.690283</vAcc></extensions></trkpt>
      <trkpt lon="120.954703" lat="23.469142"><ele>3725.841363</ele><time>2026-09-14T20:12:59Z</time><extensions><speed>0.442373</speed><course>326.287045</course><hAcc>1.778758</hAcc><vAcc>0.690283</vAcc></extensions></trkpt>
      <trkpt lon="120.954700" lat="23.469145"><ele>3725.942197</ele><time>2026-09-14T20:13:00Z</time><extensions><speed>0.473075</speed><course>323.906549</course><hAcc>1.777679</hAcc><vAcc>0.690283</vAcc></extensions></trkpt>
      <trkpt lon="120.954698" lat="23.469149"><ele>3726.045793</ele><time>2026-09-14T20:13:01Z</time><extensions><speed>0.498968</speed><course>323.318718</course><hAcc>1.775356</hAcc><vAcc>0.690283</vAcc></extensions></trkpt>
      <trkpt lon="120.954695" lat="23.469153"><ele>3726.151208</ele><time>2026-09-14T20:13:02Z</time><extensions><speed>0.504852</speed><course>325.065263</course><hAcc>1.772203</hAcc><vAcc>0.690283</vAcc></extensions></trkpt>
      <trkpt lon="120.954692" lat="23.469156"><ele>3726.257269</ele><time>2026-09-14T20:13:03Z</time><extensions><speed>0.498525</speed><course>328.203688</course><hAcc>1.764953</hAcc><vAcc>0.690283</vAcc></extensions></trkpt>
      <trkpt lon="120.954690" lat="23.469160"><ele>3726.362773</ele><time>2026-09-14T20:13:04Z</time><extensions><speed>0.484810</speed><course>331.646929</course><hAcc>1.752163</hAcc><vAcc>0.690283</vAcc></extensions></trkpt>
      <trkpt lon="120.954687" lat="23.469164"><ele>3726.466642</ele><time>2026-09-14T20:13:05Z</time><extensions><speed>0.472131</speed><course>334.014134</course><hAcc>1.732952</hAcc><vAcc>0.690283</vAcc></extensions></trkpt>
      <trkpt lon="120.954686" lat="23.469168"><ele>3726.568053</ele><time>2026-09-14T20:13:06Z</time><extensions><speed>0.426641</speed><course>336.260018</course><hAcc>1.717333</hAcc><vAcc>0.690283</vAcc></extensions></trkpt>
      <trkpt lon="120.954683" lat="23.469172"><ele>3726.666539</ele><time>2026-09-14T20:13:07Z</time><extensions><speed>0.639018</speed><course>323.575934</course><hAcc>1.723852</hAcc><vAcc>0.690283</vAcc></extensions></trkpt>
      <trkpt lon="120.954679" lat="23.469177"><ele>3726.762026</ele><time>2026-09-14T20:13:08Z</time><extensions><speed>0.715240</speed><course>317.641775</course><hAcc>1.739799</hAcc><vAcc>0.690283</vAcc></extensions></trkpt>
      <trkpt lon="120.954674" lat="23.469181"><ele>3726.854754</ele><time>2026-09-14T20:13:09Z</time><extensions><speed>0.612288</speed><course>316.904714</course><hAcc>1.723653</hAcc><vAcc>0.690283</vAcc></extensions></trkpt>
      <trkpt lon="120.954671" lat="23.469185"><ele>3726.945130</ele><time>2026-09-14T20:13:10Z</time><extensions><speed>0.513712</speed><course>317.205984</course><hAcc>1.700499</hAcc><vAcc>0.690283</vAcc></extensions></trkpt>
      <trkpt lon="120.954667" lat="23.469188"><ele>3727.033629</ele><time>2026-09-14T20:13:11Z</time><extensions><speed>0.527837</speed><course>316.578272</course><hAcc>1.688393</hAcc><vAcc>0.690283</vAcc></extensions></trkpt>
      <trkpt lon="120.954663" lat="23.469192"><ele>3727.120685</ele><time>2026-09-14T20:13:12Z</time><extensions><speed>0.547320</speed><course>314.585480</course><hAcc>1.706304</hAcc><vAcc>0.690283</vAcc></extensions></trkpt>
      <trkpt lon="120.954660" lat="23.469195"><ele>3727.206611</ele><time>2026-09-14T20:13:13Z</time><extensions><speed>0.526917</speed><course>312.745787</course><hAcc>1.730956</hAcc><vAcc>0.690283</vAcc></extensions></trkpt>
      <trkpt lon="120.954656" lat="23.469198"><ele>3727.291590</ele><time>2026-09-14T20:13:14Z</time><extensions><speed>0.520053</speed><course>312.735447</course><hAcc>1.740523</hAcc><vAcc>0.690283</vAcc></extensions></trkpt>
      <trkpt lon="120.954652" lat="23.469201"><ele>3727.375719</ele><time>2026-09-14T20:13:15Z</time><extensions><speed>0.516676</speed><course>311.814218</course><hAcc>1.746831</hAcc><vAcc>0.690283</vAcc></extensions></trkpt>
      <trkpt lon="120.954648" lat="23.469204"><ele>3727.459000</ele><time>2026-09-14T20:13:16Z</time><extensions><speed>0.517893</speed><course>308.037956</course><hAcc>1.745133</hAcc><vAcc>0.690283</vAcc></extensions></trkpt>
      <trkpt lon="120.954644" lat="23.469207"><ele>3727.541403</ele><time>2026-09-14T20:13:17Z</time><extensions><speed>0.545347</speed><course>303.453988</course><hAcc>1.732397</hAcc><vAcc>0.690283</vAcc></extensions></trkpt>
      <trkpt lon="120.954639" lat="23.469210"><ele>3727.622958</ele><time>2026-09-14T20:13:18Z</time><extensions><speed>0.582164</speed><course>299.678207</course><hAcc>1.724057</hAcc><vAcc>0.690283</vAcc></extensions></trkpt>
      <trkpt lon="120.954634" lat="23.469212"><ele>3727.703815</ele><time>2026-09-14T20:13:19Z</time><extensions><speed>0.586064</speed><course>298.586247</course><hAcc>1.723024</hAcc><vAcc>0.690283</vAcc></extensions></trkpt>
      <trkpt lon="120.954629" lat="23.469215"><ele>3727.784125</ele><time>2026-09-14T20:13:20Z</time><extensions><speed>0.614152</speed><course>300.518594</course><hAcc>1.723567</hAcc><vAcc>0.690283</vAcc></extensions></trkpt>
      <trkpt lon="120.954624" lat="23.469218"><ele>3727.864130</ele><time>2026-09-14T20:13:21Z</time><extensions><speed>0.567694</speed><course>304.118456</course><hAcc>1.717307</hAcc><vAcc>0.690283</vAcc></extensions></trkpt>
      <trkpt lon="120.954620" lat="23.469221"><ele>3727.943978</ele><time>2026-09-14T20:13:22Z</time><extensions><speed>0.533069</speed><course>307.306279</course><hAcc>1.702692</hAcc><vAcc>0.690283</vAcc></extensions></trkpt>
      <trkpt lon="120.954616" lat="23.469224"><ele>3728.023684</ele><time>2026-09-14T20:13:23Z</time><extensions><speed>0.544528</speed><course>306.622490</course><hAcc>1.685558</hAcc><vAcc>0.690283</vAcc></extensions></trkpt>
      <trkpt lon="120.954611" lat="23.469227"><ele>3728.103121</ele><time>2026-09-14T20:13:24Z</time><extensions><speed>0.581257</speed><course>305.560352</course><hAcc>1.669827</hAcc><vAcc>0.690283</vAcc></extensions></trkpt>
      <trkpt lon="120.954607" lat="23.469230"><ele>3728.182013</ele><time>2026-09-14T20:13:25Z</time><extensions><speed>0.592124</speed><course>304.949128</course><hAcc>1.661417</hAcc><vAcc>0.690283</vAcc></extensions></trkpt>
      <trkpt lon="120.954602" lat="23.469233"><ele>3728.259940</ele><time>2026-09-14T20:13:26Z</time><extensions><speed>0.562531</speed><course>305.338554</course><hAcc>1.659681</hAcc><vAcc>0.690283</vAcc></extensions></trkpt>
      <trkpt lon="120.954598" lat="23.469236"><ele>3728.336427</ele><time>2026-09-14T20:13:27Z</time><extensions><speed>0.543902</speed><course>306.252614</course><hAcc>1.657826</hAcc><vAcc>0.690283</vAcc></extensions></trkpt>
      <trkpt lon="120.954593" lat="23.469239"><ele>3728.411042</ele><time>2026-09-14T20:13:28Z</time><extensions><speed>0.576577</speed><course>306.667551</course><hAcc>1.651664</hAcc><vAcc>0.690283</vAcc></extensions></trkpt>
      <trkpt lon="120.954589" lat="23.469242"><ele>3728.483550</ele><time>2026-09-14T20:13:29Z</time><extensions><speed>0.606501</speed><course>306.600824</course><hAcc>1.648216</hAcc><vAcc>0.690283</vAcc></extensions></trkpt>
      <trkpt lon="120.954584" lat="23.469246"><ele>3728.553766</ele><time>2026-09-14T20:13:30Z</time><extensions><speed>0.601744</speed><course>306.811563</course><hAcc>1.650105</hAcc><vAcc>0.690283</vAcc></extensions></trkpt>
      <trkpt lon="120.954579" lat="23.469249"><ele>3728.621733</ele><time>2026-09-14T20:13:31Z</time><extensions><speed>0.637289</speed><course>305.431785</course><hAcc>1.657455</hAcc><vAcc>0.690283</vAcc></extensions></trkpt>
      <trkpt lon="120.954574" lat="23.469252"><ele>3728.687633</ele><time>2026-09-14T20:13:32Z</time><extensions><speed>0.673048</speed><course>303.423617</course><hAcc>1.667010</hAcc><vAcc>0.690283</vAcc></extensions></trkpt>
      <trkpt lon="120.954568" lat="23.469255"><ele>3728.751671</ele><time>2026-09-14T20:13:33Z</time><extensions><speed>0.634874</speed><course>303.925288</course><hAcc>1.658111</hAcc><vAcc>0.690283</vAcc></extensions></trkpt>
      <trkpt lon="120.954563" lat="23.469258"><ele>3728.813990</ele><time>2026-09-14T20:13:34Z</time><extensions><speed>0.628279</speed><course>301.524061</course><hAcc>1.659087</hAcc><vAcc>0.690283</vAcc></extensions></trkpt>
      <trkpt lon="120.954558" lat="23.469261"><ele>3728.874708</ele><time>2026-09-14T20:13:35Z</time><extensions><speed>0.618322</speed><course>297.498339</course><hAcc>1.664296</hAcc><vAcc>0.690283</vAcc></extensions></trkpt>
      <trkpt lon="120.954552" lat="23.469264"><ele>3728.933802</ele><time>2026-09-14T20:13:36Z</time><extensions><speed>0.597197</speed><course>292.838540</course><hAcc>1.668689</hAcc><vAcc>0.690283</vAcc></extensions></trkpt>
      <trkpt lon="120.954547" lat="23.469265"><ele>3728.991118</ele><time>2026-09-14T20:13:37Z</time><extensions><speed>0.590037</speed><course>287.918276</course><hAcc>1.670351</hAcc><vAcc>0.690283</vAcc></extensions></trkpt>
      <trkpt lon="120.954541" lat="23.469267"><ele>3729.046468</ele><time>2026-09-14T20:13:38Z</time><extensions><speed>0.593967</speed><course>282.909355</course><hAcc>1.668479</hAcc><vAcc>0.690283</vAcc></extensions></trkpt>
      <trkpt lon="120.954536" lat="23.469268"><ele>3729.099733</ele><time>2026-09-14T20:13:39Z</time><extensions><speed>0.568233</speed><course>274.626970</course><hAcc>1.670507</hAcc><vAcc>0.690283</vAcc></extensions></trkpt>
      <trkpt lon="120.954530" lat="23.469268"><ele>3729.150998</ele><time>2026-09-14T20:13:40Z</time><extensions><speed>0.478213</speed><course>266.998297</course><hAcc>1.677754</hAcc><vAcc>0.690283</vAcc></extensions></trkpt>
      <trkpt lon="120.954526" lat="23.469267"><ele>3729.200547</ele><time>2026-09-14T20:13:41Z</time><extensions><speed>0.360107</speed><course>263.412380</course><hAcc>1.681893</hAcc><vAcc>0.690283</vAcc></extensions></trkpt>
      <trkpt lon="120.954522" lat="23.469267"><ele>3729.248825</ele><time>2026-09-14T20:13:42Z</time><extensions><speed>0.481366</speed><course>270.400903</course><hAcc>1.680409</hAcc><vAcc>0.690283</vAcc></extensions></trkpt>
      <trkpt lon="120.954517" lat="23.469267"><ele>3729.296482</ele><time>2026-09-14T20:13:43Z</time><extensions><speed>0.555540</speed><course>281.817832</course><hAcc>1.683154</hAcc><vAcc>0.690283</vAcc></extensions></trkpt>
      <trkpt lon="120.954512" lat="23.469268"><ele>3729.344127</ele><time>2026-09-14T20:13:44Z</time><extensions><speed>0.567242</speed><course>282.572281</course><hAcc>1.699878</hAcc><vAcc>0.690283</vAcc></extensions></trkpt>
      <trkpt lon="120.954507" lat="23.469270"><ele>3729.392319</ele><time>2026-09-14T20:13:45Z</time><extensions><speed>0.499557</speed><course>285.723360</course><hAcc>1.709116</hAcc><vAcc>0.690282</vAcc></extensions></trkpt>
      <trkpt lon="120.954502" lat="23.469270"><ele>3729.441521</ele><time>2026-09-14T20:13:46Z</time><extensions><speed>0.500370</speed><course>280.821730</course><hAcc>1.690464</hAcc><vAcc>0.690282</vAcc></extensions></trkpt>
      <trkpt lon="120.954497" lat="23.469271"><ele>3729.492078</ele><time>2026-09-14T20:13:47Z</time><extensions><speed>0.538962</speed><course>279.395648</course><hAcc>1.677608</hAcc><vAcc>0.690281</vAcc></extensions></trkpt>
      <trkpt lon="120.954491" lat="23.469272"><ele>3729.544369</ele><time>2026-09-14T20:13:48Z</time><extensions><speed>0.557730</speed><course>283.251151</course><hAcc>1.680919</hAcc><vAcc>0.690279</vAcc></extensions></trkpt>
      <trkpt lon="120.954486" lat="23.469273"><ele>3729.598684</ele><time>2026-09-14T20:13:49Z</time><extensions><speed>0.552711</speed><course>288.295153</course><hAcc>1.687169</hAcc><vAcc>0.690279</vAcc></extensions></trkpt>
      <trkpt lon="120.954481" lat="23.469275"><ele>3729.655386</ele><time>2026-09-14T20:13:50Z</time><extensions><speed>0.577087</speed><course>292.362259</course><hAcc>1.673404</hAcc><vAcc>0.690280</vAcc></extensions></trkpt>
      <trkpt lon="120.954476" lat="23.469277"><ele>3729.714884</ele><time>2026-09-14T20:13:51Z</time><extensions><speed>0.554863</speed><course>298.560191</course><hAcc>1.664589</hAcc><vAcc>0.690281</vAcc></extensions></trkpt>
      <trkpt lon="120.954472" lat="23.469280"><ele>3729.777550</ele><time>2026-09-14T20:13:52Z</time><extensions><speed>0.502192</speed><course>304.610528</course><hAcc>1.672793</hAcc><vAcc>0.690282</vAcc></extensions></trkpt>
      <trkpt lon="120.954467" lat="23.469282"><ele>3729.843629</ele><time>2026-09-14T20:13:53Z</time><extensions><speed>0.467391</speed><course>297.988161</course><hAcc>1.651087</hAcc><vAcc>0.690283</vAcc></extensions></trkpt>
      <trkpt lon="120.954463" lat="23.469284"><ele>3729.913377</ele><time>2026-09-14T20:13:54Z</time><extensions><speed>0.461722</speed><course>299.339386</course><hAcc>1.641400</hAcc><vAcc>0.690283</vAcc></extensions></trkpt>
      <trkpt lon="120.954460" lat="23.469286"><ele>3729.986897</ele><time>2026-09-14T20:13:55Z</time><extensions><speed>0.446828</speed><course>303.660977</course><hAcc>1.645009</hAcc><vAcc>0.690283</vAcc></extensions></trkpt>
      <trkpt lon="120.954456" lat="23.469288"><ele>3730.064007</ele><time>2026-09-14T20:13:56Z</time><extensions><speed>0.411541</speed><course>309.481464</course><hAcc>1.656395</hAcc><vAcc>0.690283</vAcc></extensions></trkpt>
      <trkpt lon="120.954454" lat="23.469291"><ele>3730.144224</ele><time>2026-09-14T20:13:57Z</time><extensions><speed>0.360472</speed><course>315.617881</course><hAcc>1.670071</hAcc><vAcc>0.690283</vAcc></extensions></trkpt>
      <trkpt lon="120.954452" lat="23.469293"><ele>3730.227229</ele><time>2026-09-14T20:13:58Z</time><extensions><speed>0.274615</speed><course>322.701194</course><hAcc>1.679872</hAcc><vAcc>0.690283</vAcc></extensions></trkpt>
      <trkpt lon="120.954450" lat="23.469295"><ele>3730.312474</ele><time>2026-09-14T20:13:59Z</time><extensions><speed>0.236627</speed><course>340.211077</course><hAcc>1.679726</hAcc><vAcc>0.690283</vAcc></extensions></trkpt>
      <trkpt lon="120.954450" lat="23.469297"><ele>3730.399227</ele><time>2026-09-14T20:14:00Z</time><extensions><speed>0.215751</speed><course>353.738509</course><hAcc>1.709300</hAcc><vAcc>0.690283</vAcc></extensions></trkpt>
      <trkpt lon="120.954450" lat="23.469298"><ele>3730.486817</ele><time>2026-09-14T20:14:01Z</time><extensions><speed>0.156575</speed><course>3.105359</course><hAcc>1.710353</hAcc><vAcc>0.690283</vAcc></extensions></trkpt>
      <trkpt lon="120.954450" lat="23.469300"><ele>3730.574711</ele><time>2026-09-14T20:14:02Z</time><extensions><speed>0.177008</speed><course>12.091080</course><hAcc>1.715292</hAcc><vAcc>0.690283</vAcc></extensions></trkpt>
      <trkpt lon="120.954451" lat="23.469301"><ele>3730.662602</ele><time>2026-09-14T20:14:03Z</time><extensions><speed>0.160476</speed><course>25.204724</course><hAcc>1.729029</hAcc><vAcc>0.690283</vAcc></extensions></trkpt>
      <trkpt lon="120.954452" lat="23.469302"><ele>3730.750636</ele><time>2026-09-14T20:14:04Z</time><extensions><speed>0.123822</speed><course>58.561997</course><hAcc>1.743316</hAcc><vAcc>0.690284</vAcc></extensions></trkpt>
      <trkpt lon="120.954453" lat="23.469303"><ele>3730.839517</ele><time>2026-09-14T20:14:05Z</time><extensions><speed>0.156804</speed><course>81.693970</course><hAcc>1.750136</hAcc><vAcc>0.690284</vAcc></extensions></trkpt>
      <trkpt lon="120.954455" lat="23.469303"><ele>3730.930303</ele><time>2026-09-14T20:14:06Z</time><extensions><speed>0.214625</speed><course>90.942656</course><hAcc>1.752587</hAcc><vAcc>0.690284</vAcc></extensions></trkpt>
      <trkpt lon="120.954457" lat="23.469303"><ele>3731.024064</ele><time>2026-09-14T20:14:07Z</time><extensions><speed>0.280872</speed><course>88.777174</course><hAcc>1.752829</hAcc><vAcc>0.690284</vAcc></extensions></trkpt>
      <trkpt lon="120.954460" lat="23.469303"><ele>3731.121375</ele><time>2026-09-14T20:14:08Z</time><extensions><speed>0.347129</speed><course>86.748829</course><hAcc>1.753297</hAcc><vAcc>0.690284</vAcc></extensions></trkpt>
      <trkpt lon="120.954464" lat="23.469303"><ele>3731.222234</ele><time>2026-09-14T20:14:09Z</time><extensions><speed>0.406550</speed><course>82.539493</course><hAcc>1.754855</hAcc><vAcc>0.690284</vAcc></extensions></trkpt>
      <trkpt lon="120.954468" lat="23.469304"><ele>3731.326126</ele><time>2026-09-14T20:14:10Z</time><extensions><speed>0.452469</speed><course>79.249915</course><hAcc>1.755911</hAcc><vAcc>0.690284</vAcc></extensions></trkpt>
      <trkpt lon="120.954473" lat="23.469305"><ele>3731.432231</ele><time>2026-09-14T20:14:11Z</time><extensions><speed>0.490523</speed><course>75.081692</course><hAcc>1.755190</hAcc><vAcc>0.690284</vAcc></extensions></trkpt>
      <trkpt lon="120.954478" lat="23.469306"><ele>3731.539649</ele><time>2026-09-14T20:14:12Z</time><extensions><speed>0.513565</speed><course>72.661260</course><hAcc>1.755409</hAcc><vAcc>0.690284</vAcc></extensions></trkpt>
      <trkpt lon="120.954482" lat="23.469308"><ele>3731.647454</ele><time>2026-09-14T20:14:13Z</time><extensions><speed>0.518757</speed><course>72.116525</course><hAcc>1.756754</hAcc><vAcc>0.690284</vAcc></extensions></trkpt>
      <trkpt lon="120.954487" lat="23.469309"><ele>3731.754787</ele><time>2026-09-14T20:14:14Z</time><extensions><speed>0.514549</speed><course>72.743715</course><hAcc>1.757314</hAcc><vAcc>0.690284</vAcc></extensions></trkpt>
      <trkpt lon="120.954492" lat="23.469310"><ele>3731.860998</ele><time>2026-09-14T20:14:15Z</time><extensions><speed>0.498834</speed><course>77.122048</course><hAcc>1.757746</hAcc><vAcc>0.690283</vAcc></extensions></trkpt>
      <trkpt lon="120.954497" lat="23.469311"><ele>3731.965567</ele><time>2026-09-14T20:14:16Z</time><extensions><speed>0.494839</speed><course>80.639837</course><hAcc>1.757202</hAcc><vAcc>0.690283</vAcc></extensions></trkpt>
      <trkpt lon="120.954502" lat="23.469312"><ele>3732.068124</ele><time>2026-09-14T20:14:17Z</time><extensions><speed>0.495678</speed><course>83.532752</course><hAcc>1.756454</hAcc><vAcc>0.690283</vAcc></extensions></trkpt>
      <trkpt lon="120.954507" lat="23.469312"><ele>3732.168488</ele><time>2026-09-14T20:14:18Z</time><extensions><speed>0.504530</speed><course>85.737424</course><hAcc>1.754997</hAcc><vAcc>0.690283</vAcc></extensions></trkpt>
      <trkpt lon="120.954512" lat="23.469312"><ele>3732.266618</ele><time>2026-09-14T20:14:19Z</time><extensions><speed>0.514498</speed><course>86.954438</course><hAcc>1.754806</hAcc><vAcc>0.690283</vAcc></extensions></trkpt>
      <trkpt lon="120.954517" lat="23.469313"><ele>3732.362474</ele><time>2026-09-14T20:14:20Z</time><extensions><speed>0.527359</speed><course>87.273734</course><hAcc>1.754984</hAcc><vAcc>0.690283</vAcc></extensions></trkpt>
      <trkpt lon="120.954522" lat="23.469313"><ele>3732.455915</ele><time>2026-09-14T20:14:21Z</time><extensions><speed>0.549339</speed><course>87.309006</course><hAcc>1.754307</hAcc><vAcc>0.690283</vAcc></extensions></trkpt>
      <trkpt lon="120.954528" lat="23.469313"><ele>3732.546817</ele><time>2026-09-14T20:14:22Z</time><extensions><speed>0.530608</speed><course>87.927694</course><hAcc>1.753952</hAcc><vAcc>0.690283</vAcc></extensions></trkpt>
      <trkpt lon="120.954533" lat="23.469313"><ele>3732.635274</ele><time>2026-09-14T20:14:23Z</time><extensions><speed>0.518796</speed><course>88.848559</course><hAcc>1.753751</hAcc><vAcc>0.690283</vAcc></extensions></trkpt>
      <trkpt lon="120.954538" lat="23.469313"><ele>3732.721731</ele><time>2026-09-14T20:14:24Z</time><extensions><speed>0.511548</speed><course>89.972456</course><hAcc>1.753843</hAcc><vAcc>0.690283</vAcc></extensions></trkpt>
      <trkpt lon="120.954543" lat="23.469313"><ele>3732.806812</ele><time>2026-09-14T20:14:25Z</time><extensions><speed>0.509311</speed><course>90.951690</course><hAcc>1.754447</hAcc><vAcc>0.690283</vAcc></extensions></trkpt>
      <trkpt lon="120.954548" lat="23.469313"><ele>3732.891201</ele><time>2026-09-14T20:14:26Z</time><extensions><speed>0.512186</speed><course>90.712469</course><hAcc>1.754398</hAcc><vAcc>0.690283</vAcc></extensions></trkpt>
      <trkpt lon="120.954553" lat="23.469313"><ele>3732.975568</ele><time>2026-09-14T20:14:27Z</time><extensions><speed>0.528781</speed><course>89.946026</course><hAcc>1.753929</hAcc><vAcc>0.690283</vAcc></extensions></trkpt>
      <trkpt lon="120.954558" lat="23.469313"><ele>3733.060472</ele><time>2026-09-14T20:14:28Z</time><extensions><speed>0.515167</speed><course>90.504621</course><hAcc>1.754760</hAcc><vAcc>0.690283</vAcc></extensions></trkpt>
      <trkpt lon="120.954563" lat="23.469313"><ele>3733.146233</ele><time>2026-09-14T20:14:29Z</time><extensions><speed>0.512995</speed><course>92.089060</course><hAcc>1.755693</hAcc><vAcc>0.690283</vAcc></extensions></trkpt>
      <trkpt lon="120.954568" lat="23.469313"><ele>3733.233023</ele><time>2026-09-14T20:14:30Z</time><extensions><speed>0.500904</speed><course>92.842704</course><hAcc>1.756699</hAcc><vAcc>0.690283</vAcc></extensions></trkpt>
      <trkpt lon="120.954573" lat="23.469312"><ele>3733.321061</ele><time>2026-09-14T20:14:31Z</time><extensions><speed>0.496394</speed><course>94.026660</course><hAcc>1.756935</hAcc><vAcc>0.690283</vAcc></extensions></trkpt>
      <trkpt lon="120.954578" lat="23.469312"><ele>3733.410490</ele><time>2026-09-14T20:14:32Z</time><extensions><speed>0.497688</speed><course>95.994536</course><hAcc>1.756461</hAcc><vAcc>0.690283</vAcc></extensions></trkpt>
      <trkpt lon="120.954583" lat="23.469311"><ele>3733.501196</ele><time>2026-09-14T20:14:33Z</time><extensions><speed>0.513086</speed><course>98.991906</course><hAcc>1.754764</hAcc><vAcc>0.690283</vAcc></extensions></trkpt>
      <trkpt lon="120.954588" lat="23.469310"><ele>3733.593056</ele><time>2026-09-14T20:14:34Z</time><extensions><speed>0.547496</speed><course>103.051131</course><hAcc>1.756122</hAcc><vAcc>0.690283</vAcc></extensions></trkpt>
      <trkpt lon="120.954593" lat="23.469309"><ele>3733.685899</ele><time>2026-09-14T20:14:35Z</time><extensions><speed>0.563863</speed><course>105.273258</course><hAcc>1.757739</hAcc><vAcc>0.690283</vAcc></extensions></trkpt>
      <trkpt lon="120.954599" lat="23.469308"><ele>3733.779611</ele><time>2026-09-14T20:14:36Z</time><extensions><speed>0.578204</speed><course>106.322760</course><hAcc>1.757117</hAcc><vAcc>0.690283</vAcc></extensions></trkpt>
      <trkpt lon="120.954604" lat="23.469306"><ele>3733.874228</ele><time>2026-09-14T20:14:37Z</time><extensions><speed>0.589171</speed><course>106.355131</course><hAcc>1.756230</hAcc><vAcc>0.690283</vAcc></extensions></trkpt>
      <trkpt lon="120.954610" lat="23.469305"><ele>3733.970031</ele><time>2026-09-14T20:14:38Z</time><extensions><speed>0.597257</speed><course>105.910172</course><hAcc>1.755204</hAcc><vAcc>0.690283</vAcc></extensions></trkpt>
      <trkpt lon="120.954616" lat="23.469303"><ele>3734.067502</ele><time>2026-09-14T20:14:39Z</time><extensions><speed>0.600923</speed><course>105.006041</course><hAcc>1.755528</hAcc><vAcc>0.690283</vAcc></extensions></trkpt>
      <trkpt lon="120.954621" lat="23.469302"><ele>3734.167166</ele><time>2026-09-14T20:14:40Z</time><extensions><speed>0.587758</speed><course>103.762381</course><hAcc>1.755278</hAcc><vAcc>0.690283</vAcc></extensions></trkpt>
      <trkpt lon="120.954627" lat="23.469301"><ele>3734.269384</ele><time>2026-09-14T20:14:41Z</time><extensions><speed>0.573964</speed><course>102.260013</course><hAcc>1.755065</hAcc><vAcc>0.690283</vAcc></extensions></trkpt>
      <trkpt lon="120.954632" lat="23.469300"><ele>3734.374246</ele><time>2026-09-14T20:14:42Z</time><extensions><speed>0.559462</speed><course>100.572478</course><hAcc>1.755599</hAcc><vAcc>0.690283</vAcc></extensions></trkpt>
      <trkpt lon="120.954638" lat="23.469299"><ele>3734.481640</ele><time>2026-09-14T20:14:43Z</time><extensions><speed>0.547795</speed><course>98.902373</course><hAcc>1.755719</hAcc><vAcc>0.690283</vAcc></extensions></trkpt>
      <trkpt lon="120.954643" lat="23.469298"><ele>3734.590982</ele><time>2026-09-14T20:14:44Z</time><extensions><speed>0.543765</speed><course>97.524100</course><hAcc>1.755465</hAcc><vAcc>0.690283</vAcc></extensions></trkpt>
      <trkpt lon="120.954648" lat="23.469298"><ele>3734.701533</ele><time>2026-09-14T20:14:45Z</time><extensions><speed>0.537428</speed><course>96.754058</course><hAcc>1.756352</hAcc><vAcc>0.690283</vAcc></extensions></trkpt>
      <trkpt lon="120.954654" lat="23.469297"><ele>3734.812566</ele><time>2026-09-14T20:14:46Z</time><extensions><speed>0.546295</speed><course>96.937902</course><hAcc>1.756343</hAcc><vAcc>0.690283</vAcc></extensions></trkpt>
      <trkpt lon="120.954659" lat="23.469296"><ele>3734.923436</ele><time>2026-09-14T20:14:47Z</time><extensions><speed>0.553093</speed><course>97.953498</course><hAcc>1.755570</hAcc><vAcc>0.690283</vAcc></extensions></trkpt>
      <trkpt lon="120.954665" lat="23.469296"><ele>3735.033482</ele><time>2026-09-14T20:14:48Z</time><extensions><speed>0.563924</speed><course>100.076852</course><hAcc>1.755422</hAcc><vAcc>0.690283</vAcc></extensions></trkpt>
      <trkpt lon="120.954670" lat="23.469295"><ele>3735.142256</ele><time>2026-09-14T20:14:49Z</time><extensions><speed>0.561057</speed><course>101.821395</course><hAcc>1.755627</hAcc><vAcc>0.690283</vAcc></extensions></trkpt>
      <trkpt lon="120.954675" lat="23.469294"><ele>3735.249437</ele><time>2026-09-14T20:14:50Z</time><extensions><speed>0.554299</speed><course>102.304863</course><hAcc>1.753419</hAcc><vAcc>0.690283</vAcc></extensions></trkpt>
      <trkpt lon="120.954681" lat="23.469293"><ele>3735.354822</ele><time>2026-09-14T20:14:51Z</time><extensions><speed>0.537862</speed><course>101.528241</course><hAcc>1.750923</hAcc><vAcc>0.690283</vAcc></extensions></trkpt>
      <trkpt lon="120.954686" lat="23.469292"><ele>3735.458238</ele><time>2026-09-14T20:14:52Z</time><extensions><speed>0.523226</speed><course>100.179755</course><hAcc>1.744761</hAcc><vAcc>0.690283</vAcc></extensions></trkpt>
      <trkpt lon="120.954691" lat="23.469291"><ele>3735.559776</ele><time>2026-09-14T20:14:53Z</time><extensions><speed>0.523602</speed><course>99.196117</course><hAcc>1.734198</hAcc><vAcc>0.690283</vAcc></extensions></trkpt>
      <trkpt lon="120.954696" lat="23.469290"><ele>3735.659774</ele><time>2026-09-14T20:14:54Z</time><extensions><speed>0.511365</speed><course>98.333430</course><hAcc>1.720209</hAcc><vAcc>0.690283</vAcc></extensions></trkpt>
      <trkpt lon="120.954701" lat="23.469290"><ele>3735.758716</ele><time>2026-09-14T20:14:55Z</time><extensions><speed>0.500694</speed><course>98.022094</course><hAcc>1.709117</hAcc><vAcc>0.690283</vAcc></extensions></trkpt>
      <trkpt lon="120.954706" lat="23.469289"><ele>3735.857063</ele><time>2026-09-14T20:14:56Z</time><extensions><speed>0.493341</speed><course>98.849952</course><hAcc>1.719935</hAcc><vAcc>0.690283</vAcc></extensions></trkpt>
      <trkpt lon="120.954710" lat="23.469288"><ele>3735.955226</ele><time>2026-09-14T20:14:57Z</time><extensions><speed>0.500726</speed><course>101.600437</course><hAcc>1.754241</hAcc><vAcc>0.690283</vAcc></extensions></trkpt>
      <trkpt lon="120.954716" lat="23.469287"><ele>3736.053360</ele><time>2026-09-14T20:14:58Z</time><extensions><speed>0.567140</speed><course>101.706964</course><hAcc>1.735443</hAcc><vAcc>0.690283</vAcc></extensions></trkpt>
      <trkpt lon="120.954721" lat="23.469286"><ele>3736.151346</ele><time>2026-09-14T20:14:59Z</time><extensions><speed>0.658674</speed><course>101.431239</course><hAcc>1.714010</hAcc><vAcc>0.690283</vAcc></extensions></trkpt>
      <trkpt lon="120.954728" lat="23.469285"><ele>3736.248920</ele><time>2026-09-14T20:15:00Z</time><extensions><speed>0.640565</speed><course>101.144968</course><hAcc>1.722527</hAcc><vAcc>0.690283</vAcc></extensions></trkpt>
      <trkpt lon="120.954733" lat="23.469284"><ele>3736.345886</ele><time>2026-09-14T20:15:01Z</time><extensions><speed>0.580144</speed><course>101.315512</course><hAcc>1.741850</hAcc><vAcc>0.690283</vAcc></extensions></trkpt>
      <trkpt lon="120.954739" lat="23.469283"><ele>3736.442218</ele><time>2026-09-14T20:15:02Z</time><extensions><speed>0.541609</speed><course>102.021593</course><hAcc>1.754038</hAcc><vAcc>0.690283</vAcc></extensions></trkpt>
      <trkpt lon="120.954744" lat="23.469282"><ele>3736.538075</ele><time>2026-09-14T20:15:03Z</time><extensions><speed>0.526508</speed><course>102.886296</course><hAcc>1.756433</hAcc><vAcc>0.690283</vAcc></extensions></trkpt>
      <trkpt lon="120.954749" lat="23.469281"><ele>3736.633743</ele><time>2026-09-14T20:15:04Z</time><extensions><speed>0.531830</speed><course>103.732214</course><hAcc>1.753735</hAcc><vAcc>0.690283</vAcc></extensions></trkpt>
      <trkpt lon="120.954754" lat="23.469280"><ele>3736.729541</ele><time>2026-09-14T20:15:05Z</time><extensions><speed>0.467367</speed><course>103.731798</course><hAcc>1.752220</hAcc><vAcc>0.690283</vAcc></extensions></trkpt>
      <trkpt lon="120.954758" lat="23.469279"><ele>3736.825607</ele><time>2026-09-14T20:15:06Z</time><extensions><speed>0.502468</speed><course>102.980411</course><hAcc>1.732889</hAcc><vAcc>0.690283</vAcc></extensions></trkpt>
      <trkpt lon="120.954763" lat="23.469278"><ele>3736.922197</ele><time>2026-09-14T20:15:07Z</time><extensions><speed>0.518258</speed><course>101.685490</course><hAcc>1.708321</hAcc><vAcc>0.690283</vAcc></extensions></trkpt>
      <trkpt lon="120.954768" lat="23.469277"><ele>3737.019484</ele><time>2026-09-14T20:15:08Z</time><extensions><speed>0.529516</speed><course>100.264692</course><hAcc>1.690668</hAcc><vAcc>0.690283</vAcc></extensions></trkpt>
      <trkpt lon="120.954773" lat="23.469276"><ele>3737.117599</ele><time>2026-09-14T20:15:09Z</time><extensions><speed>0.512053</speed><course>99.255464</course><hAcc>1.691541</hAcc><vAcc>0.690283</vAcc></extensions></trkpt>
      <trkpt lon="120.954778" lat="23.469275"><ele>3737.216695</ele><time>2026-09-14T20:15:10Z</time><extensions><speed>0.518452</speed><course>98.268248</course><hAcc>1.676634</hAcc><vAcc>0.690283</vAcc></extensions></trkpt>
      <trkpt lon="120.954783" lat="23.469275"><ele>3737.317096</ele><time>2026-09-14T20:15:11Z</time><extensions><speed>0.512649</speed><course>98.470872</course><hAcc>1.660068</hAcc><vAcc>0.690283</vAcc></extensions></trkpt>
      <trkpt lon="120.954789" lat="23.469274"><ele>3737.419004</ele><time>2026-09-14T20:15:12Z</time><extensions><speed>0.576903</speed><course>99.364233</course><hAcc>1.641935</hAcc><vAcc>0.690283</vAcc></extensions></trkpt>
      <trkpt lon="120.954794" lat="23.469273"><ele>3737.522655</ele><time>2026-09-14T20:15:13Z</time><extensions><speed>0.619970</speed><course>99.900558</course><hAcc>1.636640</hAcc><vAcc>0.690283</vAcc></extensions></trkpt>
      <trkpt lon="120.954801" lat="23.469272"><ele>3737.628293</ele><time>2026-09-14T20:15:14Z</time><extensions><speed>0.650671</speed><course>100.751230</course><hAcc>1.645000</hAcc><vAcc>0.690283</vAcc></extensions></trkpt>
      <trkpt lon="120.954807" lat="23.469271"><ele>3737.735940</ele><time>2026-09-14T20:15:15Z</time><extensions><speed>0.639636</speed><course>98.922786</course><hAcc>1.630498</hAcc><vAcc>0.690283</vAcc></extensions></trkpt>
      <trkpt lon="120.954813" lat="23.469270"><ele>3737.845294</ele><time>2026-09-14T20:15:16Z</time><extensions><speed>0.584504</speed><course>96.963621</course><hAcc>1.627592</hAcc><vAcc>0.690283</vAcc></extensions></trkpt>
      <trkpt lon="120.954818" lat="23.469270"><ele>3737.955742</ele><time>2026-09-14T20:15:17Z</time><extensions><speed>0.581157</speed><course>94.903643</course><hAcc>1.629609</hAcc><vAcc>0.690283</vAcc></extensions></trkpt>
      <trkpt lon="120.954824" lat="23.469270"><ele>3738.066386</ele><time>2026-09-14T20:15:18Z</time><extensions><speed>0.580248</speed><course>94.109232</course><hAcc>1.629998</hAcc><vAcc>0.690283</vAcc></extensions></trkpt>
      <trkpt lon="120.954830" lat="23.469269"><ele>3738.176176</ele><time>2026-09-14T20:15:19Z</time><extensions><speed>0.593069</speed><course>94.493870</course><hAcc>1.630186</hAcc><vAcc>0.690283</vAcc></extensions></trkpt>
      <trkpt lon="120.954835" lat="23.469269"><ele>3738.284238</ele><time>2026-09-14T20:15:20Z</time><extensions><speed>0.576947</speed><course>95.253757</course><hAcc>1.641430</hAcc><vAcc>0.690283</vAcc></extensions></trkpt>
      <trkpt lon="120.954841" lat="23.469268"><ele>3738.389898</ele><time>2026-09-14T20:15:21Z</time><extensions><speed>0.512398</speed><course>96.389198</course><hAcc>1.664834</hAcc><vAcc>0.690283</vAcc></extensions></trkpt>
      <trkpt lon="120.954845" lat="23.469268"><ele>3738.493049</ele><time>2026-09-14T20:15:22Z</time><extensions><speed>0.424760</speed><course>94.776935</course><hAcc>1.654945</hAcc><vAcc>0.690283</vAcc></extensions></trkpt>
      <trkpt lon="120.954849" lat="23.469268"><ele>3738.594133</ele><time>2026-09-14T20:15:23Z</time><extensions><speed>0.422101</speed><course>93.400878</course><hAcc>1.626807</hAcc><vAcc>0.690283</vAcc></extensions></trkpt>
      <trkpt lon="120.954854" lat="23.469267"><ele>3738.693898</ele><time>2026-09-14T20:15:24Z</time><extensions><speed>0.519201</speed><course>95.486324</course><hAcc>1.621709</hAcc><vAcc>0.690283</vAcc></extensions></trkpt>
      <trkpt lon="120.954859" lat="23.469267"><ele>3738.793582</ele><time>2026-09-14T20:15:25Z</time><extensions><speed>0.562149</speed><course>96.953728</course><hAcc>1.630297</hAcc><vAcc>0.690283</vAcc></extensions></trkpt>
      <trkpt lon="120.954865" lat="23.469266"><ele>3738.894645</ele><time>2026-09-14T20:15:26Z</time><extensions><speed>0.553613</speed><course>97.509137</course><hAcc>1.624055</hAcc><vAcc>0.690283</vAcc></extensions></trkpt>
      <trkpt lon="120.954870" lat="23.469265"><ele>3738.998344</ele><time>2026-09-14T20:15:27Z</time><extensions><speed>0.513106</speed><course>98.227524</course><hAcc>1.615544</hAcc><vAcc>0.690283</vAcc></extensions></trkpt>
      <trkpt lon="120.954875" lat="23.469265"><ele>3739.105543</ele><time>2026-09-14T20:15:28Z</time><extensions><speed>0.525400</speed><course>101.031191</course><hAcc>1.620871</hAcc><vAcc>0.690283</vAcc></extensions></trkpt>
      <trkpt lon="120.954879" lat="23.469264"><ele>3739.216964</ele><time>2026-09-14T20:15:29Z</time><extensions><speed>0.443713</speed><course>101.497757</course><hAcc>1.618754</hAcc><vAcc>0.690283</vAcc></extensions></trkpt>
      <trkpt lon="120.954883" lat="23.469263"><ele>3739.332763</ele><time>2026-09-14T20:15:30Z</time><extensions><speed>0.420959</speed><course>101.638001</course><hAcc>1.605109</hAcc><vAcc>0.690283</vAcc></extensions></trkpt>
      <trkpt lon="120.954888" lat="23.469262"><ele>3739.452588</ele><time>2026-09-14T20:15:31Z</time><extensions><speed>0.445097</speed><course>103.255812</course><hAcc>1.623615</hAcc><vAcc>0.690283</vAcc></extensions></trkpt>
      <trkpt lon="120.954892" lat="23.469261"><ele>3739.575655</ele><time>2026-09-14T20:15:32Z</time><extensions><speed>0.369954</speed><course>105.290130</course><hAcc>1.672093</hAcc><vAcc>0.690283</vAcc></extensions></trkpt>
      <trkpt lon="120.954895" lat="23.469260"><ele>3739.700967</ele><time>2026-09-14T20:15:33Z</time><extensions><speed>0.333813</speed><course>106.968899</course><hAcc>1.640367</hAcc><vAcc>0.690283</vAcc></extensions></trkpt>
      <trkpt lon="120.954898" lat="23.469259"><ele>3739.827103</ele><time>2026-09-14T20:15:34Z</time><extensions><speed>0.380450</speed><course>109.628147</course><hAcc>1.634906</hAcc><vAcc>0.690283</vAcc></extensions></trkpt>
      <trkpt lon="120.954902" lat="23.469258"><ele>3739.952595</ele><time>2026-09-14T20:15:35Z</time><extensions><speed>0.442384</speed><course>111.734300</course><hAcc>1.651736</hAcc><vAcc>0.690283</vAcc></extensions></trkpt>
      <trkpt lon="120.954906" lat="23.469256"><ele>3740.076252</ele><time>2026-09-14T20:15:36Z</time><extensions><speed>0.543912</speed><course>112.268826</course><hAcc>1.666936</hAcc><vAcc>0.690283</vAcc></extensions></trkpt>
      <trkpt lon="120.954912" lat="23.469254"><ele>3740.197529</ele><time>2026-09-14T20:15:37Z</time><extensions><speed>0.620701</speed><course>111.280446</course><hAcc>1.683219</hAcc><vAcc>0.690283</vAcc></extensions></trkpt>
      <trkpt lon="120.954918" lat="23.469252"><ele>3740.316497</ele><time>2026-09-14T20:15:38Z</time><extensions><speed>0.650502</speed><course>110.592699</course><hAcc>1.673124</hAcc><vAcc>0.690283</vAcc></extensions></trkpt>
      <trkpt lon="120.954923" lat="23.469250"><ele>3740.433925</ele><time>2026-09-14T20:15:39Z</time><extensions><speed>0.635940</speed><course>109.627427</course><hAcc>1.662183</hAcc><vAcc>0.690283</vAcc></extensions></trkpt>
      <trkpt lon="120.954929" lat="23.469249"><ele>3740.550997</ele><time>2026-09-14T20:15:40Z</time><extensions><speed>0.650766</speed><course>107.922116</course><hAcc>1.660326</hAcc><vAcc>0.690283</vAcc></extensions></trkpt>
      <trkpt lon="120.954935" lat="23.469247"><ele>3740.668923</ele><time>2026-09-14T20:15:41Z</time><extensions><speed>0.599881</speed><course>106.445779</course><hAcc>1.639215</hAcc><vAcc>0.690283</vAcc></extensions></trkpt>
      <trkpt lon="120.954941" lat="23.469245"><ele>3740.788521</ele><time>2026-09-14T20:15:42Z</time><extensions><speed>0.566087</speed><course>105.188776</course><hAcc>1.630329</hAcc><vAcc>0.690283</vAcc></extensions></trkpt>
      <trkpt lon="120.954946" lat="23.469244"><ele>3740.909980</ele><time>2026-09-14T20:15:43Z</time><extensions><speed>0.522746</speed><course>104.348438</course><hAcc>1.632337</hAcc><vAcc>0.690283</vAcc></extensions></trkpt>
      <trkpt lon="120.954951" lat="23.469243"><ele>3741.032978</ele><time>2026-09-14T20:15:44Z</time><extensions><speed>0.501123</speed><course>103.615824</course><hAcc>1.631165</hAcc><vAcc>0.690283</vAcc></extensions></trkpt>
      <trkpt lon="120.954956" lat="23.469242"><ele>3741.156751</ele><time>2026-09-14T20:15:45Z</time><extensions><speed>0.555063</speed><course>103.367834</course><hAcc>1.627895</hAcc><vAcc>0.690283</vAcc></extensions></trkpt>
      <trkpt lon="120.954961" lat="23.469241"><ele>3741.280338</ele><time>2026-09-14T20:15:46Z</time><extensions><speed>0.543662</speed><course>102.960098</course><hAcc>1.633282</hAcc><vAcc>0.690283</vAcc></extensions></trkpt>
      <trkpt lon="120.954966" lat="23.469240"><ele>3741.402973</ele><time>2026-09-14T20:15:47Z</time><extensions><speed>0.528024</speed><course>102.624498</course><hAcc>1.650430</hAcc><vAcc>0.690283</vAcc></extensions></trkpt>
      <trkpt lon="120.954971" lat="23.469239"><ele>3741.523902</ele><time>2026-09-14T20:15:48Z</time><extensions><speed>0.558573</speed><course>103.010355</course><hAcc>1.674269</hAcc><vAcc>0.690283</vAcc></extensions></trkpt>
      <trkpt lon="120.954976" lat="23.469238"><ele>3741.642586</ele><time>2026-09-14T20:15:49Z</time><extensions><speed>0.492913</speed><course>101.960483</course><hAcc>1.675193</hAcc><vAcc>0.690283</vAcc></extensions></trkpt>
      <trkpt lon="120.954981" lat="23.469237"><ele>3741.758614</ele><time>2026-09-14T20:15:50Z</time><extensions><speed>0.364959</speed><course>99.573535</course><hAcc>1.676866</hAcc><vAcc>0.690283</vAcc></extensions></trkpt>
      <trkpt lon="120.954984" lat="23.469236"><ele>3741.871630</ele><time>2026-09-14T20:15:51Z</time><extensions><speed>0.332086</speed><course>98.251971</course><hAcc>1.678104</hAcc><vAcc>0.690282</vAcc></extensions></trkpt>
      <trkpt lon="120.954987" lat="23.469236"><ele>3741.981103</ele><time>2026-09-14T20:15:52Z</time><extensions><speed>0.380677</speed><course>99.981302</course><hAcc>1.683946</hAcc><vAcc>0.690282</vAcc></extensions></trkpt>
      <trkpt lon="120.954991" lat="23.469235"><ele>3742.086929</ele><time>2026-09-14T20:15:53Z</time><extensions><speed>0.363135</speed><course>101.265775</course><hAcc>1.689919</hAcc><vAcc>0.690281</vAcc></extensions></trkpt>
      <trkpt lon="120.954994" lat="23.469235"><ele>3742.189017</ele><time>2026-09-14T20:15:54Z</time><extensions><speed>0.340496</speed><course>102.528423</course><hAcc>1.695504</hAcc><vAcc>0.690280</vAcc></extensions></trkpt>
      <trkpt lon="120.954997" lat="23.469234"><ele>3742.287506</ele><time>2026-09-14T20:15:55Z</time><extensions><speed>0.121213</speed><course>99.928537</course><hAcc>1.707053</hAcc><vAcc>0.690280</vAcc></extensions></trkpt>
      <trkpt lon="120.954999" lat="23.469234"><ele>3742.383081</ele><time>2026-09-14T20:15:56Z</time><extensions><speed>0.315734</speed><course>105.165768</course><hAcc>1.678077</hAcc><vAcc>0.690281</vAcc></extensions></trkpt>
      <trkpt lon="120.955002" lat="23.469233"><ele>3742.476762</ele><time>2026-09-14T20:15:57Z</time><extensions><speed>0.431302</speed><course>106.198178</course><hAcc>1.645455</hAcc><vAcc>0.690282</vAcc></extensions></trkpt>
      <trkpt lon="120.955006" lat="23.469232"><ele>3742.570076</ele><time>2026-09-14T20:15:58Z</time><extensions><speed>0.494152</speed><course>106.037842</course><hAcc>1.641184</hAcc><vAcc>0.690282</vAcc></extensions></trkpt>
      <trkpt lon="120.955011" lat="23.469231"><ele>3742.664967</ele><time>2026-09-14T20:15:59Z</time><extensions><speed>0.499205</speed><course>103.549237</course><hAcc>1.643137</hAcc><vAcc>0.690282</vAcc></extensions></trkpt>
      <trkpt lon="120.955016" lat="23.469230"><ele>3742.763550</ele><time>2026-09-14T20:16:00Z</time><extensions><speed>0.519987</speed><course>101.188641</course><hAcc>1.646654</hAcc><vAcc>0.690282</vAcc></extensions></trkpt>
      <trkpt lon="120.955021" lat="23.469229"><ele>3742.867474</ele><time>2026-09-14T20:16:01Z</time><extensions><speed>0.556308</speed><course>99.080344</course><hAcc>1.622145</hAcc><vAcc>0.690282</vAcc></extensions></trkpt>
      <trkpt lon="120.955026" lat="23.469228"><ele>3742.978069</ele><time>2026-09-14T20:16:02Z</time><extensions><speed>0.502617</speed><course>97.546616</course><hAcc>1.618295</hAcc><vAcc>0.690283</vAcc></extensions></trkpt>
      <trkpt lon="120.955031" lat="23.469228"><ele>3743.095754</ele><time>2026-09-14T20:16:03Z</time><extensions><speed>0.424459</speed><course>96.736946</course><hAcc>1.634114</hAcc><vAcc>0.690283</vAcc></extensions></trkpt>
      <trkpt lon="120.955035" lat="23.469227"><ele>3743.220025</ele><time>2026-09-14T20:16:04Z</time><extensions><speed>0.370261</speed><course>96.658668</course><hAcc>1.647966</hAcc><vAcc>0.690283</vAcc></extensions></trkpt>
      <trkpt lon="120.955038" lat="23.469227"><ele>3743.349483</ele><time>2026-09-14T20:16:05Z</time><extensions><speed>0.314366</speed><course>97.540996</course><hAcc>1.660132</hAcc><vAcc>0.690283</vAcc></extensions></trkpt>
      <trkpt lon="120.955041" lat="23.469226"><ele>3743.482421</ele><time>2026-09-14T20:16:06Z</time><extensions><speed>0.244664</speed><course>98.374518</course><hAcc>1.647772</hAcc><vAcc>0.690283</vAcc></extensions></trkpt>
      <trkpt lon="120.955044" lat="23.469226"><ele>3743.616718</ele><time>2026-09-14T20:16:07Z</time><extensions><speed>0.296352</speed><course>100.890789</course><hAcc>1.642829</hAcc><vAcc>0.690283</vAcc></extensions></trkpt>
      <trkpt lon="120.955047" lat="23.469225"><ele>3743.750232</ele><time>2026-09-14T20:16:08Z</time><extensions><speed>0.413326</speed><course>101.737689</course><hAcc>1.646820</hAcc><vAcc>0.690283</vAcc></extensions></trkpt>
      <trkpt lon="120.955052" lat="23.469225"><ele>3743.881206</ele><time>2026-09-14T20:16:09Z</time><extensions><speed>0.532285</speed><course>101.731831</course><hAcc>1.655076</hAcc><vAcc>0.690283</vAcc></extensions></trkpt>
      <trkpt lon="120.955056" lat="23.469224"><ele>3744.008775</ele><time>2026-09-14T20:16:10Z</time><extensions><speed>0.474351</speed><course>101.437222</course><hAcc>1.660883</hAcc><vAcc>0.690283</vAcc></extensions></trkpt>
      <trkpt lon="120.955060" lat="23.469223"><ele>3744.132691</ele><time>2026-09-14T20:16:11Z</time><extensions><speed>0.241679</speed><course>98.880932</course><hAcc>1.662817</hAcc><vAcc>0.690283</vAcc></extensions></trkpt>
      <trkpt lon="120.955064" lat="23.469222"><ele>3744.253512</ele><time>2026-09-14T20:16:12Z</time><extensions><speed>0.538020</speed><course>98.951770</course><hAcc>1.675711</hAcc><vAcc>0.690283</vAcc></extensions></trkpt>
      <trkpt lon="120.955069" lat="23.469222"><ele>3744.372362</ele><time>2026-09-14T20:16:13Z</time><extensions><speed>0.543504</speed><course>97.104592</course><hAcc>1.669221</hAcc><vAcc>0.690283</vAcc></extensions></trkpt>
      <trkpt lon="120.955074" lat="23.469221"><ele>3744.490532</ele><time>2026-09-14T20:16:14Z</time><extensions><speed>0.470534</speed><course>96.099176</course><hAcc>1.666577</hAcc><vAcc>0.690283</vAcc></extensions></trkpt>
      <trkpt lon="120.955078" lat="23.469221"><ele>3744.608847</ele><time>2026-09-14T20:16:15Z</time><extensions><speed>0.396143</speed><course>95.546424</course><hAcc>1.652457</hAcc><vAcc>0.690283</vAcc></extensions></trkpt>
      <trkpt lon="120.955082" lat="23.469220"><ele>3744.727666</ele><time>2026-09-14T20:16:16Z</time><extensions><speed>0.352375</speed><course>97.077819</course><hAcc>1.650033</hAcc><vAcc>0.690283</vAcc></extensions></trkpt>
      <trkpt lon="120.955085" lat="23.469220"><ele>3744.846839</ele><time>2026-09-14T20:16:17Z</time><extensions><speed>0.418276</speed><course>99.803265</course><hAcc>1.655280</hAcc><vAcc>0.690283</vAcc></extensions></trkpt>
      <trkpt lon="120.955090" lat="23.469219"><ele>3744.965900</ele><time>2026-09-14T20:16:18Z</time><extensions><speed>0.463733</speed><course>100.913187</course><hAcc>1.672963</hAcc><vAcc>0.690283</vAcc></extensions></trkpt>
      <trkpt lon="120.955094" lat="23.469218"><ele>3745.084255</ele><time>2026-09-14T20:16:19Z</time><extensions><speed>0.424614</speed><course>101.807088</course><hAcc>1.673550</hAcc><vAcc>0.690283</vAcc></extensions></trkpt>
      <trkpt lon="120.955098" lat="23.469218"><ele>3745.201703</ele><time>2026-09-14T20:16:20Z</time><extensions><speed>0.349247</speed><course>103.232368</course><hAcc>1.664402</hAcc><vAcc>0.690283</vAcc></extensions></trkpt>
      <trkpt lon="120.955100" lat="23.469217"><ele>3745.318202</ele><time>2026-09-14T20:16:21Z</time><extensions><speed>0.180843</speed><course>107.968610</course><hAcc>1.651912</hAcc><vAcc>0.690283</vAcc></extensions></trkpt>
      <trkpt lon="120.955103" lat="23.469216"><ele>3745.433916</ele><time>2026-09-14T20:16:22Z</time><extensions><speed>0.410127</speed><course>102.748722</course><hAcc>1.658583</hAcc><vAcc>0.690283</vAcc></extensions></trkpt>
      <trkpt lon="120.955107" lat="23.469215"><ele>3745.548999</ele><time>2026-09-14T20:16:23Z</time><extensions><speed>0.426075</speed><course>102.561652</course><hAcc>1.672677</hAcc><vAcc>0.690283</vAcc></extensions></trkpt>
      <trkpt lon="120.955111" lat="23.469215"><ele>3745.663437</ele><time>2026-09-14T20:16:24Z</time><extensions><speed>0.361741</speed><course>106.106894</course><hAcc>1.677501</hAcc><vAcc>0.690283</vAcc></extensions></trkpt>
      <trkpt lon="120.955113" lat="23.469214"><ele>3745.776852</ele><time>2026-09-14T20:16:25Z</time><extensions><speed>0.260665</speed><course>116.343431</course><hAcc>1.667966</hAcc><vAcc>0.690283</vAcc></extensions></trkpt>
      <trkpt lon="120.955116" lat="23.469212"><ele>3745.888628</ele><time>2026-09-14T20:16:26Z</time><extensions><speed>0.245140</speed><course>124.060427</course><hAcc>1.669903</hAcc><vAcc>0.690283</vAcc></extensions></trkpt>
      <trkpt lon="120.955118" lat="23.469211"><ele>3745.998018</ele><time>2026-09-14T20:16:27Z</time><extensions><speed>0.337840</speed><course>119.937620</course><hAcc>1.686391</hAcc><vAcc>0.690283</vAcc></extensions></trkpt>
      <trkpt lon="120.955121" lat="23.469209"><ele>3746.104352</ele><time>2026-09-14T20:16:28Z</time><extensions><speed>0.409850</speed><course>115.798758</course><hAcc>1.719980</hAcc><vAcc>0.690283</vAcc></extensions></trkpt>
      <trkpt lon="120.955125" lat="23.469208"><ele>3746.207278</ele><time>2026-09-14T20:16:29Z</time><extensions><speed>0.403391</speed><course>115.918250</course><hAcc>1.734865</hAcc><vAcc>0.690283</vAcc></extensions></trkpt>
      <trkpt lon="120.955128" lat="23.469206"><ele>3746.306785</ele><time>2026-09-14T20:16:30Z</time><extensions><speed>0.335507</speed><course>119.710342</course><hAcc>1.722764</hAcc><vAcc>0.690283</vAcc></extensions></trkpt>
      <trkpt lon="120.955131" lat="23.469205"><ele>3746.403435</ele><time>2026-09-14T20:16:31Z</time><extensions><speed>0.293379</speed><course>119.764767</course><hAcc>1.713349</hAcc><vAcc>0.690283</vAcc></extensions></trkpt>
      <trkpt lon="120.955133" lat="23.469204"><ele>3746.498197</ele><time>2026-09-14T20:16:32Z</time><extensions><speed>0.258566</speed><course>116.566985</course><hAcc>1.715269</hAcc><vAcc>0.690283</vAcc></extensions></trkpt>
      <trkpt lon="120.955136" lat="23.469203"><ele>3746.592034</ele><time>2026-09-14T20:16:33Z</time><extensions><speed>0.301590</speed><course>108.851805</course><hAcc>1.715841</hAcc><vAcc>0.690283</vAcc></extensions></trkpt>
      <trkpt lon="120.955139" lat="23.469202"><ele>3746.686329</ele><time>2026-09-14T20:16:34Z</time><extensions><speed>0.440435</speed><course>102.336300</course><hAcc>1.718004</hAcc><vAcc>0.690283</vAcc></extensions></trkpt>
      <trkpt lon="120.955144" lat="23.469201"><ele>3746.782387</ele><time>2026-09-14T20:16:35Z</time><extensions><speed>0.513984</speed><course>99.213754</course><hAcc>1.734527</hAcc><vAcc>0.690283</vAcc></extensions></trkpt>
      <trkpt lon="120.955148" lat="23.469200"><ele>3746.881351</ele><time>2026-09-14T20:16:36Z</time><extensions><speed>0.471619</speed><course>97.637971</course><hAcc>1.729368</hAcc><vAcc>0.690283</vAcc></extensions></trkpt>
      <trkpt lon="120.955153" lat="23.469200"><ele>3746.984215</ele><time>2026-09-14T20:16:37Z</time><extensions><speed>0.432650</speed><course>96.619133</course><hAcc>1.694117</hAcc><vAcc>0.690283</vAcc></extensions></trkpt>
      <trkpt lon="120.955157" lat="23.469200"><ele>3747.092087</ele><time>2026-09-14T20:16:38Z</time><extensions><speed>0.468552</speed><course>97.272058</course><hAcc>1.672395</hAcc><vAcc>0.690283</vAcc></extensions></trkpt>
      <trkpt lon="120.955162" lat="23.469199"><ele>3747.205583</ele><time>2026-09-14T20:16:39Z</time><extensions><speed>0.500911</speed><course>98.609289</course><hAcc>1.679573</hAcc><vAcc>0.690283</vAcc></extensions></trkpt>
      <trkpt lon="120.955167" lat="23.469198"><ele>3747.325206</ele><time>2026-09-14T20:16:40Z</time><extensions><speed>0.516573</speed><course>100.141674</course><hAcc>1.684989</hAcc><vAcc>0.690283</vAcc></extensions></trkpt>
      <trkpt lon="120.955172" lat="23.469197"><ele>3747.451066</ele><time>2026-09-14T20:16:41Z</time><extensions><speed>0.570404</speed><course>100.930566</course><hAcc>1.676018</hAcc><vAcc>0.690283</vAcc></extensions></trkpt>
      <trkpt lon="120.955178" lat="23.469197"><ele>3747.582564</ele><time>2026-09-14T20:16:42Z</time><extensions><speed>0.600660</speed><course>99.130608</course><hAcc>1.665749</hAcc><vAcc>0.690283</vAcc></extensions></trkpt>
      <trkpt lon="120.955184" lat="23.469196"><ele>3747.718665</ele><time>2026-09-14T20:16:43Z</time><extensions><speed>0.618004</speed><course>96.426503</course><hAcc>1.658045</hAcc><vAcc>0.690283</vAcc></extensions></trkpt>
      <trkpt lon="120.955190" lat="23.469195"><ele>3747.857256</ele><time>2026-09-14T20:16:44Z</time><extensions><speed>0.660837</speed><course>95.565983</course><hAcc>1.651363</hAcc><vAcc>0.690283</vAcc></extensions></trkpt>
      <trkpt lon="120.955197" lat="23.469195"><ele>3747.995700</ele><time>2026-09-14T20:16:45Z</time><extensions><speed>0.627471</speed><course>93.675517</course><hAcc>1.647777</hAcc><vAcc>0.690283</vAcc></extensions></trkpt>
      <trkpt lon="120.955202" lat="23.469194"><ele>3748.131206</ele><time>2026-09-14T20:16:46Z</time><extensions><speed>0.525492</speed><course>91.602742</course><hAcc>1.644268</hAcc><vAcc>0.690283</vAcc></extensions></trkpt>
      <trkpt lon="120.955206" lat="23.469195"><ele>3748.261050</ele><time>2026-09-14T20:16:47Z</time><extensions><speed>0.264296</speed><course>77.595818</course><hAcc>1.647504</hAcc><vAcc>0.690283</vAcc></extensions></trkpt>
      <trkpt lon="120.955208" lat="23.469195"><ele>3748.382778</ele><time>2026-09-14T20:16:48Z</time><extensions><speed>0.166850</speed><course>64.359765</course><hAcc>1.667508</hAcc><vAcc>0.690283</vAcc></extensions></trkpt>
      <trkpt lon="120.955210" lat="23.469196"><ele>3748.494757</ele><time>2026-09-14T20:16:49Z</time><extensions><speed>0.149724</speed><course>66.657633</course><hAcc>1.680596</hAcc><vAcc>0.690283</vAcc></extensions></trkpt>
      <trkpt lon="120.955211" lat="23.469196"><ele>3748.596080</ele><time>2026-09-14T20:16:50Z</time><extensions><speed>0.174750</speed><course>79.807785</course><hAcc>1.682888</hAcc><vAcc>0.690283</vAcc></extensions></trkpt>
      <trkpt lon="120.955214" lat="23.469196"><ele>3748.686505</ele><time>2026-09-14T20:16:51Z</time><extensions><speed>0.263919</speed><course>87.729989</course><hAcc>1.665237</hAcc><vAcc>0.690283</vAcc></extensions></trkpt>
      <trkpt lon="120.955216" lat="23.469196"><ele>3748.766536</ele><time>2026-09-14T20:16:52Z</time><extensions><speed>0.315989</speed><course>89.011613</course><hAcc>1.660576</hAcc><vAcc>0.690283</vAcc></extensions></trkpt>
      <trkpt lon="120.955220" lat="23.469196"><ele>3748.837459</ele><time>2026-09-14T20:16:53Z</time><extensions><speed>0.331155</speed><course>88.482630</course><hAcc>1.667954</hAcc><vAcc>0.690283</vAcc></extensions></trkpt>
      <trkpt lon="120.955222" lat="23.469197"><ele>3748.901039</ele><time>2026-09-14T20:16:54Z</time><extensions><speed>0.188205</speed><course>64.310307</course><hAcc>1.689871</hAcc><vAcc>0.690283</vAcc></extensions></trkpt>
      <trkpt lon="120.955223" lat="23.469198"><ele>3748.959322</ele><time>2026-09-14T20:16:55Z</time><extensions><speed>0.133673</speed><course>28.136906</course><hAcc>1.703296</hAcc><vAcc>0.690283</vAcc></extensions></trkpt>
      <trkpt lon="120.955224" lat="23.469199"><ele>3749.014492</ele><time>2026-09-14T20:16:56Z</time><extensions><speed>0.114834</speed><course>22.090038</course><hAcc>1.709656</hAcc><vAcc>0.690283</vAcc></extensions></trkpt>
      <trkpt lon="120.955224" lat="23.469200"><ele>3749.068161</ele><time>2026-09-14T20:16:57Z</time><extensions><speed>0.102162</speed><course>39.393804</course><hAcc>1.707705</hAcc><vAcc>0.690283</vAcc></extensions></trkpt>
      <trkpt lon="120.955225" lat="23.469200"><ele>3749.121420</ele><time>2026-09-14T20:16:58Z</time><extensions><speed>0.169250</speed><course>82.881804</course><hAcc>1.689778</hAcc><vAcc>0.690283</vAcc></extensions></trkpt>
      <trkpt lon="120.955227" lat="23.469200"><ele>3749.174553</ele><time>2026-09-14T20:16:59Z</time><extensions><speed>0.193214</speed><course>93.399293</course><hAcc>1.694716</hAcc><vAcc>0.690283</vAcc></extensions></trkpt>
      <trkpt lon="120.955229" lat="23.469200"><ele>3749.227058</ele><time>2026-09-14T20:17:00Z</time><extensions><speed>0.170357</speed><course>96.509583</course><hAcc>1.705954</hAcc><vAcc>0.690283</vAcc></extensions></trkpt>
      <trkpt lon="120.955231" lat="23.469200"><ele>3749.277833</ele><time>2026-09-14T20:17:01Z</time><extensions><speed>0.132614</speed><course>98.065054</course><hAcc>1.713952</hAcc><vAcc>0.690283</vAcc></extensions></trkpt>
      <trkpt lon="120.955232" lat="23.469200"><ele>3749.325576</ele><time>2026-09-14T20:17:02Z</time><extensions><speed>0.095132</speed><course>99.011767</course><hAcc>1.718472</hAcc><vAcc>0.690283</vAcc></extensions></trkpt>
      <trkpt lon="120.955232" lat="23.469199"><ele>3749.368976</ele><time>2026-09-14T20:17:03Z</time><extensions><speed>0.066035</speed><course>99.659096</course><hAcc>1.716870</hAcc><vAcc>0.690283</vAcc></extensions></trkpt>
      <trkpt lon="120.955233" lat="23.469199"><ele>3749.407018</ele><time>2026-09-14T20:17:04Z</time><extensions><speed>0.044789</speed><course>100.127471</course><hAcc>1.710998</hAcc><vAcc>0.690283</vAcc></extensions></trkpt>
      <trkpt lon="120.955233" lat="23.469199"><ele>3749.439131</ele><time>2026-09-14T20:17:05Z</time><extensions><speed>0.029672</speed><course>100.480224</course><hAcc>1.703895</hAcc><vAcc>0.690283</vAcc></extensions></trkpt>
      <trkpt lon="120.955234" lat="23.469199"><ele>3749.465283</ele><time>2026-09-14T20:17:06Z</time><extensions><speed>0.019086</speed><course>100.755481</course><hAcc>1.698121</hAcc><vAcc>0.690283</vAcc></extensions></trkpt>
      <trkpt lon="120.955234" lat="23.469199"><ele>3749.485923</ele><time>2026-09-14T20:17:07Z</time><extensions><speed>0.011977</speed><course>100.977079</course><hAcc>1.694274</hAcc><vAcc>0.690283</vAcc></extensions></trkpt>
      <trkpt lon="120.955234" lat="23.469199"><ele>3749.501876</ele><time>2026-09-14T20:17:08Z</time><extensions><speed>0.007407</speed><course>101.158786</course><hAcc>1.691271</hAcc><vAcc>0.690283</vAcc></extensions></trkpt>
      <trkpt lon="120.955234" lat="23.469199"><ele>3749.514169</ele><time>2026-09-14T20:17:09Z</time><extensions><speed>0.004505</speed><course>130.836587</course><hAcc>1.685757</hAcc><vAcc>0.690283</vAcc></extensions></trkpt>
      <trkpt lon="120.955234" lat="23.469199"><ele>3749.523846</ele><time>2026-09-14T20:17:10Z</time><extensions><speed>0.005160</speed><course>176.449563</course><hAcc>1.684350</hAcc><vAcc>0.690283</vAcc></extensions></trkpt>
      <trkpt lon="120.955234" lat="23.469199"><ele>3749.531763</ele><time>2026-09-14T20:17:11Z</time><extensions><speed>0.008336</speed><course>198.666331</course><hAcc>1.698448</hAcc><vAcc>0.690283</vAcc></extensions></trkpt>
      <trkpt lon="120.955234" lat="23.469199"><ele>3749.538576</ele><time>2026-09-14T20:17:12Z</time><extensions><speed>0.014765</speed><course>206.486445</course><hAcc>1.703570</hAcc><vAcc>0.690283</vAcc></extensions></trkpt>
      <trkpt lon="120.955234" lat="23.469199"><ele>3749.544709</ele><time>2026-09-14T20:17:13Z</time><extensions><speed>0.026945</speed><course>209.163555</course><hAcc>1.695021</hAcc><vAcc>0.690283</vAcc></extensions></trkpt>
      <trkpt lon="120.955233" lat="23.469198"><ele>3749.550395</ele><time>2026-09-14T20:17:14Z</time><extensions><speed>0.042192</speed><course>210.208407</course><hAcc>1.700098</hAcc><vAcc>0.690283</vAcc></extensions></trkpt>
      <trkpt lon="120.955233" lat="23.469198"><ele>3749.555837</ele><time>2026-09-14T20:17:15Z</time><extensions><speed>0.061683</speed><course>210.683370</course><hAcc>1.713014</hAcc><vAcc>0.690283</vAcc></extensions></trkpt>
      <trkpt lon="120.955233" lat="23.469197"><ele>3749.561264</ele><time>2026-09-14T20:17:16Z</time><extensions><speed>0.086622</speed><course>210.904071</course><hAcc>1.723108</hAcc><vAcc>0.690283</vAcc></extensions></trkpt>
      <trkpt lon="120.955232" lat="23.469197"><ele>3749.566883</ele><time>2026-09-14T20:17:17Z</time><extensions><speed>0.115866</speed><course>209.777966</course><hAcc>1.729168</hAcc><vAcc>0.690283</vAcc></extensions></trkpt>
      <trkpt lon="120.955232" lat="23.469196"><ele>3749.572922</ele><time>2026-09-14T20:17:18Z</time><extensions><speed>0.142069</speed><course>208.655840</course><hAcc>1.731120</hAcc><vAcc>0.690283</vAcc></extensions></trkpt>
      <trkpt lon="120.955231" lat="23.469194"><ele>3749.579677</ele><time>2026-09-14T20:17:19Z</time><extensions><speed>0.144251</speed><course>206.911541</course><hAcc>1.731580</hAcc><vAcc>0.690283</vAcc></extensions></trkpt>
      <trkpt lon="120.955231" lat="23.469193"><ele>3749.587316</ele><time>2026-09-14T20:17:20Z</time><extensions><speed>0.123818</speed><course>203.238383</course><hAcc>1.731013</hAcc><vAcc>0.690283</vAcc></extensions></trkpt>
      <trkpt lon="120.955230" lat="23.469192"><ele>3749.595897</ele><time>2026-09-14T20:17:21Z</time><extensions><speed>0.102301</speed><course>196.327240</course><hAcc>1.729846</hAcc><vAcc>0.690283</vAcc></extensions></trkpt>
      <trkpt lon="120.955230" lat="23.469192"><ele>3749.605306</ele><time>2026-09-14T20:17:22Z</time><extensions><speed>0.089394</speed><course>185.331552</course><hAcc>1.729100</hAcc><vAcc>0.690283</vAcc></extensions></trkpt>
      <trkpt lon="120.955230" lat="23.469191"><ele>3749.615251</ele><time>2026-09-14T20:17:23Z</time><extensions><speed>0.089579</speed><course>172.308699</course><hAcc>1.728777</hAcc><vAcc>0.690283</vAcc></extensions></trkpt>
      <trkpt lon="120.955230" lat="23.469190"><ele>3749.625250</ele><time>2026-09-14T20:17:24Z</time><extensions><speed>0.104078</speed><course>161.679777</course><hAcc>1.727361</hAcc><vAcc>0.690283</vAcc></extensions></trkpt>
      <trkpt lon="120.955231" lat="23.469189"><ele>3749.634756</ele><time>2026-09-14T20:17:25Z</time><extensions><speed>0.125294</speed><course>155.135597</course><hAcc>1.727812</hAcc><vAcc>0.690283</vAcc></extensions></trkpt>
      <trkpt lon="120.955231" lat="23.469188"><ele>3749.643243</ele><time>2026-09-14T20:17:26Z</time><extensions><speed>0.145336</speed><course>151.401543</course><hAcc>1.727366</hAcc><vAcc>0.690283</vAcc></extensions></trkpt>
      <trkpt lon="120.955232" lat="23.469187"><ele>3749.650346</ele><time>2026-09-14T20:17:27Z</time><extensions><speed>0.145486</speed><course>148.906756</course><hAcc>1.725160</hAcc><vAcc>0.690283</vAcc></extensions></trkpt>
      <trkpt lon="120.955233" lat="23.469186"><ele>3749.655924</ele><time>2026-09-14T20:17:28Z</time><extensions><speed>0.105097</speed><course>149.353572</course><hAcc>1.731859</hAcc><vAcc>0.690283</vAcc></extensions></trkpt>
      <trkpt lon="120.955233" lat="23.469185"><ele>3749.659892</ele><time>2026-09-14T20:17:29Z</time><extensions><speed>0.070345</speed><course>147.691654</course><hAcc>1.729770</hAcc><vAcc>0.690283</vAcc></extensions></trkpt>
      <trkpt lon="120.955233" lat="23.469185"><ele>3749.662724</ele><time>2026-09-14T20:17:30Z</time><extensions><speed>0.037205</speed><course>135.031446</course><hAcc>1.729062</hAcc><vAcc>0.690283</vAcc></extensions></trkpt>
      <trkpt lon="120.955233" lat="23.469185"><ele>3749.664958</ele><time>2026-09-14T20:17:31Z</time><extensions><speed>0.022720</speed><course>68.979525</course><hAcc>1.729188</hAcc><vAcc>0.690283</vAcc></extensions></trkpt>
      <trkpt lon="120.955234" lat="23.469185"><ele>3749.667215</ele><time>2026-09-14T20:17:32Z</time><extensions><speed>0.052411</speed><course>28.676751</course><hAcc>1.726105</hAcc><vAcc>0.690283</vAcc></extensions></trkpt>
      <trkpt lon="120.955234" lat="23.469186"><ele>3749.670734</ele><time>2026-09-14T20:17:33Z</time><extensions><speed>0.100688</speed><course>27.292796</course><hAcc>1.717655</hAcc><vAcc>0.690283</vAcc></extensions></trkpt>
      <trkpt lon="120.955234" lat="23.469187"><ele>3749.676644</ele><time>2026-09-14T20:17:34Z</time><extensions><speed>0.171692</speed><course>35.965253</course><hAcc>1.698375</hAcc><vAcc>0.690283</vAcc></extensions></trkpt>
      <trkpt lon="120.955236" lat="23.469188"><ele>3749.686623</ele><time>2026-09-14T20:17:35Z</time><extensions><speed>0.292981</speed><course>49.690740</course><hAcc>1.667415</hAcc><vAcc>0.690283</vAcc></extensions></trkpt>
      <trkpt lon="120.955239" lat="23.469190"><ele>3749.702693</ele><time>2026-09-14T20:17:36Z</time><extensions><speed>0.491456</speed><course>61.832998</course><hAcc>1.645220</hAcc><vAcc>0.690283</vAcc></extensions></trkpt>
      <trkpt lon="120.955244" lat="23.469193"><ele>3749.727101</ele><time>2026-09-14T20:17:37Z</time><extensions><speed>0.633227</speed><course>65.198663</course><hAcc>1.653830</hAcc><vAcc>0.690283</vAcc></extensions></trkpt>
      <trkpt lon="120.955249" lat="23.469195"><ele>3749.762354</ele><time>2026-09-14T20:17:38Z</time><extensions><speed>0.621988</speed><course>56.293259</course><hAcc>1.632197</hAcc><vAcc>0.690283</vAcc></extensions></trkpt>
      <trkpt lon="120.955253" lat="23.469199"><ele>3749.810836</ele><time>2026-09-14T20:17:39Z</time><extensions><speed>0.582043</speed><course>43.040199</course><hAcc>1.593625</hAcc><vAcc>0.690283</vAcc></extensions></trkpt>
      <trkpt lon="120.955256" lat="23.469203"><ele>3749.874625</ele><time>2026-09-14T20:17:40Z</time><extensions><speed>0.552622</speed><course>30.710334</course><hAcc>1.588079</hAcc><vAcc>0.690283</vAcc></extensions></trkpt>
      <trkpt lon="120.955258" lat="23.469207"><ele>3749.955254</ele><time>2026-09-14T20:17:41Z</time><extensions><speed>0.528391</speed><course>7.186211</course><hAcc>1.586611</hAcc><vAcc>0.690283</vAcc></extensions></trkpt>
      <trkpt lon="120.955257" lat="23.469212"><ele>3750.053506</ele><time>2026-09-14T20:17:42Z</time><extensions><speed>0.605628</speed><course>341.859551</course><hAcc>1.575623</hAcc><vAcc>0.690283</vAcc></extensions></trkpt>
      <trkpt lon="120.955255" lat="23.469218"><ele>3750.168928</ele><time>2026-09-14T20:17:43Z</time><extensions><speed>0.707556</speed><course>329.640646</course><hAcc>1.579861</hAcc><vAcc>0.690283</vAcc></extensions></trkpt>
      <trkpt lon="120.955250" lat="23.469223"><ele>3750.300368</ele><time>2026-09-14T20:17:44Z</time><extensions><speed>0.755134</speed><course>316.481258</course><hAcc>1.573309</hAcc><vAcc>0.690283</vAcc></extensions></trkpt>
      <trkpt lon="120.955244" lat="23.469228"><ele>3750.445750</ele><time>2026-09-14T20:17:45Z</time><extensions><speed>0.867909</speed><course>311.450705</course><hAcc>1.590884</hAcc><vAcc>0.690283</vAcc></extensions></trkpt>
      <trkpt lon="120.955238" lat="23.469233"><ele>3750.602260</ele><time>2026-09-14T20:17:46Z</time><extensions><speed>0.843972</speed><course>302.550423</course><hAcc>1.605706</hAcc><vAcc>0.690283</vAcc></extensions></trkpt>
      <trkpt lon="120.955230" lat="23.469236"><ele>3750.766873</ele><time>2026-09-14T20:17:47Z</time><extensions><speed>0.892994</speed><course>296.841725</course><hAcc>1.598259</hAcc><vAcc>0.690283</vAcc></extensions></trkpt>
      <trkpt lon="120.955222" lat="23.469240"><ele>3750.936545</ele><time>2026-09-14T20:17:48Z</time><extensions><speed>0.927102</speed><course>294.926583</course><hAcc>1.615118</hAcc><vAcc>0.690283</vAcc></extensions></trkpt>
      <trkpt lon="120.955214" lat="23.469244"><ele>3751.108278</ele><time>2026-09-14T20:17:49Z</time><extensions><speed>0.889002</speed><course>297.208099</course><hAcc>1.650448</hAcc><vAcc>0.690283</vAcc></extensions></trkpt>
      <trkpt lon="120.955207" lat="23.469247"><ele>3751.279144</ele><time>2026-09-14T20:17:50Z</time><extensions><speed>0.704648</speed><course>298.197212</course><hAcc>1.654984</hAcc><vAcc>0.690283</vAcc></extensions></trkpt>
      <trkpt lon="120.955203" lat="23.469250"><ele>3751.446380</ele><time>2026-09-14T20:17:51Z</time><extensions><speed>0.427240</speed><course>300.558660</course><hAcc>1.658186</hAcc><vAcc>0.690283</vAcc></extensions></trkpt>
      <trkpt lon="120.955199" lat="23.469252"><ele>3751.607782</ele><time>2026-09-14T20:17:52Z</time><extensions><speed>0.471016</speed><course>307.239440</course><hAcc>1.643663</hAcc><vAcc>0.690283</vAcc></extensions></trkpt>
      <trkpt lon="120.955195" lat="23.469255"><ele>3751.761649</ele><time>2026-09-14T20:17:53Z</time><extensions><speed>0.639670</speed><course>312.687700</course><hAcc>1.650845</hAcc><vAcc>0.690283</vAcc></extensions></trkpt>
      <trkpt lon="120.955190" lat="23.469259"><ele>3751.907053</ele><time>2026-09-14T20:17:54Z</time><extensions><speed>0.681631</speed><course>310.481531</course><hAcc>1.660316</hAcc><vAcc>0.690283</vAcc></extensions></trkpt>
      <trkpt lon="120.955185" lat="23.469263"><ele>3752.043903</ele><time>2026-09-14T20:17:55Z</time><extensions><speed>0.725101</speed><course>308.624976</course><hAcc>1.662299</hAcc><vAcc>0.690283</vAcc></extensions></trkpt>
      <trkpt lon="120.955179" lat="23.469267"><ele>3752.172759</ele><time>2026-09-14T20:17:56Z</time><extensions><speed>0.747491</speed><course>306.268246</course><hAcc>1.667137</hAcc><vAcc>0.690283</vAcc></extensions></trkpt>
      <trkpt lon="120.955173" lat="23.469271"><ele>3752.294463</ele><time>2026-09-14T20:17:57Z</time><extensions><speed>0.706889</speed><course>304.942315</course><hAcc>1.645226</hAcc><vAcc>0.690282</vAcc></extensions></trkpt>
      <trkpt lon="120.955167" lat="23.469275"><ele>3752.409824</ele><time>2026-09-14T20:17:58Z</time><extensions><speed>0.663534</speed><course>306.445327</course><hAcc>1.635722</hAcc><vAcc>0.690282</vAcc></extensions></trkpt>
      <trkpt lon="120.955162" lat="23.469278"><ele>3752.519508</ele><time>2026-09-14T20:17:59Z</time><extensions><speed>0.636691</speed><course>309.194994</course><hAcc>1.634975</hAcc><vAcc>0.690281</vAcc></extensions></trkpt>
      <trkpt lon="120.955157" lat="23.469282"><ele>3752.624061</ele><time>2026-09-14T20:18:00Z</time><extensions><speed>0.676572</speed><course>311.490622</course><hAcc>1.639901</hAcc><vAcc>0.690280</vAcc></extensions></trkpt>
      <trkpt lon="120.955152" lat="23.469286"><ele>3752.724028</ele><time>2026-09-14T20:18:01Z</time><extensions><speed>0.721123</speed><course>310.906945</course><hAcc>1.651335</hAcc><vAcc>0.690280</vAcc></extensions></trkpt>
      <trkpt lon="120.955147" lat="23.469290"><ele>3752.820001</ele><time>2026-09-14T20:18:02Z</time><extensions><speed>0.709926</speed><course>310.653463</course><hAcc>1.637164</hAcc><vAcc>0.690281</vAcc></extensions></trkpt>
      <trkpt lon="120.955141" lat="23.469295"><ele>3752.912682</ele><time>2026-09-14T20:18:03Z</time><extensions><speed>0.728114</speed><course>308.312237</course><hAcc>1.629770</hAcc><vAcc>0.690281</vAcc></extensions></trkpt>
      <trkpt lon="120.955136" lat="23.469299"><ele>3753.002847</ele><time>2026-09-14T20:18:04Z</time><extensions><speed>0.756109</speed><course>305.031593</course><hAcc>1.638919</hAcc><vAcc>0.690282</vAcc></extensions></trkpt>
      <trkpt lon="120.955129" lat="23.469302"><ele>3753.091239</ele><time>2026-09-14T20:18:05Z</time><extensions><speed>0.773380</speed><course>300.891406</course><hAcc>1.659284</hAcc><vAcc>0.690282</vAcc></extensions></trkpt>
      <trkpt lon="120.955123" lat="23.469306"><ele>3753.178586</ele><time>2026-09-14T20:18:06Z</time><extensions><speed>0.712915</speed><course>298.846507</course><hAcc>1.649473</hAcc><vAcc>0.690282</vAcc></extensions></trkpt>
      <trkpt lon="120.955117" lat="23.469309"><ele>3753.265538</ele><time>2026-09-14T20:18:07Z</time><extensions><speed>0.590796</speed><course>298.863911</course><hAcc>1.641213</hAcc><vAcc>0.690282</vAcc></extensions></trkpt>
      <trkpt lon="120.955113" lat="23.469310"><ele>3753.352663</ele><time>2026-09-14T20:18:08Z</time><extensions><speed>0.346005</speed><course>293.292662</course><hAcc>1.641155</hAcc><vAcc>0.690282</vAcc></extensions></trkpt>
      <trkpt lon="120.955109" lat="23.469312"><ele>3753.440434</ele><time>2026-09-14T20:18:09Z</time><extensions><speed>0.647275</speed><course>298.282801</course><hAcc>1.650782</hAcc><vAcc>0.690282</vAcc></extensions></trkpt>
      <trkpt lon="120.955103" lat="23.469316"><ele>3753.529339</ele><time>2026-09-14T20:18:10Z</time><extensions><speed>0.773332</speed><course>298.478191</course><hAcc>1.666148</hAcc><vAcc>0.690283</vAcc></extensions></trkpt>
      <trkpt lon="120.955096" lat="23.469319"><ele>3753.619414</ele><time>2026-09-14T20:18:11Z</time><extensions><speed>0.744074</speed><course>300.907429</course><hAcc>1.656705</hAcc><vAcc>0.690283</vAcc></extensions></trkpt>
      <trkpt lon="120.955090" lat="23.469322"><ele>3753.710571</ele><time>2026-09-14T20:18:12Z</time><extensions><speed>0.684831</speed><course>303.056051</course><hAcc>1.657536</hAcc><vAcc>0.690283</vAcc></extensions></trkpt>
      <trkpt lon="120.955085" lat="23.469326"><ele>3753.802579</ele><time>2026-09-14T20:18:13Z</time><extensions><speed>0.593111</speed><course>304.325499</course><hAcc>1.669328</hAcc><vAcc>0.690283</vAcc></extensions></trkpt>
      <trkpt lon="120.955081" lat="23.469329"><ele>3753.895055</ele><time>2026-09-14T20:18:14Z</time><extensions><speed>0.504465</speed><course>307.795086</course><hAcc>1.672113</hAcc><vAcc>0.690283</vAcc></extensions></trkpt>
      <trkpt lon="120.955078" lat="23.469331"><ele>3753.987280</ele><time>2026-09-14T20:18:15Z</time><extensions><speed>0.403651</speed><course>311.346329</course><hAcc>1.658669</hAcc><vAcc>0.690283</vAcc></extensions></trkpt>
      <trkpt lon="120.955075" lat="23.469334"><ele>3754.078779</ele><time>2026-09-14T20:18:16Z</time><extensions><speed>0.424437</speed><course>314.441299</course><hAcc>1.669545</hAcc><vAcc>0.690283</vAcc></extensions></trkpt>
      <trkpt lon="120.955073" lat="23.469336"><ele>3754.169002</ele><time>2026-09-14T20:18:17Z</time><extensions><speed>0.289172</speed><course>328.903175</course><hAcc>1.681087</hAcc><vAcc>0.690284</vAcc></extensions></trkpt>
      <trkpt lon="120.955070" lat="23.469338"><ele>3754.257466</ele><time>2026-09-14T20:18:18Z</time><extensions><speed>0.466500</speed><course>305.298985</course><hAcc>1.658264</hAcc><vAcc>0.690284</vAcc></extensions></trkpt>
      <trkpt lon="120.955066" lat="23.469341"><ele>3754.344163</ele><time>2026-09-14T20:18:19Z</time><extensions><speed>0.533403</speed><course>305.223752</course><hAcc>1.655944</hAcc><vAcc>0.690284</vAcc></extensions></trkpt>
      <trkpt lon="120.955062" lat="23.469344"><ele>3754.429507</ele><time>2026-09-14T20:18:20Z</time><extensions><speed>0.518507</speed><course>313.288463</course><hAcc>1.657804</hAcc><vAcc>0.690284</vAcc></extensions></trkpt>
      <trkpt lon="120.955059" lat="23.469347"><ele>3754.514528</ele><time>2026-09-14T20:18:21Z</time><extensions><speed>0.457421</speed><course>323.896920</course><hAcc>1.666483</hAcc><vAcc>0.690284</vAcc></extensions></trkpt>
      <trkpt lon="120.955057" lat="23.469350"><ele>3754.600768</ele><time>2026-09-14T20:18:22Z</time><extensions><speed>0.364667</speed><course>337.930124</course><hAcc>1.687338</hAcc><vAcc>0.690284</vAcc></extensions></trkpt>
      <trkpt lon="120.955057" lat="23.469353"><ele>3754.690064</ele><time>2026-09-14T20:18:23Z</time><extensions><speed>0.242115</speed><course>19.735472</course><hAcc>1.677148</hAcc><vAcc>0.690284</vAcc></extensions></trkpt>
      <trkpt lon="120.955059" lat="23.469355"><ele>3754.784166</ele><time>2026-09-14T20:18:24Z</time><extensions><speed>0.279344</speed><course>66.044984</course><hAcc>1.668239</hAcc><vAcc>0.690284</vAcc></extensions></trkpt>
      <trkpt lon="120.955062" lat="23.469355"><ele>3754.884674</ele><time>2026-09-14T20:18:25Z</time><extensions><speed>0.338161</speed><course>78.420811</course><hAcc>1.681117</hAcc><vAcc>0.690284</vAcc></extensions></trkpt>
      <trkpt lon="120.955065" lat="23.469356"><ele>3754.992255</ele><time>2026-09-14T20:18:26Z</time><extensions><speed>0.401298</speed><course>88.186915</course><hAcc>1.699595</hAcc><vAcc>0.690284</vAcc></extensions></trkpt>
      <trkpt lon="120.955069" lat="23.469356"><ele>3755.106673</ele><time>2026-09-14T20:18:27Z</time><extensions><speed>0.439176</speed><course>90.225738</course><hAcc>1.716446</hAcc><vAcc>0.690284</vAcc></extensions></trkpt>
      <trkpt lon="120.955074" lat="23.469356"><ele>3755.226989</ele><time>2026-09-14T20:18:28Z</time><extensions><speed>0.441677</speed><course>91.734359</course><hAcc>1.725988</hAcc><vAcc>0.690284</vAcc></extensions></trkpt>
      <trkpt lon="120.955078" lat="23.469355"><ele>3755.351579</ele><time>2026-09-14T20:18:29Z</time><extensions><speed>0.391638</speed><course>95.885564</course><hAcc>1.730456</hAcc><vAcc>0.690284</vAcc></extensions></trkpt>
      <trkpt lon="120.955081" lat="23.469355"><ele>3755.478253</ele><time>2026-09-14T20:18:30Z</time><extensions><speed>0.329333</speed><course>98.253847</course><hAcc>1.734779</hAcc><vAcc>0.690283</vAcc></extensions></trkpt>
      <trkpt lon="120.955084" lat="23.469355"><ele>3755.604830</ele><time>2026-09-14T20:18:31Z</time><extensions><speed>0.263674</speed><course>101.528819</course><hAcc>1.735351</hAcc><vAcc>0.690283</vAcc></extensions></trkpt>
      <trkpt lon="120.955087" lat="23.469354"><ele>3755.729403</ele><time>2026-09-14T20:18:32Z</time><extensions><speed>0.226187</speed><course>102.654917</course><hAcc>1.734250</hAcc><vAcc>0.690283</vAcc></extensions></trkpt>
      <trkpt lon="120.955089" lat="23.469354"><ele>3755.850348</ele><time>2026-09-14T20:18:33Z</time><extensions><speed>0.207419</speed><course>101.467365</course><hAcc>1.736724</hAcc><vAcc>0.690283</vAcc></extensions></trkpt>
      <trkpt lon="120.955091" lat="23.469353"><ele>3755.966606</ele><time>2026-09-14T20:18:34Z</time><extensions><speed>0.224632</speed><course>96.364147</course><hAcc>1.734537</hAcc><vAcc>0.690283</vAcc></extensions></trkpt>
      <trkpt lon="120.955093" lat="23.469353"><ele>3756.077852</ele><time>2026-09-14T20:18:35Z</time><extensions><speed>0.241948</speed><course>90.448755</course><hAcc>1.732555</hAcc><vAcc>0.690283</vAcc></extensions></trkpt>
      <trkpt lon="120.955096" lat="23.469354"><ele>3756.184745</ele><time>2026-09-14T20:18:36Z</time><extensions><speed>0.273935</speed><course>79.436347</course><hAcc>1.732566</hAcc><vAcc>0.690283</vAcc></extensions></trkpt>
      <trkpt lon="120.955098" lat="23.469354"><ele>3756.288852</ele><time>2026-09-14T20:18:37Z</time><extensions><speed>0.241896</speed><course>79.430116</course><hAcc>1.732344</hAcc><vAcc>0.690283</vAcc></extensions></trkpt>
      <trkpt lon="120.955101" lat="23.469354"><ele>3756.392136</ele><time>2026-09-14T20:18:38Z</time><extensions><speed>0.241303</speed><course>73.592371</course><hAcc>1.735581</hAcc><vAcc>0.690283</vAcc></extensions></trkpt>
      <trkpt lon="120.955103" lat="23.469355"><ele>3756.496795</ele><time>2026-09-14T20:18:39Z</time><extensions><speed>0.267486</speed><course>65.946708</course><hAcc>1.732769</hAcc><vAcc>0.690283</vAcc></extensions></trkpt>
      <trkpt lon="120.955105" lat="23.469356"><ele>3756.604813</ele><time>2026-09-14T20:18:40Z</time><extensions><speed>0.286272</speed><course>55.534796</course><hAcc>1.730845</hAcc><vAcc>0.690283</vAcc></extensions></trkpt>
      <trkpt lon="120.955108" lat="23.469358"><ele>3756.717537</ele><time>2026-09-14T20:18:41Z</time><extensions><speed>0.295698</speed><course>53.615488</course><hAcc>1.733170</hAcc><vAcc>0.690283</vAcc></extensions></trkpt>
      <trkpt lon="120.955110" lat="23.469359"><ele>3756.835412</ele><time>2026-09-14T20:18:42Z</time><extensions><speed>0.293238</speed><course>68.830881</course><hAcc>1.733491</hAcc><vAcc>0.690283</vAcc></extensions></trkpt>
      <trkpt lon="120.955113" lat="23.469360"><ele>3756.958287</ele><time>2026-09-14T20:18:43Z</time><extensions><speed>0.301524</speed><course>73.796769</course><hAcc>1.731668</hAcc><vAcc>0.690283</vAcc></extensions></trkpt>
      <trkpt lon="120.955116" lat="23.469361"><ele>3757.085979</ele><time>2026-09-14T20:18:44Z</time><extensions><speed>0.295687</speed><course>78.172488</course><hAcc>1.734456</hAcc><vAcc>0.690283</vAcc></extensions></trkpt>
      <trkpt lon="120.955119" lat="23.469361"><ele>3757.218106</ele><time>2026-09-14T20:18:45Z</time><extensions><speed>0.313197</speed><course>83.225570</course><hAcc>1.736033</hAcc><vAcc>0.690283</vAcc></extensions></trkpt>
      <trkpt lon="120.955122" lat="23.469361"><ele>3757.354018</ele><time>2026-09-14T20:18:46Z</time><extensions><speed>0.324882</speed><course>84.391770</course><hAcc>1.737226</hAcc><vAcc>0.690283</vAcc></extensions></trkpt>
      <trkpt lon="120.955126" lat="23.469362"><ele>3757.493300</ele><time>2026-09-14T20:18:47Z</time><extensions><speed>0.341850</speed><course>84.562521</course><hAcc>1.738751</hAcc><vAcc>0.690283</vAcc></extensions></trkpt>
      <trkpt lon="120.955129" lat="23.469362"><ele>3757.635608</ele><time>2026-09-14T20:18:48Z</time><extensions><speed>0.381280</speed><course>89.657266</course><hAcc>1.738827</hAcc><vAcc>0.690283</vAcc></extensions></trkpt>
      <trkpt lon="120.955133" lat="23.469362"><ele>3757.780460</ele><time>2026-09-14T20:18:49Z</time><extensions><speed>0.430139</speed><course>94.492785</course><hAcc>1.736384</hAcc><vAcc>0.690283</vAcc></extensions></trkpt>
      <trkpt lon="120.955138" lat="23.469361"><ele>3757.927580</ele><time>2026-09-14T20:18:50Z</time><extensions><speed>0.468746</speed><course>96.879583</course><hAcc>1.735645</hAcc><vAcc>0.690283</vAcc></extensions></trkpt>
      <trkpt lon="120.955142" lat="23.469361"><ele>3758.077316</ele><time>2026-09-14T20:18:51Z</time><extensions><speed>0.486954</speed><course>96.661427</course><hAcc>1.735595</hAcc><vAcc>0.690283</vAcc></extensions></trkpt>
      <trkpt lon="120.955147" lat="23.469360"><ele>3758.230231</ele><time>2026-09-14T20:18:52Z</time><extensions><speed>0.481620</speed><course>96.067031</course><hAcc>1.737538</hAcc><vAcc>0.690283</vAcc></extensions></trkpt>
      <trkpt lon="120.955152" lat="23.469360"><ele>3758.387054</ele><time>2026-09-14T20:18:53Z</time><extensions><speed>0.463927</speed><course>94.583419</course><hAcc>1.737141</hAcc><vAcc>0.690283</vAcc></extensions></trkpt>
      <trkpt lon="120.955156" lat="23.469360"><ele>3758.547962</ele><time>2026-09-14T20:18:54Z</time><extensions><speed>0.435571</speed><course>91.297335</course><hAcc>1.735213</hAcc><vAcc>0.690283</vAcc></extensions></trkpt>
      <trkpt lon="120.955160" lat="23.469360"><ele>3758.712289</ele><time>2026-09-14T20:18:55Z</time><extensions><speed>0.373734</speed><course>83.127302</course><hAcc>1.734028</hAcc><vAcc>0.690283</vAcc></extensions></trkpt>
      <trkpt lon="120.955164" lat="23.469360"><ele>3758.878545</ele><time>2026-09-14T20:18:56Z</time><extensions><speed>0.341911</speed><course>83.588355</course><hAcc>1.732703</hAcc><vAcc>0.690283</vAcc></extensions></trkpt>
      <trkpt lon="120.955167" lat="23.469360"><ele>3759.044598</ele><time>2026-09-14T20:18:57Z</time><extensions><speed>0.297365</speed><course>81.044690</course><hAcc>1.732131</hAcc><vAcc>0.690283</vAcc></extensions></trkpt>
      <trkpt lon="120.955170" lat="23.469361"><ele>3759.207987</ele><time>2026-09-14T20:18:58Z</time><extensions><speed>0.274673</speed><course>83.406435</course><hAcc>1.733379</hAcc><vAcc>0.690283</vAcc></extensions></trkpt>
      <trkpt lon="120.955172" lat="23.469361"><ele>3759.366643</ele><time>2026-09-14T20:18:59Z</time><extensions><speed>0.308968</speed><course>93.293761</course><hAcc>1.733877</hAcc><vAcc>0.690283</vAcc></extensions></trkpt>
      <trkpt lon="120.955176" lat="23.469361"><ele>3759.519295</ele><time>2026-09-14T20:19:00Z</time><extensions><speed>0.316854</speed><course>96.856350</course><hAcc>1.735379</hAcc><vAcc>0.690283</vAcc></extensions></trkpt>
      <trkpt lon="120.955179" lat="23.469360"><ele>3759.665346</ele><time>2026-09-14T20:19:01Z</time><extensions><speed>0.305305</speed><course>100.337079</course><hAcc>1.736011</hAcc><vAcc>0.690283</vAcc></extensions></trkpt>
      <trkpt lon="120.955181" lat="23.469359"><ele>3759.804894</ele><time>2026-09-14T20:19:02Z</time><extensions><speed>0.298907</speed><course>106.300317</course><hAcc>1.735538</hAcc><vAcc>0.690283</vAcc></extensions></trkpt>
      <trkpt lon="120.955184" lat="23.469359"><ele>3759.938881</ele><time>2026-09-14T20:19:03Z</time><extensions><speed>0.284760</speed><course>111.051294</course><hAcc>1.738927</hAcc><vAcc>0.690283</vAcc></extensions></trkpt>
      <trkpt lon="120.955187" lat="23.469357"><ele>3760.068833</ele><time>2026-09-14T20:19:04Z</time><extensions><speed>0.308190</speed><course>118.152614</course><hAcc>1.738602</hAcc><vAcc>0.690283</vAcc></extensions></trkpt>
      <trkpt lon="120.955189" lat="23.469356"><ele>3760.196144</ele><time>2026-09-14T20:19:05Z</time><extensions><speed>0.298829</speed><course>124.848370</course><hAcc>1.737253</hAcc><vAcc>0.690283</vAcc></extensions></trkpt>
      <trkpt lon="120.955191" lat="23.469354"><ele>3760.322328</ele><time>2026-09-14T20:19:06Z</time><extensions><speed>0.276813</speed><course>130.790834</course><hAcc>1.735198</hAcc><vAcc>0.690283</vAcc></extensions></trkpt>
      <trkpt lon="120.955193" lat="23.469353"><ele>3760.448354</ele><time>2026-09-14T20:19:07Z</time><extensions><speed>0.240175</speed><course>139.589120</course><hAcc>1.733302</hAcc><vAcc>0.690283</vAcc></extensions></trkpt>
      <trkpt lon="120.955195" lat="23.469351"><ele>3760.574397</ele><time>2026-09-14T20:19:08Z</time><extensions><speed>0.215224</speed><course>155.130913</course><hAcc>1.733368</hAcc><vAcc>0.690283</vAcc></extensions></trkpt>
      <trkpt lon="120.955195" lat="23.469349"><ele>3760.699660</ele><time>2026-09-14T20:19:09Z</time><extensions><speed>0.260263</speed><course>165.522312</course><hAcc>1.735327</hAcc><vAcc>0.690283</vAcc></extensions></trkpt>
      <trkpt lon="120.955196" lat="23.469346"><ele>3760.822772</ele><time>2026-09-14T20:19:10Z</time><extensions><speed>0.304024</speed><course>173.749972</course><hAcc>1.737739</hAcc><vAcc>0.690283</vAcc></extensions></trkpt>
      <trkpt lon="120.955196" lat="23.469343"><ele>3760.941654</ele><time>2026-09-14T20:19:11Z</time><extensions><speed>0.345858</speed><course>178.928924</course><hAcc>1.732980</hAcc><vAcc>0.690283</vAcc></extensions></trkpt>
      <trkpt lon="120.955196" lat="23.469340"><ele>3761.054484</ele><time>2026-09-14T20:19:12Z</time><extensions><speed>0.365568</speed><course>180.654088</course><hAcc>1.731188</hAcc><vAcc>0.690283</vAcc></extensions></trkpt>
      <trkpt lon="120.955197" lat="23.469336"><ele>3761.160074</ele><time>2026-09-14T20:19:13Z</time><extensions><speed>0.390881</speed><course>175.630617</course><hAcc>1.731250</hAcc><vAcc>0.690283</vAcc></extensions></trkpt>
      <trkpt lon="120.955197" lat="23.469333"><ele>3761.258186</ele><time>2026-09-14T20:19:14Z</time><extensions><speed>0.416566</speed><course>165.705088</course><hAcc>1.734379</hAcc><vAcc>0.690283</vAcc></extensions></trkpt>
      <trkpt lon="120.955199" lat="23.469329"><ele>3761.350198</ele><time>2026-09-14T20:19:15Z</time><extensions><speed>0.427426</speed><course>154.498951</course><hAcc>1.738760</hAcc><vAcc>0.690283</vAcc></extensions></trkpt>
      <trkpt lon="120.955201" lat="23.469326"><ele>3761.438735</ele><time>2026-09-14T20:19:16Z</time><extensions><speed>0.461192</speed><course>143.512706</course><hAcc>1.738991</hAcc><vAcc>0.690283</vAcc></extensions></trkpt>
      <trkpt lon="120.955204" lat="23.469322"><ele>3761.526840</ele><time>2026-09-14T20:19:17Z</time><extensions><speed>0.543549</speed><course>135.676657</course><hAcc>1.736274</hAcc><vAcc>0.690283</vAcc></extensions></trkpt>
      <trkpt lon="120.955208" lat="23.469319"><ele>3761.617472</ele><time>2026-09-14T20:19:18Z</time><extensions><speed>0.609740</speed><course>131.001897</course><hAcc>1.736576</hAcc><vAcc>0.690283</vAcc></extensions></trkpt>
      <trkpt lon="120.955213" lat="23.469315"><ele>3761.713324</ele><time>2026-09-14T20:19:19Z</time><extensions><speed>0.659888</speed><course>127.677089</course><hAcc>1.738639</hAcc><vAcc>0.690283</vAcc></extensions></trkpt>
      <trkpt lon="120.955219" lat="23.469311"><ele>3761.816049</ele><time>2026-09-14T20:19:20Z</time><extensions><speed>0.703384</speed><course>126.057338</course><hAcc>1.737529</hAcc><vAcc>0.690283</vAcc></extensions></trkpt>
      <trkpt lon="120.955224" lat="23.469308"><ele>3761.926372</ele><time>2026-09-14T20:19:21Z</time><extensions><speed>0.674297</speed><course>124.320138</course><hAcc>1.738661</hAcc><vAcc>0.690283</vAcc></extensions></trkpt>
      <trkpt lon="120.955230" lat="23.469305"><ele>3762.043758</ele><time>2026-09-14T20:19:22Z</time><extensions><speed>0.646243</speed><course>123.143279</course><hAcc>1.737445</hAcc><vAcc>0.690283</vAcc></extensions></trkpt>
      <trkpt lon="120.955235" lat="23.469302"><ele>3762.166339</ele><time>2026-09-14T20:19:23Z</time><extensions><speed>0.596926</speed><course>120.077941</course><hAcc>1.734893</hAcc><vAcc>0.690283</vAcc></extensions></trkpt>
      <trkpt lon="120.955240" lat="23.469299"><ele>3762.291672</ele><time>2026-09-14T20:19:24Z</time><extensions><speed>0.514433</speed><course>115.238881</course><hAcc>1.735096</hAcc><vAcc>0.690283</vAcc></extensions></trkpt>
      <trkpt lon="120.955244" lat="23.469298"><ele>3762.416103</ele><time>2026-09-14T20:19:25Z</time><extensions><speed>0.445888</speed><course>109.362296</course><hAcc>1.731151</hAcc><vAcc>0.690283</vAcc></extensions></trkpt>
      <trkpt lon="120.955248" lat="23.469297"><ele>3762.535897</ele><time>2026-09-14T20:19:26Z</time><extensions><speed>0.364145</speed><course>101.197042</course><hAcc>1.729156</hAcc><vAcc>0.690283</vAcc></extensions></trkpt>
      <trkpt lon="120.955251" lat="23.469296"><ele>3762.647888</ele><time>2026-09-14T20:19:27Z</time><extensions><speed>0.289211</speed><course>85.254355</course><hAcc>1.733705</hAcc><vAcc>0.690283</vAcc></extensions></trkpt>
      <trkpt lon="120.955253" lat="23.469297"><ele>3762.749698</ele><time>2026-09-14T20:19:28Z</time><extensions><speed>0.248122</speed><course>67.505486</course><hAcc>1.739196</hAcc><vAcc>0.690283</vAcc></extensions></trkpt>
      <trkpt lon="120.955255" lat="23.469298"><ele>3762.839535</ele><time>2026-09-14T20:19:29Z</time><extensions><speed>0.220531</speed><course>43.161463</course><hAcc>1.734869</hAcc><vAcc>0.690283</vAcc></extensions></trkpt>
      <trkpt lon="120.955257" lat="23.469299"><ele>3762.916198</ele><time>2026-09-14T20:19:30Z</time><extensions><speed>0.171312</speed><course>34.407156</course><hAcc>1.731854</hAcc><vAcc>0.690283</vAcc></extensions></trkpt>
      <trkpt lon="120.955257" lat="23.469301"><ele>3762.978996</ele><time>2026-09-14T20:19:31Z</time><extensions><speed>0.110416</speed><course>18.092099</course><hAcc>1.735187</hAcc><vAcc>0.690283</vAcc></extensions></trkpt>
      <trkpt lon="120.955257" lat="23.469301"><ele>3763.027813</ele><time>2026-09-14T20:19:32Z</time><extensions><speed>0.105205</speed><course>336.446479</course><hAcc>1.731818</hAcc><vAcc>0.690283</vAcc></extensions></trkpt>
      <trkpt lon="120.955257" lat="23.469302"><ele>3763.063189</ele><time>2026-09-14T20:19:33Z</time><extensions><speed>0.036427</speed><course>277.753346</course><hAcc>1.730459</hAcc><vAcc>0.690283</vAcc></extensions></trkpt>
      <trkpt lon="120.955256" lat="23.469302"><ele>3763.086446</ele><time>2026-09-14T20:19:34Z</time><extensions><speed>0.076577</speed><course>218.029455</course><hAcc>1.726730</hAcc><vAcc>0.690283</vAcc></extensions></trkpt>
      <trkpt lon="120.955256" lat="23.469301"><ele>3763.099624</ele><time>2026-09-14T20:19:35Z</time><extensions><speed>0.119695</speed><course>210.712593</course><hAcc>1.719242</hAcc><vAcc>0.690283</vAcc></extensions></trkpt>
      <trkpt lon="120.955255" lat="23.469300"><ele>3763.105124</ele><time>2026-09-14T20:19:36Z</time><extensions><speed>0.130719</speed><course>209.304078</course><hAcc>1.708503</hAcc><vAcc>0.690283</vAcc></extensions></trkpt>
      <trkpt lon="120.955254" lat="23.469299"><ele>3763.105225</ele><time>2026-09-14T20:19:37Z</time><extensions><speed>0.129657</speed><course>209.182840</course><hAcc>1.699400</hAcc><vAcc>0.690283</vAcc></extensions></trkpt>
      <trkpt lon="120.955254" lat="23.469298"><ele>3763.101890</ele><time>2026-09-14T20:19:38Z</time><extensions><speed>0.133973</speed><course>209.537528</course><hAcc>1.687715</hAcc><vAcc>0.690283</vAcc></extensions></trkpt>
      <trkpt lon="120.955253" lat="23.469297"><ele>3763.096579</ele><time>2026-09-14T20:19:39Z</time><extensions><speed>0.137760</speed><course>209.986905</course><hAcc>1.683268</hAcc><vAcc>0.690283</vAcc></extensions></trkpt>
      <trkpt lon="120.955252" lat="23.469296"><ele>3763.090307</ele><time>2026-09-14T20:19:40Z</time><extensions><speed>0.135205</speed><course>210.333616</course><hAcc>1.687238</hAcc><vAcc>0.690283</vAcc></extensions></trkpt>
      <trkpt lon="120.955252" lat="23.469295"><ele>3763.083725</ele><time>2026-09-14T20:19:41Z</time><extensions><speed>0.114056</speed><course>210.479237</course><hAcc>1.694362</hAcc><vAcc>0.690283</vAcc></extensions></trkpt>
      <trkpt lon="120.955251" lat="23.469294"><ele>3763.077218</ele><time>2026-09-14T20:19:42Z</time><extensions><speed>0.082991</speed><course>210.526697</course><hAcc>1.702419</hAcc><vAcc>0.690283</vAcc></extensions></trkpt>
      <trkpt lon="120.955251" lat="23.469293"><ele>3763.071023</ele><time>2026-09-14T20:19:43Z</time><extensions><speed>0.080542</speed><course>210.589079</course><hAcc>1.687590</hAcc><vAcc>0.690283</vAcc></extensions></trkpt>
      <trkpt lon="120.955251" lat="23.469293"><ele>3763.065335</ele><time>2026-09-14T20:19:44Z</time><extensions><speed>0.067403</speed><course>209.853685</course><hAcc>1.692633</hAcc><vAcc>0.690283</vAcc></extensions></trkpt>
      <trkpt lon="120.955250" lat="23.469292"><ele>3763.060358</ele><time>2026-09-14T20:19:45Z</time><extensions><speed>0.037514</speed><course>206.886825</course><hAcc>1.708872</hAcc><vAcc>0.690283</vAcc></extensions></trkpt>
      <trkpt lon="120.955250" lat="23.469292"><ele>3763.056311</ele><time>2026-09-14T20:19:46Z</time><extensions><speed>0.003994</speed><course>144.572973</course><hAcc>1.721695</hAcc><vAcc>0.690283</vAcc></extensions></trkpt>
      <trkpt lon="120.955251" lat="23.469293"><ele>3763.053379</ele><time>2026-09-14T20:19:47Z</time><extensions><speed>0.061094</speed><course>35.667546</course><hAcc>1.728796</hAcc><vAcc>0.690283</vAcc></extensions></trkpt>
      <trkpt lon="120.955251" lat="23.469294"><ele>3763.051632</ele><time>2026-09-14T20:19:48Z</time><extensions><speed>0.132094</speed><course>34.944422</course><hAcc>1.728420</hAcc><vAcc>0.690283</vAcc></extensions></trkpt>
      <trkpt lon="120.955253" lat="23.469295"><ele>3763.051014</ele><time>2026-09-14T20:19:49Z</time><extensions><speed>0.203541</speed><course>35.087035</course><hAcc>1.723413</hAcc><vAcc>0.690283</vAcc></extensions></trkpt>
      <trkpt lon="120.955254" lat="23.469297"><ele>3763.051386</ele><time>2026-09-14T20:19:50Z</time><extensions><speed>0.260986</speed><course>35.712889</course><hAcc>1.712707</hAcc><vAcc>0.690283</vAcc></extensions></trkpt>
      <trkpt lon="120.955256" lat="23.469299"><ele>3763.052646</ele><time>2026-09-14T20:19:51Z</time><extensions><speed>0.296874</speed><course>36.934576</course><hAcc>1.694515</hAcc><vAcc>0.690283</vAcc></extensions></trkpt>
      <trkpt lon="120.955258" lat="23.469301"><ele>3763.054677</ele><time>2026-09-14T20:19:52Z</time><extensions><speed>0.334730</speed><course>37.707406</course><hAcc>1.669863</hAcc><vAcc>0.690283</vAcc></extensions></trkpt>
      <trkpt lon="120.955260" lat="23.469304"><ele>3763.057378</ele><time>2026-09-14T20:19:53Z</time><extensions><speed>0.383079</speed><course>37.524954</course><hAcc>1.641072</hAcc><vAcc>0.690283</vAcc></extensions></trkpt>
      <trkpt lon="120.955263" lat="23.469307"><ele>3763.060691</ele><time>2026-09-14T20:19:54Z</time><extensions><speed>0.431254</speed><course>35.806456</course><hAcc>1.630685</hAcc><vAcc>0.690283</vAcc></extensions></trkpt>
      <trkpt lon="120.955265" lat="23.469310"><ele>3763.064634</ele><time>2026-09-14T20:19:55Z</time><extensions><speed>0.346348</speed><course>32.374581</course><hAcc>1.671250</hAcc><vAcc>0.690283</vAcc></extensions></trkpt>
      <trkpt lon="120.955267" lat="23.469313"><ele>3763.069282</ele><time>2026-09-14T20:19:56Z</time><extensions><speed>0.468719</speed><course>26.568202</course><hAcc>1.667070</hAcc><vAcc>0.690283</vAcc></extensions></trkpt>
      <trkpt lon="120.955270" lat="23.469318"><ele>3763.074788</ele><time>2026-09-14T20:19:57Z</time><extensions><speed>0.787066</speed><course>31.812611</course><hAcc>1.621639</hAcc><vAcc>0.690283</vAcc></extensions></trkpt>
      <trkpt lon="120.955274" lat="23.469324"><ele>3763.081322</ele><time>2026-09-14T20:19:58Z</time><extensions><speed>0.677190</speed><course>34.280560</course><hAcc>1.629159</hAcc><vAcc>0.690283</vAcc></extensions></trkpt>
      <trkpt lon="120.955277" lat="23.469329"><ele>3763.089008</ele><time>2026-09-14T20:19:59Z</time><extensions><speed>0.622240</speed><course>35.253324</course><hAcc>1.640450</hAcc><vAcc>0.690283</vAcc></extensions></trkpt>
      <trkpt lon="120.955280" lat="23.469333"><ele>3763.097846</ele><time>2026-09-14T20:20:00Z</time><extensions><speed>0.453830</speed><course>38.000076</course><hAcc>1.665525</hAcc><vAcc>0.690283</vAcc></extensions></trkpt>
      <trkpt lon="120.955283" lat="23.469336"><ele>3763.107651</ele><time>2026-09-14T20:20:01Z</time><extensions><speed>0.428516</speed><course>38.643078</course><hAcc>1.653583</hAcc><vAcc>0.690283</vAcc></extensions></trkpt>
      <trkpt lon="120.955286" lat="23.469339"><ele>3763.118146</ele><time>2026-09-14T20:20:02Z</time><extensions><speed>0.354862</speed><course>38.625521</course><hAcc>1.648476</hAcc><vAcc>0.690283</vAcc></extensions></trkpt>
      <trkpt lon="120.955288" lat="23.469341"><ele>3763.129041</ele><time>2026-09-14T20:20:03Z</time><extensions><speed>0.278206</speed><course>37.949089</course><hAcc>1.645261</hAcc><vAcc>0.690282</vAcc></extensions></trkpt>
      <trkpt lon="120.955289" lat="23.469342"><ele>3763.140074</ele><time>2026-09-14T20:20:04Z</time><extensions><speed>0.192257</speed><course>35.486621</course><hAcc>1.641138</hAcc><vAcc>0.690282</vAcc></extensions></trkpt>
      <trkpt lon="120.955290" lat="23.469344"><ele>3763.150975</ele><time>2026-09-14T20:20:05Z</time><extensions><speed>0.147796</speed><course>39.549248</course><hAcc>1.615225</hAcc><vAcc>0.690281</vAcc></extensions></trkpt>
      <trkpt lon="120.955291" lat="23.469344"><ele>3763.161645</ele><time>2026-09-14T20:20:06Z</time><extensions><speed>0.092531</speed><course>49.842452</course><hAcc>1.609779</hAcc><vAcc>0.690279</vAcc></extensions></trkpt>
      <trkpt lon="120.955291" lat="23.469345"><ele>3763.172065</ele><time>2026-09-14T20:20:07Z</time><extensions><speed>0.063808</speed><course>60.831546</course><hAcc>1.604013</hAcc><vAcc>0.690279</vAcc></extensions></trkpt>
      <trkpt lon="120.955292" lat="23.469345"><ele>3763.182269</ele><time>2026-09-14T20:20:08Z</time><extensions><speed>0.049202</speed><course>73.301355</course><hAcc>1.598975</hAcc><vAcc>0.690280</vAcc></extensions></trkpt>
      <trkpt lon="120.955292" lat="23.469345"><ele>3763.192333</ele><time>2026-09-14T20:20:09Z</time><extensions><speed>0.046994</speed><course>86.235504</course><hAcc>1.591293</hAcc><vAcc>0.690281</vAcc></extensions></trkpt>
      <trkpt lon="120.955293" lat="23.469345"><ele>3763.202470</ele><time>2026-09-14T20:20:10Z</time><extensions><speed>0.048901</speed><course>97.216296</course><hAcc>1.584751</hAcc><vAcc>0.690281</vAcc></extensions></trkpt>
      <trkpt lon="120.955293" lat="23.469345"><ele>3763.212806</ele><time>2026-09-14T20:20:11Z</time><extensions><speed>0.051936</speed><course>104.924323</course><hAcc>1.573593</hAcc><vAcc>0.690282</vAcc></extensions></trkpt>
      <trkpt lon="120.955294" lat="23.469345"><ele>3763.223457</ele><time>2026-09-14T20:20:12Z</time><extensions><speed>0.050706</speed><course>117.519157</course><hAcc>1.585067</hAcc><vAcc>0.690282</vAcc></extensions></trkpt>
      <trkpt lon="120.955294" lat="23.469345"><ele>3763.234496</ele><time>2026-09-14T20:20:13Z</time><extensions><speed>0.046465</speed><course>124.236253</course><hAcc>1.591786</hAcc><vAcc>0.690282</vAcc></extensions></trkpt>
      <trkpt lon="120.955295" lat="23.469344"><ele>3763.245922</ele><time>2026-09-14T20:20:14Z</time><extensions><speed>0.038216</speed><course>126.833750</course><hAcc>1.593307</hAcc><vAcc>0.690282</vAcc></extensions></trkpt>
      <trkpt lon="120.955295" lat="23.469344"><ele>3763.257586</ele><time>2026-09-14T20:20:15Z</time><extensions><speed>0.029432</speed><course>128.023054</course><hAcc>1.594207</hAcc><vAcc>0.690283</vAcc></extensions></trkpt>
      <trkpt lon="120.955295" lat="23.469344"><ele>3763.269132</ele><time>2026-09-14T20:20:16Z</time><extensions><speed>0.022181</speed><course>128.617268</course><hAcc>1.593318</hAcc><vAcc>0.690283</vAcc></extensions></trkpt>
      <trkpt lon="120.955295" lat="23.469344"><ele>3763.280105</ele><time>2026-09-14T20:20:17Z</time><extensions><speed>0.016451</speed><course>128.924464</course><hAcc>1.591129</hAcc><vAcc>0.690283</vAcc></extensions></trkpt>
      <trkpt lon="120.955295" lat="23.469344"><ele>3763.290075</ele><time>2026-09-14T20:20:18Z</time><extensions><speed>0.011713</speed><course>115.538027</course><hAcc>1.586910</hAcc><vAcc>0.690283</vAcc></extensions></trkpt>
      <trkpt lon="120.955295" lat="23.469344"><ele>3763.298709</ele><time>2026-09-14T20:20:19Z</time><extensions><speed>0.009679</speed><course>103.927367</course><hAcc>1.581051</hAcc><vAcc>0.690283</vAcc></extensions></trkpt>
      <trkpt lon="120.955296" lat="23.469344"><ele>3763.305834</ele><time>2026-09-14T20:20:20Z</time><extensions><speed>0.008146</speed><course>105.901677</course><hAcc>1.571996</hAcc><vAcc>0.690283</vAcc></extensions></trkpt>
      <trkpt lon="120.955296" lat="23.469344"><ele>3763.311517</ele><time>2026-09-14T20:20:21Z</time><extensions><speed>0.007336</speed><course>109.518810</course><hAcc>1.559494</hAcc><vAcc>0.690283</vAcc></extensions></trkpt>
      <trkpt lon="120.955296" lat="23.469344"><ele>3763.315969</ele><time>2026-09-14T20:20:22Z</time><extensions><speed>0.007023</speed><course>113.739532</course><hAcc>1.545990</hAcc><vAcc>0.690283</vAcc></extensions></trkpt>
      <trkpt lon="120.955296" lat="23.469344"><ele>3763.319414</ele><time>2026-09-14T20:20:23Z</time><extensions><speed>0.006869</speed><course>117.687373</course><hAcc>1.536652</hAcc><vAcc>0.690283</vAcc></extensions></trkpt>
      <trkpt lon="120.955296" lat="23.469344"><ele>3763.322071</ele><time>2026-09-14T20:20:24Z</time><extensions><speed>0.006984</speed><course>121.316607</course><hAcc>1.532016</hAcc><vAcc>0.690283</vAcc></extensions></trkpt>
      <trkpt lon="120.955296" lat="23.469343"><ele>3763.324165</ele><time>2026-09-14T20:20:25Z</time><extensions><speed>0.007194</speed><course>125.900260</course><hAcc>1.536853</hAcc><vAcc>0.690283</vAcc></extensions></trkpt>
      <trkpt lon="120.955296" lat="23.469343"><ele>3763.325903</ele><time>2026-09-14T20:20:26Z</time><extensions><speed>0.007977</speed><course>135.458810</course><hAcc>1.548458</hAcc><vAcc>0.690283</vAcc></extensions></trkpt>
      <trkpt lon="120.955296" lat="23.469343"><ele>3763.327486</ele><time>2026-09-14T20:20:27Z</time><extensions><speed>0.012512</speed><course>155.305193</course><hAcc>1.550593</hAcc><vAcc>0.690283</vAcc></extensions></trkpt>
      <trkpt lon="120.955296" lat="23.469343"><ele>3763.329145</ele><time>2026-09-14T20:20:28Z</time><extensions><speed>0.031946</speed><course>177.072494</course><hAcc>1.530080</hAcc><vAcc>0.690283</vAcc></extensions></trkpt>
      <trkpt lon="120.955296" lat="23.469343"><ele>3763.331035</ele><time>2026-09-14T20:20:29Z</time><extensions><speed>0.051413</speed><course>189.687323</course><hAcc>1.530337</hAcc><vAcc>0.690283</vAcc></extensions></trkpt>
      <trkpt lon="120.955296" lat="23.469342"><ele>3763.333280</ele><time>2026-09-14T20:20:30Z</time><extensions><speed>0.053251</speed><course>190.959142</course><hAcc>1.555341</hAcc><vAcc>0.690283</vAcc></extensions></trkpt>
      <trkpt lon="120.955296" lat="23.469342"><ele>3763.335850</ele><time>2026-09-14T20:20:31Z</time><extensions><speed>0.046330</speed><course>193.586306</course><hAcc>1.569244</hAcc><vAcc>0.690284</vAcc></extensions></trkpt>
      <trkpt lon="120.955296" lat="23.469341"><ele>3763.338517</ele><time>2026-09-14T20:20:32Z</time><extensions><speed>0.037979</speed><course>197.085744</course><hAcc>1.572225</hAcc><vAcc>0.690284</vAcc></extensions></trkpt>
      <trkpt lon="120.955295" lat="23.469341"><ele>3763.340936</ele><time>2026-09-14T20:20:33Z</time><extensions><speed>0.031606</speed><course>201.775119</course><hAcc>1.570583</hAcc><vAcc>0.690284</vAcc></extensions></trkpt>
      <trkpt lon="120.955295" lat="23.469341"><ele>3763.342698</ele><time>2026-09-14T20:20:34Z</time><extensions><speed>0.028116</speed><course>208.231099</course><hAcc>1.566549</hAcc><vAcc>0.690284</vAcc></extensions></trkpt>
      <trkpt lon="120.955295" lat="23.469341"><ele>3763.343364</ele><time>2026-09-14T20:20:35Z</time><extensions><speed>0.026762</speed><course>215.532889</course><hAcc>1.562257</hAcc><vAcc>0.690284</vAcc></extensions></trkpt>
      <trkpt lon="120.955295" lat="23.469340"><ele>3763.342535</ele><time>2026-09-14T20:20:36Z</time><extensions><speed>0.027093</speed><course>224.015668</course><hAcc>1.558600</hAcc><vAcc>0.690283</vAcc></extensions></trkpt>
      <trkpt lon="120.955295" lat="23.469340"><ele>3763.339937</ele><time>2026-09-14T20:20:37Z</time><extensions><speed>0.028809</speed><course>231.176069</course><hAcc>1.561388</hAcc><vAcc>0.690282</vAcc></extensions></trkpt>
      <trkpt lon="120.955294" lat="23.469340"><ele>3763.335356</ele><time>2026-09-14T20:20:38Z</time><extensions><speed>0.032139</speed><course>236.754745</course><hAcc>1.570723</hAcc><vAcc>0.690283</vAcc></extensions></trkpt>
      <trkpt lon="120.955294" lat="23.469340"><ele>3763.328788</ele><time>2026-09-14T20:20:39Z</time><extensions><speed>0.038612</speed><course>241.261204</course><hAcc>1.583349</hAcc><vAcc>0.690283</vAcc></extensions></trkpt>
      <trkpt lon="120.955294" lat="23.469340"><ele>3763.320414</ele><time>2026-09-14T20:20:40Z</time><extensions><speed>0.047298</speed><course>246.143391</course><hAcc>1.594787</hAcc><vAcc>0.690283</vAcc></extensions></trkpt>
      <trkpt lon="120.955293" lat="23.469340"><ele>3763.310610</ele><time>2026-09-14T20:20:41Z</time><extensions><speed>0.068701</speed><course>254.913002</course><hAcc>1.583464</hAcc><vAcc>0.690283</vAcc></extensions></trkpt>
      <trkpt lon="120.955293" lat="23.469340"><ele>3763.299883</ele><time>2026-09-14T20:20:42Z</time><extensions><speed>0.062049</speed><course>253.414865</course><hAcc>1.595250</hAcc><vAcc>0.690283</vAcc></extensions></trkpt>
      <trkpt lon="120.955292" lat="23.469339"><ele>3763.288844</ele><time>2026-09-14T20:20:43Z</time><extensions><speed>0.066972</speed><course>263.747339</course><hAcc>1.587152</hAcc><vAcc>0.690283</vAcc></extensions></trkpt>
      <trkpt lon="120.955291" lat="23.469339"><ele>3763.278019</ele><time>2026-09-14T20:20:44Z</time><extensions><speed>0.055884</speed><course>277.979263</course><hAcc>1.600174</hAcc><vAcc>0.690283</vAcc></extensions></trkpt>
      <trkpt lon="120.955291" lat="23.469339"><ele>3763.267800</ele><time>2026-09-14T20:20:45Z</time><extensions><speed>0.035608</speed><course>294.522560</course><hAcc>1.625218</hAcc><vAcc>0.690283</vAcc></extensions></trkpt>
      <trkpt lon="120.955291" lat="23.469340"><ele>3763.258399</ele><time>2026-09-14T20:20:46Z</time><extensions><speed>0.032510</speed><course>312.878093</course><hAcc>1.616245</hAcc><vAcc>0.690283</vAcc></extensions></trkpt>
      <trkpt lon="120.955290" lat="23.469340"><ele>3763.249962</ele><time>2026-09-14T20:20:47Z</time><extensions><speed>0.030230</speed><course>322.650136</course><hAcc>1.601425</hAcc><vAcc>0.690283</vAcc></extensions></trkpt>
      <trkpt lon="120.955290" lat="23.469340"><ele>3763.242410</ele><time>2026-09-14T20:20:48Z</time><extensions><speed>0.029012</speed><course>328.848745</course><hAcc>1.590914</hAcc><vAcc>0.690283</vAcc></extensions></trkpt>
      <trkpt lon="120.955290" lat="23.469340"><ele>3763.235575</ele><time>2026-09-14T20:20:49Z</time><extensions><speed>0.028964</speed><course>332.122889</course><hAcc>1.585898</hAcc><vAcc>0.690283</vAcc></extensions></trkpt>
      <trkpt lon="120.955290" lat="23.469340"><ele>3763.229283</ele><time>2026-09-14T20:20:50Z</time><extensions><speed>0.030523</speed><course>332.553308</course><hAcc>1.585516</hAcc><vAcc>0.690283</vAcc></extensions></trkpt>
      <trkpt lon="120.955290" lat="23.469341"><ele>3763.223428</ele><time>2026-09-14T20:20:51Z</time><extensions><speed>0.032798</speed><course>322.005285</course><hAcc>1.594188</hAcc><vAcc>0.690283</vAcc></extensions></trkpt>
      <trkpt lon="120.955290" lat="23.469341"><ele>3763.217982</ele><time>2026-09-14T20:20:52Z</time><extensions><speed>0.007782</speed><course>221.801559</course><hAcc>1.616561</hAcc><vAcc>0.690283</vAcc></extensions></trkpt>
      <trkpt lon="120.955290" lat="23.469341"><ele>3763.213106</ele><time>2026-09-14T20:20:53Z</time><extensions><speed>0.030340</speed><course>183.656586</course><hAcc>1.586969</hAcc><vAcc>0.690283</vAcc></extensions></trkpt>
      <trkpt lon="120.955290" lat="23.469340"><ele>3763.209132</ele><time>2026-09-14T20:20:54Z</time><extensions><speed>0.030161</speed><course>195.058522</course><hAcc>1.586822</hAcc><vAcc>0.690283</vAcc></extensions></trkpt>
      <trkpt lon="120.955290" lat="23.469340"><ele>3763.206472</ele><time>2026-09-14T20:20:55Z</time><extensions><speed>0.043375</speed><course>174.391236</course><hAcc>1.582341</hAcc><vAcc>0.690283</vAcc></extensions></trkpt>
      <trkpt lon="120.955290" lat="23.469340"><ele>3763.205445</ele><time>2026-09-14T20:20:56Z</time><extensions><speed>0.046800</speed><course>154.127711</course><hAcc>1.604150</hAcc><vAcc>0.690283</vAcc></extensions></trkpt>
      <trkpt lon="120.955290" lat="23.469339"><ele>3763.206268</ele><time>2026-09-14T20:20:57Z</time><extensions><speed>0.040933</speed><course>138.978797</course><hAcc>1.609734</hAcc><vAcc>0.690283</vAcc></extensions></trkpt>
      <trkpt lon="120.955290" lat="23.469339"><ele>3763.208950</ele><time>2026-09-14T20:20:58Z</time><extensions><speed>0.035436</speed><course>120.419443</course><hAcc>1.605422</hAcc><vAcc>0.690283</vAcc></extensions></trkpt>
      <trkpt lon="120.955291" lat="23.469339"><ele>3763.213285</ele><time>2026-09-14T20:20:59Z</time><extensions><speed>0.033359</speed><course>100.145095</course><hAcc>1.600059</hAcc><vAcc>0.690283</vAcc></extensions></trkpt>
      <trkpt lon="120.955291" lat="23.469339"><ele>3763.218899</ele><time>2026-09-14T20:21:00Z</time><extensions><speed>0.032856</speed><course>84.746402</course><hAcc>1.591120</hAcc><vAcc>0.690283</vAcc></extensions></trkpt>
      <trkpt lon="120.955291" lat="23.469339"><ele>3763.225345</ele><time>2026-09-14T20:21:01Z</time><extensions><speed>0.032067</speed><course>79.288776</course><hAcc>1.590376</hAcc><vAcc>0.690283</vAcc></extensions></trkpt>
      <trkpt lon="120.955292" lat="23.469339"><ele>3763.232391</ele><time>2026-09-14T20:21:02Z</time><extensions><speed>0.032040</speed><course>64.567100</course><hAcc>1.590533</hAcc><vAcc>0.690283</vAcc></extensions></trkpt>
      <trkpt lon="120.955292" lat="23.469339"><ele>3763.239966</ele><time>2026-09-14T20:21:03Z</time><extensions><speed>0.035782</speed><course>44.713569</course><hAcc>1.588064</hAcc><vAcc>0.690283</vAcc></extensions></trkpt>
      <trkpt lon="120.955292" lat="23.469340"><ele>3763.248124</ele><time>2026-09-14T20:21:04Z</time><extensions><speed>0.045737</speed><course>20.813938</course><hAcc>1.580449</hAcc><vAcc>0.690283</vAcc></extensions></trkpt>
      <trkpt lon="120.955292" lat="23.469340"><ele>3763.256951</ele><time>2026-09-14T20:21:05Z</time><extensions><speed>0.056462</speed><course>10.562307</course><hAcc>1.563387</hAcc><vAcc>0.690283</vAcc></extensions></trkpt>
      <trkpt lon="120.955292" lat="23.469341"><ele>3763.266619</ele><time>2026-09-14T20:21:06Z</time><extensions><speed>0.053012</speed><course>19.331612</course><hAcc>1.542059</hAcc><vAcc>0.690283</vAcc></extensions></trkpt>
      <trkpt lon="120.955293" lat="23.469341"><ele>3763.277155</ele><time>2026-09-14T20:21:07Z</time><extensions><speed>0.033348</speed><course>31.499298</course><hAcc>1.552069</hAcc><vAcc>0.690283</vAcc></extensions></trkpt>
      <trkpt lon="120.955293" lat="23.469341"><ele>3763.288510</ele><time>2026-09-14T20:21:08Z</time><extensions><speed>0.022002</speed><course>38.311227</course><hAcc>1.555756</hAcc><vAcc>0.690283</vAcc></extensions></trkpt>
      <trkpt lon="120.955293" lat="23.469341"><ele>3763.300628</ele><time>2026-09-14T20:21:09Z</time><extensions><speed>0.015855</speed><course>41.596377</course><hAcc>1.554902</hAcc><vAcc>0.690283</vAcc></extensions></trkpt>
      <trkpt lon="120.955293" lat="23.469341"><ele>3763.313351</ele><time>2026-09-14T20:21:10Z</time><extensions><speed>0.011342</speed><course>43.025029</course><hAcc>1.557572</hAcc><vAcc>0.690283</vAcc></extensions></trkpt>
      <trkpt lon="120.955293" lat="23.469341"><ele>3763.326378</ele><time>2026-09-14T20:21:11Z</time><extensions><speed>0.011761</speed><course>43.573961</course><hAcc>1.538255</hAcc><vAcc>0.690283</vAcc></extensions></trkpt>
      <trkpt lon="120.955293" lat="23.469341"><ele>3763.339194</ele><time>2026-09-14T20:21:12Z</time><extensions><speed>0.010060</speed><course>43.750980</course><hAcc>1.540635</hAcc><vAcc>0.690283</vAcc></extensions></trkpt>
      <trkpt lon="120.955293" lat="23.469342"><ele>3763.351134</ele><time>2026-09-14T20:21:13Z</time><extensions><speed>0.010794</speed><course>19.809197</course><hAcc>1.554350</hAcc><vAcc>0.690283</vAcc></extensions></trkpt>
      <trkpt lon="120.955293" lat="23.469342"><ele>3763.361512</ele><time>2026-09-14T20:21:14Z</time><extensions><speed>0.010422</speed><course>356.457507</course><hAcc>1.565878</hAcc><vAcc>0.690283</vAcc></extensions></trkpt>
      <trkpt lon="120.955293" lat="23.469342"><ele>3763.369800</ele><time>2026-09-14T20:21:15Z</time><extensions><speed>0.015015</speed><course>346.880303</course><hAcc>1.573585</hAcc><vAcc>0.690283</vAcc></extensions></trkpt>
      <trkpt lon="120.955293" lat="23.469342"><ele>3763.375556</ele><time>2026-09-14T20:21:16Z</time><extensions><speed>0.019197</speed><course>343.975009</course><hAcc>1.577708</hAcc><vAcc>0.690283</vAcc></extensions></trkpt>
      <trkpt lon="120.955293" lat="23.469342"><ele>3763.378752</ele><time>2026-09-14T20:21:17Z</time><extensions><speed>0.024781</speed><course>343.924085</course><hAcc>1.580844</hAcc><vAcc>0.690283</vAcc></extensions></trkpt>
      <trkpt lon="120.955293" lat="23.469343"><ele>3763.379869</ele><time>2026-09-14T20:21:18Z</time><extensions><speed>0.031394</speed><course>345.210333</course><hAcc>1.584086</hAcc><vAcc>0.690283</vAcc></extensions></trkpt>
      <trkpt lon="120.955293" lat="23.469343"><ele>3763.379285</ele><time>2026-09-14T20:21:19Z</time><extensions><speed>0.040179</speed><course>345.565926</course><hAcc>1.589906</hAcc><vAcc>0.690283</vAcc></extensions></trkpt>
      <trkpt lon="120.955293" lat="23.469343"><ele>3763.378264</ele><time>2026-09-14T20:21:20Z</time><extensions><speed>0.051465</speed><course>346.494479</course><hAcc>1.601685</hAcc><vAcc>0.690283</vAcc></extensions></trkpt>
      <trkpt lon="120.955293" lat="23.469344"><ele>3763.378383</ele><time>2026-09-14T20:21:21Z</time><extensions><speed>0.068682</speed><course>348.634697</course><hAcc>1.615340</hAcc><vAcc>0.690283</vAcc></extensions></trkpt>
      <trkpt lon="120.955293" lat="23.469344"><ele>3763.381375</ele><time>2026-09-14T20:21:22Z</time><extensions><speed>0.096084</speed><course>353.234803</course><hAcc>1.627533</hAcc><vAcc>0.690283</vAcc></extensions></trkpt>
      <trkpt lon="120.955293" lat="23.469346"><ele>3763.388930</ele><time>2026-09-14T20:21:23Z</time><extensions><speed>0.144360</speed><course>1.400421</course><hAcc>1.631614</hAcc><vAcc>0.690283</vAcc></extensions></trkpt>
      <trkpt lon="120.955293" lat="23.469347"><ele>3763.403137</ele><time>2026-09-14T20:21:24Z</time><extensions><speed>0.217082</speed><course>14.613845</course><hAcc>1.645828</hAcc><vAcc>0.690283</vAcc></extensions></trkpt>
      <trkpt lon="120.955294" lat="23.469350"><ele>3763.425384</ele><time>2026-09-14T20:21:25Z</time><extensions><speed>0.374253</speed><course>17.503123</course><hAcc>1.668313</hAcc><vAcc>0.690283</vAcc></extensions></trkpt>
      <trkpt lon="120.955295" lat="23.469352"><ele>3763.456618</ele><time>2026-09-14T20:21:26Z</time><extensions><speed>0.217703</speed><course>32.637302</course><hAcc>1.677536</hAcc><vAcc>0.690283</vAcc></extensions></trkpt>
      <trkpt lon="120.955296" lat="23.469353"><ele>3763.497052</ele><time>2026-09-14T20:21:27Z</time><extensions><speed>0.112319</speed><course>64.904865</course><hAcc>1.689544</hAcc><vAcc>0.690283</vAcc></extensions></trkpt>
      <trkpt lon="120.955297" lat="23.469353"><ele>3763.545497</ele><time>2026-09-14T20:21:28Z</time><extensions><speed>0.080251</speed><course>104.645561</course><hAcc>1.699317</hAcc><vAcc>0.690283</vAcc></extensions></trkpt>
      <trkpt lon="120.955297" lat="23.469353"><ele>3763.599688</ele><time>2026-09-14T20:21:29Z</time><extensions><speed>0.087603</speed><course>153.143922</course><hAcc>1.720894</hAcc><vAcc>0.690283</vAcc></extensions></trkpt>
      <trkpt lon="120.955298" lat="23.469352"><ele>3763.655963</ele><time>2026-09-14T20:21:30Z</time><extensions><speed>0.102699</speed><course>175.031157</course><hAcc>1.734031</hAcc><vAcc>0.690283</vAcc></extensions></trkpt>
      <trkpt lon="120.955297" lat="23.469351"><ele>3763.709879</ele><time>2026-09-14T20:21:31Z</time><extensions><speed>0.123225</speed><course>189.231506</course><hAcc>1.727752</hAcc><vAcc>0.690283</vAcc></extensions></trkpt>
      <trkpt lon="120.955297" lat="23.469350"><ele>3763.756990</ele><time>2026-09-14T20:21:32Z</time><extensions><speed>0.128355</speed><course>203.036331</course><hAcc>1.732190</hAcc><vAcc>0.690283</vAcc></extensions></trkpt>
      <trkpt lon="120.955296" lat="23.469349"><ele>3763.793619</ele><time>2026-09-14T20:21:33Z</time><extensions><speed>0.126397</speed><course>220.720011</course><hAcc>1.745167</hAcc><vAcc>0.690283</vAcc></extensions></trkpt>
      <trkpt lon="120.955295" lat="23.469348"><ele>3763.816945</ele><time>2026-09-14T20:21:34Z</time><extensions><speed>0.128511</speed><course>240.078081</course><hAcc>1.758457</hAcc><vAcc>0.690283</vAcc></extensions></trkpt>
      <trkpt lon="120.955294" lat="23.469348"><ele>3763.825640</ele><time>2026-09-14T20:21:35Z</time><extensions><speed>0.132186</speed><course>261.961555</course><hAcc>1.766281</hAcc><vAcc>0.690283</vAcc></extensions></trkpt>
      <trkpt lon="120.955293" lat="23.469348"><ele>3763.819780</ele><time>2026-09-14T20:21:36Z</time><extensions><speed>0.138563</speed><course>286.247221</course><hAcc>1.770514</hAcc><vAcc>0.690283</vAcc></extensions></trkpt>
      <trkpt lon="120.955292" lat="23.469348"><ele>3763.800513</ele><time>2026-09-14T20:21:37Z</time><extensions><speed>0.137961</speed><course>292.072400</course><hAcc>1.775458</hAcc><vAcc>0.690283</vAcc></extensions></trkpt>
      <trkpt lon="120.955291" lat="23.469349"><ele>3763.769932</ele><time>2026-09-14T20:21:38Z</time><extensions><speed>0.125652</speed><course>286.386657</course><hAcc>1.779716</hAcc><vAcc>0.690283</vAcc></extensions></trkpt>
      <trkpt lon="120.955289" lat="23.469349"><ele>3763.730775</ele><time>2026-09-14T20:21:39Z</time><extensions><speed>0.111288</speed><course>286.758771</course><hAcc>1.777417</hAcc><vAcc>0.690283</vAcc></extensions></trkpt>
      <trkpt lon="120.955288" lat="23.469349"><ele>3763.686235</ele><time>2026-09-14T20:21:40Z</time><extensions><speed>0.083654</speed><course>266.698525</course><hAcc>1.777371</hAcc><vAcc>0.690283</vAcc></extensions></trkpt>
      <trkpt lon="120.955288" lat="23.469349"><ele>3763.639642</ele><time>2026-09-14T20:21:41Z</time><extensions><speed>0.061209</speed><course>250.136931</course><hAcc>1.775912</hAcc><vAcc>0.690283</vAcc></extensions></trkpt>
      <trkpt lon="120.955287" lat="23.469349"><ele>3763.593977</ele><time>2026-09-14T20:21:42Z</time><extensions><speed>0.043854</speed><course>235.052008</course><hAcc>1.772199</hAcc><vAcc>0.690283</vAcc></extensions></trkpt>
      <trkpt lon="120.955287" lat="23.469349"><ele>3763.551610</ele><time>2026-09-14T20:21:43Z</time><extensions><speed>0.032236</speed><course>216.315921</course><hAcc>1.767337</hAcc><vAcc>0.690283</vAcc></extensions></trkpt>
      <trkpt lon="120.955287" lat="23.469348"><ele>3763.514129</ele><time>2026-09-14T20:21:44Z</time><extensions><speed>0.027355</speed><course>193.269605</course><hAcc>1.761969</hAcc><vAcc>0.690283</vAcc></extensions></trkpt>
      <trkpt lon="120.955287" lat="23.469348"><ele>3763.482278</ele><time>2026-09-14T20:21:45Z</time><extensions><speed>0.029858</speed><course>171.395427</course><hAcc>1.755741</hAcc><vAcc>0.690283</vAcc></extensions></trkpt>
      <trkpt lon="120.955287" lat="23.469348"><ele>3763.456077</ele><time>2026-09-14T20:21:46Z</time><extensions><speed>0.037908</speed><course>157.747411</course><hAcc>1.749466</hAcc><vAcc>0.690283</vAcc></extensions></trkpt>
      <trkpt lon="120.955287" lat="23.469347"><ele>3763.435113</ele><time>2026-09-14T20:21:47Z</time><extensions><speed>0.048454</speed><course>150.862392</course><hAcc>1.744271</hAcc><vAcc>0.690283</vAcc></extensions></trkpt>
      <trkpt lon="120.955287" lat="23.469347"><ele>3763.418813</ele><time>2026-09-14T20:21:48Z</time><extensions><speed>0.058473</speed><course>147.453089</course><hAcc>1.740101</hAcc><vAcc>0.690283</vAcc></extensions></trkpt>
      <trkpt lon="120.955288" lat="23.469347"><ele>3763.406512</ele><time>2026-09-14T20:21:49Z</time><extensions><speed>0.059730</speed><course>145.334585</course><hAcc>1.743346</hAcc><vAcc>0.690283</vAcc></extensions></trkpt>
      <trkpt lon="120.955288" lat="23.469346"><ele>3763.397487</ele><time>2026-09-14T20:21:50Z</time><extensions><speed>0.035769</speed><course>141.402747</course><hAcc>1.750238</hAcc><vAcc>0.690283</vAcc></extensions></trkpt>
      <trkpt lon="120.955288" lat="23.469346"><ele>3763.391015</ele><time>2026-09-14T20:21:51Z</time><extensions><speed>0.008747</speed><course>144.202534</course><hAcc>1.731320</hAcc><vAcc>0.690283</vAcc></extensions></trkpt>
      <trkpt lon="120.955288" lat="23.469346"><ele>3763.386417</ele><time>2026-09-14T20:21:52Z</time><extensions><speed>0.017160</speed><course>320.306319</course><hAcc>1.717503</hAcc><vAcc>0.690283</vAcc></extensions></trkpt>
      <trkpt lon="120.955288" lat="23.469346"><ele>3763.383119</ele><time>2026-09-14T20:21:53Z</time><extensions><speed>0.037135</speed><course>321.302512</course><hAcc>1.711769</hAcc><vAcc>0.690283</vAcc></extensions></trkpt>
      <trkpt lon="120.955288" lat="23.469347"><ele>3763.380692</ele><time>2026-09-14T20:21:54Z</time><extensions><speed>0.042129</speed><course>321.554991</course><hAcc>1.710190</hAcc><vAcc>0.690283</vAcc></extensions></trkpt>
      <trkpt lon="120.955288" lat="23.469347"><ele>3763.378867</ele><time>2026-09-14T20:21:55Z</time><extensions><speed>0.035662</speed><course>321.641814</course><hAcc>1.702249</hAcc><vAcc>0.690283</vAcc></extensions></trkpt>
      <trkpt lon="120.955287" lat="23.469347"><ele>3763.377542</ele><time>2026-09-14T20:21:56Z</time><extensions><speed>0.027806</speed><course>321.685113</course><hAcc>1.688730</hAcc><vAcc>0.690283</vAcc></extensions></trkpt>
      <trkpt lon="120.955287" lat="23.469347"><ele>3763.376710</ele><time>2026-09-14T20:21:57Z</time><extensions><speed>0.018805</speed><course>321.710405</course><hAcc>1.688367</hAcc><vAcc>0.690283</vAcc></extensions></trkpt>
      <trkpt lon="120.955287" lat="23.469347"><ele>3763.376386</ele><time>2026-09-14T20:21:58Z</time><extensions><speed>0.012697</speed><course>321.727125</course><hAcc>1.692666</hAcc><vAcc>0.690283</vAcc></extensions></trkpt>
      <trkpt lon="120.955287" lat="23.469347"><ele>3763.376572</ele><time>2026-09-14T20:21:59Z</time><extensions><speed>0.008100</speed><course>321.738334</course><hAcc>1.707256</hAcc><vAcc>0.690283</vAcc></extensions></trkpt>
      <trkpt lon="120.955287" lat="23.469347"><ele>3763.377215</ele><time>2026-09-14T20:22:00Z</time><extensions><speed>0.005690</speed><course>321.746039</course><hAcc>1.711805</hAcc><vAcc>0.690283</vAcc></extensions></trkpt>
      <trkpt lon="120.955287" lat="23.469347"><ele>3763.378383</ele><time>2026-09-14T20:22:01Z</time><extensions><speed>0.004981</speed><course>321.750553</course><hAcc>1.697487</hAcc><vAcc>0.690283</vAcc></extensions></trkpt>
      <trkpt lon="120.955287" lat="23.469348"><ele>3763.380114</ele><time>2026-09-14T20:22:02Z</time><extensions><speed>0.003843</speed><course>321.752962</course><hAcc>1.706705</hAcc><vAcc>0.690283</vAcc></extensions></trkpt>
      <trkpt lon="120.955287" lat="23.469348"><ele>3763.382494</ele><time>2026-09-14T20:22:03Z</time><extensions><speed>0.002730</speed><course>321.754540</course><hAcc>1.727799</hAcc><vAcc>0.690283</vAcc></extensions></trkpt>
      <trkpt lon="120.955287" lat="23.469348"><ele>3763.385687</ele><time>2026-09-14T20:22:04Z</time><extensions><speed>0.001843</speed><course>321.755720</course><hAcc>1.743257</hAcc><vAcc>0.690283</vAcc></extensions></trkpt>
      <trkpt lon="120.955287" lat="23.469348"><ele>3763.389832</ele><time>2026-09-14T20:22:05Z</time><extensions><speed>0.001191</speed><course>321.756686</course><hAcc>1.750419</hAcc><vAcc>0.690283</vAcc></extensions></trkpt>
      <trkpt lon="120.955287" lat="23.469348"><ele>3763.395238</ele><time>2026-09-14T20:22:06Z</time><extensions><speed>0.000743</speed><course>321.757536</course><hAcc>1.751007</hAcc><vAcc>0.690283</vAcc></extensions></trkpt>
      <trkpt lon="120.955287" lat="23.469348"><ele>3763.402245</ele><time>2026-09-14T20:22:07Z</time><extensions><speed>0.000448</speed><course>321.758335</course><hAcc>1.747943</hAcc><vAcc>0.690283</vAcc></extensions></trkpt>
      <trkpt lon="120.955287" lat="23.469348"><ele>3763.411297</ele><time>2026-09-14T20:22:08Z</time><extensions><speed>0.000262</speed><course>321.759132</course><hAcc>1.741274</hAcc><vAcc>0.690283</vAcc></extensions></trkpt>
      <trkpt lon="120.955287" lat="23.469348"><ele>3763.422993</ele><time>2026-09-14T20:22:09Z</time><extensions><speed>0.000152</speed><course>321.759960</course><hAcc>1.730694</hAcc><vAcc>0.690282</vAcc></extensions></trkpt>
      <trkpt lon="120.955287" lat="23.469348"><ele>3763.437906</ele><time>2026-09-14T20:22:10Z</time><extensions><speed>0.000084</speed><course>321.760859</course><hAcc>1.722653</hAcc><vAcc>0.690282</vAcc></extensions></trkpt>
      <trkpt lon="120.955287" lat="23.469348"><ele>3763.456473</ele><time>2026-09-14T20:22:11Z</time><extensions><speed>0.000046</speed><course>321.761908</course><hAcc>1.712931</hAcc><vAcc>0.690281</vAcc></extensions></trkpt>
      <trkpt lon="120.955287" lat="23.469348"><ele>3763.479088</ele><time>2026-09-14T20:22:12Z</time><extensions><speed>0.000024</speed><course>321.763186</course><hAcc>1.705290</hAcc><vAcc>0.690280</vAcc></extensions></trkpt>
      <trkpt lon="120.955287" lat="23.469348"><ele>3763.506033</ele><time>2026-09-14T20:22:13Z</time><extensions><speed>0.000013</speed><course>321.764766</course><hAcc>1.698033</hAcc><vAcc>0.690279</vAcc></extensions></trkpt>
      <trkpt lon="120.955287" lat="23.469348"><ele>3763.537149</ele><time>2026-09-14T20:22:14Z</time><extensions><speed>0.000007</speed><course>321.766614</course><hAcc>1.694475</hAcc><vAcc>0.690280</vAcc></extensions></trkpt>
      <trkpt lon="120.955287" lat="23.469348"><ele>3763.572238</ele><time>2026-09-14T20:22:15Z</time><extensions><speed>0.000004</speed><course>321.768474</course><hAcc>1.687748</hAcc><vAcc>0.690281</vAcc></extensions></trkpt>
      <trkpt lon="120.955287" lat="23.469348"><ele>3763.610605</ele><time>2026-09-14T20:22:16Z</time><extensions><speed>0.001168</speed><course>69.500668</course><hAcc>1.691539</hAcc><vAcc>0.690281</vAcc></extensions></trkpt>
      <trkpt lon="120.955287" lat="23.469348"><ele>3763.651134</ele><time>2026-09-14T20:22:17Z</time><extensions><speed>0.002511</speed><course>77.814876</course><hAcc>1.693121</hAcc><vAcc>0.690282</vAcc></extensions></trkpt>
      <trkpt lon="120.955287" lat="23.469348"><ele>3763.692313</ele><time>2026-09-14T20:22:18Z</time><extensions><speed>0.004738</speed><course>80.761270</course><hAcc>1.695193</hAcc><vAcc>0.690282</vAcc></extensions></trkpt>
      <trkpt lon="120.955287" lat="23.469348"><ele>3763.732549</ele><time>2026-09-14T20:22:19Z</time><extensions><speed>0.007221</speed><course>82.201934</course><hAcc>1.721058</hAcc><vAcc>0.690282</vAcc></extensions></trkpt>
      <trkpt lon="120.955287" lat="23.469348"><ele>3763.770023</ele><time>2026-09-14T20:22:20Z</time><extensions><speed>0.014004</speed><course>83.044081</course><hAcc>1.713965</hAcc><vAcc>0.690282</vAcc></extensions></trkpt>
      <trkpt lon="120.955287" lat="23.469348"><ele>3763.803106</ele><time>2026-09-14T20:22:21Z</time><extensions><speed>0.022261</speed><course>83.688014</course><hAcc>1.719527</hAcc><vAcc>0.690282</vAcc></extensions></trkpt>
      <trkpt lon="120.955288" lat="23.469348"><ele>3763.830601</ele><time>2026-09-14T20:22:22Z</time><extensions><speed>0.033300</speed><course>84.338147</course><hAcc>1.733605</hAcc><vAcc>0.690283</vAcc></extensions></trkpt>
      <trkpt lon="120.955288" lat="23.469348"><ele>3763.852024</ele><time>2026-09-14T20:22:23Z</time><extensions><speed>0.047233</speed><course>85.140498</course><hAcc>1.745478</hAcc><vAcc>0.690283</vAcc></extensions></trkpt>
      <trkpt lon="120.955289" lat="23.469348"><ele>3763.867470</ele><time>2026-09-14T20:22:24Z</time><extensions><speed>0.064550</speed><course>86.901888</course><hAcc>1.751356</hAcc><vAcc>0.690283</vAcc></extensions></trkpt>
      <trkpt lon="120.955289" lat="23.469348"><ele>3763.877832</ele><time>2026-09-14T20:22:25Z</time><extensions><speed>0.079120</speed><course>89.187603</course><hAcc>1.751997</hAcc><vAcc>0.690282</vAcc></extensions></trkpt>
      <trkpt lon="120.955290" lat="23.469348"><ele>3763.884543</ele><time>2026-09-14T20:22:26Z</time><extensions><speed>0.080622</speed><course>94.069955</course><hAcc>1.749173</hAcc><vAcc>0.690282</vAcc></extensions></trkpt>
      <trkpt lon="120.955291" lat="23.469348"><ele>3763.889203</ele><time>2026-09-14T20:22:27Z</time><extensions><speed>0.070325</speed><course>100.472303</course><hAcc>1.744480</hAcc><vAcc>0.690282</vAcc></extensions></trkpt>
      <trkpt lon="120.955291" lat="23.469347"><ele>3763.893265</ele><time>2026-09-14T20:22:28Z</time><extensions><speed>0.060487</speed><course>105.089033</course><hAcc>1.738690</hAcc><vAcc>0.690282</vAcc></extensions></trkpt>
      <trkpt lon="120.955292" lat="23.469347"><ele>3763.897446</ele><time>2026-09-14T20:22:29Z</time><extensions><speed>0.054951</speed><course>108.778384</course><hAcc>1.732792</hAcc><vAcc>0.690282</vAcc></extensions></trkpt>
      <trkpt lon="120.955293" lat="23.469347"><ele>3763.901823</ele><time>2026-09-14T20:22:30Z</time><extensions><speed>0.055271</speed><course>111.001431</course><hAcc>1.727754</hAcc><vAcc>0.690282</vAcc></extensions></trkpt>
      <trkpt lon="120.955293" lat="23.469347"><ele>3763.905852</ele><time>2026-09-14T20:22:31Z</time><extensions><speed>0.059058</speed><course>111.229831</course><hAcc>1.729374</hAcc><vAcc>0.690282</vAcc></extensions></trkpt>
      <trkpt lon="120.955294" lat="23.469347"><ele>3763.908549</ele><time>2026-09-14T20:22:32Z</time><extensions><speed>0.069358</speed><course>109.253566</course><hAcc>1.727445</hAcc><vAcc>0.690282</vAcc></extensions></trkpt>
      <trkpt lon="120.955294" lat="23.469346"><ele>3763.908791</ele><time>2026-09-14T20:22:33Z</time><extensions><speed>0.081468</speed><course>103.650796</course><hAcc>1.719348</hAcc><vAcc>0.690282</vAcc></extensions></trkpt>
      <trkpt lon="120.955295" lat="23.469346"><ele>3763.905717</ele><time>2026-09-14T20:22:34Z</time><extensions><speed>0.088989</speed><course>90.389630</course><hAcc>1.704657</hAcc><vAcc>0.690282</vAcc></extensions></trkpt>
      <trkpt lon="120.955296" lat="23.469346"><ele>3763.898724</ele><time>2026-09-14T20:22:35Z</time><extensions><speed>0.078470</speed><course>88.586438</course><hAcc>1.712306</hAcc><vAcc>0.690282</vAcc></extensions></trkpt>
      <trkpt lon="120.955297" lat="23.469346"><ele>3763.887506</ele><time>2026-09-14T20:22:36Z</time><extensions><speed>0.059529</speed><course>126.075394</course><hAcc>1.738347</hAcc><vAcc>0.690282</vAcc></extensions></trkpt>
      <trkpt lon="120.955297" lat="23.469346"><ele>3763.872172</ele><time>2026-09-14T20:22:37Z</time><extensions><speed>0.056451</speed><course>140.715042</course><hAcc>1.718038</hAcc><vAcc>0.690282</vAcc></extensions></trkpt>
      <trkpt lon="120.955297" lat="23.469345"><ele>3763.853030</ele><time>2026-09-14T20:22:38Z</time><extensions><speed>0.052947</speed><course>158.933895</course><hAcc>1.700142</hAcc><vAcc>0.690283</vAcc></extensions></trkpt>
      <trkpt lon="120.955297" lat="23.469345"><ele>3763.830927</ele><time>2026-09-14T20:22:39Z</time><extensions><speed>0.038605</speed><course>173.160327</course><hAcc>1.693337</hAcc><vAcc>0.690283</vAcc></extensions></trkpt>
      <trkpt lon="120.955297" lat="23.469345"><ele>3763.807026</ele><time>2026-09-14T20:22:40Z</time><extensions><speed>0.017037</speed><course>186.572294</course><hAcc>1.701623</hAcc><vAcc>0.690283</vAcc></extensions></trkpt>
      <trkpt lon="120.955297" lat="23.469345"><ele>3763.782624</ele><time>2026-09-14T20:22:41Z</time><extensions><speed>0.022504</speed><course>186.686078</course><hAcc>1.732758</hAcc><vAcc>0.690283</vAcc></extensions></trkpt>
      <trkpt lon="120.955297" lat="23.469344"><ele>3763.759135</ele><time>2026-09-14T20:22:42Z</time><extensions><speed>0.022357</speed><course>174.926144</course><hAcc>1.736151</hAcc><vAcc>0.690283</vAcc></extensions></trkpt>
      <trkpt lon="120.955297" lat="23.469344"><ele>3763.737873</ele><time>2026-09-14T20:22:43Z</time><extensions><speed>0.031471</speed><course>164.462547</course><hAcc>1.713680</hAcc><vAcc>0.690283</vAcc></extensions></trkpt>
      <trkpt lon="120.955298" lat="23.469344"><ele>3763.720095</ele><time>2026-09-14T20:22:44Z</time><extensions><speed>0.050696</speed><course>165.248904</course><hAcc>1.713601</hAcc><vAcc>0.690283</vAcc></extensions></trkpt>
      <trkpt lon="120.955298" lat="23.469343"><ele>3763.706932</ele><time>2026-09-14T20:22:45Z</time><extensions><speed>0.073555</speed><course>165.569434</course><hAcc>1.727457</hAcc><vAcc>0.690283</vAcc></extensions></trkpt>
      <trkpt lon="120.955298" lat="23.469342"><ele>3763.699225</ele><time>2026-09-14T20:22:46Z</time><extensions><speed>0.108332</speed><course>163.819112</course><hAcc>1.740076</hAcc><vAcc>0.690283</vAcc></extensions></trkpt>
      <trkpt lon="120.955298" lat="23.469341"><ele>3763.697749</ele><time>2026-09-14T20:22:47Z</time><extensions><speed>0.168729</speed><course>162.753510</course><hAcc>1.749921</hAcc><vAcc>0.690283</vAcc></extensions></trkpt>
      <trkpt lon="120.955299" lat="23.469339"><ele>3763.702962</ele><time>2026-09-14T20:22:48Z</time><extensions><speed>0.227401</speed><course>159.680086</course><hAcc>1.757430</hAcc><vAcc>0.690283</vAcc></extensions></trkpt>
      <trkpt lon="120.955300" lat="23.469337"><ele>3763.714974</ele><time>2026-09-14T20:22:49Z</time><extensions><speed>0.267437</speed><course>154.423662</course><hAcc>1.760918</hAcc><vAcc>0.690283</vAcc></extensions></trkpt>
      <trkpt lon="120.955301" lat="23.469335"><ele>3763.733642</ele><time>2026-09-14T20:22:50Z</time><extensions><speed>0.294757</speed><course>148.261979</course><hAcc>1.760469</hAcc><vAcc>0.690283</vAcc></extensions></trkpt>
      <trkpt lon="120.955303" lat="23.469333"><ele>3763.758778</ele><time>2026-09-14T20:22:51Z</time><extensions><speed>0.317387</speed><course>144.878158</course><hAcc>1.760270</hAcc><vAcc>0.690283</vAcc></extensions></trkpt>
      <trkpt lon="120.955305" lat="23.469330"><ele>3763.790045</ele><time>2026-09-14T20:22:52Z</time><extensions><speed>0.330206</speed><course>144.212625</course><hAcc>1.761300</hAcc><vAcc>0.690283</vAcc></extensions></trkpt>
      <trkpt lon="120.955307" lat="23.469328"><ele>3763.827120</ele><time>2026-09-14T20:22:53Z</time><extensions><speed>0.320761</speed><course>143.120252</course><hAcc>1.761622</hAcc><vAcc>0.690283</vAcc></extensions></trkpt>
      <trkpt lon="120.955309" lat="23.469326"><ele>3763.869543</ele><time>2026-09-14T20:22:54Z</time><extensions><speed>0.306047</speed><course>143.648639</course><hAcc>1.760947</hAcc><vAcc>0.690283</vAcc></extensions></trkpt>
      <trkpt lon="120.955310" lat="23.469324"><ele>3763.916545</ele><time>2026-09-14T20:22:55Z</time><extensions><speed>0.285167</speed><course>143.114068</course><hAcc>1.758813</hAcc><vAcc>0.690283</vAcc></extensions></trkpt>
      <trkpt lon="120.955312" lat="23.469322"><ele>3763.967016</ele><time>2026-09-14T20:22:56Z</time><extensions><speed>0.255694</speed><course>137.629745</course><hAcc>1.752328</hAcc><vAcc>0.690283</vAcc></extensions></trkpt>
      <trkpt lon="120.955314" lat="23.469320"><ele>3764.019908</ele><time>2026-09-14T20:22:57Z</time><extensions><speed>0.223430</speed><course>128.147440</course><hAcc>1.742914</hAcc><vAcc>0.690283</vAcc></extensions></trkpt>
      <trkpt lon="120.955315" lat="23.469319"><ele>3764.074010</ele><time>2026-09-14T20:22:58Z</time><extensions><speed>0.193628</speed><course>120.010431</course><hAcc>1.737367</hAcc><vAcc>0.690283</vAcc></extensions></trkpt>
      <trkpt lon="120.955317" lat="23.469318"><ele>3764.128160</ele><time>2026-09-14T20:22:59Z</time><extensions><speed>0.162064</speed><course>113.481272</course><hAcc>1.746756</hAcc><vAcc>0.690283</vAcc></extensions></trkpt>
      <trkpt lon="120.955318" lat="23.469318"><ele>3764.181835</ele><time>2026-09-14T20:23:00Z</time><extensions><speed>0.129649</speed><course>111.589049</course><hAcc>1.766946</hAcc><vAcc>0.690283</vAcc></extensions></trkpt>
      <trkpt lon="120.955320" lat="23.469317"><ele>3764.234893</ele><time>2026-09-14T20:23:01Z</time><extensions><speed>0.149946</speed><course>104.000091</course><hAcc>1.746467</hAcc><vAcc>0.690283</vAcc></extensions></trkpt>
      <trkpt lon="120.955321" lat="23.469317"><ele>3764.287642</ele><time>2026-09-14T20:23:02Z</time><extensions><speed>0.163331</speed><course>104.238595</course><hAcc>1.737844</hAcc><vAcc>0.690283</vAcc></extensions></trkpt>
      <trkpt lon="120.955323" lat="23.469317"><ele>3764.340923</ele><time>2026-09-14T20:23:03Z</time><extensions><speed>0.167775</speed><course>105.051543</course><hAcc>1.742862</hAcc><vAcc>0.690283</vAcc></extensions></trkpt>
      <trkpt lon="120.955324" lat="23.469316"><ele>3764.396119</ele><time>2026-09-14T20:23:04Z</time><extensions><speed>0.164434</speed><course>108.172816</course><hAcc>1.751240</hAcc><vAcc>0.690283</vAcc></extensions></trkpt>
      <trkpt lon="120.955326" lat="23.469316"><ele>3764.455143</ele><time>2026-09-14T20:23:05Z</time><extensions><speed>0.162274</speed><course>115.506062</course><hAcc>1.758407</hAcc><vAcc>0.690283</vAcc></extensions></trkpt>
      <trkpt lon="120.955327" lat="23.469315"><ele>3764.519697</ele><time>2026-09-14T20:23:06Z</time><extensions><speed>0.167569</speed><course>122.359532</course><hAcc>1.760342</hAcc><vAcc>0.690283</vAcc></extensions></trkpt>
      <trkpt lon="120.955329" lat="23.469314"><ele>3764.591474</ele><time>2026-09-14T20:23:07Z</time><extensions><speed>0.176926</speed><course>127.083274</course><hAcc>1.761305</hAcc><vAcc>0.690283</vAcc></extensions></trkpt>
      <trkpt lon="120.955330" lat="23.469313"><ele>3764.671825</ele><time>2026-09-14T20:23:08Z</time><extensions><speed>0.195361</speed><course>129.202089</course><hAcc>1.761427</hAcc><vAcc>0.690283</vAcc></extensions></trkpt>
      <trkpt lon="120.955332" lat="23.469312"><ele>3764.761316</ele><time>2026-09-14T20:23:09Z</time><extensions><speed>0.215307</speed><course>128.992027</course><hAcc>1.762567</hAcc><vAcc>0.690283</vAcc></extensions></trkpt>
      <trkpt lon="120.955334" lat="23.469310"><ele>3764.860152</ele><time>2026-09-14T20:23:10Z</time><extensions><speed>0.233706</speed><course>125.119970</course><hAcc>1.762854</hAcc><vAcc>0.690283</vAcc></extensions></trkpt>
      <trkpt lon="120.955336" lat="23.469309"><ele>3764.968359</ele><time>2026-09-14T20:23:11Z</time><extensions><speed>0.262869</speed><course>125.252383</course><hAcc>1.766092</hAcc><vAcc>0.690283</vAcc></extensions></trkpt>
      <trkpt lon="120.955338" lat="23.469308"><ele>3765.086142</ele><time>2026-09-14T20:23:12Z</time><extensions><speed>0.294463</speed><course>119.877922</course><hAcc>1.766305</hAcc><vAcc>0.690283</vAcc></extensions></trkpt>
      <trkpt lon="120.955341" lat="23.469307"><ele>3765.214000</ele><time>2026-09-14T20:23:13Z</time><extensions><speed>0.335757</speed><course>111.213189</course><hAcc>1.764194</hAcc><vAcc>0.690283</vAcc></extensions></trkpt>
      <trkpt lon="120.955344" lat="23.469305"><ele>3765.352818</ele><time>2026-09-14T20:23:14Z</time><extensions><speed>0.381429</speed><course>109.178799</course><hAcc>1.768335</hAcc><vAcc>0.690283</vAcc></extensions></trkpt>
      <trkpt lon="120.955348" lat="23.469304"><ele>3765.503012</ele><time>2026-09-14T20:23:15Z</time><extensions><speed>0.429622</speed><course>104.755457</course><hAcc>1.770692</hAcc><vAcc>0.690283</vAcc></extensions></trkpt>
      <trkpt lon="120.955352" lat="23.469303"><ele>3765.664672</ele><time>2026-09-14T20:23:16Z</time><extensions><speed>0.473394</speed><course>101.541259</course><hAcc>1.770604</hAcc><vAcc>0.690283</vAcc></extensions></trkpt>
      <trkpt lon="120.955357" lat="23.469303"><ele>3765.837081</ele><time>2026-09-14T20:23:17Z</time><extensions><speed>0.500390</speed><course>100.493474</course><hAcc>1.772443</hAcc><vAcc>0.690283</vAcc></extensions></trkpt>
      <trkpt lon="120.955362" lat="23.469302"><ele>3766.018535</ele><time>2026-09-14T20:23:18Z</time><extensions><speed>0.503577</speed><course>101.347481</course><hAcc>1.778427</hAcc><vAcc>0.690283</vAcc></extensions></trkpt>
      <trkpt lon="120.955367" lat="23.469301"><ele>3766.206979</ele><time>2026-09-14T20:23:19Z</time><extensions><speed>0.504324</speed><course>97.813874</course><hAcc>1.780855</hAcc><vAcc>0.690283</vAcc></extensions></trkpt>
      <trkpt lon="120.955372" lat="23.469301"><ele>3766.399406</ele><time>2026-09-14T20:23:20Z</time><extensions><speed>0.518075</speed><course>90.000510</course><hAcc>1.777233</hAcc><vAcc>0.690283</vAcc></extensions></trkpt>
      <trkpt lon="120.955377" lat="23.469301"><ele>3766.592502</ele><time>2026-09-14T20:23:21Z</time><extensions><speed>0.511235</speed><course>92.182120</course><hAcc>1.776770</hAcc><vAcc>0.690283</vAcc></extensions></trkpt>
      <trkpt lon="120.955382" lat="23.469301"><ele>3766.782980</ele><time>2026-09-14T20:23:22Z</time><extensions><speed>0.501164</speed><course>86.124798</course><hAcc>1.780470</hAcc><vAcc>0.690283</vAcc></extensions></trkpt>
      <trkpt lon="120.955386" lat="23.469301"><ele>3766.967878</ele><time>2026-09-14T20:23:23Z</time><extensions><speed>0.486519</speed><course>87.284010</course><hAcc>1.780775</hAcc><vAcc>0.690283</vAcc></extensions></trkpt>
      <trkpt lon="120.955391" lat="23.469301"><ele>3767.144661</ele><time>2026-09-14T20:23:24Z</time><extensions><speed>0.473210</speed><course>93.850493</course><hAcc>1.778555</hAcc><vAcc>0.690283</vAcc></extensions></trkpt>
      <trkpt lon="120.955396" lat="23.469301"><ele>3767.311559</ele><time>2026-09-14T20:23:25Z</time><extensions><speed>0.453356</speed><course>91.347327</course><hAcc>1.780606</hAcc><vAcc>0.690283</vAcc></extensions></trkpt>
      <trkpt lon="120.955400" lat="23.469301"><ele>3767.467531</ele><time>2026-09-14T20:23:26Z</time><extensions><speed>0.440803</speed><course>86.947419</course><hAcc>1.781902</hAcc><vAcc>0.690283</vAcc></extensions></trkpt>
      <trkpt lon="120.955405" lat="23.469301"><ele>3767.612238</ele><time>2026-09-14T20:23:27Z</time><extensions><speed>0.448476</speed><course>81.606097</course><hAcc>1.780320</hAcc><vAcc>0.690283</vAcc></extensions></trkpt>
      <trkpt lon="120.955409" lat="23.469302"><ele>3767.746033</ele><time>2026-09-14T20:23:28Z</time><extensions><speed>0.447106</speed><course>82.629701</course><hAcc>1.777657</hAcc><vAcc>0.690283</vAcc></extensions></trkpt>
      <trkpt lon="120.955413" lat="23.469302"><ele>3767.869951</ele><time>2026-09-14T20:23:29Z</time><extensions><speed>0.441290</speed><course>86.750596</course><hAcc>1.773187</hAcc><vAcc>0.690283</vAcc></extensions></trkpt>
      <trkpt lon="120.955418" lat="23.469302"><ele>3767.985892</ele><time>2026-09-14T20:23:30Z</time><extensions><speed>0.433186</speed><course>87.976398</course><hAcc>1.770811</hAcc><vAcc>0.690283</vAcc></extensions></trkpt>
      <trkpt lon="120.955422" lat="23.469302"><ele>3768.096199</ele><time>2026-09-14T20:23:31Z</time><extensions><speed>0.424679</speed><course>85.538697</course><hAcc>1.772926</hAcc><vAcc>0.690283</vAcc></extensions></trkpt>
      <trkpt lon="120.955426" lat="23.469302"><ele>3768.202963</ele><time>2026-09-14T20:23:32Z</time><extensions><speed>0.412435</speed><course>91.825432</course><hAcc>1.775791</hAcc><vAcc>0.690283</vAcc></extensions></trkpt>
      <trkpt lon="120.955430" lat="23.469302"><ele>3768.308467</ele><time>2026-09-14T20:23:33Z</time><extensions><speed>0.435524</speed><course>92.819269</course><hAcc>1.772610</hAcc><vAcc>0.690283</vAcc></extensions></trkpt>
      <trkpt lon="120.955434" lat="23.469302"><ele>3768.414641</ele><time>2026-09-14T20:23:34Z</time><extensions><speed>0.461522</speed><course>93.172753</course><hAcc>1.768927</hAcc><vAcc>0.690283</vAcc></extensions></trkpt>
      <trkpt lon="120.955439" lat="23.469302"><ele>3768.523050</ele><time>2026-09-14T20:23:35Z</time><extensions><speed>0.474295</speed><course>95.610051</course><hAcc>1.768101</hAcc><vAcc>0.690283</vAcc></extensions></trkpt>
      <trkpt lon="120.955444" lat="23.469301"><ele>3768.634997</ele><time>2026-09-14T20:23:36Z</time><extensions><speed>0.483041</speed><course>99.643607</course><hAcc>1.766942</hAcc><vAcc>0.690283</vAcc></extensions></trkpt>
      <trkpt lon="120.955448" lat="23.469300"><ele>3768.752067</ele><time>2026-09-14T20:23:37Z</time><extensions><speed>0.490563</speed><course>101.341468</course><hAcc>1.764102</hAcc><vAcc>0.690283</vAcc></extensions></trkpt>
      <trkpt lon="120.955453" lat="23.469299"><ele>3768.875018</ele><time>2026-09-14T20:23:38Z</time><extensions><speed>0.483995</speed><course>107.819564</course><hAcc>1.763838</hAcc><vAcc>0.690283</vAcc></extensions></trkpt>
      <trkpt lon="120.955458" lat="23.469298"><ele>3769.004441</ele><time>2026-09-14T20:23:39Z</time><extensions><speed>0.471535</speed><course>113.376996</course><hAcc>1.763714</hAcc><vAcc>0.690283</vAcc></extensions></trkpt>
      <trkpt lon="120.955462" lat="23.469296"><ele>3769.140419</ele><time>2026-09-14T20:23:40Z</time><extensions><speed>0.452354</speed><course>117.652867</course><hAcc>1.762817</hAcc><vAcc>0.690283</vAcc></extensions></trkpt>
      <trkpt lon="120.955465" lat="23.469294"><ele>3769.282210</ele><time>2026-09-14T20:23:41Z</time><extensions><speed>0.428640</speed><course>120.011486</course><hAcc>1.761484</hAcc><vAcc>0.690283</vAcc></extensions></trkpt>
      <trkpt lon="120.955469" lat="23.469292"><ele>3769.427995</ele><time>2026-09-14T20:23:42Z</time><extensions><speed>0.416522</speed><course>122.356927</course><hAcc>1.759854</hAcc><vAcc>0.690283</vAcc></extensions></trkpt>
      <trkpt lon="120.955473" lat="23.469290"><ele>3769.575502</ele><time>2026-09-14T20:23:43Z</time><extensions><speed>0.413495</speed><course>122.328671</course><hAcc>1.758476</hAcc><vAcc>0.690283</vAcc></extensions></trkpt>
      <trkpt lon="120.955476" lat="23.469288"><ele>3769.721996</ele><time>2026-09-14T20:23:44Z</time><extensions><speed>0.428839</speed><course>124.179654</course><hAcc>1.758682</hAcc><vAcc>0.690283</vAcc></extensions></trkpt>
      <trkpt lon="120.955480" lat="23.469285"><ele>3769.864786</ele><time>2026-09-14T20:23:45Z</time><extensions><speed>0.453959</speed><course>125.093076</course><hAcc>1.759906</hAcc><vAcc>0.690283</vAcc></extensions></trkpt>
      <trkpt lon="120.955483" lat="23.469283"><ele>3770.001779</ele><time>2026-09-14T20:23:46Z</time><extensions><speed>0.487538</speed><course>123.321870</course><hAcc>1.758740</hAcc><vAcc>0.690283</vAcc></extensions></trkpt>
      <trkpt lon="120.955488" lat="23.469280"><ele>3770.132052</ele><time>2026-09-14T20:23:47Z</time><extensions><speed>0.523184</speed><course>123.779961</course><hAcc>1.758812</hAcc><vAcc>0.690283</vAcc></extensions></trkpt>
      <trkpt lon="120.955492" lat="23.469278"><ele>3770.255732</ele><time>2026-09-14T20:23:48Z</time><extensions><speed>0.549334</speed><course>124.114291</course><hAcc>1.759117</hAcc><vAcc>0.690283</vAcc></extensions></trkpt>
      <trkpt lon="120.955496" lat="23.469275"><ele>3770.373991</ele><time>2026-09-14T20:23:49Z</time><extensions><speed>0.563163</speed><course>125.759225</course><hAcc>1.760355</hAcc><vAcc>0.690283</vAcc></extensions></trkpt>
      <trkpt lon="120.955501" lat="23.469272"><ele>3770.488697</ele><time>2026-09-14T20:23:50Z</time><extensions><speed>0.555065</speed><course>126.148246</course><hAcc>1.761019</hAcc><vAcc>0.690283</vAcc></extensions></trkpt>
      <trkpt lon="120.955505" lat="23.469269"><ele>3770.601644</ele><time>2026-09-14T20:23:51Z</time><extensions><speed>0.527612</speed><course>125.326464</course><hAcc>1.760739</hAcc><vAcc>0.690283</vAcc></extensions></trkpt>
      <trkpt lon="120.955509" lat="23.469266"><ele>3770.714132</ele><time>2026-09-14T20:23:52Z</time><extensions><speed>0.489064</speed><course>125.524174</course><hAcc>1.761844</hAcc><vAcc>0.690283</vAcc></extensions></trkpt>
      <trkpt lon="120.955513" lat="23.469264"><ele>3770.826705</ele><time>2026-09-14T20:23:53Z</time><extensions><speed>0.443529</speed><course>123.238113</course><hAcc>1.762270</hAcc><vAcc>0.690283</vAcc></extensions></trkpt>
      <trkpt lon="120.955517" lat="23.469262"><ele>3770.939105</ele><time>2026-09-14T20:23:54Z</time><extensions><speed>0.408090</speed><course>121.082185</course><hAcc>1.762930</hAcc><vAcc>0.690283</vAcc></extensions></trkpt>
      <trkpt lon="120.955520" lat="23.469260"><ele>3771.050380</ele><time>2026-09-14T20:23:55Z</time><extensions><speed>0.390334</speed><course>116.865658</course><hAcc>1.763772</hAcc><vAcc>0.690283</vAcc></extensions></trkpt>
      <trkpt lon="120.955524" lat="23.469259"><ele>3771.159455</ele><time>2026-09-14T20:23:56Z</time><extensions><speed>0.393252</speed><course>111.609417</course><hAcc>1.765282</hAcc><vAcc>0.690283</vAcc></extensions></trkpt>
      <trkpt lon="120.955527" lat="23.469258"><ele>3771.265331</ele><time>2026-09-14T20:23:57Z</time><extensions><speed>0.409646</speed><course>100.024283</course><hAcc>1.764210</hAcc><vAcc>0.690283</vAcc></extensions></trkpt>
      <trkpt lon="120.955531" lat="23.469257"><ele>3771.367571</ele><time>2026-09-14T20:23:58Z</time><extensions><speed>0.429272</speed><course>88.907512</course><hAcc>1.763152</hAcc><vAcc>0.690283</vAcc></extensions></trkpt>
      <trkpt lon="120.955536" lat="23.469258"><ele>3771.466450</ele><time>2026-09-14T20:23:59Z</time><extensions><speed>0.448790</speed><course>79.055132</course><hAcc>1.761229</hAcc><vAcc>0.690283</vAcc></extensions></trkpt>
      <trkpt lon="120.955540" lat="23.469259"><ele>3771.563044</ele><time>2026-09-14T20:24:00Z</time><extensions><speed>0.454211</speed><course>74.240837</course><hAcc>1.757921</hAcc><vAcc>0.690283</vAcc></extensions></trkpt>
      <trkpt lon="120.955544" lat="23.469260"><ele>3771.658536</ele><time>2026-09-14T20:24:01Z</time><extensions><speed>0.462320</speed><course>71.234281</course><hAcc>1.749823</hAcc><vAcc>0.690283</vAcc></extensions></trkpt>
      <trkpt lon="120.955549" lat="23.469261"><ele>3771.754403</ele><time>2026-09-14T20:24:02Z</time><extensions><speed>0.496107</speed><course>66.493509</course><hAcc>1.733474</hAcc><vAcc>0.690283</vAcc></extensions></trkpt>
      <trkpt lon="120.955553" lat="23.469263"><ele>3771.851759</ele><time>2026-09-14T20:24:03Z</time><extensions><speed>0.559300</speed><course>61.060794</course><hAcc>1.715311</hAcc><vAcc>0.690283</vAcc></extensions></trkpt>
      <trkpt lon="120.955558" lat="23.469266"><ele>3771.950888</ele><time>2026-09-14T20:24:04Z</time><extensions><speed>0.621219</speed><course>60.021172</course><hAcc>1.713019</hAcc><vAcc>0.690283</vAcc></extensions></trkpt>
      <trkpt lon="120.955564" lat="23.469268"><ele>3772.051381</ele><time>2026-09-14T20:24:05Z</time><extensions><speed>0.575232</speed><course>69.485484</course><hAcc>1.721851</hAcc><vAcc>0.690283</vAcc></extensions></trkpt>
      <trkpt lon="120.955568" lat="23.469270"><ele>3772.152428</ele><time>2026-09-14T20:24:06Z</time><extensions><speed>0.472790</speed><course>74.952740</course><hAcc>1.722661</hAcc><vAcc>0.690283</vAcc></extensions></trkpt>
      <trkpt lon="120.955572" lat="23.469271"><ele>3772.252619</ele><time>2026-09-14T20:24:07Z</time><extensions><speed>0.331425</speed><course>83.946909</course><hAcc>1.719357</hAcc><vAcc>0.690283</vAcc></extensions></trkpt>
      <trkpt lon="120.955575" lat="23.469271"><ele>3772.350125</ele><time>2026-09-14T20:24:08Z</time><extensions><speed>0.177412</speed><course>101.513192</course><hAcc>1.703253</hAcc><vAcc>0.690283</vAcc></extensions></trkpt>
      <trkpt lon="120.955576" lat="23.469270"><ele>3772.443164</ele><time>2026-09-14T20:24:09Z</time><extensions><speed>0.145537</speed><course>114.689275</course><hAcc>1.702120</hAcc><vAcc>0.690283</vAcc></extensions></trkpt>
      <trkpt lon="120.955578" lat="23.469270"><ele>3772.530334</ele><time>2026-09-14T20:24:10Z</time><extensions><speed>0.192418</speed><course>109.159615</course><hAcc>1.705563</hAcc><vAcc>0.690283</vAcc></extensions></trkpt>
      <trkpt lon="120.955580" lat="23.469269"><ele>3772.610739</ele><time>2026-09-14T20:24:11Z</time><extensions><speed>0.313319</speed><course>99.757989</course><hAcc>1.705587</hAcc><vAcc>0.690283</vAcc></extensions></trkpt>
      <trkpt lon="120.955584" lat="23.469269"><ele>3772.684313</ele><time>2026-09-14T20:24:12Z</time><extensions><speed>0.422839</speed><course>97.277475</course><hAcc>1.714016</hAcc><vAcc>0.690283</vAcc></extensions></trkpt>
      <trkpt lon="120.955588" lat="23.469268"><ele>3772.751947</ele><time>2026-09-14T20:24:13Z</time><extensions><speed>0.409715</speed><course>99.031670</course><hAcc>1.726291</hAcc><vAcc>0.690283</vAcc></extensions></trkpt>
      <trkpt lon="120.955591" lat="23.469268"><ele>3772.815364</ele><time>2026-09-14T20:24:14Z</time><extensions><speed>0.235137</speed><course>99.906082</course><hAcc>1.718202</hAcc><vAcc>0.690283</vAcc></extensions></trkpt>
      <trkpt lon="120.955593" lat="23.469267"><ele>3772.876364</ele><time>2026-09-14T20:24:15Z</time><extensions><speed>0.144794</speed><course>97.172267</course><hAcc>1.707267</hAcc><vAcc>0.690282</vAcc></extensions></trkpt>
      <trkpt lon="120.955594" lat="23.469267"><ele>3772.936620</ele><time>2026-09-14T20:24:16Z</time><extensions><speed>0.176572</speed><course>87.722310</course><hAcc>1.693507</hAcc><vAcc>0.690282</vAcc></extensions></trkpt>
      <trkpt lon="120.955597" lat="23.469268"><ele>3772.997426</ele><time>2026-09-14T20:24:17Z</time><extensions><speed>0.322420</speed><course>81.823166</course><hAcc>1.672013</hAcc><vAcc>0.690281</vAcc></extensions></trkpt>
      <trkpt lon="120.955600" lat="23.469268"><ele>3773.059667</ele><time>2026-09-14T20:24:18Z</time><extensions><speed>0.462414</speed><course>76.930156</course><hAcc>1.663953</hAcc><vAcc>0.690280</vAcc></extensions></trkpt>
      <trkpt lon="120.955605" lat="23.469269"><ele>3773.123275</ele><time>2026-09-14T20:24:19Z</time><extensions><speed>0.505764</speed><course>69.621421</course><hAcc>1.670864</hAcc><vAcc>0.690281</vAcc></extensions></trkpt>
      <trkpt lon="120.955609" lat="23.469271"><ele>3773.188194</ele><time>2026-09-14T20:24:20Z</time><extensions><speed>0.457542</speed><course>66.026994</course><hAcc>1.679645</hAcc><vAcc>0.690282</vAcc></extensions></trkpt>
      <trkpt lon="120.955613" lat="23.469273"><ele>3773.254265</ele><time>2026-09-14T20:24:21Z</time><extensions><speed>0.358005</speed><course>58.811577</course><hAcc>1.690356</hAcc><vAcc>0.690283</vAcc></extensions></trkpt>
      <trkpt lon="120.955615" lat="23.469274"><ele>3773.321180</ele><time>2026-09-14T20:24:22Z</time><extensions><speed>0.226724</speed><course>52.416225</course><hAcc>1.659639</hAcc><vAcc>0.690283</vAcc></extensions></trkpt>
      <trkpt lon="120.955616" lat="23.469275"><ele>3773.388273</ele><time>2026-09-14T20:24:23Z</time><extensions><speed>0.100943</speed><course>39.631557</course><hAcc>1.644054</hAcc><vAcc>0.690284</vAcc></extensions></trkpt>
      <trkpt lon="120.955617" lat="23.469276"><ele>3773.455046</ele><time>2026-09-14T20:24:24Z</time><extensions><speed>0.028838</speed><course>350.283103</course><hAcc>1.658093</hAcc><vAcc>0.690284</vAcc></extensions></trkpt>
      <trkpt lon="120.955616" lat="23.469276"><ele>3773.520160</ele><time>2026-09-14T20:24:25Z</time><extensions><speed>0.026241</speed><course>285.108816</course><hAcc>1.663502</hAcc><vAcc>0.690284</vAcc></extensions></trkpt>
      <trkpt lon="120.955616" lat="23.469276"><ele>3773.582193</ele><time>2026-09-14T20:24:26Z</time><extensions><speed>0.024950</speed><course>264.133013</course><hAcc>1.657508</hAcc><vAcc>0.690284</vAcc></extensions></trkpt>
      <trkpt lon="120.955616" lat="23.469276"><ele>3773.640591</ele><time>2026-09-14T20:24:27Z</time><extensions><speed>0.010651</speed><course>241.943503</course><hAcc>1.656771</hAcc><vAcc>0.690284</vAcc></extensions></trkpt>
      <trkpt lon="120.955616" lat="23.469276"><ele>3773.695341</ele><time>2026-09-14T20:24:28Z</time><extensions><speed>0.023631</speed><course>92.735454</course><hAcc>1.660105</hAcc><vAcc>0.690284</vAcc></extensions></trkpt>
      <trkpt lon="120.955617" lat="23.469276"><ele>3773.747731</ele><time>2026-09-14T20:24:29Z</time><extensions><speed>0.097763</speed><course>81.932184</course><hAcc>1.652717</hAcc><vAcc>0.690284</vAcc></extensions></trkpt>
      <trkpt lon="120.955619" lat="23.469276"><ele>3773.800535</ele><time>2026-09-14T20:24:30Z</time><extensions><speed>0.296030</speed><course>78.755185</course><hAcc>1.619792</hAcc><vAcc>0.690284</vAcc></extensions></trkpt>
      <trkpt lon="120.955622" lat="23.469277"><ele>3773.857749</ele><time>2026-09-14T20:24:31Z</time><extensions><speed>0.460399</speed><course>82.807245</course><hAcc>1.633368</hAcc><vAcc>0.690284</vAcc></extensions></trkpt>
      <trkpt lon="120.955627" lat="23.469277"><ele>3773.923644</ele><time>2026-09-14T20:24:32Z</time><extensions><speed>0.528141</speed><course>83.546140</course><hAcc>1.662359</hAcc><vAcc>0.690284</vAcc></extensions></trkpt>
      <trkpt lon="120.955632" lat="23.469278"><ele>3774.002699</ele><time>2026-09-14T20:24:33Z</time><extensions><speed>0.417165</speed><course>82.969390</course><hAcc>1.654909</hAcc><vAcc>0.690284</vAcc></extensions></trkpt>
      <trkpt lon="120.955635" lat="23.469278"><ele>3774.098035</ele><time>2026-09-14T20:24:34Z</time><extensions><speed>0.315216</speed><course>83.931946</course><hAcc>1.656870</hAcc><vAcc>0.690284</vAcc></extensions></trkpt>
      <trkpt lon="120.955638" lat="23.469278"><ele>3774.210966</ele><time>2026-09-14T20:24:35Z</time><extensions><speed>0.207258</speed><course>85.634624</course><hAcc>1.650064</hAcc><vAcc>0.690284</vAcc></extensions></trkpt>
      <trkpt lon="120.955640" lat="23.469278"><ele>3774.340466</ele><time>2026-09-14T20:24:36Z</time><extensions><speed>0.180276</speed><course>87.358138</course><hAcc>1.659764</hAcc><vAcc>0.690284</vAcc></extensions></trkpt>
      <trkpt lon="120.955641" lat="23.469279"><ele>3774.482810</ele><time>2026-09-14T20:24:37Z</time><extensions><speed>0.211135</speed><course>88.293243</course><hAcc>1.682966</hAcc><vAcc>0.690284</vAcc></extensions></trkpt>
      <trkpt lon="120.955644" lat="23.469279"><ele>3774.632518</ele><time>2026-09-14T20:24:38Z</time><extensions><speed>0.225333</speed><course>91.574976</course><hAcc>1.712483</hAcc><vAcc>0.690284</vAcc></extensions></trkpt>
      <trkpt lon="120.955645" lat="23.469279"><ele>3774.783818</ele><time>2026-09-14T20:24:39Z</time><extensions><speed>0.104981</speed><course>80.053786</course><hAcc>1.718947</hAcc><vAcc>0.690284</vAcc></extensions></trkpt>
      <trkpt lon="120.955646" lat="23.469279"><ele>3774.931414</ele><time>2026-09-14T20:24:40Z</time><extensions><speed>0.076587</speed><course>45.927353</course><hAcc>1.722350</hAcc><vAcc>0.690284</vAcc></extensions></trkpt>
      <trkpt lon="120.955646" lat="23.469280"><ele>3775.071148</ele><time>2026-09-14T20:24:41Z</time><extensions><speed>0.129025</speed><course>39.400257</course><hAcc>1.724947</hAcc><vAcc>0.690284</vAcc></extensions></trkpt>
      <trkpt lon="120.955648" lat="23.469281"><ele>3775.200430</ele><time>2026-09-14T20:24:42Z</time><extensions><speed>0.203314</speed><course>44.213527</course><hAcc>1.731381</hAcc><vAcc>0.690284</vAcc></extensions></trkpt>
      <trkpt lon="120.955649" lat="23.469282"><ele>3775.318381</ele><time>2026-09-14T20:24:43Z</time><extensions><speed>0.214845</speed><course>29.088333</course><hAcc>1.739449</hAcc><vAcc>0.690284</vAcc></extensions></trkpt>
      <trkpt lon="120.955649" lat="23.469284"><ele>3775.425457</ele><time>2026-09-14T20:24:44Z</time><extensions><speed>0.222714</speed><course>8.654622</course><hAcc>1.740406</hAcc><vAcc>0.690284</vAcc></extensions></trkpt>
      <trkpt lon="120.955649" lat="23.469286"><ele>3775.523102</ele><time>2026-09-14T20:24:45Z</time><extensions><speed>0.230879</speed><course>353.732746</course><hAcc>1.738894</hAcc><vAcc>0.690283</vAcc></extensions></trkpt>
      <trkpt lon="120.955649" lat="23.469288"><ele>3775.613131</ele><time>2026-09-14T20:24:46Z</time><extensions><speed>0.227450</speed><course>339.659323</course><hAcc>1.741178</hAcc><vAcc>0.690283</vAcc></extensions></trkpt>
      <trkpt lon="120.955648" lat="23.469290"><ele>3775.698598</ele><time>2026-09-14T20:24:47Z</time><extensions><speed>0.224992</speed><course>332.034061</course><hAcc>1.739150</hAcc><vAcc>0.690283</vAcc></extensions></trkpt>
      <trkpt lon="120.955647" lat="23.469292"><ele>3775.782178</ele><time>2026-09-14T20:24:48Z</time><extensions><speed>0.225247</speed><course>323.884683</course><hAcc>1.742171</hAcc><vAcc>0.690283</vAcc></extensions></trkpt>
      <trkpt lon="120.955646" lat="23.469294"><ele>3775.865908</ele><time>2026-09-14T20:24:49Z</time><extensions><speed>0.223589</speed><course>325.556646</course><hAcc>1.740273</hAcc><vAcc>0.690283</vAcc></extensions></trkpt>
      <trkpt lon="120.955644" lat="23.469295"><ele>3775.951366</ele><time>2026-09-14T20:24:50Z</time><extensions><speed>0.233677</speed><course>328.797640</course><hAcc>1.737163</hAcc><vAcc>0.690283</vAcc></extensions></trkpt>
      <trkpt lon="120.955643" lat="23.469297"><ele>3776.040007</ele><time>2026-09-14T20:24:51Z</time><extensions><speed>0.224473</speed><course>339.412647</course><hAcc>1.737792</hAcc><vAcc>0.690283</vAcc></extensions></trkpt>
      <trkpt lon="120.955643" lat="23.469299"><ele>3776.132780</ele><time>2026-09-14T20:24:52Z</time><extensions><speed>0.233657</speed><course>343.780081</course><hAcc>1.735497</hAcc><vAcc>0.690283</vAcc></extensions></trkpt>
      <trkpt lon="120.955642" lat="23.469301"><ele>3776.230850</ele><time>2026-09-14T20:24:53Z</time><extensions><speed>0.233084</speed><course>352.194991</course><hAcc>1.731888</hAcc><vAcc>0.690283</vAcc></extensions></trkpt>
      <trkpt lon="120.955642" lat="23.469303"><ele>3776.335761</ele><time>2026-09-14T20:24:54Z</time><extensions><speed>0.229940</speed><course>5.087063</course><hAcc>1.725616</hAcc><vAcc>0.690283</vAcc></extensions></trkpt>
      <trkpt lon="120.955642" lat="23.469305"><ele>3776.449220</ele><time>2026-09-14T20:24:55Z</time><extensions><speed>0.247007</speed><course>22.129420</course><hAcc>1.710058</hAcc><vAcc>0.690283</vAcc></extensions></trkpt>
      <trkpt lon="120.955644" lat="23.469308"><ele>3776.572236</ele><time>2026-09-14T20:24:56Z</time><extensions><speed>0.295752</speed><course>31.269440</course><hAcc>1.681366</hAcc><vAcc>0.690283</vAcc></extensions></trkpt>
      <trkpt lon="120.955645" lat="23.469310"><ele>3776.704766</ele><time>2026-09-14T20:24:57Z</time><extensions><speed>0.338785</speed><course>25.019883</course><hAcc>1.657757</hAcc><vAcc>0.690283</vAcc></extensions></trkpt>
      <trkpt lon="120.955646" lat="23.469313"><ele>3776.845713</ele><time>2026-09-14T20:24:58Z</time><extensions><speed>0.417826</speed><course>7.189935</course><hAcc>1.657259</hAcc><vAcc>0.690283</vAcc></extensions></trkpt>
      <trkpt lon="120.955645" lat="23.469317"><ele>3776.993234</ele><time>2026-09-14T20:24:59Z</time><extensions><speed>0.450677</speed><course>337.761118</course><hAcc>1.651001</hAcc><vAcc>0.690283</vAcc></extensions></trkpt>
      <trkpt lon="120.955643" lat="23.469321"><ele>3777.144930</ele><time>2026-09-14T20:25:00Z</time><extensions><speed>0.500230</speed><course>317.719286</course><hAcc>1.629199</hAcc><vAcc>0.690283</vAcc></extensions></trkpt>
      <trkpt lon="120.955639" lat="23.469324"><ele>3777.298885</ele><time>2026-09-14T20:25:01Z</time><extensions><speed>0.520896</speed><course>306.567215</course><hAcc>1.620524</hAcc><vAcc>0.690283</vAcc></extensions></trkpt>
      <trkpt lon="120.955635" lat="23.469326"><ele>3777.453662</ele><time>2026-09-14T20:25:02Z</time><extensions><speed>0.515497</speed><course>303.718554</course><hAcc>1.639768</hAcc><vAcc>0.690283</vAcc></extensions></trkpt>
      <trkpt lon="120.955631" lat="23.469329"><ele>3777.608349</ele><time>2026-09-14T20:25:03Z</time><extensions><speed>0.456839</speed><course>306.473365</course><hAcc>1.658099</hAcc><vAcc>0.690283</vAcc></extensions></trkpt>
      <trkpt lon="120.955628" lat="23.469331"><ele>3777.762431</ele><time>2026-09-14T20:25:04Z</time><extensions><speed>0.404616</speed><course>307.073882</course><hAcc>1.651426</hAcc><vAcc>0.690283</vAcc></extensions></trkpt>
      <trkpt lon="120.955625" lat="23.469333"><ele>3777.914890</ele><time>2026-09-14T20:25:05Z</time><extensions><speed>0.255240</speed><course>301.800842</course><hAcc>1.656416</hAcc><vAcc>0.690283</vAcc></extensions></trkpt>
      <trkpt lon="120.955623" lat="23.469334"><ele>3778.064464</ele><time>2026-09-14T20:25:06Z</time><extensions><speed>0.160217</speed><course>287.298688</course><hAcc>1.680137</hAcc><vAcc>0.690283</vAcc></extensions></trkpt>
      <trkpt lon="120.955622" lat="23.469334"><ele>3778.209502</ele><time>2026-09-14T20:25:07Z</time><extensions><speed>0.171183</speed><course>279.245086</course><hAcc>1.693889</hAcc><vAcc>0.690283</vAcc></extensions></trkpt>
      <trkpt lon="120.955620" lat="23.469334"><ele>3778.348070</ele><time>2026-09-14T20:25:08Z</time><extensions><speed>0.145547</speed><course>261.794309</course><hAcc>1.702071</hAcc><vAcc>0.690283</vAcc></extensions></trkpt>
      <trkpt lon="120.955619" lat="23.469334"><ele>3778.478062</ele><time>2026-09-14T20:25:09Z</time><extensions><speed>0.136516</speed><course>260.984782</course><hAcc>1.721219</hAcc><vAcc>0.690283</vAcc></extensions></trkpt>
      <trkpt lon="120.955618" lat="23.469334"><ele>3778.598063</ele><time>2026-09-14T20:25:10Z</time><extensions><speed>0.104889</speed><course>253.331189</course><hAcc>1.748427</hAcc><vAcc>0.690283</vAcc></extensions></trkpt>
      <trkpt lon="120.955617" lat="23.469333"><ele>3778.707051</ele><time>2026-09-14T20:25:11Z</time><extensions><speed>0.114937</speed><course>262.230442</course><hAcc>1.753380</hAcc><vAcc>0.690283</vAcc></extensions></trkpt>
      <trkpt lon="120.955615" lat="23.469333"><ele>3778.804813</ele><time>2026-09-14T20:25:12Z</time><extensions><speed>0.189554</speed><course>274.682055</course><hAcc>1.719253</hAcc><vAcc>0.690283</vAcc></extensions></trkpt>
      <trkpt lon="120.955613" lat="23.469333"><ele>3778.892174</ele><time>2026-09-14T20:25:13Z</time><extensions><speed>0.212619</speed><course>274.066251</course><hAcc>1.696752</hAcc><vAcc>0.690283</vAcc></extensions></trkpt>
      <trkpt lon="120.955611" lat="23.469334"><ele>3778.970845</ele><time>2026-09-14T20:25:14Z</time><extensions><speed>0.257795</speed><course>281.355461</course><hAcc>1.683549</hAcc><vAcc>0.690283</vAcc></extensions></trkpt>
      <trkpt lon="120.955608" lat="23.469334"><ele>3779.043200</ele><time>2026-09-14T20:25:15Z</time><extensions><speed>0.300146</speed><course>284.761040</course><hAcc>1.663095</hAcc><vAcc>0.690283</vAcc></extensions></trkpt>
      <trkpt lon="120.955605" lat="23.469335"><ele>3779.112193</ele><time>2026-09-14T20:25:16Z</time><extensions><speed>0.412387</speed><course>288.499860</course><hAcc>1.653283</hAcc><vAcc>0.690283</vAcc></extensions></trkpt>
      <trkpt lon="120.955601" lat="23.469337"><ele>3779.180877</ele><time>2026-09-14T20:25:17Z</time><extensions><speed>0.542624</speed><course>287.267928</course><hAcc>1.679257</hAcc><vAcc>0.690283</vAcc></extensions></trkpt>
      <trkpt lon="120.955596" lat="23.469338"><ele>3779.251746</ele><time>2026-09-14T20:25:18Z</time><extensions><speed>0.538571</speed><course>289.112840</course><hAcc>1.677046</hAcc><vAcc>0.690283</vAcc></extensions></trkpt>
      <trkpt lon="120.955591" lat="23.469340"><ele>3779.326726</ele><time>2026-09-14T20:25:19Z</time><extensions><speed>0.418313</speed><course>285.470207</course><hAcc>1.672073</hAcc><vAcc>0.690283</vAcc></extensions></trkpt>
      <trkpt lon="120.955588" lat="23.469340"><ele>3779.406628</ele><time>2026-09-14T20:25:20Z</time><extensions><speed>0.259845</speed><course>283.668607</course><hAcc>1.658401</hAcc><vAcc>0.690283</vAcc></extensions></trkpt>
      <trkpt lon="120.955586" lat="23.469341"><ele>3779.491120</ele><time>2026-09-14T20:25:21Z</time><extensions><speed>0.152982</speed><course>288.591519</course><hAcc>1.650625</hAcc><vAcc>0.690283</vAcc></extensions></trkpt>
      <trkpt lon="120.955585" lat="23.469341"><ele>3779.578834</ele><time>2026-09-14T20:25:22Z</time><extensions><speed>0.148484</speed><course>295.564202</course><hAcc>1.667940</hAcc><vAcc>0.690283</vAcc></extensions></trkpt>
      <trkpt lon="120.955583" lat="23.469342"><ele>3779.668010</ele><time>2026-09-14T20:25:23Z</time><extensions><speed>0.159846</speed><course>302.181503</course><hAcc>1.690688</hAcc><vAcc>0.690283</vAcc></extensions></trkpt>
      <trkpt lon="120.955582" lat="23.469343"><ele>3779.756347</ele><time>2026-09-14T20:25:24Z</time><extensions><speed>0.145305</speed><course>315.052134</course><hAcc>1.710303</hAcc><vAcc>0.690283</vAcc></extensions></trkpt>
      <trkpt lon="120.955581" lat="23.469344"><ele>3779.842171</ele><time>2026-09-14T20:25:25Z</time><extensions><speed>0.130731</speed><course>332.679697</course><hAcc>1.721910</hAcc><vAcc>0.690283</vAcc></extensions></trkpt>
      <trkpt lon="120.955581" lat="23.469345"><ele>3779.924658</ele><time>2026-09-14T20:25:26Z</time><extensions><speed>0.176918</speed><course>326.097010</course><hAcc>1.720762</hAcc><vAcc>0.690283</vAcc></extensions></trkpt>
      <trkpt lon="120.955580" lat="23.469346"><ele>3780.004005</ele><time>2026-09-14T20:25:27Z</time><extensions><speed>0.194415</speed><course>330.375917</course><hAcc>1.717549</hAcc><vAcc>0.690283</vAcc></extensions></trkpt>
      <trkpt lon="120.955579" lat="23.469348"><ele>3780.081237</ele><time>2026-09-14T20:25:28Z</time><extensions><speed>0.249248</speed><course>326.105014</course><hAcc>1.711284</hAcc><vAcc>0.690283</vAcc></extensions></trkpt>
      <trkpt lon="120.955577" lat="23.469350"><ele>3780.158420</ele><time>2026-09-14T20:25:29Z</time><extensions><speed>0.311937</speed><course>325.155530</course><hAcc>1.698261</hAcc><vAcc>0.690283</vAcc></extensions></trkpt>
      <trkpt lon="120.955575" lat="23.469353"><ele>3780.237941</ele><time>2026-09-14T20:25:30Z</time><extensions><speed>0.430196</speed><course>323.941304</course><hAcc>1.682846</hAcc><vAcc>0.690283</vAcc></extensions></trkpt>
      <trkpt lon="120.955572" lat="23.469357"><ele>3780.322024</ele><time>2026-09-14T20:25:31Z</time><extensions><speed>0.584932</speed><course>327.303195</course><hAcc>1.680996</hAcc><vAcc>0.690283</vAcc></extensions></trkpt>
      <trkpt lon="120.955569" lat="23.469361"><ele>3780.412364</ele><time>2026-09-14T20:25:32Z</time><extensions><speed>0.599498</speed><course>322.212202</course><hAcc>1.686147</hAcc><vAcc>0.690283</vAcc></extensions></trkpt>
      <trkpt lon="120.955565" lat="23.469365"><ele>3780.509696</ele><time>2026-09-14T20:25:33Z</time><extensions><speed>0.583464</speed><course>319.535366</course><hAcc>1.695500</hAcc><vAcc>0.690283</vAcc></extensions></trkpt>
      <trkpt lon="120.955562" lat="23.469369"><ele>3780.613576</ele><time>2026-09-14T20:25:34Z</time><extensions><speed>0.487396</speed><course>316.707198</course><hAcc>1.684051</hAcc><vAcc>0.690283</vAcc></extensions></trkpt>
      <trkpt lon="120.955559" lat="23.469372"><ele>3780.722299</ele><time>2026-09-14T20:25:35Z</time><extensions><speed>0.393402</speed><course>313.207478</course><hAcc>1.682053</hAcc><vAcc>0.690283</vAcc></extensions></trkpt>
      <trkpt lon="120.955556" lat="23.469374"><ele>3780.833233</ele><time>2026-09-14T20:25:36Z</time><extensions><speed>0.269896</speed><course>309.578402</course><hAcc>1.678525</hAcc><vAcc>0.690283</vAcc></extensions></trkpt>
      <trkpt lon="120.955554" lat="23.469375"><ele>3780.943416</ele><time>2026-09-14T20:25:37Z</time><extensions><speed>0.228826</speed><course>304.337025</course><hAcc>1.677026</hAcc><vAcc>0.690283</vAcc></extensions></trkpt>
      <trkpt lon="120.955552" lat="23.469376"><ele>3781.050563</ele><time>2026-09-14T20:25:38Z</time><extensions><speed>0.203920</speed><course>297.915939</course><hAcc>1.680973</hAcc><vAcc>0.690283</vAcc></extensions></trkpt>
      <trkpt lon="120.955551" lat="23.469377"><ele>3781.153138</ele><time>2026-09-14T20:25:39Z</time><extensions><speed>0.141787</speed><course>290.220378</course><hAcc>1.698733</hAcc><vAcc>0.690283</vAcc></extensions></trkpt>
      <trkpt lon="120.955550" lat="23.469377"><ele>3781.250565</ele><time>2026-09-14T20:25:40Z</time><extensions><speed>0.089779</speed><course>288.717661</course><hAcc>1.730812</hAcc><vAcc>0.690283</vAcc></extensions></trkpt>
      <trkpt lon="120.955549" lat="23.469378"><ele>3781.343209</ele><time>2026-09-14T20:25:41Z</time><extensions><speed>0.155531</speed><course>298.188498</course><hAcc>1.706558</hAcc><vAcc>0.690283</vAcc></extensions></trkpt>
      <trkpt lon="120.955547" lat="23.469379"><ele>3781.432130</ele><time>2026-09-14T20:25:42Z</time><extensions><speed>0.282058</speed><course>304.830127</course><hAcc>1.686264</hAcc><vAcc>0.690283</vAcc></extensions></trkpt>
      <trkpt lon="120.955544" lat="23.469380"><ele>3781.518438</ele><time>2026-09-14T20:25:43Z</time><extensions><speed>0.354885</speed><course>305.585528</course><hAcc>1.684784</hAcc><vAcc>0.690283</vAcc></extensions></trkpt>
      <trkpt lon="120.955541" lat="23.469382"><ele>3781.603311</ele><time>2026-09-14T20:25:44Z</time><extensions><speed>0.416799</speed><course>304.219829</course><hAcc>1.695014</hAcc><vAcc>0.690283</vAcc></extensions></trkpt>
      <trkpt lon="120.955538" lat="23.469384"><ele>3781.687946</ele><time>2026-09-14T20:25:45Z</time><extensions><speed>0.355597</speed><course>301.272025</course><hAcc>1.702384</hAcc><vAcc>0.690283</vAcc></extensions></trkpt>
      <trkpt lon="120.955535" lat="23.469386"><ele>3781.773492</ele><time>2026-09-14T20:25:46Z</time><extensions><speed>0.371438</speed><course>301.430328</course><hAcc>1.697047</hAcc><vAcc>0.690283</vAcc></extensions></trkpt>
      <trkpt lon="120.955532" lat="23.469388"><ele>3781.860545</ele><time>2026-09-14T20:25:47Z</time><extensions><speed>0.429294</speed><course>299.653116</course><hAcc>1.705728</hAcc><vAcc>0.690283</vAcc></extensions></trkpt>
      <trkpt lon="120.955529" lat="23.469389"><ele>3781.949424</ele><time>2026-09-14T20:25:48Z</time><extensions><speed>0.302756</speed><course>290.792075</course><hAcc>1.724967</hAcc><vAcc>0.690283</vAcc></extensions></trkpt>
      <trkpt lon="120.955526" lat="23.469390"><ele>3782.040092</ele><time>2026-09-14T20:25:49Z</time><extensions><speed>0.195982</speed><course>313.071373</course><hAcc>1.730254</hAcc><vAcc>0.690283</vAcc></extensions></trkpt>
      <trkpt lon="120.955525" lat="23.469392"><ele>3782.132160</ele><time>2026-09-14T20:25:50Z</time><extensions><speed>0.234644</speed><course>316.034387</course><hAcc>1.727777</hAcc><vAcc>0.690283</vAcc></extensions></trkpt>
      <trkpt lon="120.955523" lat="23.469394"><ele>3782.225533</ele><time>2026-09-14T20:25:51Z</time><extensions><speed>0.314349</speed><course>309.263008</course><hAcc>1.735482</hAcc><vAcc>0.690283</vAcc></extensions></trkpt>
      <trkpt lon="120.955521" lat="23.469396"><ele>3782.320590</ele><time>2026-09-14T20:25:52Z</time><extensions><speed>0.356926</speed><course>312.514824</course><hAcc>1.753027</hAcc><vAcc>0.690283</vAcc></extensions></trkpt>
      <trkpt lon="120.955518" lat="23.469398"><ele>3782.418029</ele><time>2026-09-14T20:25:53Z</time><extensions><speed>0.368721</speed><course>322.047074</course><hAcc>1.767387</hAcc><vAcc>0.690283</vAcc></extensions></trkpt>
      <trkpt lon="120.955516" lat="23.469401"><ele>3782.518788</ele><time>2026-09-14T20:25:54Z</time><extensions><speed>0.377201</speed><course>328.680584</course><hAcc>1.773078</hAcc><vAcc>0.690283</vAcc></extensions></trkpt>
      <trkpt lon="120.955514" lat="23.469404"><ele>3782.624188</ele><time>2026-09-14T20:25:55Z</time><extensions><speed>0.378072</speed><course>330.659922</course><hAcc>1.769956</hAcc><vAcc>0.690283</vAcc></extensions></trkpt>
      <trkpt lon="120.955512" lat="23.469407"><ele>3782.734885</ele><time>2026-09-14T20:25:56Z</time><extensions><speed>0.368363</speed><course>332.497229</course><hAcc>1.758454</hAcc><vAcc>0.690283</vAcc></extensions></trkpt>
      <trkpt lon="120.955511" lat="23.469410"><ele>3782.850973</ele><time>2026-09-14T20:25:57Z</time><extensions><speed>0.331839</speed><course>339.366794</course><hAcc>1.750518</hAcc><vAcc>0.690283</vAcc></extensions></trkpt>
      <trkpt lon="120.955510" lat="23.469412"><ele>3782.971791</ele><time>2026-09-14T20:25:58Z</time><extensions><speed>0.284738</speed><course>343.506086</course><hAcc>1.757414</hAcc><vAcc>0.690283</vAcc></extensions></trkpt>
      <trkpt lon="120.955509" lat="23.469414"><ele>3783.095930</ele><time>2026-09-14T20:25:59Z</time><extensions><speed>0.219852</speed><course>339.623246</course><hAcc>1.776029</hAcc><vAcc>0.690283</vAcc></extensions></trkpt>
      <trkpt lon="120.955508" lat="23.469416"><ele>3783.221263</ele><time>2026-09-14T20:26:00Z</time><extensions><speed>0.242841</speed><course>329.384200</course><hAcc>1.753780</hAcc><vAcc>0.690283</vAcc></extensions></trkpt>
      <trkpt lon="120.955507" lat="23.469418"><ele>3783.345195</ele><time>2026-09-14T20:26:01Z</time><extensions><speed>0.241441</speed><course>322.871042</course><hAcc>1.744455</hAcc><vAcc>0.690283</vAcc></extensions></trkpt>
      <trkpt lon="120.955506" lat="23.469420"><ele>3783.465314</ele><time>2026-09-14T20:26:02Z</time><extensions><speed>0.224115</speed><course>322.286236</course><hAcc>1.750280</hAcc><vAcc>0.690283</vAcc></extensions></trkpt>
      <trkpt lon="120.955504" lat="23.469421"><ele>3783.579820</ele><time>2026-09-14T20:26:03Z</time><extensions><speed>0.215507</speed><course>319.274255</course><hAcc>1.756046</hAcc><vAcc>0.690283</vAcc></extensions></trkpt>
      <trkpt lon="120.955503" lat="23.469423"><ele>3783.687484</ele><time>2026-09-14T20:26:04Z</time><extensions><speed>0.195649</speed><course>324.705469</course><hAcc>1.758038</hAcc><vAcc>0.690283</vAcc></extensions></trkpt>
      <trkpt lon="120.955502" lat="23.469424"><ele>3783.787829</ele><time>2026-09-14T20:26:05Z</time><extensions><speed>0.168636</speed><course>322.707010</course><hAcc>1.756129</hAcc><vAcc>0.690283</vAcc></extensions></trkpt>
      <trkpt lon="120.955501" lat="23.469425"><ele>3783.881466</ele><time>2026-09-14T20:26:06Z</time><extensions><speed>0.117840</speed><course>338.917749</course><hAcc>1.754872</hAcc><vAcc>0.690283</vAcc></extensions></trkpt>
      <trkpt lon="120.955501" lat="23.469426"><ele>3783.969251</ele><time>2026-09-14T20:26:07Z</time><extensions><speed>0.092946</speed><course>14.627181</course><hAcc>1.754063</hAcc><vAcc>0.690283</vAcc></extensions></trkpt>
      <trkpt lon="120.955502" lat="23.469427"><ele>3784.051847</ele><time>2026-09-14T20:26:08Z</time><extensions><speed>0.110379</speed><course>46.218936</course><hAcc>1.753596</hAcc><vAcc>0.690283</vAcc></extensions></trkpt>
      <trkpt lon="120.955503" lat="23.469428"><ele>3784.130718</ele><time>2026-09-14T20:26:09Z</time><extensions><speed>0.129814</speed><course>61.609746</course><hAcc>1.752018</hAcc><vAcc>0.690283</vAcc></extensions></trkpt>
      <trkpt lon="120.955504" lat="23.469428"><ele>3784.207262</ele><time>2026-09-14T20:26:10Z</time><extensions><speed>0.154581</speed><course>71.095272</course><hAcc>1.750211</hAcc><vAcc>0.690283</vAcc></extensions></trkpt>
      <trkpt lon="120.955506" lat="23.469428"><ele>3784.283008</ele><time>2026-09-14T20:26:11Z</time><extensions><speed>0.190929</speed><course>77.214036</course><hAcc>1.746893</hAcc><vAcc>0.690283</vAcc></extensions></trkpt>
      <trkpt lon="120.955508" lat="23.469429"><ele>3784.360023</ele><time>2026-09-14T20:26:12Z</time><extensions><speed>0.232710</speed><course>81.331392</course><hAcc>1.746122</hAcc><vAcc>0.690283</vAcc></extensions></trkpt>
      <trkpt lon="120.955511" lat="23.469429"><ele>3784.441342</ele><time>2026-09-14T20:26:13Z</time><extensions><speed>0.286883</speed><course>83.595496</course><hAcc>1.747156</hAcc><vAcc>0.690283</vAcc></extensions></trkpt>
      <trkpt lon="120.955513" lat="23.469429"><ele>3784.529713</ele><time>2026-09-14T20:26:14Z</time><extensions><speed>0.314711</speed><course>84.886187</course><hAcc>1.747048</hAcc><vAcc>0.690283</vAcc></extensions></trkpt>
      <trkpt lon="120.955517" lat="23.469430"><ele>3784.628141</ele><time>2026-09-14T20:26:15Z</time><extensions><speed>0.325805</speed><course>83.491378</course><hAcc>1.745450</hAcc><vAcc>0.690283</vAcc></extensions></trkpt>
      <trkpt lon="120.955520" lat="23.469430"><ele>3784.738550</ele><time>2026-09-14T20:26:16Z</time><extensions><speed>0.317125</speed><course>81.265110</course><hAcc>1.742607</hAcc><vAcc>0.690283</vAcc></extensions></trkpt>
      <trkpt lon="120.955523" lat="23.469431"><ele>3784.861154</ele><time>2026-09-14T20:26:17Z</time><extensions><speed>0.284503</speed><course>79.961957</course><hAcc>1.736849</hAcc><vAcc>0.690283</vAcc></extensions></trkpt>
      <trkpt lon="120.955525" lat="23.469431"><ele>3784.994236</ele><time>2026-09-14T20:26:18Z</time><extensions><speed>0.245041</speed><course>79.924196</course><hAcc>1.727871</hAcc><vAcc>0.690283</vAcc></extensions></trkpt>
      <trkpt lon="120.955528" lat="23.469431"><ele>3785.133823</ele><time>2026-09-14T20:26:19Z</time><extensions><speed>0.200843</speed><course>79.972337</course><hAcc>1.718555</hAcc><vAcc>0.690283</vAcc></extensions></trkpt>
      <trkpt lon="120.955529" lat="23.469432"><ele>3785.274388</ele><time>2026-09-14T20:26:20Z</time><extensions><speed>0.172140</speed><course>77.777953</course><hAcc>1.713515</hAcc><vAcc>0.690283</vAcc></extensions></trkpt>
      <trkpt lon="120.955531" lat="23.469432"><ele>3785.410194</ele><time>2026-09-14T20:26:21Z</time><extensions><speed>0.150595</speed><course>75.554160</course><hAcc>1.706302</hAcc><vAcc>0.690282</vAcc></extensions></trkpt>
      <trkpt lon="120.955532" lat="23.469432"><ele>3785.536341</ele><time>2026-09-14T20:26:22Z</time><extensions><speed>0.139524</speed><course>73.836368</course><hAcc>1.704389</hAcc><vAcc>0.690282</vAcc></extensions></trkpt>
      <trkpt lon="120.955534" lat="23.469433"><ele>3785.648913</ele><time>2026-09-14T20:26:23Z</time><extensions><speed>0.144392</speed><course>73.858989</course><hAcc>1.710870</hAcc><vAcc>0.690281</vAcc></extensions></trkpt>
      <trkpt lon="120.955535" lat="23.469433"><ele>3785.746632</ele><time>2026-09-14T20:26:24Z</time><extensions><speed>0.158848</speed><course>76.942730</course><hAcc>1.722901</hAcc><vAcc>0.690280</vAcc></extensions></trkpt>
      <trkpt lon="120.955537" lat="23.469433"><ele>3785.830195</ele><time>2026-09-14T20:26:25Z</time><extensions><speed>0.231776</speed><course>83.750788</course><hAcc>1.707102</hAcc><vAcc>0.690279</vAcc></extensions></trkpt>
      <trkpt lon="120.955540" lat="23.469433"><ele>3785.902130</ele><time>2026-09-14T20:26:26Z</time><extensions><speed>0.294251</speed><course>90.821477</course><hAcc>1.707296</hAcc><vAcc>0.690280</vAcc></extensions></trkpt>
      <trkpt lon="120.955543" lat="23.469433"><ele>3785.966508</ele><time>2026-09-14T20:26:27Z</time><extensions><speed>0.339471</speed><course>96.044377</course><hAcc>1.720294</hAcc><vAcc>0.690281</vAcc></extensions></trkpt>
      <trkpt lon="120.955546" lat="23.469433"><ele>3786.028431</ele><time>2026-09-14T20:26:28Z</time><extensions><speed>0.368897</speed><course>98.418099</course><hAcc>1.733975</hAcc><vAcc>0.690281</vAcc></extensions></trkpt>
      <trkpt lon="120.955550" lat="23.469432"><ele>3786.092905</ele><time>2026-09-14T20:26:29Z</time><extensions><speed>0.388000</speed><course>99.540018</course><hAcc>1.742336</hAcc><vAcc>0.690282</vAcc></extensions></trkpt>
      <trkpt lon="120.955554" lat="23.469432"><ele>3786.164517</ele><time>2026-09-14T20:26:30Z</time><extensions><speed>0.386483</speed><course>101.388351</course><hAcc>1.745260</hAcc><vAcc>0.690282</vAcc></extensions></trkpt>
      <trkpt lon="120.955558" lat="23.469431"><ele>3786.246766</ele><time>2026-09-14T20:26:31Z</time><extensions><speed>0.391686</speed><course>100.309017</course><hAcc>1.746488</hAcc><vAcc>0.690283</vAcc></extensions></trkpt>
      <trkpt lon="120.955561" lat="23.469430"><ele>3786.341014</ele><time>2026-09-14T20:26:32Z</time><extensions><speed>0.379100</speed><course>99.419810</course><hAcc>1.746047</hAcc><vAcc>0.690283</vAcc></extensions></trkpt>
      <trkpt lon="120.955565" lat="23.469430"><ele>3786.447073</ele><time>2026-09-14T20:26:33Z</time><extensions><speed>0.349739</speed><course>98.133462</course><hAcc>1.745645</hAcc><vAcc>0.690283</vAcc></extensions></trkpt>
      <trkpt lon="120.955568" lat="23.469429"><ele>3786.562868</ele><time>2026-09-14T20:26:34Z</time><extensions><speed>0.316370</speed><course>96.500682</course><hAcc>1.743808</hAcc><vAcc>0.690283</vAcc></extensions></trkpt>
      <trkpt lon="120.955571" lat="23.469429"><ele>3786.684901</ele><time>2026-09-14T20:26:35Z</time><extensions><speed>0.269915</speed><course>96.073609</course><hAcc>1.740736</hAcc><vAcc>0.690283</vAcc></extensions></trkpt>
      <trkpt lon="120.955573" lat="23.469429"><ele>3786.808797</ele><time>2026-09-14T20:26:36Z</time><extensions><speed>0.221745</speed><course>96.595318</course><hAcc>1.737880</hAcc><vAcc>0.690283</vAcc></extensions></trkpt>
      <trkpt lon="120.955576" lat="23.469429"><ele>3786.930275</ele><time>2026-09-14T20:26:37Z</time><extensions><speed>0.188894</speed><course>96.728089</course><hAcc>1.737823</hAcc><vAcc>0.690283</vAcc></extensions></trkpt>
      <trkpt lon="120.955577" lat="23.469428"><ele>3787.045254</ele><time>2026-09-14T20:26:38Z</time><extensions><speed>0.170599</speed><course>98.373991</course><hAcc>1.739507</hAcc><vAcc>0.690283</vAcc></extensions></trkpt>
      <trkpt lon="120.955579" lat="23.469428"><ele>3787.150683</ele><time>2026-09-14T20:26:39Z</time><extensions><speed>0.174263</speed><course>100.859354</course><hAcc>1.740826</hAcc><vAcc>0.690282</vAcc></extensions></trkpt>
      <trkpt lon="120.955581" lat="23.469428"><ele>3787.244859</ele><time>2026-09-14T20:26:40Z</time><extensions><speed>0.198652</speed><course>103.044138</course><hAcc>1.741329</hAcc><vAcc>0.690282</vAcc></extensions></trkpt>
      <trkpt lon="120.955583" lat="23.469427"><ele>3787.327425</ele><time>2026-09-14T20:26:41Z</time><extensions><speed>0.240372</speed><course>104.426497</course><hAcc>1.739646</hAcc><vAcc>0.690282</vAcc></extensions></trkpt>
      <trkpt lon="120.955586" lat="23.469427"><ele>3787.399867</ele><time>2026-09-14T20:26:42Z</time><extensions><speed>0.285907</speed><course>104.060994</course><hAcc>1.740949</hAcc><vAcc>0.690282</vAcc></extensions></trkpt>
      <trkpt lon="120.955588" lat="23.469426"><ele>3787.464695</ele><time>2026-09-14T20:26:43Z</time><extensions><speed>0.315319</speed><course>103.709476</course><hAcc>1.745582</hAcc><vAcc>0.690282</vAcc></extensions></trkpt>
      <trkpt lon="120.955592" lat="23.469425"><ele>3787.525402</ele><time>2026-09-14T20:26:44Z</time><extensions><speed>0.331639</speed><course>103.487424</course><hAcc>1.750329</hAcc><vAcc>0.690282</vAcc></extensions></trkpt>
      <trkpt lon="120.955595" lat="23.469425"><ele>3787.586145</ele><time>2026-09-14T20:26:45Z</time><extensions><speed>0.340439</speed><course>104.569373</course><hAcc>1.752130</hAcc><vAcc>0.690282</vAcc></extensions></trkpt>
      <trkpt lon="120.955598" lat="23.469424"><ele>3787.650859</ele><time>2026-09-14T20:26:46Z</time><extensions><speed>0.347868</speed><course>105.614720</course><hAcc>1.751463</hAcc><vAcc>0.690282</vAcc></extensions></trkpt>
      <trkpt lon="120.955602" lat="23.469423"><ele>3787.722755</ele><time>2026-09-14T20:26:47Z</time><extensions><speed>0.371426</speed><course>103.327991</course><hAcc>1.751938</hAcc><vAcc>0.690282</vAcc></extensions></trkpt>
      <trkpt lon="120.955605" lat="23.469422"><ele>3787.804313</ele><time>2026-09-14T20:26:48Z</time><extensions><speed>0.394039</speed><course>100.839845</course><hAcc>1.753365</hAcc><vAcc>0.690282</vAcc></extensions></trkpt>
      <trkpt lon="120.955609" lat="23.469422"><ele>3787.897337</ele><time>2026-09-14T20:26:49Z</time><extensions><speed>0.417059</speed><course>98.511127</course><hAcc>1.753853</hAcc><vAcc>0.690282</vAcc></extensions></trkpt>
      <trkpt lon="120.955614" lat="23.469421"><ele>3788.003091</ele><time>2026-09-14T20:26:50Z</time><extensions><speed>0.457590</speed><course>95.851322</course><hAcc>1.754772</hAcc><vAcc>0.690283</vAcc></extensions></trkpt>
      <trkpt lon="120.955618" lat="23.469421"><ele>3788.122299</ele><time>2026-09-14T20:26:51Z</time><extensions><speed>0.497869</speed><course>94.666553</course><hAcc>1.754071</hAcc><vAcc>0.690283</vAcc></extensions></trkpt>
      <trkpt lon="120.955623" lat="23.469421"><ele>3788.255001</ele><time>2026-09-14T20:26:52Z</time><extensions><speed>0.533295</speed><course>92.975275</course><hAcc>1.752967</hAcc><vAcc>0.690283</vAcc></extensions></trkpt>
      <trkpt lon="120.955629" lat="23.469421"><ele>3788.400663</ele><time>2026-09-14T20:26:53Z</time><extensions><speed>0.561440</speed><course>90.179586</course><hAcc>1.752846</hAcc><vAcc>0.690283</vAcc></extensions></trkpt>
      <trkpt lon="120.955635" lat="23.469421"><ele>3788.558052</ele><time>2026-09-14T20:26:54Z</time><extensions><speed>0.597912</speed><course>86.216997</course><hAcc>1.752910</hAcc><vAcc>0.690283</vAcc></extensions></trkpt>
      <trkpt lon="120.955641" lat="23.469421"><ele>3788.724706</ele><time>2026-09-14T20:26:55Z</time><extensions><speed>0.615482</speed><course>81.736758</course><hAcc>1.753142</hAcc><vAcc>0.690283</vAcc></extensions></trkpt>
      <trkpt lon="120.955647" lat="23.469422"><ele>3788.897869</ele><time>2026-09-14T20:26:56Z</time><extensions><speed>0.623536</speed><course>76.285872</course><hAcc>1.753344</hAcc><vAcc>0.690283</vAcc></extensions></trkpt>
      <trkpt lon="120.955652" lat="23.469424"><ele>3789.074964</ele><time>2026-09-14T20:26:57Z</time><extensions><speed>0.635931</speed><course>70.652950</course><hAcc>1.753090</hAcc><vAcc>0.690283</vAcc></extensions></trkpt>
      <trkpt lon="120.955658" lat="23.469426"><ele>3789.253588</ele><time>2026-09-14T20:26:58Z</time><extensions><speed>0.632814</speed><course>65.611801</course><hAcc>1.753102</hAcc><vAcc>0.690283</vAcc></extensions></trkpt>
      <trkpt lon="120.955664" lat="23.469429"><ele>3789.431426</ele><time>2026-09-14T20:26:59Z</time><extensions><speed>0.614861</speed><course>61.433050</course><hAcc>1.752587</hAcc><vAcc>0.690283</vAcc></extensions></trkpt>
      <trkpt lon="120.955669" lat="23.469432"><ele>3789.606129</ele><time>2026-09-14T20:27:00Z</time><extensions><speed>0.592792</speed><course>58.497975</course><hAcc>1.752709</hAcc><vAcc>0.690283</vAcc></extensions></trkpt>
      <trkpt lon="120.955674" lat="23.469434"><ele>3789.775607</ele><time>2026-09-14T20:27:01Z</time><extensions><speed>0.558815</speed><course>56.161760</course><hAcc>1.752642</hAcc><vAcc>0.690283</vAcc></extensions></trkpt>
      <trkpt lon="120.955678" lat="23.469437"><ele>3789.938038</ele><time>2026-09-14T20:27:02Z</time><extensions><speed>0.505445</speed><course>54.216934</course><hAcc>1.751637</hAcc><vAcc>0.690283</vAcc></extensions></trkpt>
      <trkpt lon="120.955682" lat="23.469440"><ele>3790.092134</ele><time>2026-09-14T20:27:03Z</time><extensions><speed>0.451838</speed><course>53.844727</course><hAcc>1.750752</hAcc><vAcc>0.690283</vAcc></extensions></trkpt>
      <trkpt lon="120.955685" lat="23.469442"><ele>3790.237421</ele><time>2026-09-14T20:27:04Z</time><extensions><speed>0.392776</speed><course>55.079151</course><hAcc>1.751556</hAcc><vAcc>0.690283</vAcc></extensions></trkpt>
      <trkpt lon="120.955688" lat="23.469444"><ele>3790.374651</ele><time>2026-09-14T20:27:05Z</time><extensions><speed>0.347233</speed><course>57.479759</course><hAcc>1.751559</hAcc><vAcc>0.690283</vAcc></extensions></trkpt>
      <trkpt lon="120.955691" lat="23.469445"><ele>3790.505063</ele><time>2026-09-14T20:27:06Z</time><extensions><speed>0.312595</speed><course>59.245194</course><hAcc>1.750330</hAcc><vAcc>0.690283</vAcc></extensions></trkpt>
      <trkpt lon="120.955693" lat="23.469447"><ele>3790.629844</ele><time>2026-09-14T20:27:07Z</time><extensions><speed>0.284871</speed><course>59.443119</course><hAcc>1.749044</hAcc><vAcc>0.690283</vAcc></extensions></trkpt>
      <trkpt lon="120.955696" lat="23.469448"><ele>3790.749944</ele><time>2026-09-14T20:27:08Z</time><extensions><speed>0.262271</speed><course>58.547668</course><hAcc>1.749610</hAcc><vAcc>0.690283</vAcc></extensions></trkpt>
      <trkpt lon="120.955698" lat="23.469449"><ele>3790.866318</ele><time>2026-09-14T20:27:09Z</time><extensions><speed>0.250337</speed><course>57.236556</course><hAcc>1.750771</hAcc><vAcc>0.690283</vAcc></extensions></trkpt>
      <trkpt lon="120.955700" lat="23.469450"><ele>3790.979585</ele><time>2026-09-14T20:27:10Z</time><extensions><speed>0.239950</speed><course>55.235072</course><hAcc>1.749987</hAcc><vAcc>0.690283</vAcc></extensions></trkpt>
      <trkpt lon="120.955702" lat="23.469452"><ele>3791.090337</ele><time>2026-09-14T20:27:11Z</time><extensions><speed>0.227990</speed><course>53.070509</course><hAcc>1.748555</hAcc><vAcc>0.690283</vAcc></extensions></trkpt>
      <trkpt lon="120.955704" lat="23.469453"><ele>3791.199263</ele><time>2026-09-14T20:27:12Z</time><extensions><speed>0.207353</speed><course>51.564734</course><hAcc>1.747928</hAcc><vAcc>0.690283</vAcc></extensions></trkpt>
      <trkpt lon="120.955705" lat="23.469454"><ele>3791.307173</ele><time>2026-09-14T20:27:13Z</time><extensions><speed>0.195543</speed><course>52.301260</course><hAcc>1.747858</hAcc><vAcc>0.690283</vAcc></extensions></trkpt>
      <trkpt lon="120.955707" lat="23.469455"><ele>3791.414702</ele><time>2026-09-14T20:27:14Z</time><extensions><speed>0.211513</speed><course>55.693891</course><hAcc>1.748699</hAcc><vAcc>0.690283</vAcc></extensions></trkpt>
      <trkpt lon="120.955709" lat="23.469456"><ele>3791.521745</ele><time>2026-09-14T20:27:15Z</time><extensions><speed>0.216285</speed><course>57.687770</course><hAcc>1.746026</hAcc><vAcc>0.690283</vAcc></extensions></trkpt>
      <trkpt lon="120.955710" lat="23.469457"><ele>3791.627787</ele><time>2026-09-14T20:27:16Z</time><extensions><speed>0.218724</speed><course>59.590862</course><hAcc>1.741198</hAcc><vAcc>0.690283</vAcc></extensions></trkpt>
      <trkpt lon="120.955712" lat="23.469458"><ele>3791.732214</ele><time>2026-09-14T20:27:17Z</time><extensions><speed>0.229873</speed><course>60.965926</course><hAcc>1.735665</hAcc><vAcc>0.690283</vAcc></extensions></trkpt>
      <trkpt lon="120.955714" lat="23.469459"><ele>3791.834646</ele><time>2026-09-14T20:27:18Z</time><extensions><speed>0.224921</speed><course>60.750379</course><hAcc>1.731240</hAcc><vAcc>0.690283</vAcc></extensions></trkpt>
      <trkpt lon="120.955716" lat="23.469460"><ele>3791.934731</ele><time>2026-09-14T20:27:19Z</time><extensions><speed>0.209081</speed><course>59.957338</course><hAcc>1.736445</hAcc><vAcc>0.690283</vAcc></extensions></trkpt>
      <trkpt lon="120.955718" lat="23.469461"><ele>3792.032873</ele><time>2026-09-14T20:27:20Z</time><extensions><speed>0.180731</speed><course>58.314572</course><hAcc>1.749673</hAcc><vAcc>0.690283</vAcc></extensions></trkpt>
      <trkpt lon="120.955719" lat="23.469462"><ele>3792.129855</ele><time>2026-09-14T20:27:21Z</time><extensions><speed>0.189472</speed><course>55.696477</course><hAcc>1.738635</hAcc><vAcc>0.690283</vAcc></extensions></trkpt>
      <trkpt lon="120.955721" lat="23.469463"><ele>3792.226474</ele><time>2026-09-14T20:27:22Z</time><extensions><speed>0.186290</speed><course>53.161366</course><hAcc>1.732706</hAcc><vAcc>0.690283</vAcc></extensions></trkpt>
      <trkpt lon="120.955722" lat="23.469464"><ele>3792.323240</ele><time>2026-09-14T20:27:23Z</time><extensions><speed>0.176700</speed><course>51.810239</course><hAcc>1.735592</hAcc><vAcc>0.690283</vAcc></extensions></trkpt>
      <trkpt lon="120.955724" lat="23.469465"><ele>3792.421044</ele><time>2026-09-14T20:27:24Z</time><extensions><speed>0.191313</speed><course>53.226377</course><hAcc>1.739795</hAcc><vAcc>0.690283</vAcc></extensions></trkpt>
      <trkpt lon="120.955725" lat="23.469466"><ele>3792.520876</ele><time>2026-09-14T20:27:25Z</time><extensions><speed>0.200046</speed><course>54.569701</course><hAcc>1.738919</hAcc><vAcc>0.690283</vAcc></extensions></trkpt>
      <trkpt lon="120.955727" lat="23.469467"><ele>3792.623714</ele><time>2026-09-14T20:27:26Z</time><extensions><speed>0.206070</speed><course>56.021093</course><hAcc>1.732278</hAcc><vAcc>0.690283</vAcc></extensions></trkpt>
      <trkpt lon="120.955729" lat="23.469468"><ele>3792.730388</ele><time>2026-09-14T20:27:27Z</time><extensions><speed>0.211901</speed><course>56.406525</course><hAcc>1.720880</hAcc><vAcc>0.690283</vAcc></extensions></trkpt>
      <trkpt lon="120.955731" lat="23.469469"><ele>3792.841174</ele><time>2026-09-14T20:27:28Z</time><extensions><speed>0.215263</speed><course>56.187695</course><hAcc>1.708138</hAcc><vAcc>0.690283</vAcc></extensions></trkpt>
      <trkpt lon="120.955732" lat="23.469470"><ele>3792.955389</ele><time>2026-09-14T20:27:29Z</time><extensions><speed>0.199470</speed><course>56.989964</course><hAcc>1.709757</hAcc><vAcc>0.690283</vAcc></extensions></trkpt>
      <trkpt lon="120.955734" lat="23.469471"><ele>3793.071479</ele><time>2026-09-14T20:27:30Z</time><extensions><speed>0.167344</speed><course>60.892946</course><hAcc>1.734568</hAcc><vAcc>0.690283</vAcc></extensions></trkpt>
      <trkpt lon="120.955735" lat="23.469472"><ele>3793.187408</ele><time>2026-09-14T20:27:31Z</time><extensions><speed>0.175028</speed><course>65.601106</course><hAcc>1.734077</hAcc><vAcc>0.690283</vAcc></extensions></trkpt>
      <trkpt lon="120.955737" lat="23.469473"><ele>3793.300922</ele><time>2026-09-14T20:27:32Z</time><extensions><speed>0.221715</speed><course>69.099772</course><hAcc>1.708769</hAcc><vAcc>0.690283</vAcc></extensions></trkpt>
      <trkpt lon="120.955739" lat="23.469473"><ele>3793.410579</ele><time>2026-09-14T20:27:33Z</time><extensions><speed>0.233654</speed><course>71.435269</course><hAcc>1.707611</hAcc><vAcc>0.690283</vAcc></extensions></trkpt>
      <trkpt lon="120.955742" lat="23.469474"><ele>3793.515781</ele><time>2026-09-14T20:27:34Z</time><extensions><speed>0.250812</speed><course>72.639651</course><hAcc>1.722836</hAcc><vAcc>0.690283</vAcc></extensions></trkpt>
      <trkpt lon="120.955744" lat="23.469475"><ele>3793.617030</ele><time>2026-09-14T20:27:35Z</time><extensions><speed>0.250911</speed><course>72.907169</course><hAcc>1.737743</hAcc><vAcc>0.690283</vAcc></extensions></trkpt>
      <trkpt lon="120.955746" lat="23.469476"><ele>3793.715925</ele><time>2026-09-14T20:27:36Z</time><extensions><speed>0.250858</speed><course>71.629568</course><hAcc>1.745618</hAcc><vAcc>0.690283</vAcc></extensions></trkpt>
      <trkpt lon="120.955749" lat="23.469476"><ele>3793.814775</ele><time>2026-09-14T20:27:37Z</time><extensions><speed>0.252510</speed><course>68.740926</course><hAcc>1.749564</hAcc><vAcc>0.690283</vAcc></extensions></trkpt>
      <trkpt lon="120.955751" lat="23.469477"><ele>3793.915912</ele><time>2026-09-14T20:27:38Z</time><extensions><speed>0.244730</speed><course>62.662920</course><hAcc>1.750821</hAcc><vAcc>0.690283</vAcc></extensions></trkpt>
      <trkpt lon="120.955753" lat="23.469478"><ele>3794.021508</ele><time>2026-09-14T20:27:39Z</time><extensions><speed>0.226530</speed><course>49.988375</course><hAcc>1.750398</hAcc><vAcc>0.690283</vAcc></extensions></trkpt>
      <trkpt lon="120.955754" lat="23.469480"><ele>3794.133177</ele><time>2026-09-14T20:27:40Z</time><extensions><speed>0.204700</speed><course>25.613870</course><hAcc>1.745716</hAcc><vAcc>0.690283</vAcc></extensions></trkpt>
      <trkpt lon="120.955754" lat="23.469482"><ele>3794.251460</ele><time>2026-09-14T20:27:41Z</time><extensions><speed>0.225827</speed><course>353.517030</course><hAcc>1.738454</hAcc><vAcc>0.690283</vAcc></extensions></trkpt>
      <trkpt lon="120.955753" lat="23.469484"><ele>3794.376246</ele><time>2026-09-14T20:27:42Z</time><extensions><speed>0.314088</speed><course>326.977470</course><hAcc>1.739583</hAcc><vAcc>0.690283</vAcc></extensions></trkpt>
      <trkpt lon="120.955751" lat="23.469487"><ele>3794.506374</ele><time>2026-09-14T20:27:43Z</time><extensions><speed>0.402946</speed><course>325.594471</course><hAcc>1.759900</hAcc><vAcc>0.690283</vAcc></extensions></trkpt>
      <trkpt lon="120.955750" lat="23.469490"><ele>3794.639943</ele><time>2026-09-14T20:27:44Z</time><extensions><speed>0.361453</speed><course>338.056255</course><hAcc>1.751707</hAcc><vAcc>0.690283</vAcc></extensions></trkpt>
      <trkpt lon="120.955749" lat="23.469493"><ele>3794.774625</ele><time>2026-09-14T20:27:45Z</time><extensions><speed>0.292115</speed><course>354.443220</course><hAcc>1.737447</hAcc><vAcc>0.690283</vAcc></extensions></trkpt>
      <trkpt lon="120.955749" lat="23.469495"><ele>3794.907626</ele><time>2026-09-14T20:27:46Z</time><extensions><speed>0.247275</speed><course>2.667648</course><hAcc>1.738899</hAcc><vAcc>0.690283</vAcc></extensions></trkpt>
      <trkpt lon="120.955749" lat="23.469497"><ele>3795.036164</ele><time>2026-09-14T20:27:47Z</time><extensions><speed>0.193172</speed><course>12.527095</course><hAcc>1.745661</hAcc><vAcc>0.690283</vAcc></extensions></trkpt>
      <trkpt lon="120.955750" lat="23.469498"><ele>3795.157784</ele><time>2026-09-14T20:27:48Z</time><extensions><speed>0.148779</speed><course>22.439276</course><hAcc>1.750084</hAcc><vAcc>0.690283</vAcc></extensions></trkpt>
      <trkpt lon="120.955750" lat="23.469500"><ele>3795.270511</ele><time>2026-09-14T20:27:49Z</time><extensions><speed>0.125756</speed><course>21.811094</course><hAcc>1.746006</hAcc><vAcc>0.690283</vAcc></extensions></trkpt>
      <trkpt lon="120.955751" lat="23.469500"><ele>3795.372839</ele><time>2026-09-14T20:27:50Z</time><extensions><speed>0.101018</speed><course>26.120864</course><hAcc>1.743321</hAcc><vAcc>0.690283</vAcc></extensions></trkpt>
      <trkpt lon="120.955751" lat="23.469501"><ele>3795.464454</ele><time>2026-09-14T20:27:51Z</time><extensions><speed>0.087957</speed><course>51.888916</course><hAcc>1.743691</hAcc><vAcc>0.690283</vAcc></extensions></trkpt>
      <trkpt lon="120.955752" lat="23.469502"><ele>3795.545626</ele><time>2026-09-14T20:27:52Z</time><extensions><speed>0.105900</speed><course>77.266767</course><hAcc>1.750549</hAcc><vAcc>0.690283</vAcc></extensions></trkpt>
      <trkpt lon="120.955753" lat="23.469502"><ele>3795.617512</ele><time>2026-09-14T20:27:53Z</time><extensions><speed>0.139968</speed><course>87.568020</course><hAcc>1.754303</hAcc><vAcc>0.690283</vAcc></extensions></trkpt>
      <trkpt lon="120.955755" lat="23.469502"><ele>3795.682160</ele><time>2026-09-14T20:27:54Z</time><extensions><speed>0.190784</speed><course>89.723832</course><hAcc>1.743370</hAcc><vAcc>0.690283</vAcc></extensions></trkpt>
      <trkpt lon="120.955757" lat="23.469502"><ele>3795.742171</ele><time>2026-09-14T20:27:55Z</time><extensions><speed>0.235220</speed><course>90.959825</course><hAcc>1.743301</hAcc><vAcc>0.690283</vAcc></extensions></trkpt>
      <trkpt lon="120.955760" lat="23.469502"><ele>3795.800346</ele><time>2026-09-14T20:27:56Z</time><extensions><speed>0.269701</speed><course>90.361868</course><hAcc>1.747084</hAcc><vAcc>0.690283</vAcc></extensions></trkpt>
      <trkpt lon="120.955762" lat="23.469502"><ele>3795.859785</ele><time>2026-09-14T20:27:57Z</time><extensions><speed>0.275626</speed><course>85.671619</course><hAcc>1.750007</hAcc><vAcc>0.690283</vAcc></extensions></trkpt>
      <trkpt lon="120.955765" lat="23.469502"><ele>3795.923352</ele><time>2026-09-14T20:27:58Z</time><extensions><speed>0.265081</speed><course>78.782521</course><hAcc>1.751140</hAcc><vAcc>0.690283</vAcc></extensions></trkpt>
      <trkpt lon="120.955767" lat="23.469503"><ele>3795.993042</ele><time>2026-09-14T20:27:59Z</time><extensions><speed>0.249692</speed><course>72.989725</course><hAcc>1.748575</hAcc><vAcc>0.690283</vAcc></extensions></trkpt>
      <trkpt lon="120.955770" lat="23.469503"><ele>3796.070151</ele><time>2026-09-14T20:28:00Z</time><extensions><speed>0.225675</speed><course>69.722922</course><hAcc>1.745431</hAcc><vAcc>0.690283</vAcc></extensions></trkpt>
      <trkpt lon="120.955772" lat="23.469504"><ele>3796.154774</ele><time>2026-09-14T20:28:01Z</time><extensions><speed>0.189219</speed><course>67.435488</course><hAcc>1.741561</hAcc><vAcc>0.690283</vAcc></extensions></trkpt>
      <trkpt lon="120.955773" lat="23.469504"><ele>3796.245732</ele><time>2026-09-14T20:28:02Z</time><extensions><speed>0.165283</speed><course>76.345309</course><hAcc>1.738434</hAcc><vAcc>0.690283</vAcc></extensions></trkpt>
      <trkpt lon="120.955775" lat="23.469505"><ele>3796.340738</ele><time>2026-09-14T20:28:03Z</time><extensions><speed>0.144294</speed><course>84.986458</course><hAcc>1.736646</hAcc><vAcc>0.690283</vAcc></extensions></trkpt>
      <trkpt lon="120.955776" lat="23.469505"><ele>3796.437195</ele><time>2026-09-14T20:28:04Z</time><extensions><speed>0.129376</speed><course>91.946948</course><hAcc>1.738221</hAcc><vAcc>0.690283</vAcc></extensions></trkpt>
      <trkpt lon="120.955778" lat="23.469505"><ele>3796.532097</ele><time>2026-09-14T20:28:05Z</time><extensions><speed>0.129821</speed><course>97.609426</course><hAcc>1.740201</hAcc><vAcc>0.690283</vAcc></extensions></trkpt>
      <trkpt lon="120.955779" lat="23.469504"><ele>3796.623181</ele><time>2026-09-14T20:28:06Z</time><extensions><speed>0.151643</speed><course>101.120084</course><hAcc>1.737520</hAcc><vAcc>0.690283</vAcc></extensions></trkpt>
      <trkpt lon="120.955781" lat="23.469504"><ele>3796.709254</ele><time>2026-09-14T20:28:07Z</time><extensions><speed>0.189385</speed><course>102.427430</course><hAcc>1.734231</hAcc><vAcc>0.690283</vAcc></extensions></trkpt>
      <trkpt lon="120.955783" lat="23.469504"><ele>3796.790510</ele><time>2026-09-14T20:28:08Z</time><extensions><speed>0.230459</speed><course>103.809370</course><hAcc>1.735616</hAcc><vAcc>0.690283</vAcc></extensions></trkpt>
      <trkpt lon="120.955785" lat="23.469503"><ele>3796.868414</ele><time>2026-09-14T20:28:09Z</time><extensions><speed>0.284932</speed><course>106.822815</course><hAcc>1.739171</hAcc><vAcc>0.690283</vAcc></extensions></trkpt>
      <trkpt lon="120.955788" lat="23.469502"><ele>3796.945612</ele><time>2026-09-14T20:28:10Z</time><extensions><speed>0.318722</speed><course>108.207347</course><hAcc>1.742597</hAcc><vAcc>0.690283</vAcc></extensions></trkpt>
      <trkpt lon="120.955791" lat="23.469501"><ele>3797.025042</ele><time>2026-09-14T20:28:11Z</time><extensions><speed>0.334082</speed><course>108.677247</course><hAcc>1.745598</hAcc><vAcc>0.690283</vAcc></extensions></trkpt>
      <trkpt lon="120.955794" lat="23.469500"><ele>3797.109366</ele><time>2026-09-14T20:28:12Z</time><extensions><speed>0.341155</speed><course>108.723151</course><hAcc>1.746249</hAcc><vAcc>0.690283</vAcc></extensions></trkpt>
      <trkpt lon="120.955797" lat="23.469499"><ele>3797.200524</ele><time>2026-09-14T20:28:13Z</time><extensions><speed>0.335281</speed><course>108.596332</course><hAcc>1.744526</hAcc><vAcc>0.690283</vAcc></extensions></trkpt>
      <trkpt lon="120.955800" lat="23.469498"><ele>3797.299042</ele><time>2026-09-14T20:28:14Z</time><extensions><speed>0.301550</speed><course>108.518240</course><hAcc>1.742334</hAcc><vAcc>0.690283</vAcc></extensions></trkpt>
      <trkpt lon="120.955803" lat="23.469497"><ele>3797.404223</ele><time>2026-09-14T20:28:15Z</time><extensions><speed>0.256967</speed><course>110.689199</course><hAcc>1.741259</hAcc><vAcc>0.690283</vAcc></extensions></trkpt>
      <trkpt lon="120.955805" lat="23.469496"><ele>3797.514245</ele><time>2026-09-14T20:28:16Z</time><extensions><speed>0.212012</speed><course>116.603992</course><hAcc>1.744035</hAcc><vAcc>0.690283</vAcc></extensions></trkpt>
      <trkpt lon="120.955807" lat="23.469495"><ele>3797.626530</ele><time>2026-09-14T20:28:17Z</time><extensions><speed>0.203070</speed><course>126.420049</course><hAcc>1.748449</hAcc><vAcc>0.690283</vAcc></extensions></trkpt>
      <trkpt lon="120.955808" lat="23.469494"><ele>3797.738203</ele><time>2026-09-14T20:28:18Z</time><extensions><speed>0.215842</speed><course>134.240826</course><hAcc>1.742059</hAcc><vAcc>0.690283</vAcc></extensions></trkpt>
      <trkpt lon="120.955810" lat="23.469493"><ele>3797.846900</ele><time>2026-09-14T20:28:19Z</time><extensions><speed>0.229044</speed><course>138.885073</course><hAcc>1.738553</hAcc><vAcc>0.690283</vAcc></extensions></trkpt>
      <trkpt lon="120.955811" lat="23.469491"><ele>3797.950785</ele><time>2026-09-14T20:28:20Z</time><extensions><speed>0.242381</speed><course>140.891268</course><hAcc>1.741229</hAcc><vAcc>0.690283</vAcc></extensions></trkpt>
      <trkpt lon="120.955813" lat="23.469489"><ele>3798.048862</ele><time>2026-09-14T20:28:21Z</time><extensions><speed>0.251605</speed><course>139.621244</course><hAcc>1.744971</hAcc><vAcc>0.690283</vAcc></extensions></trkpt>
      <trkpt lon="120.955815" lat="23.469488"><ele>3798.141107</ele><time>2026-09-14T20:28:22Z</time><extensions><speed>0.260369</speed><course>134.622645</course><hAcc>1.747926</hAcc><vAcc>0.690283</vAcc></extensions></trkpt>
      <trkpt lon="120.955817" lat="23.469486"><ele>3798.227853</ele><time>2026-09-14T20:28:23Z</time><extensions><speed>0.270674</speed><course>127.368294</course><hAcc>1.747306</hAcc><vAcc>0.690283</vAcc></extensions></trkpt>
      <trkpt lon="120.955819" lat="23.469485"><ele>3798.310721</ele><time>2026-09-14T20:28:24Z</time><extensions><speed>0.294425</speed><course>120.221358</course><hAcc>1.747024</hAcc><vAcc>0.690283</vAcc></extensions></trkpt>
      <trkpt lon="120.955822" lat="23.469484"><ele>3798.391785</ele><time>2026-09-14T20:28:25Z</time><extensions><speed>0.303221</speed><course>112.777220</course><hAcc>1.748677</hAcc><vAcc>0.690283</vAcc></extensions></trkpt>
      <trkpt lon="120.955825" lat="23.469483"><ele>3798.473417</ele><time>2026-09-14T20:28:26Z</time><extensions><speed>0.312302</speed><course>104.613419</course><hAcc>1.750302</hAcc><vAcc>0.690283</vAcc></extensions></trkpt>
      <trkpt lon="120.955828" lat="23.469482"><ele>3798.558663</ele><time>2026-09-14T20:28:27Z</time><extensions><speed>0.323218</speed><course>97.070010</course><hAcc>1.752249</hAcc><vAcc>0.690282</vAcc></extensions></trkpt>
      <trkpt lon="120.955831" lat="23.469482"><ele>3798.650842</ele><time>2026-09-14T20:28:28Z</time><extensions><speed>0.347181</speed><course>91.567870</course><hAcc>1.752751</hAcc><vAcc>0.690282</vAcc></extensions></trkpt>
      <trkpt lon="120.955834" lat="23.469482"><ele>3798.752600</ele><time>2026-09-14T20:28:29Z</time><extensions><speed>0.361280</speed><course>86.918804</course><hAcc>1.752329</hAcc><vAcc>0.690281</vAcc></extensions></trkpt>
      <trkpt lon="120.955838" lat="23.469482"><ele>3798.866247</ele><time>2026-09-14T20:28:30Z</time><extensions><speed>0.391785</speed><course>87.578001</course><hAcc>1.750354</hAcc><vAcc>0.690280</vAcc></extensions></trkpt>
      <trkpt lon="120.955842" lat="23.469482"><ele>3798.993874</ele><time>2026-09-14T20:28:31Z</time><extensions><speed>0.404033</speed><course>89.564676</course><hAcc>1.745323</hAcc><vAcc>0.690280</vAcc></extensions></trkpt>
      <trkpt lon="120.955846" lat="23.469482"><ele>3799.136041</ele><time>2026-09-14T20:28:32Z</time><extensions><speed>0.403359</speed><course>93.826620</course><hAcc>1.737067</hAcc><vAcc>0.690281</vAcc></extensions></trkpt>
      <trkpt lon="120.955850" lat="23.469482"><ele>3799.292318</ele><time>2026-09-14T20:28:33Z</time><extensions><speed>0.377580</speed><course>98.602576</course><hAcc>1.725010</hAcc><vAcc>0.690282</vAcc></extensions></trkpt>
      <trkpt lon="120.955853" lat="23.469481"><ele>3799.460638</ele><time>2026-09-14T20:28:34Z</time><extensions><speed>0.315980</speed><course>101.937080</course><hAcc>1.709309</hAcc><vAcc>0.690282</vAcc></extensions></trkpt>
      <trkpt lon="120.955856" lat="23.469480"><ele>3799.637301</ele><time>2026-09-14T20:28:35Z</time><extensions><speed>0.243290</speed><course>105.833471</course><hAcc>1.700522</hAcc><vAcc>0.690282</vAcc></extensions></trkpt>
      <trkpt lon="120.955858" lat="23.469480"><ele>3799.817134</ele><time>2026-09-14T20:28:36Z</time><extensions><speed>0.176285</speed><course>113.114542</course><hAcc>1.709373</hAcc><vAcc>0.690282</vAcc></extensions></trkpt>
      <trkpt lon="120.955859" lat="23.469479"><ele>3799.994705</ele><time>2026-09-14T20:28:37Z</time><extensions><speed>0.146442</speed><course>122.533942</course><hAcc>1.714559</hAcc><vAcc>0.690282</vAcc></extensions></trkpt>
      <trkpt lon="120.955861" lat="23.469478"><ele>3800.164593</ele><time>2026-09-14T20:28:38Z</time><extensions><speed>0.144975</speed><course>132.793768</course><hAcc>1.717418</hAcc><vAcc>0.690283</vAcc></extensions></trkpt>
      <trkpt lon="120.955862" lat="23.469477"><ele>3800.322637</ele><time>2026-09-14T20:28:39Z</time><extensions><speed>0.206521</speed><course>140.018123</course><hAcc>1.698553</hAcc><vAcc>0.690283</vAcc></extensions></trkpt>
      <trkpt lon="120.955863" lat="23.469475"><ele>3800.466536</ele><time>2026-09-14T20:28:40Z</time><extensions><speed>0.265800</speed><course>143.743751</course><hAcc>1.698925</hAcc><vAcc>0.690283</vAcc></extensions></trkpt>
      <trkpt lon="120.955865" lat="23.469473"><ele>3800.595988</ele><time>2026-09-14T20:28:41Z</time><extensions><speed>0.330972</speed><course>145.504178</course><hAcc>1.713826</hAcc><vAcc>0.690283</vAcc></extensions></trkpt>
      <trkpt lon="120.955867" lat="23.469470"><ele>3800.712684</ele><time>2026-09-14T20:28:42Z</time><extensions><speed>0.389937</speed><course>146.274724</course><hAcc>1.728317</hAcc><vAcc>0.690284</vAcc></extensions></trkpt>
      <trkpt lon="120.955869" lat="23.469467"><ele>3800.819856</ele><time>2026-09-14T20:28:43Z</time><extensions><speed>0.436392</speed><course>145.201400</course><hAcc>1.736969</hAcc><vAcc>0.690284</vAcc></extensions></trkpt>
      <trkpt lon="120.955872" lat="23.469464"><ele>3800.921575</ele><time>2026-09-14T20:28:44Z</time><extensions><speed>0.465768</speed><course>142.637327</course><hAcc>1.740825</hAcc><vAcc>0.690284</vAcc></extensions></trkpt>
      <trkpt lon="120.955875" lat="23.469460"><ele>3801.022028</ele><time>2026-09-14T20:28:45Z</time><extensions><speed>0.469310</speed><course>139.614799</course><hAcc>1.743398</hAcc><vAcc>0.690284</vAcc></extensions></trkpt>
      <trkpt lon="120.955878" lat="23.469457"><ele>3801.124978</ele><time>2026-09-14T20:28:46Z</time><extensions><speed>0.469060</speed><course>136.203462</course><hAcc>1.743770</hAcc><vAcc>0.690284</vAcc></extensions></trkpt>
      <trkpt lon="120.955881" lat="23.469454"><ele>3801.232663</ele><time>2026-09-14T20:28:47Z</time><extensions><speed>0.451599</speed><course>133.213155</course><hAcc>1.742429</hAcc><vAcc>0.690284</vAcc></extensions></trkpt>
      <trkpt lon="120.955884" lat="23.469452"><ele>3801.346094</ele><time>2026-09-14T20:28:48Z</time><extensions><speed>0.417612</speed><course>130.679757</course><hAcc>1.739565</hAcc><vAcc>0.690284</vAcc></extensions></trkpt>
      <trkpt lon="120.955888" lat="23.469449"><ele>3801.465106</ele><time>2026-09-14T20:28:49Z</time><extensions><speed>0.390622</speed><course>128.575678</course><hAcc>1.733198</hAcc><vAcc>0.690284</vAcc></extensions></trkpt>
      <trkpt lon="120.955890" lat="23.469447"><ele>3801.588204</ele><time>2026-09-14T20:28:50Z</time><extensions><speed>0.353847</speed><course>126.758707</course><hAcc>1.722139</hAcc><vAcc>0.690284</vAcc></extensions></trkpt>
      <trkpt lon="120.955893" lat="23.469445"><ele>3801.713168</ele><time>2026-09-14T20:28:51Z</time><extensions><speed>0.319304</speed><course>124.849029</course><hAcc>1.707459</hAcc><vAcc>0.690284</vAcc></extensions></trkpt>
      <trkpt lon="120.955896" lat="23.469444"><ele>3801.837722</ele><time>2026-09-14T20:28:52Z</time><extensions><speed>0.281419</speed><course>122.433552</course><hAcc>1.699859</hAcc><vAcc>0.690284</vAcc></extensions></trkpt>
      <trkpt lon="120.955898" lat="23.469443"><ele>3801.959601</ele><time>2026-09-14T20:28:53Z</time><extensions><speed>0.234974</speed><course>119.269180</course><hAcc>1.710004</hAcc><vAcc>0.690284</vAcc></extensions></trkpt>
      <trkpt lon="120.955900" lat="23.469442"><ele>3802.076651</ele><time>2026-09-14T20:28:54Z</time><extensions><speed>0.202936</speed><course>116.330180</course><hAcc>1.725104</hAcc><vAcc>0.690284</vAcc></extensions></trkpt>
      <trkpt lon="120.955902" lat="23.469441"><ele>3802.187154</ele><time>2026-09-14T20:28:55Z</time><extensions><speed>0.236801</speed><course>115.709794</course><hAcc>1.716177</hAcc><vAcc>0.690284</vAcc></extensions></trkpt>
      <trkpt lon="120.955904" lat="23.469440"><ele>3802.290242</ele><time>2026-09-14T20:28:56Z</time><extensions><speed>0.295102</speed><course>119.028019</course><hAcc>1.700941</hAcc><vAcc>0.690284</vAcc></extensions></trkpt>
      <trkpt lon="120.955907" lat="23.469438"><ele>3802.385465</ele><time>2026-09-14T20:28:57Z</time><extensions><speed>0.330051</speed><course>124.595744</course><hAcc>1.705464</hAcc><vAcc>0.690284</vAcc></extensions></trkpt>
      <trkpt lon="120.955909" lat="23.469436"><ele>3802.472947</ele><time>2026-09-14T20:28:58Z</time><extensions><speed>0.352312</speed><course>130.281525</course><hAcc>1.719636</hAcc><vAcc>0.690284</vAcc></extensions></trkpt>
      <trkpt lon="120.955912" lat="23.469434"><ele>3802.553728</ele><time>2026-09-14T20:28:59Z</time><extensions><speed>0.350229</speed><course>136.276928</course><hAcc>1.732719</hAcc><vAcc>0.690284</vAcc></extensions></trkpt>
      <trkpt lon="120.955914" lat="23.469432"><ele>3802.628674</ele><time>2026-09-14T20:29:00Z</time><extensions><speed>0.343561</speed><course>141.654080</course><hAcc>1.740855</hAcc><vAcc>0.690284</vAcc></extensions></trkpt>
      <trkpt lon="120.955916" lat="23.469429"><ele>3802.698527</ele><time>2026-09-14T20:29:01Z</time><extensions><speed>0.326693</speed><course>146.997362</course><hAcc>1.746303</hAcc><vAcc>0.690284</vAcc></extensions></trkpt>
      <trkpt lon="120.955917" lat="23.469427"><ele>3802.763244</ele><time>2026-09-14T20:29:02Z</time><extensions><speed>0.311040</speed><course>153.889492</course><hAcc>1.748675</hAcc><vAcc>0.690284</vAcc></extensions></trkpt>
      <trkpt lon="120.955919" lat="23.469424"><ele>3802.821800</ele><time>2026-09-14T20:29:03Z</time><extensions><speed>0.304343</speed><course>163.166439</course><hAcc>1.750652</hAcc><vAcc>0.690284</vAcc></extensions></trkpt>
      <trkpt lon="120.955919" lat="23.469421"><ele>3802.872322</ele><time>2026-09-14T20:29:04Z</time><extensions><speed>0.319146</speed><course>173.030311</course><hAcc>1.752007</hAcc><vAcc>0.690284</vAcc></extensions></trkpt>
      <trkpt lon="120.955919" lat="23.469418"><ele>3802.912654</ele><time>2026-09-14T20:29:05Z</time><extensions><speed>0.356983</speed><course>179.702651</course><hAcc>1.750693</hAcc><vAcc>0.690284</vAcc></extensions></trkpt>
      <trkpt lon="120.955919" lat="23.469414"><ele>3802.940659</ele><time>2026-09-14T20:29:06Z</time><extensions><speed>0.406478</speed><course>180.382944</course><hAcc>1.751433</hAcc><vAcc>0.690284</vAcc></extensions></trkpt>
      <trkpt lon="120.955919" lat="23.469411"><ele>3802.954995</ele><time>2026-09-14T20:29:07Z</time><extensions><speed>0.445366</speed><course>179.938089</course><hAcc>1.753294</hAcc><vAcc>0.690284</vAcc></extensions></trkpt>
      <trkpt lon="120.955920" lat="23.469406"><ele>3802.955553</ele><time>2026-09-14T20:29:08Z</time><extensions><speed>0.483264</speed><course>178.813282</course><hAcc>1.754703</hAcc><vAcc>0.690284</vAcc></extensions></trkpt>
      <trkpt lon="120.955920" lat="23.469402"><ele>3802.943039</ele><time>2026-09-14T20:29:09Z</time><extensions><speed>0.514056</speed><course>178.960259</course><hAcc>1.755661</hAcc><vAcc>0.690284</vAcc></extensions></trkpt>
      <trkpt lon="120.955920" lat="23.469397"><ele>3802.919646</ele><time>2026-09-14T20:29:10Z</time><extensions><speed>0.545554</speed><course>179.323624</course><hAcc>1.755037</hAcc><vAcc>0.690284</vAcc></extensions></trkpt>
      <trkpt lon="120.955920" lat="23.469392"><ele>3802.888344</ele><time>2026-09-14T20:29:11Z</time><extensions><speed>0.583354</speed><course>178.157485</course><hAcc>1.753287</hAcc><vAcc>0.690284</vAcc></extensions></trkpt>
      <trkpt lon="120.955920" lat="23.469386"><ele>3802.852550</ele><time>2026-09-14T20:29:12Z</time><extensions><speed>0.609599</speed><course>176.099959</course><hAcc>1.752399</hAcc><vAcc>0.690283</vAcc></extensions></trkpt>
      <trkpt lon="120.955921" lat="23.469381"><ele>3802.816002</ele><time>2026-09-14T20:29:13Z</time><extensions><speed>0.621876</speed><course>171.926393</course><hAcc>1.754173</hAcc><vAcc>0.690283</vAcc></extensions></trkpt>
      <trkpt lon="120.955922" lat="23.469375"><ele>3802.782316</ele><time>2026-09-14T20:29:14Z</time><extensions><speed>0.608248</speed><course>168.516783</course><hAcc>1.754264</hAcc><vAcc>0.690283</vAcc></extensions></trkpt>
      <trkpt lon="120.955923" lat="23.469370"><ele>3802.754690</ele><time>2026-09-14T20:29:15Z</time><extensions><speed>0.569388</speed><course>164.882684</course><hAcc>1.753406</hAcc><vAcc>0.690283</vAcc></extensions></trkpt>
      <trkpt lon="120.955925" lat="23.469366"><ele>3802.735781</ele><time>2026-09-14T20:29:16Z</time><extensions><speed>0.502389</speed><course>161.162315</course><hAcc>1.752033</hAcc><vAcc>0.690283</vAcc></extensions></trkpt>
      <trkpt lon="120.955926" lat="23.469362"><ele>3802.727554</ele><time>2026-09-14T20:29:17Z</time><extensions><speed>0.417939</speed><course>155.678501</course><hAcc>1.752266</hAcc><vAcc>0.690283</vAcc></extensions></trkpt>
      <trkpt lon="120.955928" lat="23.469359"><ele>3802.730765</ele><time>2026-09-14T20:29:18Z</time><extensions><speed>0.327335</speed><course>148.004837</course><hAcc>1.751114</hAcc><vAcc>0.690283</vAcc></extensions></trkpt>
      <trkpt lon="120.955930" lat="23.469357"><ele>3802.745316</ele><time>2026-09-14T20:29:19Z</time><extensions><speed>0.237193</speed><course>136.526297</course><hAcc>1.749573</hAcc><vAcc>0.690283</vAcc></extensions></trkpt>
      <trkpt lon="120.955931" lat="23.469356"><ele>3802.770068</ele><time>2026-09-14T20:29:20Z</time><extensions><speed>0.163495</speed><course>118.916885</course><hAcc>1.747401</hAcc><vAcc>0.690283</vAcc></extensions></trkpt>
      <trkpt lon="120.955933" lat="23.469355"><ele>3802.803073</ele><time>2026-09-14T20:29:21Z</time><extensions><speed>0.126721</speed><course>96.227564</course><hAcc>1.743549</hAcc><vAcc>0.690283</vAcc></extensions></trkpt>
      <trkpt lon="120.955934" lat="23.469355"><ele>3802.841900</ele><time>2026-09-14T20:29:22Z</time><extensions><speed>0.122231</speed><course>81.137431</course><hAcc>1.738659</hAcc><vAcc>0.690283</vAcc></extensions></trkpt>
      <trkpt lon="120.955935" lat="23.469356"><ele>3802.883843</ele><time>2026-09-14T20:29:23Z</time><extensions><speed>0.108995</speed><course>62.846932</course><hAcc>1.728231</hAcc><vAcc>0.690283</vAcc></extensions></trkpt>
      <trkpt lon="120.955936" lat="23.469356"><ele>3802.926152</ele><time>2026-09-14T20:29:24Z</time><extensions><speed>0.103788</speed><course>59.680864</course><hAcc>1.718852</hAcc><vAcc>0.690283</vAcc></extensions></trkpt>
      <trkpt lon="120.955937" lat="23.469356"><ele>3802.966342</ele><time>2026-09-14T20:29:25Z</time><extensions><speed>0.089381</speed><course>58.234018</course><hAcc>1.715039</hAcc><vAcc>0.690283</vAcc></extensions></trkpt>
      <trkpt lon="120.955937" lat="23.469357"><ele>3803.002427</ele><time>2026-09-14T20:29:26Z</time><extensions><speed>0.066525</speed><course>70.252889</course><hAcc>1.728995</hAcc><vAcc>0.690283</vAcc></extensions></trkpt>
      <trkpt lon="120.955938" lat="23.469357"><ele>3803.033160</ele><time>2026-09-14T20:29:27Z</time><extensions><speed>0.048031</speed><course>94.423680</course><hAcc>1.740901</hAcc><vAcc>0.690283</vAcc></extensions></trkpt>
      <trkpt lon="120.955938" lat="23.469357"><ele>3803.058000</ele><time>2026-09-14T20:29:28Z</time><extensions><speed>0.060683</speed><course>122.408107</course><hAcc>1.719800</hAcc><vAcc>0.690283</vAcc></extensions></trkpt>
      <trkpt lon="120.955939" lat="23.469356"><ele>3803.077089</ele><time>2026-09-14T20:29:29Z</time><extensions><speed>0.084974</speed><course>136.497227</course><hAcc>1.713908</hAcc><vAcc>0.690283</vAcc></extensions></trkpt>
      <trkpt lon="120.955940" lat="23.469356"><ele>3803.091057</ele><time>2026-09-14T20:29:30Z</time><extensions><speed>0.113373</speed><course>140.910935</course><hAcc>1.721692</hAcc><vAcc>0.690283</vAcc></extensions></trkpt>
      <trkpt lon="120.955940" lat="23.469355"><ele>3803.100817</ele><time>2026-09-14T20:29:31Z</time><extensions><speed>0.128005</speed><course>141.934997</course><hAcc>1.727190</hAcc><vAcc>0.690283</vAcc></extensions></trkpt>
      <trkpt lon="120.955941" lat="23.469354"><ele>3803.107344</ele><time>2026-09-14T20:29:32Z</time><extensions><speed>0.120545</speed><course>142.415138</course><hAcc>1.726261</hAcc><vAcc>0.690283</vAcc></extensions></trkpt>
      <trkpt lon="120.955942" lat="23.469353"><ele>3803.111539</ele><time>2026-09-14T20:29:33Z</time><extensions><speed>0.092104</speed><course>145.466319</course><hAcc>1.724775</hAcc><vAcc>0.690283</vAcc></extensions></trkpt>
      <trkpt lon="120.955942" lat="23.469352"><ele>3803.114094</ele><time>2026-09-14T20:29:34Z</time><extensions><speed>0.052378</speed><course>158.471425</course><hAcc>1.729884</hAcc><vAcc>0.690283</vAcc></extensions></trkpt>
      <trkpt lon="120.955942" lat="23.469352"><ele>3803.115453</ele><time>2026-09-14T20:29:35Z</time><extensions><speed>0.036094</speed><course>174.946401</course><hAcc>1.748703</hAcc><vAcc>0.690283</vAcc></extensions></trkpt>
      <trkpt lon="120.955942" lat="23.469352"><ele>3803.115874</ele><time>2026-09-14T20:29:36Z</time><extensions><speed>0.035006</speed><course>218.370270</course><hAcc>1.748739</hAcc><vAcc>0.690283</vAcc></extensions></trkpt>
      <trkpt lon="120.955942" lat="23.469352"><ele>3803.115509</ele><time>2026-09-14T20:29:37Z</time><extensions><speed>0.056360</speed><course>238.138273</course><hAcc>1.729606</hAcc><vAcc>0.690283</vAcc></extensions></trkpt>
      <trkpt lon="120.955941" lat="23.469351"><ele>3803.114540</ele><time>2026-09-14T20:29:38Z</time><extensions><speed>0.073914</speed><course>240.047854</course><hAcc>1.726393</hAcc><vAcc>0.690283</vAcc></extensions></trkpt>
      <trkpt lon="120.955940" lat="23.469351"><ele>3803.113185</ele><time>2026-09-14T20:29:39Z</time><extensions><speed>0.091525</speed><course>239.315713</course><hAcc>1.731790</hAcc><vAcc>0.690283</vAcc></extensions></trkpt>
      <trkpt lon="120.955940" lat="23.469350"><ele>3803.111681</ele><time>2026-09-14T20:29:40Z</time><extensions><speed>0.105762</speed><course>239.505342</course><hAcc>1.734921</hAcc><vAcc>0.690283</vAcc></extensions></trkpt>
      <trkpt lon="120.955939" lat="23.469350"><ele>3803.110298</ele><time>2026-09-14T20:29:41Z</time><extensions><speed>0.112419</speed><course>242.342345</course><hAcc>1.728409</hAcc><vAcc>0.690283</vAcc></extensions></trkpt>
      <trkpt lon="120.955938" lat="23.469349"><ele>3803.109344</ele><time>2026-09-14T20:29:42Z</time><extensions><speed>0.090812</speed><course>237.962213</course><hAcc>1.720832</hAcc><vAcc>0.690283</vAcc></extensions></trkpt>
      <trkpt lon="120.955937" lat="23.469349"><ele>3803.109017</ele><time>2026-09-14T20:29:43Z</time><extensions><speed>0.053694</speed><course>234.783980</course><hAcc>1.725175</hAcc><vAcc>0.690283</vAcc></extensions></trkpt>
      <trkpt lon="120.955937" lat="23.469349"><ele>3803.109418</ele><time>2026-09-14T20:29:44Z</time><extensions><speed>0.015593</speed><course>223.087420</course><hAcc>1.744540</hAcc><vAcc>0.690283</vAcc></extensions></trkpt>
      <trkpt lon="120.955937" lat="23.469349"><ele>3803.110616</ele><time>2026-09-14T20:29:45Z</time><extensions><speed>0.017567</speed><course>81.812693</course><hAcc>1.752153</hAcc><vAcc>0.690283</vAcc></extensions></trkpt>
      <trkpt lon="120.955937" lat="23.469349"><ele>3803.112438</ele><time>2026-09-14T20:29:46Z</time><extensions><speed>0.054221</speed><course>72.440222</course><hAcc>1.730498</hAcc><vAcc>0.690283</vAcc></extensions></trkpt>
      <trkpt lon="120.955938" lat="23.469349"><ele>3803.114529</ele><time>2026-09-14T20:29:47Z</time><extensions><speed>0.083526</speed><course>70.708745</course><hAcc>1.733037</hAcc><vAcc>0.690283</vAcc></extensions></trkpt>
      <trkpt lon="120.955939" lat="23.469349"><ele>3803.116531</ele><time>2026-09-14T20:29:48Z</time><extensions><speed>0.094449</speed><course>69.759855</course><hAcc>1.752490</hAcc><vAcc>0.690283</vAcc></extensions></trkpt>
      <trkpt lon="120.955940" lat="23.469350"><ele>3803.118119</ele><time>2026-09-14T20:29:49Z</time><extensions><speed>0.090803</speed><course>74.649041</course><hAcc>1.770836</hAcc><vAcc>0.690283</vAcc></extensions></trkpt>
      <trkpt lon="120.955940" lat="23.469350"><ele>3803.118909</ele><time>2026-09-14T20:29:50Z</time><extensions><speed>0.065701</speed><course>75.013623</course><hAcc>1.777555</hAcc><vAcc>0.690283</vAcc></extensions></trkpt>
      <trkpt lon="120.955941" lat="23.469350"><ele>3803.118563</ele><time>2026-09-14T20:29:51Z</time><extensions><speed>0.027150</speed><course>50.423226</course><hAcc>1.776568</hAcc><vAcc>0.690283</vAcc></extensions></trkpt>
      <trkpt lon="120.955941" lat="23.469350"><ele>3803.116918</ele><time>2026-09-14T20:29:52Z</time><extensions><speed>0.012749</speed><course>327.540564</course><hAcc>1.780626</hAcc><vAcc>0.690283</vAcc></extensions></trkpt>
      <trkpt lon="120.955941" lat="23.469350"><ele>3803.114015</ele><time>2026-09-14T20:29:53Z</time><extensions><speed>0.018762</speed><course>169.790995</course><hAcc>1.783863</hAcc><vAcc>0.690283</vAcc></extensions></trkpt>
      <trkpt lon="120.955941" lat="23.469350"><ele>3803.110073</ele><time>2026-09-14T20:29:54Z</time><extensions><speed>0.043356</speed><course>163.081374</course><hAcc>1.779297</hAcc><vAcc>0.690283</vAcc></extensions></trkpt>
      <trkpt lon="120.955941" lat="23.469349"><ele>3803.105566</ele><time>2026-09-14T20:29:55Z</time><extensions><speed>0.052166</speed><course>161.527870</course><hAcc>1.771524</hAcc><vAcc>0.690283</vAcc></extensions></trkpt>
      <trkpt lon="120.955941" lat="23.469349"><ele>3803.101093</ele><time>2026-09-14T20:29:56Z</time><extensions><speed>0.045657</speed><course>160.999762</course><hAcc>1.763929</hAcc><vAcc>0.690283</vAcc></extensions></trkpt>
      <trkpt lon="120.955941" lat="23.469349"><ele>3803.097155</ele><time>2026-09-14T20:29:57Z</time><extensions><speed>0.034926</speed><course>160.719566</course><hAcc>1.756077</hAcc><vAcc>0.690283</vAcc></extensions></trkpt>
      <trkpt lon="120.955941" lat="23.469348"><ele>3803.093939</ele><time>2026-09-14T20:29:58Z</time><extensions><speed>0.024281</speed><course>158.740002</course><hAcc>1.747662</hAcc><vAcc>0.690283</vAcc></extensions></trkpt>
      <trkpt lon="120.955942" lat="23.469348"><ele>3803.091307</ele><time>2026-09-14T20:29:59Z</time><extensions><speed>0.015900</speed><course>158.119464</course><hAcc>1.737537</hAcc><vAcc>0.690283</vAcc></extensions></trkpt>
      <trkpt lon="120.955942" lat="23.469348"><ele>3803.088914</ele><time>2026-09-14T20:30:00Z</time><extensions><speed>0.009758</speed><course>156.965029</course><hAcc>1.727117</hAcc><vAcc>0.690283</vAcc></extensions></trkpt>
      <trkpt lon="120.955942" lat="23.469348"><ele>3803.086210</ele><time>2026-09-14T20:30:01Z</time><extensions><speed>0.005181</speed><course>154.837163</course><hAcc>1.723075</hAcc><vAcc>0.690283</vAcc></extensions></trkpt>
      <trkpt lon="120.955942" lat="23.469348"><ele>3803.082656</ele><time>2026-09-14T20:30:02Z</time><extensions><speed>0.001633</speed><course>145.825610</course><hAcc>1.728333</hAcc><vAcc>0.690283</vAcc></extensions></trkpt>
      <trkpt lon="120.955942" lat="23.469348"><ele>3803.077891</ele><time>2026-09-14T20:30:03Z</time><extensions><speed>0.001482</speed><course>26.069514</course><hAcc>1.739412</hAcc><vAcc>0.690283</vAcc></extensions></trkpt>
      <trkpt lon="120.955942" lat="23.469348"><ele>3803.071780</ele><time>2026-09-14T20:30:04Z</time><extensions><speed>0.004370</speed><course>6.034676</course><hAcc>1.741407</hAcc><vAcc>0.690283</vAcc></extensions></trkpt>
      <trkpt lon="120.955942" lat="23.469348"><ele>3803.064291</ele><time>2026-09-14T20:30:05Z</time><extensions><speed>0.008806</speed><course>0.055060</course><hAcc>1.729668</hAcc><vAcc>0.690283</vAcc></extensions></trkpt>
      <trkpt lon="120.955942" lat="23.469348"><ele>3803.055543</ele><time>2026-09-14T20:30:06Z</time><extensions><speed>0.012616</speed><course>351.479067</course><hAcc>1.734104</hAcc><vAcc>0.690283</vAcc></extensions></trkpt>
      <trkpt lon="120.955942" lat="23.469348"><ele>3803.045706</ele><time>2026-09-14T20:30:07Z</time><extensions><speed>0.016594</speed><course>338.236677</course><hAcc>1.745247</hAcc><vAcc>0.690283</vAcc></extensions></trkpt>
      <trkpt lon="120.955942" lat="23.469348"><ele>3803.034880</ele><time>2026-09-14T20:30:08Z</time><extensions><speed>0.021611</speed><course>316.603340</course><hAcc>1.750492</hAcc><vAcc>0.690283</vAcc></extensions></trkpt>
      <trkpt lon="120.955941" lat="23.469349"><ele>3803.023269</ele><time>2026-09-14T20:30:09Z</time><extensions><speed>0.009341</speed><course>322.441946</course><hAcc>1.749057</hAcc><vAcc>0.690283</vAcc></extensions></trkpt>
      <trkpt lon="120.955942" lat="23.469349"><ele>3803.011197</ele><time>2026-09-14T20:30:10Z</time><extensions><speed>0.018640</speed><course>93.368728</course><hAcc>1.751066</hAcc><vAcc>0.690283</vAcc></extensions></trkpt>
      <trkpt lon="120.955942" lat="23.469349"><ele>3802.999092</ele><time>2026-09-14T20:30:11Z</time><extensions><speed>0.044982</speed><course>101.939936</course><hAcc>1.756230</hAcc><vAcc>0.690283</vAcc></extensions></trkpt>
      <trkpt lon="120.955942" lat="23.469348"><ele>3802.987467</ele><time>2026-09-14T20:30:12Z</time><extensions><speed>0.067014</speed><course>110.885602</course><hAcc>1.758501</hAcc><vAcc>0.690283</vAcc></extensions></trkpt>
      <trkpt lon="120.955943" lat="23.469348"><ele>3802.976964</ele><time>2026-09-14T20:30:13Z</time><extensions><speed>0.091394</speed><course>122.189646</course><hAcc>1.731972</hAcc><vAcc>0.690283</vAcc></extensions></trkpt>
      <trkpt lon="120.955944" lat="23.469347"><ele>3802.967977</ele><time>2026-09-14T20:30:14Z</time><extensions><speed>0.106325</speed><course>136.235331</course><hAcc>1.719121</hAcc><vAcc>0.690283</vAcc></extensions></trkpt>
      <trkpt lon="120.955945" lat="23.469346"><ele>3802.960742</ele><time>2026-09-14T20:30:15Z</time><extensions><speed>0.123606</speed><course>147.783667</course><hAcc>1.710136</hAcc><vAcc>0.690283</vAcc></extensions></trkpt>
      <trkpt lon="120.955945" lat="23.469345"><ele>3802.955204</ele><time>2026-09-14T20:30:16Z</time><extensions><speed>0.139260</speed><course>152.737430</course><hAcc>1.700937</hAcc><vAcc>0.690283</vAcc></extensions></trkpt>
      <trkpt lon="120.955946" lat="23.469344"><ele>3802.950969</ele><time>2026-09-14T20:30:17Z</time><extensions><speed>0.152685</speed><course>152.725377</course><hAcc>1.694128</hAcc><vAcc>0.690283</vAcc></extensions></trkpt>
      <trkpt lon="120.955947" lat="23.469343"><ele>3802.947368</ele><time>2026-09-14T20:30:18Z</time><extensions><speed>0.171221</speed><course>151.240038</course><hAcc>1.691857</hAcc><vAcc>0.690283</vAcc></extensions></trkpt>
      <trkpt lon="120.955948" lat="23.469341"><ele>3802.943478</ele><time>2026-09-14T20:30:19Z</time><extensions><speed>0.204382</speed><course>149.763769</course><hAcc>1.694687</hAcc><vAcc>0.690283</vAcc></extensions></trkpt>
      <trkpt lon="120.955949" lat="23.469340"><ele>3802.938304</ele><time>2026-09-14T20:30:20Z</time><extensions><speed>0.240551</speed><course>148.727691</course><hAcc>1.708544</hAcc><vAcc>0.690283</vAcc></extensions></trkpt>
      <trkpt lon="120.955950" lat="23.469337"><ele>3802.930965</ele><time>2026-09-14T20:30:21Z</time><extensions><speed>0.307438</speed><course>148.138651</course><hAcc>1.710444</hAcc><vAcc>0.690283</vAcc></extensions></trkpt>
      <trkpt lon="120.955952" lat="23.469335"><ele>3802.920817</ele><time>2026-09-14T20:30:22Z</time><extensions><speed>0.392344</speed><course>147.900948</course><hAcc>1.691395</hAcc><vAcc>0.690283</vAcc></extensions></trkpt>
      <trkpt lon="120.955954" lat="23.469332"><ele>3802.907468</ele><time>2026-09-14T20:30:23Z</time><extensions><speed>0.349079</speed><course>148.120500</course><hAcc>1.696955</hAcc><vAcc>0.690283</vAcc></extensions></trkpt>
      <trkpt lon="120.955955" lat="23.469330"><ele>3802.890917</ele><time>2026-09-14T20:30:24Z</time><extensions><speed>0.269718</speed><course>147.579953</course><hAcc>1.717277</hAcc><vAcc>0.690283</vAcc></extensions></trkpt>
      <trkpt lon="120.955957" lat="23.469328"><ele>3802.871450</ele><time>2026-09-14T20:30:25Z</time><extensions><speed>0.179201</speed><course>147.964028</course><hAcc>1.732670</hAcc><vAcc>0.690283</vAcc></extensions></trkpt>
      <trkpt lon="120.955957" lat="23.469327"><ele>3802.849527</ele><time>2026-09-14T20:30:26Z</time><extensions><speed>0.099467</speed><course>150.079980</course><hAcc>1.736442</hAcc><vAcc>0.690283</vAcc></extensions></trkpt>
      <trkpt lon="120.955958" lat="23.469326"><ele>3802.825631</ele><time>2026-09-14T20:30:27Z</time><extensions><speed>0.031690</speed><course>163.976768</course><hAcc>1.730387</hAcc><vAcc>0.690283</vAcc></extensions></trkpt>
      <trkpt lon="120.955957" lat="23.469326"><ele>3802.800284</ele><time>2026-09-14T20:30:28Z</time><extensions><speed>0.033809</speed><course>303.957024</course><hAcc>1.716519</hAcc><vAcc>0.690283</vAcc></extensions></trkpt>
      <trkpt lon="120.955957" lat="23.469327"><ele>3802.774018</ele><time>2026-09-14T20:30:29Z</time><extensions><speed>0.089971</speed><course>315.625508</course><hAcc>1.703975</hAcc><vAcc>0.690283</vAcc></extensions></trkpt>
      <trkpt lon="120.955956" lat="23.469328"><ele>3802.747301</ele><time>2026-09-14T20:30:30Z</time><extensions><speed>0.142816</speed><course>317.994125</course><hAcc>1.696992</hAcc><vAcc>0.690283</vAcc></extensions></trkpt>
      <trkpt lon="120.955955" lat="23.469329"><ele>3802.720466</ele><time>2026-09-14T20:30:31Z</time><extensions><speed>0.185096</speed><course>319.127993</course><hAcc>1.697118</hAcc><vAcc>0.690283</vAcc></extensions></trkpt>
      <trkpt lon="120.955954" lat="23.469330"><ele>3802.693811</ele><time>2026-09-14T20:30:32Z</time><extensions><speed>0.237409</speed><course>320.193065</course><hAcc>1.683279</hAcc><vAcc>0.690283</vAcc></extensions></trkpt>
      <trkpt lon="120.955952" lat="23.469332"><ele>3802.667475</ele><time>2026-09-14T20:30:33Z</time><extensions><speed>0.274731</speed><course>322.025102</course><hAcc>1.666657</hAcc><vAcc>0.690282</vAcc></extensions></trkpt>
      <trkpt lon="120.955951" lat="23.469334"><ele>3802.641457</ele><time>2026-09-14T20:30:34Z</time><extensions><speed>0.199225</speed><course>327.314598</course><hAcc>1.685675</hAcc><vAcc>0.690282</vAcc></extensions></trkpt>
      <trkpt lon="120.955950" lat="23.469335"><ele>3802.615698</ele><time>2026-09-14T20:30:35Z</time><extensions><speed>0.168489</speed><course>334.919903</course><hAcc>1.684752</hAcc><vAcc>0.690281</vAcc></extensions></trkpt>
      <trkpt lon="120.955949" lat="23.469337"><ele>3802.590153</ele><time>2026-09-14T20:30:36Z</time><extensions><speed>0.184179</speed><course>341.552489</course><hAcc>1.655727</hAcc><vAcc>0.690280</vAcc></extensions></trkpt>
      <trkpt lon="120.955949" lat="23.469338"><ele>3802.565031</ele><time>2026-09-14T20:30:37Z</time><extensions><speed>0.150852</speed><course>352.189551</course><hAcc>1.651146</hAcc><vAcc>0.690280</vAcc></extensions></trkpt>
      <trkpt lon="120.955949" lat="23.469339"><ele>3802.540653</ele><time>2026-09-14T20:30:38Z</time><extensions><speed>0.114797</speed><course>0.473296</course><hAcc>1.664315</hAcc><vAcc>0.690281</vAcc></extensions></trkpt>
      <trkpt lon="120.955949" lat="23.469340"><ele>3802.517393</ele><time>2026-09-14T20:30:39Z</time><extensions><speed>0.086773</speed><course>4.588604</course><hAcc>1.676290</hAcc><vAcc>0.690281</vAcc></extensions></trkpt>
      <trkpt lon="120.955949" lat="23.469341"><ele>3802.495603</ele><time>2026-09-14T20:30:40Z</time><extensions><speed>0.072886</speed><course>5.611502</course><hAcc>1.681974</hAcc><vAcc>0.690282</vAcc></extensions></trkpt>
      <trkpt lon="120.955949" lat="23.469342"><ele>3802.475590</ele><time>2026-09-14T20:30:41Z</time><extensions><speed>0.068282</speed><course>4.452905</course><hAcc>1.691789</hAcc><vAcc>0.690282</vAcc></extensions></trkpt>
      <trkpt lon="120.955949" lat="23.469342"><ele>3802.457459</ele><time>2026-09-14T20:30:42Z</time><extensions><speed>0.070524</speed><course>2.389270</course><hAcc>1.702266</hAcc><vAcc>0.690282</vAcc></extensions></trkpt>
      <trkpt lon="120.955949" lat="23.469343"><ele>3802.441175</ele><time>2026-09-14T20:30:43Z</time><extensions><speed>0.092343</speed><course>0.772411</course><hAcc>1.689125</hAcc><vAcc>0.690282</vAcc></extensions></trkpt>
      <trkpt lon="120.955949" lat="23.469344"><ele>3802.426652</ele><time>2026-09-14T20:30:44Z</time><extensions><speed>0.091098</speed><course>359.988342</course><hAcc>1.697456</hAcc><vAcc>0.690282</vAcc></extensions></trkpt>
      <trkpt lon="120.955949" lat="23.469345"><ele>3802.413882</ele><time>2026-09-14T20:30:45Z</time><extensions><speed>0.073798</speed><course>359.645543</course><hAcc>1.716376</hAcc><vAcc>0.690282</vAcc></extensions></trkpt>
      <trkpt lon="120.955949" lat="23.469345"><ele>3802.402744</ele><time>2026-09-14T20:30:46Z</time><extensions><speed>0.054451</speed><course>359.445923</course><hAcc>1.730477</hAcc><vAcc>0.690283</vAcc></extensions></trkpt>
      <trkpt lon="120.955949" lat="23.469346"><ele>3802.393049</ele><time>2026-09-14T20:30:47Z</time><extensions><speed>0.038165</speed><course>359.311455</course><hAcc>1.736725</hAcc><vAcc>0.690283</vAcc></extensions></trkpt>
      <trkpt lon="120.955949" lat="23.469346"><ele>3802.384593</ele><time>2026-09-14T20:30:48Z</time><extensions><speed>0.024718</speed><course>352.929540</course><hAcc>1.737168</hAcc><vAcc>0.690283</vAcc></extensions></trkpt>
      <trkpt lon="120.955949" lat="23.469346"><ele>3802.377245</ele><time>2026-09-14T20:30:49Z</time><extensions><speed>0.015458</speed><course>334.584566</course><hAcc>1.734442</hAcc><vAcc>0.690283</vAcc></extensions></trkpt>
      <trkpt lon="120.955949" lat="23.469346"><ele>3802.370967</ele><time>2026-09-14T20:30:50Z</time><extensions><speed>0.012689</speed><course>295.298536</course><hAcc>1.731237</hAcc><vAcc>0.690283</vAcc></extensions></trkpt>
      <trkpt lon="120.955949" lat="23.469346"><ele>3802.365861</ele><time>2026-09-14T20:30:51Z</time><extensions><speed>0.018153</speed><course>263.931830</course><hAcc>1.727422</hAcc><vAcc>0.690282</vAcc></extensions></trkpt>
      <trkpt lon="120.955949" lat="23.469346"><ele>3802.362212</ele><time>2026-09-14T20:30:52Z</time><extensions><speed>0.028446</speed><course>251.732356</course><hAcc>1.721909</hAcc><vAcc>0.690282</vAcc></extensions></trkpt>
      <trkpt lon="120.955948" lat="23.469346"><ele>3802.360342</ele><time>2026-09-14T20:30:53Z</time><extensions><speed>0.042674</speed><course>247.257421</course><hAcc>1.714072</hAcc><vAcc>0.690282</vAcc></extensions></trkpt>
      <trkpt lon="120.955948" lat="23.469346"><ele>3802.360418</ele><time>2026-09-14T20:30:54Z</time><extensions><speed>0.060352</speed><course>245.565382</course><hAcc>1.706206</hAcc><vAcc>0.690282</vAcc></extensions></trkpt>
      <trkpt lon="120.955947" lat="23.469346"><ele>3802.362451</ele><time>2026-09-14T20:30:55Z</time><extensions><speed>0.082516</speed><course>244.971090</course><hAcc>1.696973</hAcc><vAcc>0.690282</vAcc></extensions></trkpt>
      <trkpt lon="120.955946" lat="23.469345"><ele>3802.366330</ele><time>2026-09-14T20:30:56Z</time><extensions><speed>0.104823</speed><course>244.895891</course><hAcc>1.690309</hAcc><vAcc>0.690282</vAcc></extensions></trkpt>
      <trkpt lon="120.955945" lat="23.469345"><ele>3802.371827</ele><time>2026-09-14T20:30:57Z</time><extensions><speed>0.124842</speed><course>245.226576</course><hAcc>1.681912</hAcc><vAcc>0.690283</vAcc></extensions></trkpt>
      <trkpt lon="120.955944" lat="23.469344"><ele>3802.378680</ele><time>2026-09-14T20:30:58Z</time><extensions><speed>0.123859</speed><course>246.779577</course><hAcc>1.675524</hAcc><vAcc>0.690283</vAcc></extensions></trkpt>
      <trkpt lon="120.955943" lat="23.469344"><ele>3802.386697</ele><time>2026-09-14T20:30:59Z</time><extensions><speed>0.094068</speed><course>246.223420</course><hAcc>1.678600</hAcc><vAcc>0.690283</vAcc></extensions></trkpt>
      <trkpt lon="120.955942" lat="23.469344"><ele>3802.395745</ele><time>2026-09-14T20:31:00Z</time><extensions><speed>0.068289</speed><course>247.055398</course><hAcc>1.679768</hAcc><vAcc>0.690283</vAcc></extensions></trkpt>
      <trkpt lon="120.955942" lat="23.469343"><ele>3802.405707</ele><time>2026-09-14T20:31:01Z</time><extensions><speed>0.048028</speed><course>250.115148</course><hAcc>1.678060</hAcc><vAcc>0.690283</vAcc></extensions></trkpt>
      <trkpt lon="120.955941" lat="23.469343"><ele>3802.416424</ele><time>2026-09-14T20:31:02Z</time><extensions><speed>0.034111</speed><course>257.983468</course><hAcc>1.678974</hAcc><vAcc>0.690283</vAcc></extensions></trkpt>
      <trkpt lon="120.955941" lat="23.469343"><ele>3802.427679</ele><time>2026-09-14T20:31:03Z</time><extensions><speed>0.018289</speed><course>282.527192</course><hAcc>1.704382</hAcc><vAcc>0.690283</vAcc></extensions></trkpt>
      <trkpt lon="120.955941" lat="23.469343"><ele>3802.439159</ele><time>2026-09-14T20:31:04Z</time><extensions><speed>0.020481</speed><course>332.821129</course><hAcc>1.696941</hAcc><vAcc>0.690283</vAcc></extensions></trkpt>
      <trkpt lon="120.955941" lat="23.469344"><ele>3802.450564</ele><time>2026-09-14T20:31:05Z</time><extensions><speed>0.033560</speed><course>0.285986</course><hAcc>1.699065</hAcc><vAcc>0.690283</vAcc></extensions></trkpt>
      <trkpt lon="120.955941" lat="23.469344"><ele>3802.461646</ele><time>2026-09-14T20:31:06Z</time><extensions><speed>0.050099</speed><course>10.319549</course><hAcc>1.710148</hAcc><vAcc>0.690283</vAcc></extensions></trkpt>
      <trkpt lon="120.955941" lat="23.469345"><ele>3802.472281</ele><time>2026-09-14T20:31:07Z</time><extensions><speed>0.064506</speed><course>13.298543</course><hAcc>1.718951</hAcc><vAcc>0.690283</vAcc></extensions></trkpt>
      <trkpt lon="120.955941" lat="23.469345"><ele>3802.482453</ele><time>2026-09-14T20:31:08Z</time><extensions><speed>0.067089</speed><course>11.494726</course><hAcc>1.726070</hAcc><vAcc>0.690283</vAcc></extensions></trkpt>
      <trkpt lon="120.955942" lat="23.469346"><ele>3802.492266</ele><time>2026-09-14T20:31:09Z</time><extensions><speed>0.050964</speed><course>18.925479</course><hAcc>1.734312</hAcc><vAcc>0.690283</vAcc></extensions></trkpt>
      <trkpt lon="120.955942" lat="23.469346"><ele>3802.501860</ele><time>2026-09-14T20:31:10Z</time><extensions><speed>0.040672</speed><course>27.721930</course><hAcc>1.727190</hAcc><vAcc>0.690283</vAcc></extensions></trkpt>
      <trkpt lon="120.955942" lat="23.469346"><ele>3802.511370</ele><time>2026-09-14T20:31:11Z</time><extensions><speed>0.031564</speed><course>46.180904</course><hAcc>1.725687</hAcc><vAcc>0.690283</vAcc></extensions></trkpt>
      <trkpt lon="120.955942" lat="23.469346"><ele>3802.520886</ele><time>2026-09-14T20:31:12Z</time><extensions><speed>0.029965</speed><course>70.169128</course><hAcc>1.723350</hAcc><vAcc>0.690283</vAcc></extensions></trkpt>
      <trkpt lon="120.955942" lat="23.469346"><ele>3802.530501</ele><time>2026-09-14T20:31:13Z</time><extensions><speed>0.035128</speed><course>88.915656</course><hAcc>1.716562</hAcc><vAcc>0.690283</vAcc></extensions></trkpt>
      <trkpt lon="120.955943" lat="23.469346"><ele>3802.540218</ele><time>2026-09-14T20:31:14Z</time><extensions><speed>0.041582</speed><course>98.811387</course><hAcc>1.705891</hAcc><vAcc>0.690283</vAcc></extensions></trkpt>
      <trkpt lon="120.955943" lat="23.469346"><ele>3802.549988</ele><time>2026-09-14T20:31:15Z</time><extensions><speed>0.042916</speed><course>102.425866</course><hAcc>1.689926</hAcc><vAcc>0.690283</vAcc></extensions></trkpt>
      <trkpt lon="120.955944" lat="23.469346"><ele>3802.559764</ele><time>2026-09-14T20:31:16Z</time><extensions><speed>0.037175</speed><course>105.096844</course><hAcc>1.682965</hAcc><vAcc>0.690283</vAcc></extensions></trkpt>
      <trkpt lon="120.955944" lat="23.469346"><ele>3802.569560</ele><time>2026-09-14T20:31:17Z</time><extensions><speed>0.026701</speed><course>106.416563</course><hAcc>1.681003</hAcc><vAcc>0.690283</vAcc></extensions></trkpt>
      <trkpt lon="120.955944" lat="23.469346"><ele>3802.579427</ele><time>2026-09-14T20:31:18Z</time><extensions><speed>0.019006</speed><course>107.204737</course><hAcc>1.671882</hAcc><vAcc>0.690283</vAcc></extensions></trkpt>
      <trkpt lon="120.955944" lat="23.469346"><ele>3802.589561</ele><time>2026-09-14T20:31:19Z</time><extensions><speed>0.013212</speed><course>107.679907</course><hAcc>1.667632</hAcc><vAcc>0.690283</vAcc></extensions></trkpt>
      <trkpt lon="120.955944" lat="23.469346"><ele>3802.600115</ele><time>2026-09-14T20:31:20Z</time><extensions><speed>0.008690</speed><course>107.978893</course><hAcc>1.672217</hAcc><vAcc>0.690283</vAcc></extensions></trkpt>
      <trkpt lon="120.955944" lat="23.469346"><ele>3802.611141</ele><time>2026-09-14T20:31:21Z</time><extensions><speed>0.006639</speed><course>108.165080</course><hAcc>1.664516</hAcc><vAcc>0.690283</vAcc></extensions></trkpt>
      <trkpt lon="120.955945" lat="23.469346"><ele>3802.622610</ele><time>2026-09-14T20:31:22Z</time><extensions><speed>0.005292</speed><course>108.264823</course><hAcc>1.665122</hAcc><vAcc>0.690283</vAcc></extensions></trkpt>
      <trkpt lon="120.955945" lat="23.469346"><ele>3802.634263</ele><time>2026-09-14T20:31:23Z</time><extensions><speed>0.003360</speed><course>108.323709</course><hAcc>1.693266</hAcc><vAcc>0.690283</vAcc></extensions></trkpt>
      <trkpt lon="120.955945" lat="23.469346"><ele>3802.645667</ele><time>2026-09-14T20:31:24Z</time><extensions><speed>0.002761</speed><course>108.362923</course><hAcc>1.690000</hAcc><vAcc>0.690283</vAcc></extensions></trkpt>
      <trkpt lon="120.955945" lat="23.469346"><ele>3802.656258</ele><time>2026-09-14T20:31:25Z</time><extensions><speed>0.003145</speed><course>121.404353</course><hAcc>1.696924</hAcc><vAcc>0.690283</vAcc></extensions></trkpt>
      <trkpt lon="120.955945" lat="23.469346"><ele>3802.665400</ele><time>2026-09-14T20:31:26Z</time><extensions><speed>0.004191</speed><course>131.436832</course><hAcc>1.711742</hAcc><vAcc>0.690283</vAcc></extensions></trkpt>
      <trkpt lon="120.955945" lat="23.469346"><ele>3802.672459</ele><time>2026-09-14T20:31:27Z</time><extensions><speed>0.006110</speed><course>137.237883</course><hAcc>1.723979</hAcc><vAcc>0.690283</vAcc></extensions></trkpt>
      <trkpt lon="120.955945" lat="23.469346"><ele>3802.676912</ele><time>2026-09-14T20:31:28Z</time><extensions><speed>0.009232</speed><course>140.042594</course><hAcc>1.731014</hAcc><vAcc>0.690283</vAcc></extensions></trkpt>
      <trkpt lon="120.955945" lat="23.469346"><ele>3802.678408</ele><time>2026-09-14T20:31:29Z</time><extensions><speed>0.013923</speed><course>141.283033</course><hAcc>1.734088</hAcc><vAcc>0.690283</vAcc></extensions></trkpt>
      <trkpt lon="120.955945" lat="23.469346"><ele>3802.676882</ele><time>2026-09-14T20:31:30Z</time><extensions><speed>0.020673</speed><course>141.813856</course><hAcc>1.734939</hAcc><vAcc>0.690283</vAcc></extensions></trkpt>
      <trkpt lon="120.955945" lat="23.469345"><ele>3802.672631</ele><time>2026-09-14T20:31:31Z</time><extensions><speed>0.029818</speed><course>142.039049</course><hAcc>1.735228</hAcc><vAcc>0.690283</vAcc></extensions></trkpt>
      <trkpt lon="120.955945" lat="23.469345"><ele>3802.666155</ele><time>2026-09-14T20:31:32Z</time><extensions><speed>0.041390</speed><course>142.136131</course><hAcc>1.735154</hAcc><vAcc>0.690283</vAcc></extensions></trkpt>
      <trkpt lon="120.955946" lat="23.469345"><ele>3802.658089</ele><time>2026-09-14T20:31:33Z</time><extensions><speed>0.054648</speed><course>142.180066</course><hAcc>1.733112</hAcc><vAcc>0.690283</vAcc></extensions></trkpt>
      <trkpt lon="120.955946" lat="23.469344"><ele>3802.649115</ele><time>2026-09-14T20:31:34Z</time><extensions><speed>0.065759</speed><course>142.204724</course><hAcc>1.728278</hAcc><vAcc>0.690283</vAcc></extensions></trkpt>
      <trkpt lon="120.955946" lat="23.469344"><ele>3802.639891</ele><time>2026-09-14T20:31:35Z</time><extensions><speed>0.064509</speed><course>142.230873</course><hAcc>1.721074</hAcc><vAcc>0.690283</vAcc></extensions></trkpt>
      <trkpt lon="120.955947" lat="23.469344"><ele>3802.631076</ele><time>2026-09-14T20:31:36Z</time><extensions><speed>0.054701</speed><course>141.036589</course><hAcc>1.715146</hAcc><vAcc>0.690283</vAcc></extensions></trkpt>
      <trkpt lon="120.955947" lat="23.469343"><ele>3802.623257</ele><time>2026-09-14T20:31:37Z</time><extensions><speed>0.041641</speed><course>140.409069</course><hAcc>1.708139</hAcc><vAcc>0.690283</vAcc></extensions></trkpt>
      <trkpt lon="120.955947" lat="23.469343"><ele>3802.616936</ele><time>2026-09-14T20:31:38Z</time><extensions><speed>0.029331</speed><course>138.080316</course><hAcc>1.702774</hAcc><vAcc>0.690283</vAcc></extensions></trkpt>
      <trkpt lon="120.955947" lat="23.469343"><ele>3802.612488</ele><time>2026-09-14T20:31:39Z</time><extensions><speed>0.022184</speed><course>136.186926</course><hAcc>1.690593</hAcc><vAcc>0.690283</vAcc></extensions></trkpt>
      <trkpt lon="120.955948" lat="23.469343"><ele>3802.610108</ele><time>2026-09-14T20:31:40Z</time><extensions><speed>0.017550</speed><course>135.809546</course><hAcc>1.687014</hAcc><vAcc>0.690283</vAcc></extensions></trkpt>
      <trkpt lon="120.955948" lat="23.469342"><ele>3802.609815</ele><time>2026-09-14T20:31:41Z</time><extensions><speed>0.016015</speed><course>137.236067</course><hAcc>1.692386</hAcc><vAcc>0.690283</vAcc></extensions></trkpt>
      <trkpt lon="120.955948" lat="23.469342"><ele>3802.611532</ele><time>2026-09-14T20:31:42Z</time><extensions><speed>0.019224</speed><course>141.851012</course><hAcc>1.701514</hAcc><vAcc>0.690283</vAcc></extensions></trkpt>
      <trkpt lon="120.955948" lat="23.469342"><ele>3802.615099</ele><time>2026-09-14T20:31:43Z</time><extensions><speed>0.027146</speed><course>145.994538</course><hAcc>1.711066</hAcc><vAcc>0.690283</vAcc></extensions></trkpt>
      <trkpt lon="120.955948" lat="23.469342"><ele>3802.620296</ele><time>2026-09-14T20:31:44Z</time><extensions><speed>0.049355</speed><course>150.320708</course><hAcc>1.697884</hAcc><vAcc>0.690283</vAcc></extensions></trkpt>
      <trkpt lon="120.955949" lat="23.469341"><ele>3802.626891</ele><time>2026-09-14T20:31:45Z</time><extensions><speed>0.075940</speed><course>154.391399</course><hAcc>1.704657</hAcc><vAcc>0.690283</vAcc></extensions></trkpt>
      <trkpt lon="120.955949" lat="23.469340"><ele>3802.634509</ele><time>2026-09-14T20:31:46Z</time><extensions><speed>0.110041</speed><course>158.650815</course><hAcc>1.722074</hAcc><vAcc>0.690283</vAcc></extensions></trkpt>
      <trkpt lon="120.955949" lat="23.469339"><ele>3802.642704</ele><time>2026-09-14T20:31:47Z</time><extensions><speed>0.150534</speed><course>164.396559</course><hAcc>1.735636</hAcc><vAcc>0.690283</vAcc></extensions></trkpt>
      <trkpt lon="120.955950" lat="23.469338"><ele>3802.651056</ele><time>2026-09-14T20:31:48Z</time><extensions><speed>0.194107</speed><course>173.506517</course><hAcc>1.742223</hAcc><vAcc>0.690283</vAcc></extensions></trkpt>
      <trkpt lon="120.955950" lat="23.469336"><ele>3802.659234</ele><time>2026-09-14T20:31:49Z</time><extensions><speed>0.273149</speed><course>170.106847</course><hAcc>1.750801</hAcc><vAcc>0.690283</vAcc></extensions></trkpt>
      <trkpt lon="120.955951" lat="23.469333"><ele>3802.666626</ele><time>2026-09-14T20:31:50Z</time><extensions><speed>0.323323</speed><course>171.401255</course><hAcc>1.751762</hAcc><vAcc>0.690283</vAcc></extensions></trkpt>
      <trkpt lon="120.955951" lat="23.469330"><ele>3802.673354</ele><time>2026-09-14T20:31:51Z</time><extensions><speed>0.364848</speed><course>169.091199</course><hAcc>1.751085</hAcc><vAcc>0.690283</vAcc></extensions></trkpt>
      <trkpt lon="120.955952" lat="23.469326"><ele>3802.679677</ele><time>2026-09-14T20:31:52Z</time><extensions><speed>0.386489</speed><course>165.311360</course><hAcc>1.750201</hAcc><vAcc>0.690283</vAcc></extensions></trkpt>
      <trkpt lon="120.955953" lat="23.469323"><ele>3802.686151</ele><time>2026-09-14T20:31:53Z</time><extensions><speed>0.407980</speed><course>159.183811</course><hAcc>1.749630</hAcc><vAcc>0.690283</vAcc></extensions></trkpt>
      <trkpt lon="120.955955" lat="23.469320"><ele>3802.693928</ele><time>2026-09-14T20:31:54Z</time><extensions><speed>0.427018</speed><course>152.334401</course><hAcc>1.750480</hAcc><vAcc>0.690283</vAcc></extensions></trkpt>
      <trkpt lon="120.955957" lat="23.469316"><ele>3802.704628</ele><time>2026-09-14T20:31:55Z</time><extensions><speed>0.445712</speed><course>145.541790</course><hAcc>1.749041</hAcc><vAcc>0.690283</vAcc></extensions></trkpt>
      <trkpt lon="120.955960" lat="23.469313"><ele>3802.720056</ele><time>2026-09-14T20:31:56Z</time><extensions><speed>0.474082</speed><course>139.206834</course><hAcc>1.747142</hAcc><vAcc>0.690283</vAcc></extensions></trkpt>
      <trkpt lon="120.955964" lat="23.469309"><ele>3802.742191</ele><time>2026-09-14T20:31:57Z</time><extensions><speed>0.531018</speed><course>134.376815</course><hAcc>1.746747</hAcc><vAcc>0.690283</vAcc></extensions></trkpt>
      <trkpt lon="120.955968" lat="23.469306"><ele>3802.772972</ele><time>2026-09-14T20:31:58Z</time><extensions><speed>0.572766</speed><course>132.196395</course><hAcc>1.746892</hAcc><vAcc>0.690283</vAcc></extensions></trkpt>
      <trkpt lon="120.955972" lat="23.469302"><ele>3802.813899</ele><time>2026-09-14T20:31:59Z</time><extensions><speed>0.593616</speed><course>131.390402</course><hAcc>1.747090</hAcc><vAcc>0.690283</vAcc></extensions></trkpt>
      <trkpt lon="120.955976" lat="23.469299"><ele>3802.865696</ele><time>2026-09-14T20:32:00Z</time><extensions><speed>0.611567</speed><course>131.300496</course><hAcc>1.747380</hAcc><vAcc>0.690283</vAcc></extensions></trkpt>
      <trkpt lon="120.955981" lat="23.469295"><ele>3802.928131</ele><time>2026-09-14T20:32:01Z</time><extensions><speed>0.629180</speed><course>132.058389</course><hAcc>1.747767</hAcc><vAcc>0.690283</vAcc></extensions></trkpt>
      <trkpt lon="120.955985" lat="23.469291"><ele>3803.000088</ele><time>2026-09-14T20:32:02Z</time><extensions><speed>0.640152</speed><course>133.589367</course><hAcc>1.748044</hAcc><vAcc>0.690283</vAcc></extensions></trkpt>
      <trkpt lon="120.955990" lat="23.469287"><ele>3803.079809</ele><time>2026-09-14T20:32:03Z</time><extensions><speed>0.646216</speed><course>135.957105</course><hAcc>1.747851</hAcc><vAcc>0.690283</vAcc></extensions></trkpt>
      <trkpt lon="120.955994" lat="23.469282"><ele>3803.165005</ele><time>2026-09-14T20:32:04Z</time><extensions><speed>0.657342</speed><course>138.877514</course><hAcc>1.747905</hAcc><vAcc>0.690283</vAcc></extensions></trkpt>
      <trkpt lon="120.955998" lat="23.469278"><ele>3803.253597</ele><time>2026-09-14T20:32:05Z</time><extensions><speed>0.653248</speed><course>142.211118</course><hAcc>1.748264</hAcc><vAcc>0.690283</vAcc></extensions></trkpt>
      <trkpt lon="120.956002" lat="23.469273"><ele>3803.343693</ele><time>2026-09-14T20:32:06Z</time><extensions><speed>0.639145</speed><course>146.143464</course><hAcc>1.750209</hAcc><vAcc>0.690283</vAcc></extensions></trkpt>
      <trkpt lon="120.956005" lat="23.469268"><ele>3803.433698</ele><time>2026-09-14T20:32:07Z</time><extensions><speed>0.631484</speed><course>151.137243</course><hAcc>1.751146</hAcc><vAcc>0.690283</vAcc></extensions></trkpt>
      <trkpt lon="120.956008" lat="23.469263"><ele>3803.522642</ele><time>2026-09-14T20:32:08Z</time><extensions><speed>0.612093</speed><course>157.077946</course><hAcc>1.751684</hAcc><vAcc>0.690283</vAcc></extensions></trkpt>
      <trkpt lon="120.956010" lat="23.469258"><ele>3803.609281</ele><time>2026-09-14T20:32:09Z</time><extensions><speed>0.595913</speed><course>162.543234</course><hAcc>1.752829</hAcc><vAcc>0.690283</vAcc></extensions></trkpt>
      <trkpt lon="120.956011" lat="23.469253"><ele>3803.692419</ele><time>2026-09-14T20:32:10Z</time><extensions><speed>0.578924</speed><course>168.155250</course><hAcc>1.753407</hAcc><vAcc>0.690283</vAcc></extensions></trkpt>
      <trkpt lon="120.956012" lat="23.469247"><ele>3803.770631</ele><time>2026-09-14T20:32:11Z</time><extensions><speed>0.568807</speed><course>173.432693</course><hAcc>1.754816</hAcc><vAcc>0.690283</vAcc></extensions></trkpt>
      <trkpt lon="120.956013" lat="23.469242"><ele>3803.842199</ele><time>2026-09-14T20:32:12Z</time><extensions><speed>0.572607</speed><course>178.313157</course><hAcc>1.755862</hAcc><vAcc>0.690283</vAcc></extensions></trkpt>
      <trkpt lon="120.956013" lat="23.469237"><ele>3803.905177</ele><time>2026-09-14T20:32:13Z</time><extensions><speed>0.600536</speed><course>180.752495</course><hAcc>1.755032</hAcc><vAcc>0.690283</vAcc></extensions></trkpt>
      <trkpt lon="120.956013" lat="23.469231"><ele>3803.958043</ele><time>2026-09-14T20:32:14Z</time><extensions><speed>0.632545</speed><course>181.049527</course><hAcc>1.754891</hAcc><vAcc>0.690283</vAcc></extensions></trkpt>
      <trkpt lon="120.956013" lat="23.469225"><ele>3803.999547</ele><time>2026-09-14T20:32:15Z</time><extensions><speed>0.685397</speed><course>177.141942</course><hAcc>1.756121</hAcc><vAcc>0.690283</vAcc></extensions></trkpt>
      <trkpt lon="120.956014" lat="23.469219"><ele>3804.029105</ele><time>2026-09-14T20:32:16Z</time><extensions><speed>0.739149</speed><course>173.585034</course><hAcc>1.755747</hAcc><vAcc>0.690283</vAcc></extensions></trkpt>
      <trkpt lon="120.956015" lat="23.469212"><ele>3804.047219</ele><time>2026-09-14T20:32:17Z</time><extensions><speed>0.782526</speed><course>170.325649</course><hAcc>1.754744</hAcc><vAcc>0.690283</vAcc></extensions></trkpt>
      <trkpt lon="120.956016" lat="23.469205"><ele>3804.055155</ele><time>2026-09-14T20:32:18Z</time><extensions><speed>0.797917</speed><course>167.110596</course><hAcc>1.754980</hAcc><vAcc>0.690283</vAcc></extensions></trkpt>
      <trkpt lon="120.956018" lat="23.469198"><ele>3804.055182</ele><time>2026-09-14T20:32:19Z</time><extensions><speed>0.798836</speed><course>163.285565</course><hAcc>1.753813</hAcc><vAcc>0.690283</vAcc></extensions></trkpt>
      <trkpt lon="120.956021" lat="23.469191"><ele>3804.050190</ele><time>2026-09-14T20:32:20Z</time><extensions><speed>0.780302</speed><course>159.079007</course><hAcc>1.751442</hAcc><vAcc>0.690283</vAcc></extensions></trkpt>
      <trkpt lon="120.956024" lat="23.469185"><ele>3804.043376</ele><time>2026-09-14T20:32:21Z</time><extensions><speed>0.725530</speed><course>154.447443</course><hAcc>1.750971</hAcc><vAcc>0.690283</vAcc></extensions></trkpt>
      <trkpt lon="120.956027" lat="23.469179"><ele>3804.038210</ele><time>2026-09-14T20:32:22Z</time><extensions><speed>0.661420</speed><course>148.603806</course><hAcc>1.749639</hAcc><vAcc>0.690283</vAcc></extensions></trkpt>
      <trkpt lon="120.956031" lat="23.469175"><ele>3804.037487</ele><time>2026-09-14T20:32:23Z</time><extensions><speed>0.585738</speed><course>141.206520</course><hAcc>1.749687</hAcc><vAcc>0.690283</vAcc></extensions></trkpt>
      <trkpt lon="120.956034" lat="23.469171"><ele>3804.044053</ele><time>2026-09-14T20:32:24Z</time><extensions><speed>0.523703</speed><course>132.120623</course><hAcc>1.750450</hAcc><vAcc>0.690283</vAcc></extensions></trkpt>
      <trkpt lon="120.956038" lat="23.469168"><ele>3804.060344</ele><time>2026-09-14T20:32:25Z</time><extensions><speed>0.473101</speed><course>121.986321</course><hAcc>1.750747</hAcc><vAcc>0.690283</vAcc></extensions></trkpt>
      <trkpt lon="120.956042" lat="23.469167"><ele>3804.088021</ele><time>2026-09-14T20:32:26Z</time><extensions><speed>0.436358</speed><course>111.701269</course><hAcc>1.750997</hAcc><vAcc>0.690283</vAcc></extensions></trkpt>
      <trkpt lon="120.956046" lat="23.469166"><ele>3804.128604</ele><time>2026-09-14T20:32:27Z</time><extensions><speed>0.406958</speed><course>102.390570</course><hAcc>1.750493</hAcc><vAcc>0.690283</vAcc></extensions></trkpt>
      <trkpt lon="120.956050" lat="23.469165"><ele>3804.183507</ele><time>2026-09-14T20:32:28Z</time><extensions><speed>0.365139</speed><course>92.712342</course><hAcc>1.748502</hAcc><vAcc>0.690283</vAcc></extensions></trkpt>
      <trkpt lon="120.956053" lat="23.469165"><ele>3804.253895</ele><time>2026-09-14T20:32:29Z</time><extensions><speed>0.342065</speed><course>85.378464</course><hAcc>1.746906</hAcc><vAcc>0.690283</vAcc></extensions></trkpt>
      <trkpt lon="120.956056" lat="23.469166"><ele>3804.340781</ele><time>2026-09-14T20:32:30Z</time><extensions><speed>0.309477</speed><course>73.699078</course><hAcc>1.742991</hAcc><vAcc>0.690283</vAcc></extensions></trkpt>
      <trkpt lon="120.956059" lat="23.469167"><ele>3804.445212</ele><time>2026-09-14T20:32:31Z</time><extensions><speed>0.291505</speed><course>51.867717</course><hAcc>1.730843</hAcc><vAcc>0.690283</vAcc></extensions></trkpt>
      <trkpt lon="120.956061" lat="23.469169"><ele>3804.567578</ele><time>2026-09-14T20:32:32Z</time><extensions><speed>0.335401</speed><course>23.513500</course><hAcc>1.706899</hAcc><vAcc>0.690283</vAcc></extensions></trkpt>
      <trkpt lon="120.956062" lat="23.469173"><ele>3804.707393</ele><time>2026-09-14T20:32:33Z</time><extensions><speed>0.458330</speed><course>3.697837</course><hAcc>1.681470</hAcc><vAcc>0.690283</vAcc></extensions></trkpt>
      <trkpt lon="120.956062" lat="23.469177"><ele>3804.863030</ele><time>2026-09-14T20:32:34Z</time><extensions><speed>0.593589</speed><course>358.057491</course><hAcc>1.675933</hAcc><vAcc>0.690283</vAcc></extensions></trkpt>
      <trkpt lon="120.956062" lat="23.469183"><ele>3805.031843</ele><time>2026-09-14T20:32:35Z</time><extensions><speed>0.712114</speed><course>358.443600</course><hAcc>1.672935</hAcc><vAcc>0.690283</vAcc></extensions></trkpt>
      <trkpt lon="120.956061" lat="23.469189"><ele>3805.210120</ele><time>2026-09-14T20:32:36Z</time><extensions><speed>0.659453</speed><course>346.541798</course><hAcc>1.630485</hAcc><vAcc>0.690283</vAcc></extensions></trkpt>
      <trkpt lon="120.956059" lat="23.469195"><ele>3805.394413</ele><time>2026-09-14T20:32:37Z</time><extensions><speed>0.653798</speed><course>335.150130</course><hAcc>1.592775</hAcc><vAcc>0.690283</vAcc></extensions></trkpt>
      <trkpt lon="120.956056" lat="23.469200"><ele>3805.581722</ele><time>2026-09-14T20:32:38Z</time><extensions><speed>0.569018</speed><course>330.372607</course><hAcc>1.583300</hAcc><vAcc>0.690283</vAcc></extensions></trkpt>
      <trkpt lon="120.956054" lat="23.469204"><ele>3805.769987</ele><time>2026-09-14T20:32:39Z</time><extensions><speed>0.474988</speed><course>336.305214</course><hAcc>1.565329</hAcc><vAcc>0.690282</vAcc></extensions></trkpt>
      <trkpt lon="120.956052" lat="23.469208"><ele>3805.958150</ele><time>2026-09-14T20:32:40Z</time><extensions><speed>0.470001</speed><course>340.945297</course><hAcc>1.558816</hAcc><vAcc>0.690282</vAcc></extensions></trkpt>
      <trkpt lon="120.956051" lat="23.469212"><ele>3806.146563</ele><time>2026-09-14T20:32:41Z</time><extensions><speed>0.490478</speed><course>351.045975</course><hAcc>1.547088</hAcc><vAcc>0.690281</vAcc></extensions></trkpt>
      <trkpt lon="120.956051" lat="23.469217"><ele>3806.335887</ele><time>2026-09-14T20:32:42Z</time><extensions><speed>0.483620</speed><course>7.956219</course><hAcc>1.538646</hAcc><vAcc>0.690280</vAcc></extensions></trkpt>
      <trkpt lon="120.956053" lat="23.469222"><ele>3806.527031</ele><time>2026-09-14T20:32:43Z</time><extensions><speed>0.690597</speed><course>19.656308</course><hAcc>1.544647</hAcc><vAcc>0.690280</vAcc></extensions></trkpt>
      <trkpt lon="120.956055" lat="23.469228"><ele>3806.720743</ele><time>2026-09-14T20:32:44Z</time><extensions><speed>0.721331</speed><course>19.151618</course><hAcc>1.549658</hAcc><vAcc>0.690281</vAcc></extensions></trkpt>
      <trkpt lon="120.956057" lat="23.469234"><ele>3806.917155</ele><time>2026-09-14T20:32:45Z</time><extensions><speed>0.722079</speed><course>14.614225</course><hAcc>1.558633</hAcc><vAcc>0.690282</vAcc></extensions></trkpt>
      <trkpt lon="120.956059" lat="23.469241"><ele>3807.115519</ele><time>2026-09-14T20:32:46Z</time><extensions><speed>0.752991</speed><course>11.204138</course><hAcc>1.561750</hAcc><vAcc>0.690283</vAcc></extensions></trkpt>
      <trkpt lon="120.956060" lat="23.469247"><ele>3807.313977</ele><time>2026-09-14T20:32:47Z</time><extensions><speed>0.730402</speed><course>10.529134</course><hAcc>1.558921</hAcc><vAcc>0.690283</vAcc></extensions></trkpt>
      <trkpt lon="120.956061" lat="23.469253"><ele>3807.510035</ele><time>2026-09-14T20:32:48Z</time><extensions><speed>0.692369</speed><course>10.058637</course><hAcc>1.577788</hAcc><vAcc>0.690283</vAcc></extensions></trkpt>
      <trkpt lon="120.956063" lat="23.469259"><ele>3807.701227</ele><time>2026-09-14T20:32:49Z</time><extensions><speed>0.689841</speed><course>12.973749</course><hAcc>1.606137</hAcc><vAcc>0.690283</vAcc></extensions></trkpt>
      <trkpt lon="120.956065" lat="23.469266"><ele>3807.885506</ele><time>2026-09-14T20:32:50Z</time><extensions><speed>0.740056</speed><course>20.241569</course><hAcc>1.609211</hAcc><vAcc>0.690283</vAcc></extensions></trkpt>
      <trkpt lon="120.956067" lat="23.469272"><ele>3808.061597</ele><time>2026-09-14T20:32:51Z</time><extensions><speed>0.818524</speed><course>21.135122</course><hAcc>1.630687</hAcc><vAcc>0.690283</vAcc></extensions></trkpt>
      <trkpt lon="120.956070" lat="23.469279"><ele>3808.229343</ele><time>2026-09-14T20:32:52Z</time><extensions><speed>0.853085</speed><course>16.730709</course><hAcc>1.639538</hAcc><vAcc>0.690283</vAcc></extensions></trkpt>
      <trkpt lon="120.956072" lat="23.469286"><ele>3808.389440</ele><time>2026-09-14T20:32:53Z</time><extensions><speed>0.733744</speed><course>13.442221</course><hAcc>1.626876</hAcc><vAcc>0.690283</vAcc></extensions></trkpt>
      <trkpt lon="120.956073" lat="23.469292"><ele>3808.542938</ele><time>2026-09-14T20:32:54Z</time><extensions><speed>0.636560</speed><course>2.167757</course><hAcc>1.632648</hAcc><vAcc>0.690283</vAcc></extensions></trkpt>
      <trkpt lon="120.956072" lat="23.469298"><ele>3808.690974</ele><time>2026-09-14T20:32:55Z</time><extensions><speed>0.574313</speed><course>353.048152</course><hAcc>1.649707</hAcc><vAcc>0.690284</vAcc></extensions></trkpt>
      <trkpt lon="120.956071" lat="23.469302"><ele>3808.834710</ele><time>2026-09-14T20:32:56Z</time><extensions><speed>0.532400</speed><course>341.018651</course><hAcc>1.662278</hAcc><vAcc>0.690284</vAcc></extensions></trkpt>
      <trkpt lon="120.956069" lat="23.469307"><ele>3808.975292</ele><time>2026-09-14T20:32:57Z</time><extensions><speed>0.549509</speed><course>334.584328</course><hAcc>1.665775</hAcc><vAcc>0.690284</vAcc></extensions></trkpt>
      <trkpt lon="120.956066" lat="23.469311"><ele>3809.113820</ele><time>2026-09-14T20:32:58Z</time><extensions><speed>0.601546</speed><course>330.438225</course><hAcc>1.664569</hAcc><vAcc>0.690284</vAcc></extensions></trkpt>
      <trkpt lon="120.956063" lat="23.469316"><ele>3809.251405</ele><time>2026-09-14T20:32:59Z</time><extensions><speed>0.657177</speed><course>330.598645</course><hAcc>1.659148</hAcc><vAcc>0.690284</vAcc></extensions></trkpt>
      <trkpt lon="120.956060" lat="23.469322"><ele>3809.388902</ele><time>2026-09-14T20:33:00Z</time><extensions><speed>0.668883</speed><course>328.846478</course><hAcc>1.654110</hAcc><vAcc>0.690284</vAcc></extensions></trkpt>
      <trkpt lon="120.956056" lat="23.469327"><ele>3809.526957</ele><time>2026-09-14T20:33:01Z</time><extensions><speed>0.686555</speed><course>326.663397</course><hAcc>1.647020</hAcc><vAcc>0.690284</vAcc></extensions></trkpt>
      <trkpt lon="120.956053" lat="23.469332"><ele>3809.665784</ele><time>2026-09-14T20:33:02Z</time><extensions><speed>0.767121</speed><course>326.526109</course><hAcc>1.643094</hAcc><vAcc>0.690284</vAcc></extensions></trkpt>
      <trkpt lon="120.956048" lat="23.469338"><ele>3809.804999</ele><time>2026-09-14T20:33:03Z</time><extensions><speed>0.849637</speed><course>330.058476</course><hAcc>1.658974</hAcc><vAcc>0.690284</vAcc></extensions></trkpt>
      <trkpt lon="120.956044" lat="23.469345"><ele>3809.943945</ele><time>2026-09-14T20:33:04Z</time><extensions><speed>0.802029</speed><course>330.467552</course><hAcc>1.658157</hAcc><vAcc>0.690284</vAcc></extensions></trkpt>
      <trkpt lon="120.956041" lat="23.469351"><ele>3810.081751</ele><time>2026-09-14T20:33:05Z</time><extensions><speed>0.704817</speed><course>328.276320</course><hAcc>1.634819</hAcc><vAcc>0.690284</vAcc></extensions></trkpt>
      <trkpt lon="120.956037" lat="23.469356"><ele>3810.217429</ele><time>2026-09-14T20:33:06Z</time><extensions><speed>0.626787</speed><course>328.449089</course><hAcc>1.628061</hAcc><vAcc>0.690284</vAcc></extensions></trkpt>
      <trkpt lon="120.956034" lat="23.469360"><ele>3810.349983</ele><time>2026-09-14T20:33:07Z</time><extensions><speed>0.545446</speed><course>330.125799</course><hAcc>1.632009</hAcc><vAcc>0.690284</vAcc></extensions></trkpt>
      <trkpt lon="120.956032" lat="23.469364"><ele>3810.478619</ele><time>2026-09-14T20:33:08Z</time><extensions><speed>0.515045</speed><course>333.476386</course><hAcc>1.630901</hAcc><vAcc>0.690283</vAcc></extensions></trkpt>
      <trkpt lon="120.956030" lat="23.469369"><ele>3810.602805</ele><time>2026-09-14T20:33:09Z</time><extensions><speed>0.578859</speed><course>338.133576</course><hAcc>1.627482</hAcc><vAcc>0.690283</vAcc></extensions></trkpt>
      <trkpt lon="120.956028" lat="23.469374"><ele>3810.722126</ele><time>2026-09-14T20:33:10Z</time><extensions><speed>0.701521</speed><course>341.751577</course><hAcc>1.630138</hAcc><vAcc>0.690283</vAcc></extensions></trkpt>
      <trkpt lon="120.956026" lat="23.469380"><ele>3810.836454</ele><time>2026-09-14T20:33:11Z</time><extensions><speed>0.667218</speed><course>344.590119</course><hAcc>1.619234</hAcc><vAcc>0.690283</vAcc></extensions></trkpt>
      <trkpt lon="120.956024" lat="23.469386"><ele>3810.946092</ele><time>2026-09-14T20:33:12Z</time><extensions><speed>0.665324</speed><course>348.867039</course><hAcc>1.631260</hAcc><vAcc>0.690283</vAcc></extensions></trkpt>
      <trkpt lon="120.956024" lat="23.469392"><ele>3811.051557</ele><time>2026-09-14T20:33:13Z</time><extensions><speed>0.668315</speed><course>1.013854</course><hAcc>1.634786</hAcc><vAcc>0.690283</vAcc></extensions></trkpt>
      <trkpt lon="120.956024" lat="23.469398"><ele>3811.153480</ele><time>2026-09-14T20:33:14Z</time><extensions><speed>0.603654</speed><course>5.715897</course><hAcc>1.623471</hAcc><vAcc>0.690283</vAcc></extensions></trkpt>
      <trkpt lon="120.956025" lat="23.469403"><ele>3811.252499</ele><time>2026-09-14T20:33:15Z</time><extensions><speed>0.530342</speed><course>8.613797</course><hAcc>1.630283</hAcc><vAcc>0.690283</vAcc></extensions></trkpt>
      <trkpt lon="120.956025" lat="23.469407"><ele>3811.349079</ele><time>2026-09-14T20:33:16Z</time><extensions><speed>0.490509</speed><course>9.795951</course><hAcc>1.643687</hAcc><vAcc>0.690283</vAcc></extensions></trkpt>
      <trkpt lon="120.956026" lat="23.469412"><ele>3811.443244</ele><time>2026-09-14T20:33:17Z</time><extensions><speed>0.484623</speed><course>8.901490</course><hAcc>1.652604</hAcc><vAcc>0.690283</vAcc></extensions></trkpt>
      <trkpt lon="120.956027" lat="23.469416"><ele>3811.535058</ele><time>2026-09-14T20:33:18Z</time><extensions><speed>0.459647</speed><course>6.316896</course><hAcc>1.662927</hAcc><vAcc>0.690283</vAcc></extensions></trkpt>
      <trkpt lon="120.956027" lat="23.469420"><ele>3811.624469</ele><time>2026-09-14T20:33:19Z</time><extensions><speed>0.423865</speed><course>3.137781</course><hAcc>1.668016</hAcc><vAcc>0.690283</vAcc></extensions></trkpt>
      <trkpt lon="120.956027" lat="23.469423"><ele>3811.711760</ele><time>2026-09-14T20:33:20Z</time><extensions><speed>0.321290</speed><course>359.800576</course><hAcc>1.664723</hAcc><vAcc>0.690283</vAcc></extensions></trkpt>
      <trkpt lon="120.956027" lat="23.469426"><ele>3811.797737</ele><time>2026-09-14T20:33:21Z</time><extensions><speed>0.234093</speed><course>358.661138</course><hAcc>1.652428</hAcc><vAcc>0.690283</vAcc></extensions></trkpt>
      <trkpt lon="120.956028" lat="23.469429"><ele>3811.883744</ele><time>2026-09-14T20:33:22Z</time><extensions><speed>0.413509</speed><course>5.210636</course><hAcc>1.662544</hAcc><vAcc>0.690283</vAcc></extensions></trkpt>
      <trkpt lon="120.956028" lat="23.469433"><ele>3811.971060</ele><time>2026-09-14T20:33:23Z</time><extensions><speed>0.447298</speed><course>10.762544</course><hAcc>1.671766</hAcc><vAcc>0.690283</vAcc></extensions></trkpt>
      <trkpt lon="120.956029" lat="23.469437"><ele>3812.061168</ele><time>2026-09-14T20:33:24Z</time><extensions><speed>0.458013</speed><course>15.540014</course><hAcc>1.668492</hAcc><vAcc>0.690283</vAcc></extensions></trkpt>
      <trkpt lon="120.956031" lat="23.469440"><ele>3812.155336</ele><time>2026-09-14T20:33:25Z</time><extensions><speed>0.453130</speed><course>20.257093</course><hAcc>1.665969</hAcc><vAcc>0.690283</vAcc></extensions></trkpt>
      <trkpt lon="120.956032" lat="23.469444"><ele>3812.254151</ele><time>2026-09-14T20:33:26Z</time><extensions><speed>0.475539</speed><course>23.659310</course><hAcc>1.665278</hAcc><vAcc>0.690283</vAcc></extensions></trkpt>
      <trkpt lon="120.956034" lat="23.469448"><ele>3812.357756</ele><time>2026-09-14T20:33:27Z</time><extensions><speed>0.511305</speed><course>26.176538</course><hAcc>1.667357</hAcc><vAcc>0.690283</vAcc></extensions></trkpt>
      <trkpt lon="120.956037" lat="23.469452"><ele>3812.465290</ele><time>2026-09-14T20:33:28Z</time><extensions><speed>0.439371</speed><course>32.716484</course><hAcc>1.675317</hAcc><vAcc>0.690283</vAcc></extensions></trkpt>
      <trkpt lon="120.956039" lat="23.469455"><ele>3812.575005</ele><time>2026-09-14T20:33:29Z</time><extensions><speed>0.287762</speed><course>41.804216</course><hAcc>1.684689</hAcc><vAcc>0.690283</vAcc></extensions></trkpt>
      <trkpt lon="120.956040" lat="23.469456"><ele>3812.684463</ele><time>2026-09-14T20:33:30Z</time><extensions><speed>0.175925</speed><course>55.402005</course><hAcc>1.698673</hAcc><vAcc>0.690283</vAcc></extensions></trkpt>
      <trkpt lon="120.956042" lat="23.469457"><ele>3812.791176</ele><time>2026-09-14T20:33:31Z</time><extensions><speed>0.170923</speed><course>57.122690</course><hAcc>1.702726</hAcc><vAcc>0.690283</vAcc></extensions></trkpt>
      <trkpt lon="120.956043" lat="23.469458"><ele>3812.892533</ele><time>2026-09-14T20:33:32Z</time><extensions><speed>0.152925</speed><course>62.371728</course><hAcc>1.717332</hAcc><vAcc>0.690283</vAcc></extensions></trkpt>
      <trkpt lon="120.956045" lat="23.469459"><ele>3812.986933</ele><time>2026-09-14T20:33:33Z</time><extensions><speed>0.162447</speed><course>60.819163</course><hAcc>1.732369</hAcc><vAcc>0.690283</vAcc></extensions></trkpt>
      <trkpt lon="120.956046" lat="23.469459"><ele>3813.073819</ele><time>2026-09-14T20:33:34Z</time><extensions><speed>0.180285</speed><course>59.431851</course><hAcc>1.741365</hAcc><vAcc>0.690283</vAcc></extensions></trkpt>
      <trkpt lon="120.956048" lat="23.469460"><ele>3813.153701</ele><time>2026-09-14T20:33:35Z</time><extensions><speed>0.242607</speed><course>49.237740</course><hAcc>1.747103</hAcc><vAcc>0.690283</vAcc></extensions></trkpt>
      <trkpt lon="120.956050" lat="23.469462"><ele>3813.228220</ele><time>2026-09-14T20:33:36Z</time><extensions><speed>0.365981</speed><course>39.616277</course><hAcc>1.748438</hAcc><vAcc>0.690283</vAcc></extensions></trkpt>
      <trkpt lon="120.956052" lat="23.469465"><ele>3813.299862</ele><time>2026-09-14T20:33:37Z</time><extensions><speed>0.291166</speed><course>44.474251</course><hAcc>1.752900</hAcc><vAcc>0.690283</vAcc></extensions></trkpt>
      <trkpt lon="120.956054" lat="23.469467"><ele>3813.371851</ele><time>2026-09-14T20:33:38Z</time><extensions><speed>0.411442</speed><course>38.203869</course><hAcc>1.759989</hAcc><vAcc>0.690283</vAcc></extensions></trkpt>
      <trkpt lon="120.956057" lat="23.469470"><ele>3813.447630</ele><time>2026-09-14T20:33:39Z</time><extensions><speed>0.467468</speed><course>37.986122</course><hAcc>1.762069</hAcc><vAcc>0.690283</vAcc></extensions></trkpt>
      <trkpt lon="120.956060" lat="23.469473"><ele>3813.530068</ele><time>2026-09-14T20:33:40Z</time><extensions><speed>0.487612</speed><course>40.004876</course><hAcc>1.761560</hAcc><vAcc>0.690283</vAcc></extensions></trkpt>
      <trkpt lon="120.956063" lat="23.469477"><ele>3813.621546</ele><time>2026-09-14T20:33:41Z</time><extensions><speed>0.508768</speed><course>40.573749</course><hAcc>1.757623</hAcc><vAcc>0.690283</vAcc></extensions></trkpt>
      <trkpt lon="120.956066" lat="23.469480"><ele>3813.723698</ele><time>2026-09-14T20:33:42Z</time><extensions><speed>0.483701</speed><course>42.047141</course><hAcc>1.753385</hAcc><vAcc>0.690283</vAcc></extensions></trkpt>
      <trkpt lon="120.956069" lat="23.469483"><ele>3813.836907</ele><time>2026-09-14T20:33:43Z</time><extensions><speed>0.398751</speed><course>46.997415</course><hAcc>1.751725</hAcc><vAcc>0.690283</vAcc></extensions></trkpt>
      <trkpt lon="120.956072" lat="23.469485"><ele>3813.960397</ele><time>2026-09-14T20:33:44Z</time><extensions><speed>0.277296</speed><course>60.379833</course><hAcc>1.752630</hAcc><vAcc>0.690283</vAcc></extensions></trkpt>
      <trkpt lon="120.956074" lat="23.469485"><ele>3814.093371</ele><time>2026-09-14T20:33:45Z</time><extensions><speed>0.195597</speed><course>86.884341</course><hAcc>1.751694</hAcc><vAcc>0.690283</vAcc></extensions></trkpt>
      <trkpt lon="120.956076" lat="23.469485"><ele>3814.234020</ele><time>2026-09-14T20:33:46Z</time><extensions><speed>0.175113</speed><course>119.121001</course><hAcc>1.745829</hAcc><vAcc>0.690283</vAcc></extensions></trkpt>
      <trkpt lon="120.956077" lat="23.469484"><ele>3814.380200</ele><time>2026-09-14T20:33:47Z</time><extensions><speed>0.183721</speed><course>142.197149</course><hAcc>1.737281</hAcc><vAcc>0.690283</vAcc></extensions></trkpt>
      <trkpt lon="120.956078" lat="23.469483"><ele>3814.529406</ele><time>2026-09-14T20:33:48Z</time><extensions><speed>0.176900</speed><course>156.591166</course><hAcc>1.735847</hAcc><vAcc>0.690283</vAcc></extensions></trkpt>
      <trkpt lon="120.956078" lat="23.469481"><ele>3814.678792</ele><time>2026-09-14T20:33:49Z</time><extensions><speed>0.186098</speed><course>173.543936</course><hAcc>1.733877</hAcc><vAcc>0.690283</vAcc></extensions></trkpt>
      <trkpt lon="120.956078" lat="23.469479"><ele>3814.824947</ele><time>2026-09-14T20:33:50Z</time><extensions><speed>0.195122</speed><course>184.898244</course><hAcc>1.732792</hAcc><vAcc>0.690283</vAcc></extensions></trkpt>
      <trkpt lon="120.956078" lat="23.469478"><ele>3814.964363</ele><time>2026-09-14T20:33:51Z</time><extensions><speed>0.193082</speed><course>190.674058</course><hAcc>1.730919</hAcc><vAcc>0.690283</vAcc></extensions></trkpt>
      <trkpt lon="120.956078" lat="23.469476"><ele>3815.093902</ele><time>2026-09-14T20:33:52Z</time><extensions><speed>0.174663</speed><course>193.771090</course><hAcc>1.728342</hAcc><vAcc>0.690283</vAcc></extensions></trkpt>
      <trkpt lon="120.956077" lat="23.469474"><ele>3815.211502</ele><time>2026-09-14T20:33:53Z</time><extensions><speed>0.162511</speed><course>198.539211</course><hAcc>1.724477</hAcc><vAcc>0.690283</vAcc></extensions></trkpt>
      <trkpt lon="120.956077" lat="23.469473"><ele>3815.316576</ele><time>2026-09-14T20:33:54Z</time><extensions><speed>0.147191</speed><course>202.598559</course><hAcc>1.722813</hAcc><vAcc>0.690283</vAcc></extensions></trkpt>
      <trkpt lon="120.956076" lat="23.469472"><ele>3815.409971</ele><time>2026-09-14T20:33:55Z</time><extensions><speed>0.127953</speed><course>203.351494</course><hAcc>1.726671</hAcc><vAcc>0.690283</vAcc></extensions></trkpt>
      <trkpt lon="120.956076" lat="23.469471"><ele>3815.493926</ele><time>2026-09-14T20:33:56Z</time><extensions><speed>0.122933</speed><course>198.235513</course><hAcc>1.730539</hAcc><vAcc>0.690283</vAcc></extensions></trkpt>
      <trkpt lon="120.956075" lat="23.469470"><ele>3815.571404</ele><time>2026-09-14T20:33:57Z</time><extensions><speed>0.122931</speed><course>186.101132</course><hAcc>1.733358</hAcc><vAcc>0.690283</vAcc></extensions></trkpt>
      <trkpt lon="120.956076" lat="23.469469"><ele>3815.645341</ele><time>2026-09-14T20:33:58Z</time><extensions><speed>0.110939</speed><course>161.600636</course><hAcc>1.734168</hAcc><vAcc>0.690283</vAcc></extensions></trkpt>
      <trkpt lon="120.956076" lat="23.469468"><ele>3815.718274</ele><time>2026-09-14T20:33:59Z</time><extensions><speed>0.118208</speed><course>129.073780</course><hAcc>1.733044</hAcc><vAcc>0.690283</vAcc></extensions></trkpt>
      <trkpt lon="120.956077" lat="23.469467"><ele>3815.791909</ele><time>2026-09-14T20:34:00Z</time><extensions><speed>0.149924</speed><course>98.359296</course><hAcc>1.736521</hAcc><vAcc>0.690283</vAcc></extensions></trkpt>
      <trkpt lon="120.956079" lat="23.469467"><ele>3815.867694</ele><time>2026-09-14T20:34:01Z</time><extensions><speed>0.155706</speed><course>101.250969</course><hAcc>1.743944</hAcc><vAcc>0.690283</vAcc></extensions></trkpt>
      <trkpt lon="120.956080" lat="23.469467"><ele>3815.946874</ele><time>2026-09-14T20:34:02Z</time><extensions><speed>0.200009</speed><course>81.376369</course><hAcc>1.745010</hAcc><vAcc>0.690283</vAcc></extensions></trkpt>
      <trkpt lon="120.956083" lat="23.469468"><ele>3816.030479</ele><time>2026-09-14T20:34:03Z</time><extensions><speed>0.233644</speed><course>70.198841</course><hAcc>1.744614</hAcc><vAcc>0.690283</vAcc></extensions></trkpt>
      <trkpt lon="120.956085" lat="23.469469"><ele>3816.119145</ele><time>2026-09-14T20:34:04Z</time><extensions><speed>0.313453</speed><course>55.442116</course><hAcc>1.740523</hAcc><vAcc>0.690283</vAcc></extensions></trkpt>
      <trkpt lon="120.956087" lat="23.469471"><ele>3816.213668</ele><time>2026-09-14T20:34:05Z</time><extensions><speed>0.339997</speed><course>48.056220</course><hAcc>1.732083</hAcc><vAcc>0.690283</vAcc></extensions></trkpt>
      <trkpt lon="120.956090" lat="23.469473"><ele>3816.314517</ele><time>2026-09-14T20:34:06Z</time><extensions><speed>0.325096</speed><course>41.441777</course><hAcc>1.720173</hAcc><vAcc>0.690283</vAcc></extensions></trkpt>
      <trkpt lon="120.956092" lat="23.469476"><ele>3816.421677</ele><time>2026-09-14T20:34:07Z</time><extensions><speed>0.444134</speed><course>31.315056</course><hAcc>1.715369</hAcc><vAcc>0.690283</vAcc></extensions></trkpt>
      <trkpt lon="120.956094" lat="23.469480"><ele>3816.535409</ele><time>2026-09-14T20:34:08Z</time><extensions><speed>0.527396</speed><course>22.931949</course><hAcc>1.727717</hAcc><vAcc>0.690283</vAcc></extensions></trkpt>
      <trkpt lon="120.956095" lat="23.469484"><ele>3816.654659</ele><time>2026-09-14T20:34:09Z</time><extensions><speed>0.520544</speed><course>10.376128</course><hAcc>1.730163</hAcc><vAcc>0.690283</vAcc></extensions></trkpt>
      <trkpt lon="120.956096" lat="23.469488"><ele>3816.777570</ele><time>2026-09-14T20:34:10Z</time><extensions><speed>0.459534</speed><course>359.800901</course><hAcc>1.727381</hAcc><vAcc>0.690283</vAcc></extensions></trkpt>
      <trkpt lon="120.956095" lat="23.469492"><ele>3816.901169</ele><time>2026-09-14T20:34:11Z</time><extensions><speed>0.333982</speed><course>348.732670</course><hAcc>1.721079</hAcc><vAcc>0.690283</vAcc></extensions></trkpt>
      <trkpt lon="120.956095" lat="23.469495"><ele>3817.021505</ele><time>2026-09-14T20:34:12Z</time><extensions><speed>0.287081</speed><course>340.505502</course><hAcc>1.718125</hAcc><vAcc>0.690283</vAcc></extensions></trkpt>
      <trkpt lon="120.956094" lat="23.469497"><ele>3817.133630</ele><time>2026-09-14T20:34:13Z</time><extensions><speed>0.260116</speed><course>335.357209</course><hAcc>1.726494</hAcc><vAcc>0.690283</vAcc></extensions></trkpt>
      <trkpt lon="120.956093" lat="23.469499"><ele>3817.234039</ele><time>2026-09-14T20:34:14Z</time><extensions><speed>0.310711</speed><course>337.421283</course><hAcc>1.729215</hAcc><vAcc>0.690283</vAcc></extensions></trkpt>
      <trkpt lon="120.956091" lat="23.469502"><ele>3817.320248</ele><time>2026-09-14T20:34:15Z</time><extensions><speed>0.321171</speed><course>339.316503</course><hAcc>1.725096</hAcc><vAcc>0.690283</vAcc></extensions></trkpt>
      <trkpt lon="120.956090" lat="23.469505"><ele>3817.391187</ele><time>2026-09-14T20:34:16Z</time><extensions><speed>0.298484</speed><course>342.810954</course><hAcc>1.715578</hAcc><vAcc>0.690283</vAcc></extensions></trkpt>
      <trkpt lon="120.956090" lat="23.469507"><ele>3817.447574</ele><time>2026-09-14T20:34:17Z</time><extensions><speed>0.373721</speed><course>350.540702</course><hAcc>1.700487</hAcc><vAcc>0.690283</vAcc></extensions></trkpt>
      <trkpt lon="120.956089" lat="23.469511"><ele>3817.492268</ele><time>2026-09-14T20:34:18Z</time><extensions><speed>0.456018</speed><course>355.924941</course><hAcc>1.692776</hAcc><vAcc>0.690283</vAcc></extensions></trkpt>
      <trkpt lon="120.956089" lat="23.469515"><ele>3817.529243</ele><time>2026-09-14T20:34:19Z</time><extensions><speed>0.498165</speed><course>357.994234</course><hAcc>1.688669</hAcc><vAcc>0.690283</vAcc></extensions></trkpt>
      <trkpt lon="120.956089" lat="23.469520"><ele>3817.563330</ele><time>2026-09-14T20:34:20Z</time><extensions><speed>0.456475</speed><course>356.179038</course><hAcc>1.682912</hAcc><vAcc>0.690283</vAcc></extensions></trkpt>
      <trkpt lon="120.956089" lat="23.469524"><ele>3817.599549</ele><time>2026-09-14T20:34:21Z</time><extensions><speed>0.463888</speed><course>356.163859</course><hAcc>1.670774</hAcc><vAcc>0.690283</vAcc></extensions></trkpt>
      <trkpt lon="120.956088" lat="23.469528"><ele>3817.641674</ele><time>2026-09-14T20:34:22Z</time><extensions><speed>0.373151</speed><course>357.136116</course><hAcc>1.677751</hAcc><vAcc>0.690283</vAcc></extensions></trkpt>
      <trkpt lon="120.956088" lat="23.469531"><ele>3817.691492</ele><time>2026-09-14T20:34:23Z</time><extensions><speed>0.263318</speed><course>2.167567</course><hAcc>1.685845</hAcc><vAcc>0.690283</vAcc></extensions></trkpt>
      <trkpt lon="120.956088" lat="23.469532"><ele>3817.748583</ele><time>2026-09-14T20:34:24Z</time><extensions><speed>0.116732</speed><course>16.667435</course><hAcc>1.680648</hAcc><vAcc>0.690283</vAcc></extensions></trkpt>
      <trkpt lon="120.956089" lat="23.469533"><ele>3817.810631</ele><time>2026-09-14T20:34:25Z</time><extensions><speed>0.077689</speed><course>26.243369</course><hAcc>1.690540</hAcc><vAcc>0.690283</vAcc></extensions></trkpt>
      <trkpt lon="120.956089" lat="23.469534"><ele>3817.874118</ele><time>2026-09-14T20:34:26Z</time><extensions><speed>0.100816</speed><course>14.019172</course><hAcc>1.704662</hAcc><vAcc>0.690283</vAcc></extensions></trkpt>
      <trkpt lon="120.956089" lat="23.469535"><ele>3817.935405</ele><time>2026-09-14T20:34:27Z</time><extensions><speed>0.155441</speed><course>2.701188</course><hAcc>1.716752</hAcc><vAcc>0.690283</vAcc></extensions></trkpt>
      <trkpt lon="120.956089" lat="23.469536"><ele>3817.991521</ele><time>2026-09-14T20:34:28Z</time><extensions><speed>0.164602</speed><course>359.502955</course><hAcc>1.727136</hAcc><vAcc>0.690283</vAcc></extensions></trkpt>
      <trkpt lon="120.956089" lat="23.469538"><ele>3818.040891</ele><time>2026-09-14T20:34:29Z</time><extensions><speed>0.123094</speed><course>359.650749</course><hAcc>1.738134</hAcc><vAcc>0.690283</vAcc></extensions></trkpt>
      <trkpt lon="120.956089" lat="23.469539"><ele>3818.083479</ele><time>2026-09-14T20:34:30Z</time><extensions><speed>0.080068</speed><course>359.401783</course><hAcc>1.747471</hAcc><vAcc>0.690283</vAcc></extensions></trkpt>
      <trkpt lon="120.956089" lat="23.469540"><ele>3818.120376</ele><time>2026-09-14T20:34:31Z</time><extensions><speed>0.121549</speed><course>355.598464</course><hAcc>1.745389</hAcc><vAcc>0.690283</vAcc></extensions></trkpt>
      <trkpt lon="120.956089" lat="23.469541"><ele>3818.154041</ele><time>2026-09-14T20:34:32Z</time><extensions><speed>0.163084</speed><course>353.033403</course><hAcc>1.740767</hAcc><vAcc>0.690283</vAcc></extensions></trkpt>
      <trkpt lon="120.956089" lat="23.469542"><ele>3818.187192</ele><time>2026-09-14T20:34:33Z</time><extensions><speed>0.144964</speed><course>349.829190</course><hAcc>1.745801</hAcc><vAcc>0.690283</vAcc></extensions></trkpt>
      <trkpt lon="120.956089" lat="23.469543"><ele>3818.222105</ele><time>2026-09-14T20:34:34Z</time><extensions><speed>0.129153</speed><course>345.245168</course><hAcc>1.748402</hAcc><vAcc>0.690283</vAcc></extensions></trkpt>
      <trkpt lon="120.956088" lat="23.469545"><ele>3818.260355</ele><time>2026-09-14T20:34:35Z</time><extensions><speed>0.184963</speed><course>344.675195</course><hAcc>1.744783</hAcc><vAcc>0.690283</vAcc></extensions></trkpt>
      <trkpt lon="120.956088" lat="23.469546"><ele>3818.303307</ele><time>2026-09-14T20:34:36Z</time><extensions><speed>0.210802</speed><course>343.354568</course><hAcc>1.739703</hAcc><vAcc>0.690283</vAcc></extensions></trkpt>
      <trkpt lon="120.956087" lat="23.469548"><ele>3818.351182</ele><time>2026-09-14T20:34:37Z</time><extensions><speed>0.253720</speed><course>343.532736</course><hAcc>1.727330</hAcc><vAcc>0.690283</vAcc></extensions></trkpt>
      <trkpt lon="120.956086" lat="23.469550"><ele>3818.403796</ele><time>2026-09-14T20:34:38Z</time><extensions><speed>0.233549</speed><course>341.805796</course><hAcc>1.718590</hAcc><vAcc>0.690283</vAcc></extensions></trkpt>
      <trkpt lon="120.956085" lat="23.469552"><ele>3818.460674</ele><time>2026-09-14T20:34:39Z</time><extensions><speed>0.139473</speed><course>336.380508</course><hAcc>1.729553</hAcc><vAcc>0.690283</vAcc></extensions></trkpt>
      <trkpt lon="120.956085" lat="23.469553"><ele>3818.520844</ele><time>2026-09-14T20:34:40Z</time><extensions><speed>0.050521</speed><course>315.357169</course><hAcc>1.752145</hAcc><vAcc>0.690283</vAcc></extensions></trkpt>
      <trkpt lon="120.956085" lat="23.469553"><ele>3818.582763</ele><time>2026-09-14T20:34:41Z</time><extensions><speed>0.061351</speed><course>302.166507</course><hAcc>1.729067</hAcc><vAcc>0.690283</vAcc></extensions></trkpt>
      <trkpt lon="120.956084" lat="23.469554"><ele>3818.644180</ele><time>2026-09-14T20:34:42Z</time><extensions><speed>0.104965</speed><course>308.701716</course><hAcc>1.722566</hAcc><vAcc>0.690283</vAcc></extensions></trkpt>
      <trkpt lon="120.956083" lat="23.469554"><ele>3818.702344</ele><time>2026-09-14T20:34:43Z</time><extensions><speed>0.139852</speed><course>300.447874</course><hAcc>1.733477</hAcc><vAcc>0.690283</vAcc></extensions></trkpt>
      <trkpt lon="120.956081" lat="23.469555"><ele>3818.754403</ele><time>2026-09-14T20:34:44Z</time><extensions><speed>0.213591</speed><course>306.112279</course><hAcc>1.744342</hAcc><vAcc>0.690283</vAcc></extensions></trkpt>
      <trkpt lon="120.956079" lat="23.469557"><ele>3818.798268</ele><time>2026-09-14T20:34:45Z</time><extensions><speed>0.303553</speed><course>311.654058</course><hAcc>1.749830</hAcc><vAcc>0.690282</vAcc></extensions></trkpt>
      <trkpt lon="120.956077" lat="23.469558"><ele>3818.832900</ele><time>2026-09-14T20:34:46Z</time><extensions><speed>0.343790</speed><course>310.317963</course><hAcc>1.754572</hAcc><vAcc>0.690282</vAcc></extensions></trkpt>
      <trkpt lon="120.956074" lat="23.469561"><ele>3818.858233</ele><time>2026-09-14T20:34:47Z</time><extensions><speed>0.393612</speed><course>313.840493</course><hAcc>1.763386</hAcc><vAcc>0.690281</vAcc></extensions></trkpt>
      <trkpt lon="120.956072" lat="23.469563"><ele>3818.875033</ele><time>2026-09-14T20:34:48Z</time><extensions><speed>0.385930</speed><course>310.696638</course><hAcc>1.777960</hAcc><vAcc>0.690280</vAcc></extensions></trkpt>
      <trkpt lon="120.956069" lat="23.469565"><ele>3818.884416</ele><time>2026-09-14T20:34:49Z</time><extensions><speed>0.301037</speed><course>296.778264</course><hAcc>1.778693</hAcc><vAcc>0.690280</vAcc></extensions></trkpt>
      <trkpt lon="120.956066" lat="23.469566"><ele>3818.888682</ele><time>2026-09-14T20:34:50Z</time><extensions><speed>0.272667</speed><course>287.084538</course><hAcc>1.778889</hAcc><vAcc>0.690281</vAcc></extensions></trkpt>
      <trkpt lon="120.956064" lat="23.469566"><ele>3818.889842</ele><time>2026-09-14T20:34:51Z</time><extensions><speed>0.271145</speed><course>282.267132</course><hAcc>1.782642</hAcc><vAcc>0.690282</vAcc></extensions></trkpt>
      <trkpt lon="120.956061" lat="23.469567"><ele>3818.890284</ele><time>2026-09-14T20:34:52Z</time><extensions><speed>0.309929</speed><course>283.712052</course><hAcc>1.780967</hAcc><vAcc>0.690282</vAcc></extensions></trkpt>
      <trkpt lon="120.956058" lat="23.469567"><ele>3818.892806</ele><time>2026-09-14T20:34:53Z</time><extensions><speed>0.302310</speed><course>274.955009</course><hAcc>1.777069</hAcc><vAcc>0.690283</vAcc></extensions></trkpt>
      <trkpt lon="120.956055" lat="23.469568"><ele>3818.899765</ele><time>2026-09-14T20:34:54Z</time><extensions><speed>0.302836</speed><course>274.997396</course><hAcc>1.765870</hAcc><vAcc>0.690283</vAcc></extensions></trkpt>
      <trkpt lon="120.956052" lat="23.469568"><ele>3818.913626</ele><time>2026-09-14T20:34:55Z</time><extensions><speed>0.281205</speed><course>276.397258</course><hAcc>1.752828</hAcc><vAcc>0.690283</vAcc></extensions></trkpt>
      <trkpt lon="120.956049" lat="23.469568"><ele>3818.937346</ele><time>2026-09-14T20:34:56Z</time><extensions><speed>0.292088</speed><course>289.060573</course><hAcc>1.747000</hAcc><vAcc>0.690283</vAcc></extensions></trkpt>
      <trkpt lon="120.956047" lat="23.469570"><ele>3818.974352</ele><time>2026-09-14T20:34:57Z</time><extensions><speed>0.336787</speed><course>305.543921</course><hAcc>1.763060</hAcc><vAcc>0.690283</vAcc></extensions></trkpt>
      <trkpt lon="120.956044" lat="23.469572"><ele>3819.027913</ele><time>2026-09-14T20:34:58Z</time><extensions><speed>0.330180</speed><course>318.958845</course><hAcc>1.769687</hAcc><vAcc>0.690283</vAcc></extensions></trkpt>
      <trkpt lon="120.956042" lat="23.469574"><ele>3819.100902</ele><time>2026-09-14T20:34:59Z</time><extensions><speed>0.336486</speed><course>320.083525</course><hAcc>1.745436</hAcc><vAcc>0.690283</vAcc></extensions></trkpt>
      <trkpt lon="120.956040" lat="23.469576"><ele>3819.194728</ele><time>2026-09-14T20:35:00Z</time><extensions><speed>0.334861</speed><course>318.849586</course><hAcc>1.734020</hAcc><vAcc>0.690283</vAcc></extensions></trkpt>
      <trkpt lon="120.956038" lat="23.469579"><ele>3819.308993</ele><time>2026-09-14T20:35:01Z</time><extensions><speed>0.319093</speed><course>317.847050</course><hAcc>1.736859</hAcc><vAcc>0.690283</vAcc></extensions></trkpt>
      <trkpt lon="120.956036" lat="23.469580"><ele>3819.441309</ele><time>2026-09-14T20:35:02Z</time><extensions><speed>0.247554</speed><course>316.415672</course><hAcc>1.741069</hAcc><vAcc>0.690283</vAcc></extensions></trkpt>
      <trkpt lon="120.956035" lat="23.469582"><ele>3819.587663</ele><time>2026-09-14T20:35:03Z</time><extensions><speed>0.225632</speed><course>321.464368</course><hAcc>1.740758</hAcc><vAcc>0.690283</vAcc></extensions></trkpt>
      <trkpt lon="120.956033" lat="23.469583"><ele>3819.743078</ele><time>2026-09-14T20:35:04Z</time><extensions><speed>0.163072</speed><course>325.852906</course><hAcc>1.736622</hAcc><vAcc>0.690283</vAcc></extensions></trkpt>
      <trkpt lon="120.956033" lat="23.469584"><ele>3819.902317</ele><time>2026-09-14T20:35:05Z</time><extensions><speed>0.067913</speed><course>329.652148</course><hAcc>1.735263</hAcc><vAcc>0.690284</vAcc></extensions></trkpt>
      <trkpt lon="120.956033" lat="23.469585"><ele>3820.060863</ele><time>2026-09-14T20:35:06Z</time><extensions><speed>0.027701</speed><course>340.904659</course><hAcc>1.740060</hAcc><vAcc>0.690284</vAcc></extensions></trkpt>
      <trkpt lon="120.956033" lat="23.469585"><ele>3820.215716</ele><time>2026-09-14T20:35:07Z</time><extensions><speed>0.035533</speed><course>343.624778</course><hAcc>1.738133</hAcc><vAcc>0.690284</vAcc></extensions></trkpt>
      <trkpt lon="120.956032" lat="23.469585"><ele>3820.364900</ele><time>2026-09-14T20:35:08Z</time><extensions><speed>0.100699</speed><course>337.920626</course><hAcc>1.708897</hAcc><vAcc>0.690284</vAcc></extensions></trkpt>
      <trkpt lon="120.956032" lat="23.469587"><ele>3820.507826</ele><time>2026-09-14T20:35:09Z</time><extensions><speed>0.181490</speed><course>333.542187</course><hAcc>1.698008</hAcc><vAcc>0.690284</vAcc></extensions></trkpt>
      <trkpt lon="120.956031" lat="23.469588"><ele>3820.644342</ele><time>2026-09-14T20:35:10Z</time><extensions><speed>0.212784</speed><course>323.828838</course><hAcc>1.711846</hAcc><vAcc>0.690284</vAcc></extensions></trkpt>
      <trkpt lon="120.956030" lat="23.469589"><ele>3820.774275</ele><time>2026-09-14T20:35:11Z</time><extensions><speed>0.117300</speed><course>332.878352</course><hAcc>1.713252</hAcc><vAcc>0.690284</vAcc></extensions></trkpt>
      <trkpt lon="120.956030" lat="23.469590"><ele>3820.897013</ele><time>2026-09-14T20:35:12Z</time><extensions><speed>0.062276</speed><course>15.102302</course><hAcc>1.708805</hAcc><vAcc>0.690284</vAcc></extensions></trkpt>
      <trkpt lon="120.956030" lat="23.469591"><ele>3821.012032</ele><time>2026-09-14T20:35:13Z</time><extensions><speed>0.059039</speed><course>23.108968</course><hAcc>1.706723</hAcc><vAcc>0.690283</vAcc></extensions></trkpt>
      <trkpt lon="120.956030" lat="23.469591"><ele>3821.118331</ele><time>2026-09-14T20:35:14Z</time><extensions><speed>0.084721</speed><course>343.205116</course><hAcc>1.700788</hAcc><vAcc>0.690283</vAcc></extensions></trkpt>
      <trkpt lon="120.956030" lat="23.469592"><ele>3821.214976</ele><time>2026-09-14T20:35:15Z</time><extensions><speed>0.096196</speed><course>338.545590</course><hAcc>1.696046</hAcc><vAcc>0.690283</vAcc></extensions></trkpt>
      <trkpt lon="120.956029" lat="23.469593"><ele>3821.301513</ele><time>2026-09-14T20:35:16Z</time><extensions><speed>0.095574</speed><course>335.807080</course><hAcc>1.712801</hAcc><vAcc>0.690283</vAcc></extensions></trkpt>
      <trkpt lon="120.956029" lat="23.469594"><ele>3821.377909</ele><time>2026-09-14T20:35:17Z</time><extensions><speed>0.161494</speed><course>319.185836</course><hAcc>1.724267</hAcc><vAcc>0.690283</vAcc></extensions></trkpt>
      <trkpt lon="120.956027" lat="23.469595"><ele>3821.445949</ele><time>2026-09-14T20:35:18Z</time><extensions><speed>0.221199</speed><course>308.565684</course><hAcc>1.730922</hAcc><vAcc>0.690283</vAcc></extensions></trkpt>
      <trkpt lon="120.956026" lat="23.469596"><ele>3821.508508</ele><time>2026-09-14T20:35:19Z</time><extensions><speed>0.146384</speed><course>331.289811</course><hAcc>1.730277</hAcc><vAcc>0.690283</vAcc></extensions></trkpt>
      <trkpt lon="120.956026" lat="23.469597"><ele>3821.569338</ele><time>2026-09-14T20:35:20Z</time><extensions><speed>0.119587</speed><course>1.856212</course><hAcc>1.733110</hAcc><vAcc>0.690283</vAcc></extensions></trkpt>
      <trkpt lon="120.956026" lat="23.469598"><ele>3821.632598</ele><time>2026-09-14T20:35:21Z</time><extensions><speed>0.107707</speed><course>10.909192</course><hAcc>1.739464</hAcc><vAcc>0.690283</vAcc></extensions></trkpt>
      <trkpt lon="120.956026" lat="23.469599"><ele>3821.702484</ele><time>2026-09-14T20:35:22Z</time><extensions><speed>0.083523</speed><course>7.398304</course><hAcc>1.746446</hAcc><vAcc>0.690283</vAcc></extensions></trkpt>
      <trkpt lon="120.956027" lat="23.469600"><ele>3821.781798</ele><time>2026-09-14T20:35:23Z</time><extensions><speed>0.067733</speed><course>29.807970</course><hAcc>1.753654</hAcc><vAcc>0.690283</vAcc></extensions></trkpt>
      <trkpt lon="120.956027" lat="23.469600"><ele>3821.872193</ele><time>2026-09-14T20:35:24Z</time><extensions><speed>0.112242</speed><course>70.809622</course><hAcc>1.760121</hAcc><vAcc>0.690283</vAcc></extensions></trkpt>
      <trkpt lon="120.956028" lat="23.469600"><ele>3821.974304</ele><time>2026-09-14T20:35:25Z</time><extensions><speed>0.133931</speed><course>86.949408</course><hAcc>1.759883</hAcc><vAcc>0.690283</vAcc></extensions></trkpt>
      <trkpt lon="120.956030" lat="23.469600"><ele>3822.088101</ele><time>2026-09-14T20:35:26Z</time><extensions><speed>0.138215</speed><course>104.234073</course><hAcc>1.756179</hAcc><vAcc>0.690283</vAcc></extensions></trkpt>
      <trkpt lon="120.956031" lat="23.469600"><ele>3822.212400</ele><time>2026-09-14T20:35:27Z</time><extensions><speed>0.189562</speed><course>115.685723</course><hAcc>1.753761</hAcc><vAcc>0.690283</vAcc></extensions></trkpt>
      <trkpt lon="120.956033" lat="23.469599"><ele>3822.345076</ele><time>2026-09-14T20:35:28Z</time><extensions><speed>0.248401</speed><course>120.788595</course><hAcc>1.753103</hAcc><vAcc>0.690283</vAcc></extensions></trkpt>
      <trkpt lon="120.956036" lat="23.469598"><ele>3822.483525</ele><time>2026-09-14T20:35:29Z</time><extensions><speed>0.301030</speed><course>121.871617</course><hAcc>1.754096</hAcc><vAcc>0.690283</vAcc></extensions></trkpt>
      <trkpt lon="120.956038" lat="23.469596"><ele>3822.625288</ele><time>2026-09-14T20:35:30Z</time><extensions><speed>0.342959</speed><course>121.746552</course><hAcc>1.753220</hAcc><vAcc>0.690283</vAcc></extensions></trkpt>
      <trkpt lon="120.956041" lat="23.469594"><ele>3822.768483</ele><time>2026-09-14T20:35:31Z</time><extensions><speed>0.352546</speed><course>121.613660</course><hAcc>1.751503</hAcc><vAcc>0.690283</vAcc></extensions></trkpt>
      <trkpt lon="120.956044" lat="23.469593"><ele>3822.911889</ele><time>2026-09-14T20:35:32Z</time><extensions><speed>0.365791</speed><course>118.188507</course><hAcc>1.750201</hAcc><vAcc>0.690283</vAcc></extensions></trkpt>
      <trkpt lon="120.956048" lat="23.469591"><ele>3823.056071</ele><time>2026-09-14T20:35:33Z</time><extensions><speed>0.366206</speed><course>115.832105</course><hAcc>1.748827</hAcc><vAcc>0.690283</vAcc></extensions></trkpt>
      <trkpt lon="120.956051" lat="23.469590"><ele>3823.202759</ele><time>2026-09-14T20:35:34Z</time><extensions><speed>0.364602</speed><course>114.724999</course><hAcc>1.748610</hAcc><vAcc>0.690283</vAcc></extensions></trkpt>
      <trkpt lon="120.956054" lat="23.469588"><ele>3823.353971</ele><time>2026-09-14T20:35:35Z</time><extensions><speed>0.374262</speed><course>113.110620</course><hAcc>1.749072</hAcc><vAcc>0.690283</vAcc></extensions></trkpt>
      <trkpt lon="120.956058" lat="23.469587"><ele>3823.510781</ele><time>2026-09-14T20:35:36Z</time><extensions><speed>0.378493</speed><course>110.964618</course><hAcc>1.748838</hAcc><vAcc>0.690283</vAcc></extensions></trkpt>
      <trkpt lon="120.956061" lat="23.469586"><ele>3823.674609</ele><time>2026-09-14T20:35:37Z</time><extensions><speed>0.372391</speed><course>107.984112</course><hAcc>1.748039</hAcc><vAcc>0.690283</vAcc></extensions></trkpt>
      <trkpt lon="120.956065" lat="23.469585"><ele>3823.845825</ele><time>2026-09-14T20:35:38Z</time><extensions><speed>0.377738</speed><course>101.815530</course><hAcc>1.748995</hAcc><vAcc>0.690283</vAcc></extensions></trkpt>
      <trkpt lon="120.956068" lat="23.469585"><ele>3824.023552</ele><time>2026-09-14T20:35:39Z</time><extensions><speed>0.373927</speed><course>94.990582</course><hAcc>1.749315</hAcc><vAcc>0.690283</vAcc></extensions></trkpt>
      <trkpt lon="120.956072" lat="23.469585"><ele>3824.206646</ele><time>2026-09-14T20:35:40Z</time><extensions><speed>0.365275</speed><course>88.635018</course><hAcc>1.750076</hAcc><vAcc>0.690283</vAcc></extensions></trkpt>
      <trkpt lon="120.956075" lat="23.469585"><ele>3824.392940</ele><time>2026-09-14T20:35:41Z</time><extensions><speed>0.345409</speed><course>82.857301</course><hAcc>1.749503</hAcc><vAcc>0.690283</vAcc></extensions></trkpt>
      <trkpt lon="120.956079" lat="23.469585"><ele>3824.578737</ele><time>2026-09-14T20:35:42Z</time><extensions><speed>0.310179</speed><course>78.029822</course><hAcc>1.747274</hAcc><vAcc>0.690283</vAcc></extensions></trkpt>
      <trkpt lon="120.956082" lat="23.469586"><ele>3824.758740</ele><time>2026-09-14T20:35:43Z</time><extensions><speed>0.266542</speed><course>76.382356</course><hAcc>1.744833</hAcc><vAcc>0.690283</vAcc></extensions></trkpt>
      <trkpt lon="120.956084" lat="23.469586"><ele>3824.926798</ele><time>2026-09-14T20:35:44Z</time><extensions><speed>0.241986</speed><course>79.559194</course><hAcc>1.742970</hAcc><vAcc>0.690283</vAcc></extensions></trkpt>
      <trkpt lon="120.956086" lat="23.469587"><ele>3825.076386</ele><time>2026-09-14T20:35:45Z</time><extensions><speed>0.225498</speed><course>84.514963</course><hAcc>1.736838</hAcc><vAcc>0.690283</vAcc></extensions></trkpt>
      <trkpt lon="120.956089" lat="23.469587"><ele>3825.202942</ele><time>2026-09-14T20:35:46Z</time><extensions><speed>0.226662</speed><course>90.004499</course><hAcc>1.727919</hAcc><vAcc>0.690283</vAcc></extensions></trkpt>
      <trkpt lon="120.956091" lat="23.469587"><ele>3825.304273</ele><time>2026-09-14T20:35:47Z</time><extensions><speed>0.241111</speed><course>94.149932</course><hAcc>1.721042</hAcc><vAcc>0.690283</vAcc></extensions></trkpt>
      <trkpt lon="120.956094" lat="23.469586"><ele>3825.381490</ele><time>2026-09-14T20:35:48Z</time><extensions><speed>0.250865</speed><course>95.974951</course><hAcc>1.727420</hAcc><vAcc>0.690283</vAcc></extensions></trkpt>
      <trkpt lon="120.956096" lat="23.469586"><ele>3825.439321</ele><time>2026-09-14T20:35:49Z</time><extensions><speed>0.266006</speed><course>95.170360</course><hAcc>1.747569</hAcc><vAcc>0.690283</vAcc></extensions></trkpt>
      <trkpt lon="120.956099" lat="23.469586"><ele>3825.484281</ele><time>2026-09-14T20:35:50Z</time><extensions><speed>0.363925</speed><course>95.270682</course><hAcc>1.728731</hAcc><vAcc>0.690283</vAcc></extensions></trkpt>
      <trkpt lon="120.956103" lat="23.469586"><ele>3825.524221</ele><time>2026-09-14T20:35:51Z</time><extensions><speed>0.431916</speed><course>96.639835</course><hAcc>1.720827</hAcc><vAcc>0.690283</vAcc></extensions></trkpt>
      <trkpt lon="120.956107" lat="23.469585"><ele>3825.567139</ele><time>2026-09-14T20:35:52Z</time><extensions><speed>0.467016</speed><course>98.888699</course><hAcc>1.727126</hAcc><vAcc>0.690283</vAcc></extensions></trkpt>
      <trkpt lon="120.956112" lat="23.469584"><ele>3825.620179</ele><time>2026-09-14T20:35:53Z</time><extensions><speed>0.481075</speed><course>99.942475</course><hAcc>1.732831</hAcc><vAcc>0.690283</vAcc></extensions></trkpt>
      <trkpt lon="120.956117" lat="23.469584"><ele>3825.687947</ele><time>2026-09-14T20:35:54Z</time><extensions><speed>0.449733</speed><course>98.632411</course><hAcc>1.735002</hAcc><vAcc>0.690283</vAcc></extensions></trkpt>
      <trkpt lon="120.956121" lat="23.469583"><ele>3825.773800</ele><time>2026-09-14T20:35:55Z</time><extensions><speed>0.403113</speed><course>94.849388</course><hAcc>1.729351</hAcc><vAcc>0.690283</vAcc></extensions></trkpt>
      <trkpt lon="120.956124" lat="23.469583"><ele>3825.878439</ele><time>2026-09-14T20:35:56Z</time><extensions><speed>0.332586</speed><course>88.916071</course><hAcc>1.715772</hAcc><vAcc>0.690283</vAcc></extensions></trkpt>
      <trkpt lon="120.956127" lat="23.469583"><ele>3826.000262</ele><time>2026-09-14T20:35:57Z</time><extensions><speed>0.262865</speed><course>80.461036</course><hAcc>1.701071</hAcc><vAcc>0.690283</vAcc></extensions></trkpt>
      <trkpt lon="120.956130" lat="23.469584"><ele>3826.135810</ele><time>2026-09-14T20:35:58Z</time><extensions><speed>0.200273</speed><course>69.823466</course><hAcc>1.699679</hAcc><vAcc>0.690283</vAcc></extensions></trkpt>
      <trkpt lon="120.956131" lat="23.469585"><ele>3826.280217</ele><time>2026-09-14T20:35:59Z</time><extensions><speed>0.142607</speed><course>61.083794</course><hAcc>1.721127</hAcc><vAcc>0.690283</vAcc></extensions></trkpt>
      <trkpt lon="120.956132" lat="23.469585"><ele>3826.426991</ele><time>2026-09-14T20:36:00Z</time><extensions><speed>0.127699</speed><course>57.488352</course><hAcc>1.717335</hAcc><vAcc>0.690283</vAcc></extensions></trkpt>
      <trkpt lon="120.956134" lat="23.469586"><ele>3826.569185</ele><time>2026-09-14T20:36:01Z</time><extensions><speed>0.155940</speed><course>61.524970</course><hAcc>1.692423</hAcc><vAcc>0.690283</vAcc></extensions></trkpt>
      <trkpt lon="120.956135" lat="23.469586"><ele>3826.700454</ele><time>2026-09-14T20:36:02Z</time><extensions><speed>0.177262</speed><course>67.982429</course><hAcc>1.696724</hAcc><vAcc>0.690283</vAcc></extensions></trkpt>
      <trkpt lon="120.956137" lat="23.469587"><ele>3826.816005</ele><time>2026-09-14T20:36:03Z</time><extensions><speed>0.199313</speed><course>73.614574</course><hAcc>1.714341</hAcc><vAcc>0.690283</vAcc></extensions></trkpt>
      <trkpt lon="120.956139" lat="23.469587"><ele>3826.913503</ele><time>2026-09-14T20:36:04Z</time><extensions><speed>0.237933</speed><course>78.234837</course><hAcc>1.718106</hAcc><vAcc>0.690283</vAcc></extensions></trkpt>
      <trkpt lon="120.956141" lat="23.469588"><ele>3826.993509</ele><time>2026-09-14T20:36:05Z</time><extensions><speed>0.266686</speed><course>82.091834</course><hAcc>1.725225</hAcc><vAcc>0.690283</vAcc></extensions></trkpt>
      <trkpt lon="120.956144" lat="23.469588"><ele>3827.059064</ele><time>2026-09-14T20:36:06Z</time><extensions><speed>0.275169</speed><course>83.695129</course><hAcc>1.732917</hAcc><vAcc>0.690283</vAcc></extensions></trkpt>
      <trkpt lon="120.956147" lat="23.469588"><ele>3827.114666</ele><time>2026-09-14T20:36:07Z</time><extensions><speed>0.311402</speed><course>83.919199</course><hAcc>1.739398</hAcc><vAcc>0.690283</vAcc></extensions></trkpt>
      <trkpt lon="120.956150" lat="23.469589"><ele>3827.165027</ele><time>2026-09-14T20:36:08Z</time><extensions><speed>0.327379</speed><course>84.181012</course><hAcc>1.743470</hAcc><vAcc>0.690283</vAcc></extensions></trkpt>
      <trkpt lon="120.956153" lat="23.469589"><ele>3827.214825</ele><time>2026-09-14T20:36:09Z</time><extensions><speed>0.327498</speed><course>85.607672</course><hAcc>1.745158</hAcc><vAcc>0.690283</vAcc></extensions></trkpt>
      <trkpt lon="120.956157" lat="23.469589"><ele>3827.267351</ele><time>2026-09-14T20:36:10Z</time><extensions><speed>0.325661</speed><course>87.800548</course><hAcc>1.745723</hAcc><vAcc>0.690283</vAcc></extensions></trkpt>
      <trkpt lon="120.956160" lat="23.469589"><ele>3827.324186</ele><time>2026-09-14T20:36:11Z</time><extensions><speed>0.327705</speed><course>90.041420</course><hAcc>1.746441</hAcc><vAcc>0.690283</vAcc></extensions></trkpt>
      <trkpt lon="120.956163" lat="23.469589"><ele>3827.385801</ele><time>2026-09-14T20:36:12Z</time><extensions><speed>0.327562</speed><course>91.276889</course><hAcc>1.746031</hAcc><vAcc>0.690283</vAcc></extensions></trkpt>
      <trkpt lon="120.956166" lat="23.469589"><ele>3827.452109</ele><time>2026-09-14T20:36:13Z</time><extensions><speed>0.335062</speed><course>91.722096</course><hAcc>1.745922</hAcc><vAcc>0.690283</vAcc></extensions></trkpt>
      <trkpt lon="120.956170" lat="23.469589"><ele>3827.522390</ele><time>2026-09-14T20:36:14Z</time><extensions><speed>0.347805</speed><course>91.795267</course><hAcc>1.746531</hAcc><vAcc>0.690283</vAcc></extensions></trkpt>
      <trkpt lon="120.956173" lat="23.469589"><ele>3827.596327</ele><time>2026-09-14T20:36:15Z</time><extensions><speed>0.348822</speed><course>90.542949</course><hAcc>1.745015</hAcc><vAcc>0.690283</vAcc></extensions></trkpt>
      <trkpt lon="120.956177" lat="23.469589"><ele>3827.674484</ele><time>2026-09-14T20:36:16Z</time><extensions><speed>0.350717</speed><course>86.639054</course><hAcc>1.740519</hAcc><vAcc>0.690283</vAcc></extensions></trkpt>
      <trkpt lon="120.956180" lat="23.469590"><ele>3827.757348</ele><time>2026-09-14T20:36:17Z</time><extensions><speed>0.339985</speed><course>80.798506</course><hAcc>1.733600</hAcc><vAcc>0.690283</vAcc></extensions></trkpt>
      <trkpt lon="120.956183" lat="23.469590"><ele>3827.845171</ele><time>2026-09-14T20:36:18Z</time><extensions><speed>0.315382</speed><course>73.864627</course><hAcc>1.721438</hAcc><vAcc>0.690283</vAcc></extensions></trkpt>
      <trkpt lon="120.956186" lat="23.469591"><ele>3827.937473</ele><time>2026-09-14T20:36:19Z</time><extensions><speed>0.274017</speed><course>65.819596</course><hAcc>1.708654</hAcc><vAcc>0.690283</vAcc></extensions></trkpt>
      <trkpt lon="120.956188" lat="23.469592"><ele>3828.032693</ele><time>2026-09-14T20:36:20Z</time><extensions><speed>0.224316</speed><course>56.526454</course><hAcc>1.711148</hAcc><vAcc>0.690283</vAcc></extensions></trkpt>
      <trkpt lon="120.956189" lat="23.469593"><ele>3828.128077</ele><time>2026-09-14T20:36:21Z</time><extensions><speed>0.155095</speed><course>42.239914</course><hAcc>1.739164</hAcc><vAcc>0.690283</vAcc></extensions></trkpt>
      <trkpt lon="120.956190" lat="23.469594"><ele>3828.220354</ele><time>2026-09-14T20:36:22Z</time><extensions><speed>0.147235</speed><course>19.747029</course><hAcc>1.741050</hAcc><vAcc>0.690283</vAcc></extensions></trkpt>
      <trkpt lon="120.956190" lat="23.469596"><ele>3828.306488</ele><time>2026-09-14T20:36:23Z</time><extensions><speed>0.203900</speed><course>356.533719</course><hAcc>1.715533</hAcc><vAcc>0.690283</vAcc></extensions></trkpt>
      <trkpt lon="120.956190" lat="23.469598"><ele>3828.384177</ele><time>2026-09-14T20:36:24Z</time><extensions><speed>0.244018</speed><course>349.161161</course><hAcc>1.712991</hAcc><vAcc>0.690283</vAcc></extensions></trkpt>
      <trkpt lon="120.956189" lat="23.469600"><ele>3828.452199</ele><time>2026-09-14T20:36:25Z</time><extensions><speed>0.264461</speed><course>342.419422</course><hAcc>1.725422</hAcc><vAcc>0.690283</vAcc></extensions></trkpt>
      <trkpt lon="120.956189" lat="23.469603"><ele>3828.510676</ele><time>2026-09-14T20:36:26Z</time><extensions><speed>0.248502</speed><course>345.255184</course><hAcc>1.739369</hAcc><vAcc>0.690283</vAcc></extensions></trkpt>
      <trkpt lon="120.956188" lat="23.469605"><ele>3828.561084</ele><time>2026-09-14T20:36:27Z</time><extensions><speed>0.209608</speed><course>353.363377</course><hAcc>1.750206</hAcc><vAcc>0.690283</vAcc></extensions></trkpt>
      <trkpt lon="120.956188" lat="23.469606"><ele>3828.605336</ele><time>2026-09-14T20:36:28Z</time><extensions><speed>0.179531</speed><course>0.744333</course><hAcc>1.755440</hAcc><vAcc>0.690283</vAcc></extensions></trkpt>
      <trkpt lon="120.956188" lat="23.469608"><ele>3828.645242</ele><time>2026-09-14T20:36:29Z</time><extensions><speed>0.164241</speed><course>1.261516</course><hAcc>1.757565</hAcc><vAcc>0.690283</vAcc></extensions></trkpt>
      <trkpt lon="120.956188" lat="23.469609"><ele>3828.682287</ele><time>2026-09-14T20:36:30Z</time><extensions><speed>0.164334</speed><course>354.918384</course><hAcc>1.758704</hAcc><vAcc>0.690283</vAcc></extensions></trkpt>
      <trkpt lon="120.956188" lat="23.469611"><ele>3828.717362</ele><time>2026-09-14T20:36:31Z</time><extensions><speed>0.185124</speed><course>342.716800</course><hAcc>1.757744</hAcc><vAcc>0.690283</vAcc></extensions></trkpt>
      <trkpt lon="120.956187" lat="23.469613"><ele>3828.750865</ele><time>2026-09-14T20:36:32Z</time><extensions><speed>0.235500</speed><course>326.180404</course><hAcc>1.752706</hAcc><vAcc>0.690283</vAcc></extensions></trkpt>
      <trkpt lon="120.956186" lat="23.469614"><ele>3828.783071</ele><time>2026-09-14T20:36:33Z</time><extensions><speed>0.253470</speed><course>323.854323</course><hAcc>1.752371</hAcc><vAcc>0.690283</vAcc></extensions></trkpt>
      <trkpt lon="120.956184" lat="23.469616"><ele>3828.814633</ele><time>2026-09-14T20:36:34Z</time><extensions><speed>0.228981</speed><course>333.209289</course><hAcc>1.759601</hAcc><vAcc>0.690283</vAcc></extensions></trkpt>
      <trkpt lon="120.956184" lat="23.469618"><ele>3828.846858</ele><time>2026-09-14T20:36:35Z</time><extensions><speed>0.204613</speed><course>347.675353</course><hAcc>1.769844</hAcc><vAcc>0.690283</vAcc></extensions></trkpt>
      <trkpt lon="120.956183" lat="23.469620"><ele>3828.880925</ele><time>2026-09-14T20:36:36Z</time><extensions><speed>0.222420</speed><course>345.709616</course><hAcc>1.765545</hAcc><vAcc>0.690283</vAcc></extensions></trkpt>
      <trkpt lon="120.956183" lat="23.469622"><ele>3828.918483</ele><time>2026-09-14T20:36:37Z</time><extensions><speed>0.241841</speed><course>339.137704</course><hAcc>1.763983</hAcc><vAcc>0.690283</vAcc></extensions></trkpt>
      <trkpt lon="120.956182" lat="23.469624"><ele>3828.961117</ele><time>2026-09-14T20:36:38Z</time><extensions><speed>0.239321</speed><course>342.195053</course><hAcc>1.768423</hAcc><vAcc>0.690283</vAcc></extensions></trkpt>
      <trkpt lon="120.956181" lat="23.469626"><ele>3829.010116</ele><time>2026-09-14T20:36:39Z</time><extensions><speed>0.239956</speed><course>341.371845</course><hAcc>1.769875</hAcc><vAcc>0.690283</vAcc></extensions></trkpt>
      <trkpt lon="120.956180" lat="23.469628"><ele>3829.066428</ele><time>2026-09-14T20:36:40Z</time><extensions><speed>0.235042</speed><course>340.144946</course><hAcc>1.772928</hAcc><vAcc>0.690283</vAcc></extensions></trkpt>
      <trkpt lon="120.956179" lat="23.469630"><ele>3829.131109</ele><time>2026-09-14T20:36:41Z</time><extensions><speed>0.237830</speed><course>337.895674</course><hAcc>1.775378</hAcc><vAcc>0.690283</vAcc></extensions></trkpt>
      <trkpt lon="120.956178" lat="23.469632"><ele>3829.205047</ele><time>2026-09-14T20:36:42Z</time><extensions><speed>0.270554</speed><course>330.372569</course><hAcc>1.771174</hAcc><vAcc>0.690283</vAcc></extensions></trkpt>
      <trkpt lon="120.956177" lat="23.469635"><ele>3829.288950</ele><time>2026-09-14T20:36:43Z</time><extensions><speed>0.297827</speed><course>328.521468</course><hAcc>1.761552</hAcc><vAcc>0.690283</vAcc></extensions></trkpt>
      <trkpt lon="120.956176" lat="23.469637"><ele>3829.383174</ele><time>2026-09-14T20:36:44Z</time><extensions><speed>0.293638</speed><course>332.122017</course><hAcc>1.751592</hAcc><vAcc>0.690283</vAcc></extensions></trkpt>
      <trkpt lon="120.956174" lat="23.469639"><ele>3829.487654</ele><time>2026-09-14T20:36:45Z</time><extensions><speed>0.263266</speed><course>338.292307</course><hAcc>1.744930</hAcc><vAcc>0.690283</vAcc></extensions></trkpt>
      <trkpt lon="120.956173" lat="23.469641"><ele>3829.601335</ele><time>2026-09-14T20:36:46Z</time><extensions><speed>0.232438</speed><course>336.915100</course><hAcc>1.750717</hAcc><vAcc>0.690283</vAcc></extensions></trkpt>
      <trkpt lon="120.956173" lat="23.469643"><ele>3829.722468</ele><time>2026-09-14T20:36:47Z</time><extensions><speed>0.175897</speed><course>344.412918</course><hAcc>1.768842</hAcc><vAcc>0.690283</vAcc></extensions></trkpt>
      <trkpt lon="120.956172" lat="23.469645"><ele>3829.848978</ele><time>2026-09-14T20:36:48Z</time><extensions><speed>0.224560</speed><course>334.331486</course><hAcc>1.739987</hAcc><vAcc>0.690283</vAcc></extensions></trkpt>
      <trkpt lon="120.956171" lat="23.469647"><ele>3829.978829</ele><time>2026-09-14T20:36:49Z</time><extensions><speed>0.321116</speed><course>318.068579</course><hAcc>1.716431</hAcc><vAcc>0.690283</vAcc></extensions></trkpt>
      <trkpt lon="120.956168" lat="23.469649"><ele>3830.110479</ele><time>2026-09-14T20:36:50Z</time><extensions><speed>0.388694</speed><course>312.082598</course><hAcc>1.725157</hAcc><vAcc>0.690283</vAcc></extensions></trkpt>
      <trkpt lon="120.956165" lat="23.469651"><ele>3830.243335</ele><time>2026-09-14T20:36:51Z</time><extensions><speed>0.395727</speed><course>313.286922</course><hAcc>1.752055</hAcc><vAcc>0.690282</vAcc></extensions></trkpt>
      <trkpt lon="120.956163" lat="23.469654"><ele>3830.377622</ele><time>2026-09-14T20:36:52Z</time><extensions><speed>0.355269</speed><course>324.107253</course><hAcc>1.740669</hAcc><vAcc>0.690282</vAcc></extensions></trkpt>
      <trkpt lon="120.956161" lat="23.469657"><ele>3830.514010</ele><time>2026-09-14T20:36:53Z</time><extensions><speed>0.336910</speed><course>327.522575</course><hAcc>1.730405</hAcc><vAcc>0.690281</vAcc></extensions></trkpt>
      <trkpt lon="120.956159" lat="23.469659"><ele>3830.653671</ele><time>2026-09-14T20:36:54Z</time><extensions><speed>0.332095</speed><course>324.350211</course><hAcc>1.726646</hAcc><vAcc>0.690280</vAcc></extensions></trkpt>
      <trkpt lon="120.956157" lat="23.469661"><ele>3830.797050</ele><time>2026-09-14T20:36:55Z</time><extensions><speed>0.280337</speed><course>324.234703</course><hAcc>1.729724</hAcc><vAcc>0.690280</vAcc></extensions></trkpt>
      <trkpt lon="120.956156" lat="23.469663"><ele>3830.943947</ele><time>2026-09-14T20:36:56Z</time><extensions><speed>0.322844</speed><course>313.270654</course><hAcc>1.739522</hAcc><vAcc>0.690281</vAcc></extensions></trkpt>
      <trkpt lon="120.956153" lat="23.469665"><ele>3831.093232</ele><time>2026-09-14T20:36:57Z</time><extensions><speed>0.265828</speed><course>318.125753</course><hAcc>1.741639</hAcc><vAcc>0.690282</vAcc></extensions></trkpt>
      <trkpt lon="120.956152" lat="23.469667"><ele>3831.242932</ele><time>2026-09-14T20:36:58Z</time><extensions><speed>0.212056</speed><course>326.890645</course><hAcc>1.737671</hAcc><vAcc>0.690282</vAcc></extensions></trkpt>
      <trkpt lon="120.956151" lat="23.469669"><ele>3831.390368</ele><time>2026-09-14T20:36:59Z</time><extensions><speed>0.167964</speed><course>337.100143</course><hAcc>1.741582</hAcc><vAcc>0.690282</vAcc></extensions></trkpt>
      <trkpt lon="120.956150" lat="23.469670"><ele>3831.533059</ele><time>2026-09-14T20:37:00Z</time><extensions><speed>0.212488</speed><course>328.785158</course><hAcc>1.743380</hAcc><vAcc>0.690282</vAcc></extensions></trkpt>
      <trkpt lon="120.956149" lat="23.469672"><ele>3831.668894</ele><time>2026-09-14T20:37:01Z</time><extensions><speed>0.290553</speed><course>321.444514</course><hAcc>1.741199</hAcc><vAcc>0.690283</vAcc></extensions></trkpt>
      <trkpt lon="120.956147" lat="23.469674"><ele>3831.796488</ele><time>2026-09-14T20:37:02Z</time><extensions><speed>0.331871</speed><course>320.810356</course><hAcc>1.739118</hAcc><vAcc>0.690283</vAcc></extensions></trkpt>
      <trkpt lon="120.956145" lat="23.469676"><ele>3831.915551</ele><time>2026-09-14T20:37:03Z</time><extensions><speed>0.352757</speed><course>321.768548</course><hAcc>1.736792</hAcc><vAcc>0.690283</vAcc></extensions></trkpt>
      <trkpt lon="120.956142" lat="23.469679"><ele>3832.026685</ele><time>2026-09-14T20:37:04Z</time><extensions><speed>0.400344</speed><course>319.284778</course><hAcc>1.731228</hAcc><vAcc>0.690283</vAcc></extensions></trkpt>
      <trkpt lon="120.956140" lat="23.469682"><ele>3832.131773</ele><time>2026-09-14T20:37:05Z</time><extensions><speed>0.429519</speed><course>316.072141</course><hAcc>1.727639</hAcc><vAcc>0.690283</vAcc></extensions></trkpt>
      <trkpt lon="120.956137" lat="23.469685"><ele>3832.233509</ele><time>2026-09-14T20:37:06Z</time><extensions><speed>0.455146</speed><course>313.000072</course><hAcc>1.734400</hAcc><vAcc>0.690283</vAcc></extensions></trkpt>
      <trkpt lon="120.956134" lat="23.469687"><ele>3832.334826</ele><time>2026-09-14T20:37:07Z</time><extensions><speed>0.416738</speed><course>314.258291</course><hAcc>1.731470</hAcc><vAcc>0.690283</vAcc></extensions></trkpt>
      <trkpt lon="120.956131" lat="23.469690"><ele>3832.438543</ele><time>2026-09-14T20:37:08Z</time><extensions><speed>0.383436</speed><course>312.249224</course><hAcc>1.695054</hAcc><vAcc>0.690283</vAcc></extensions></trkpt>
      <trkpt lon="120.956128" lat="23.469692"><ele>3832.547223</ele><time>2026-09-14T20:37:09Z</time><extensions><speed>0.406886</speed><course>312.392426</course><hAcc>1.667179</hAcc><vAcc>0.690283</vAcc></extensions></trkpt>
      <trkpt lon="120.956125" lat="23.469695"><ele>3832.662519</ele><time>2026-09-14T20:37:10Z</time><extensions><speed>0.468819</speed><course>314.811897</course><hAcc>1.667834</hAcc><vAcc>0.690283</vAcc></extensions></trkpt>
      <trkpt lon="120.956122" lat="23.469698"><ele>3832.785188</ele><time>2026-09-14T20:37:11Z</time><extensions><speed>0.449234</speed><course>319.358397</course><hAcc>1.685626</hAcc><vAcc>0.690283</vAcc></extensions></trkpt>
      <trkpt lon="120.956119" lat="23.469701"><ele>3832.915620</ele><time>2026-09-14T20:37:12Z</time><extensions><speed>0.452618</speed><course>328.786707</course><hAcc>1.696110</hAcc><vAcc>0.690283</vAcc></extensions></trkpt>
      <trkpt lon="120.956117" lat="23.469705"><ele>3833.053116</ele><time>2026-09-14T20:37:13Z</time><extensions><speed>0.452889</speed><course>334.624793</course><hAcc>1.706318</hAcc><vAcc>0.690283</vAcc></extensions></trkpt>
      <trkpt lon="120.956116" lat="23.469708"><ele>3833.196402</ele><time>2026-09-14T20:37:14Z</time><extensions><speed>0.415149</speed><course>339.520454</course><hAcc>1.690571</hAcc><vAcc>0.690283</vAcc></extensions></trkpt>
      <trkpt lon="120.956114" lat="23.469711"><ele>3833.343313</ele><time>2026-09-14T20:37:15Z</time><extensions><speed>0.308069</speed><course>344.520766</course><hAcc>1.678871</hAcc><vAcc>0.690283</vAcc></extensions></trkpt>
      <trkpt lon="120.956114" lat="23.469714"><ele>3833.490797</ele><time>2026-09-14T20:37:16Z</time><extensions><speed>0.221160</speed><course>347.722834</course><hAcc>1.691018</hAcc><vAcc>0.690283</vAcc></extensions></trkpt>
      <trkpt lon="120.956114" lat="23.469715"><ele>3833.635434</ele><time>2026-09-14T20:37:17Z</time><extensions><speed>0.140185</speed><course>358.789234</course><hAcc>1.708418</hAcc><vAcc>0.690283</vAcc></extensions></trkpt>
      <trkpt lon="120.956114" lat="23.469716"><ele>3833.773820</ele><time>2026-09-14T20:37:18Z</time><extensions><speed>0.089801</speed><course>14.791692</course><hAcc>1.725417</hAcc><vAcc>0.690283</vAcc></extensions></trkpt>
      <trkpt lon="120.956114" lat="23.469717"><ele>3833.902879</ele><time>2026-09-14T20:37:19Z</time><extensions><speed>0.051850</speed><course>62.714659</course><hAcc>1.742504</hAcc><vAcc>0.690283</vAcc></extensions></trkpt>
      <trkpt lon="120.956115" lat="23.469717"><ele>3834.020307</ele><time>2026-09-14T20:37:20Z</time><extensions><speed>0.062748</speed><course>71.835333</course><hAcc>1.745270</hAcc><vAcc>0.690283</vAcc></extensions></trkpt>
      <trkpt lon="120.956115" lat="23.469717"><ele>3834.124859</ele><time>2026-09-14T20:37:21Z</time><extensions><speed>0.085547</speed><course>46.554082</course><hAcc>1.737459</hAcc><vAcc>0.690283</vAcc></extensions></trkpt>
      <trkpt lon="120.956116" lat="23.469718"><ele>3834.216194</ele><time>2026-09-14T20:37:22Z</time><extensions><speed>0.157373</speed><course>14.305668</course><hAcc>1.725321</hAcc><vAcc>0.690283</vAcc></extensions></trkpt>
      <trkpt lon="120.956116" lat="23.469720"><ele>3834.294984</ele><time>2026-09-14T20:37:23Z</time><extensions><speed>0.246113</speed><course>357.738663</course><hAcc>1.733130</hAcc><vAcc>0.690283</vAcc></extensions></trkpt>
      <trkpt lon="120.956116" lat="23.469722"><ele>3834.362641</ele><time>2026-09-14T20:37:24Z</time><extensions><speed>0.162079</speed><course>350.752077</course><hAcc>1.744506</hAcc><vAcc>0.690283</vAcc></extensions></trkpt>
      <trkpt lon="120.956115" lat="23.469723"><ele>3834.421167</ele><time>2026-09-14T20:37:25Z</time><extensions><speed>0.062073</speed><course>342.777093</course><hAcc>1.740375</hAcc><vAcc>0.690283</vAcc></extensions></trkpt>
      <trkpt lon="120.956115" lat="23.469723"><ele>3834.473473</ele><time>2026-09-14T20:37:26Z</time><extensions><speed>0.053227</speed><course>315.907679</course><hAcc>1.736644</hAcc><vAcc>0.690283</vAcc></extensions></trkpt>
      <trkpt lon="120.956115" lat="23.469724"><ele>3834.522622</ele><time>2026-09-14T20:37:27Z</time><extensions><speed>0.103377</speed><course>313.604348</course><hAcc>1.730368</hAcc><vAcc>0.690283</vAcc></extensions></trkpt>
      <trkpt lon="120.956114" lat="23.469725"><ele>3834.571491</ele><time>2026-09-14T20:37:28Z</time><extensions><speed>0.204352</speed><course>320.072640</course><hAcc>1.715299</hAcc><vAcc>0.690283</vAcc></extensions></trkpt>
      <trkpt lon="120.956112" lat="23.469727"><ele>3834.622689</ele><time>2026-09-14T20:37:29Z</time><extensions><speed>0.376955</speed><course>325.869867</course><hAcc>1.698179</hAcc><vAcc>0.690283</vAcc></extensions></trkpt>
      <trkpt lon="120.956110" lat="23.469730"><ele>3834.678584</ele><time>2026-09-14T20:37:30Z</time><extensions><speed>0.459756</speed><course>328.645197</course><hAcc>1.699381</hAcc><vAcc>0.690283</vAcc></extensions></trkpt>
      <trkpt lon="120.956107" lat="23.469734"><ele>3834.740297</ele><time>2026-09-14T20:37:31Z</time><extensions><speed>0.437099</speed><course>329.478665</course><hAcc>1.690100</hAcc><vAcc>0.690283</vAcc></extensions></trkpt>
      <trkpt lon="120.956105" lat="23.469737"><ele>3834.808462</ele><time>2026-09-14T20:37:32Z</time><extensions><speed>0.345837</speed><course>329.870670</course><hAcc>1.667385</hAcc><vAcc>0.690283</vAcc></extensions></trkpt>
      <trkpt lon="120.956104" lat="23.469739"><ele>3834.883136</ele><time>2026-09-14T20:37:33Z</time><extensions><speed>0.171822</speed><course>327.392627</course><hAcc>1.635735</hAcc><vAcc>0.690283</vAcc></extensions></trkpt>
      <trkpt lon="120.956104" lat="23.469740"><ele>3834.963641</ele><time>2026-09-14T20:37:34Z</time><extensions><speed>0.041874</speed><course>316.253402</course><hAcc>1.627430</hAcc><vAcc>0.690283</vAcc></extensions></trkpt>
      <trkpt lon="120.956103" lat="23.469740"><ele>3835.048194</ele><time>2026-09-14T20:37:35Z</time><extensions><speed>0.007394</speed><course>221.273118</course><hAcc>1.622176</hAcc><vAcc>0.690283</vAcc></extensions></trkpt>
      <trkpt lon="120.956103" lat="23.469740"><ele>3835.134608</ele><time>2026-09-14T20:37:36Z</time><extensions><speed>0.010819</speed><course>165.379045</course><hAcc>1.625503</hAcc><vAcc>0.690283</vAcc></extensions></trkpt>
      <trkpt lon="120.956104" lat="23.469740"><ele>3835.220069</ele><time>2026-09-14T20:37:37Z</time><extensions><speed>0.005698</speed><course>141.682230</course><hAcc>1.629656</hAcc><vAcc>0.690283</vAcc></extensions></trkpt>
      <trkpt lon="120.956104" lat="23.469740"><ele>3835.302072</ele><time>2026-09-14T20:37:38Z</time><extensions><speed>0.009958</speed><course>5.958371</course><hAcc>1.638300</hAcc><vAcc>0.690283</vAcc></extensions></trkpt>
      <trkpt lon="120.956104" lat="23.469740"><ele>3835.379171</ele><time>2026-09-14T20:37:39Z</time><extensions><speed>0.040168</speed><course>351.804256</course><hAcc>1.643161</hAcc><vAcc>0.690283</vAcc></extensions></trkpt>
      <trkpt lon="120.956103" lat="23.469740"><ele>3835.450879</ele><time>2026-09-14T20:37:40Z</time><extensions><speed>0.113416</speed><course>347.721322</course><hAcc>1.628571</hAcc><vAcc>0.690283</vAcc></extensions></trkpt>
      <trkpt lon="120.956103" lat="23.469742"><ele>3835.518823</ele><time>2026-09-14T20:37:41Z</time><extensions><speed>0.232123</speed><course>345.325595</course><hAcc>1.630902</hAcc><vAcc>0.690283</vAcc></extensions></trkpt>
      <trkpt lon="120.956102" lat="23.469745"><ele>3835.585916</ele><time>2026-09-14T20:37:42Z</time><extensions><speed>0.370022</speed><course>344.104138</course><hAcc>1.646447</hAcc><vAcc>0.690283</vAcc></extensions></trkpt>
      <trkpt lon="120.956101" lat="23.469748"><ele>3835.655790</ele><time>2026-09-14T20:37:43Z</time><extensions><speed>0.440692</speed><course>343.808089</course><hAcc>1.674518</hAcc><vAcc>0.690283</vAcc></extensions></trkpt>
      <trkpt lon="120.956100" lat="23.469752"><ele>3835.732283</ele><time>2026-09-14T20:37:44Z</time><extensions><speed>0.425217</speed><course>344.419537</course><hAcc>1.687692</hAcc><vAcc>0.690283</vAcc></extensions></trkpt>
      <trkpt lon="120.956099" lat="23.469756"><ele>3835.819012</ele><time>2026-09-14T20:37:45Z</time><extensions><speed>0.414725</speed><course>344.265579</course><hAcc>1.687109</hAcc><vAcc>0.690283</vAcc></extensions></trkpt>
      <trkpt lon="120.956098" lat="23.469759"><ele>3835.918778</ele><time>2026-09-14T20:37:46Z</time><extensions><speed>0.335601</speed><course>346.217989</course><hAcc>1.685752</hAcc><vAcc>0.690283</vAcc></extensions></trkpt>
      <trkpt lon="120.956098" lat="23.469761"><ele>3836.033430</ele><time>2026-09-14T20:37:47Z</time><extensions><speed>0.252790</speed><course>355.781841</course><hAcc>1.661839</hAcc><vAcc>0.690283</vAcc></extensions></trkpt>
      <trkpt lon="120.956098" lat="23.469764"><ele>3836.163689</ele><time>2026-09-14T20:37:48Z</time><extensions><speed>0.272472</speed><course>0.652559</course><hAcc>1.639585</hAcc><vAcc>0.690283</vAcc></extensions></trkpt>
      <trkpt lon="120.956098" lat="23.469766"><ele>3836.308920</ele><time>2026-09-14T20:37:49Z</time><extensions><speed>0.353487</speed><course>357.212626</course><hAcc>1.626252</hAcc><vAcc>0.690283</vAcc></extensions></trkpt>
      <trkpt lon="120.956097" lat="23.469770"><ele>3836.467628</ele><time>2026-09-14T20:37:50Z</time><extensions><speed>0.450220</speed><course>350.119868</course><hAcc>1.634406</hAcc><vAcc>0.690283</vAcc></extensions></trkpt>
      <trkpt lon="120.956096" lat="23.469774"><ele>3836.637018</ele><time>2026-09-14T20:37:51Z</time><extensions><speed>0.514939</speed><course>343.880584</course><hAcc>1.650481</hAcc><vAcc>0.690283</vAcc></extensions></trkpt>
      <trkpt lon="120.956094" lat="23.469779"><ele>3836.813620</ele><time>2026-09-14T20:37:52Z</time><extensions><speed>0.546721</speed><course>341.575409</course><hAcc>1.628666</hAcc><vAcc>0.690283</vAcc></extensions></trkpt>
      <trkpt lon="120.956093" lat="23.469784"><ele>3836.993939</ele><time>2026-09-14T20:37:53Z</time><extensions><speed>0.590122</speed><course>339.661172</course><hAcc>1.586401</hAcc><vAcc>0.690283</vAcc></extensions></trkpt>
      <trkpt lon="120.956091" lat="23.469789"><ele>3837.174708</ele><time>2026-09-14T20:37:54Z</time><extensions><speed>0.549446</speed><course>336.967684</course><hAcc>1.586930</hAcc><vAcc>0.690283</vAcc></extensions></trkpt>
      <trkpt lon="120.956088" lat="23.469793"><ele>3837.352971</ele><time>2026-09-14T20:37:55Z</time><extensions><speed>0.520640</speed><course>334.830368</course><hAcc>1.618964</hAcc><vAcc>0.690283</vAcc></extensions></trkpt>
      <trkpt lon="120.956086" lat="23.469797"><ele>3837.526249</ele><time>2026-09-14T20:37:56Z</time><extensions><speed>0.467238</speed><course>334.056303</course><hAcc>1.622284</hAcc><vAcc>0.690283</vAcc></extensions></trkpt>
      <trkpt lon="120.956085" lat="23.469801"><ele>3837.692577</ele><time>2026-09-14T20:37:57Z</time><extensions><speed>0.390106</speed><course>334.564431</course><hAcc>1.607677</hAcc><vAcc>0.690283</vAcc></extensions></trkpt>
      <trkpt lon="120.956083" lat="23.469804"><ele>3837.850578</ele><time>2026-09-14T20:37:58Z</time><extensions><speed>0.363100</speed><course>336.135238</course><hAcc>1.584469</hAcc><vAcc>0.690283</vAcc></extensions></trkpt>
      <trkpt lon="120.956081" lat="23.469807"><ele>3837.999394</ele><time>2026-09-14T20:37:59Z</time><extensions><speed>0.493950</speed><course>336.555249</course><hAcc>1.583874</hAcc><vAcc>0.690283</vAcc></extensions></trkpt>
      <trkpt lon="120.956079" lat="23.469812"><ele>3838.139043</ele><time>2026-09-14T20:38:00Z</time><extensions><speed>0.591513</speed><course>336.751403</course><hAcc>1.612179</hAcc><vAcc>0.690283</vAcc></extensions></trkpt>
      <trkpt lon="120.956077" lat="23.469817"><ele>3838.270271</ele><time>2026-09-14T20:38:01Z</time><extensions><speed>0.646931</speed><course>336.612794</course><hAcc>1.637129</hAcc><vAcc>0.690283</vAcc></extensions></trkpt>
      <trkpt lon="120.956074" lat="23.469822"><ele>3838.394223</ele><time>2026-09-14T20:38:02Z</time><extensions><speed>0.646810</speed><course>336.733513</course><hAcc>1.637951</hAcc><vAcc>0.690283</vAcc></extensions></trkpt>
      <trkpt lon="120.956072" lat="23.469827"><ele>3838.512373</ele><time>2026-09-14T20:38:03Z</time><extensions><speed>0.562878</speed><course>338.020218</course><hAcc>1.626763</hAcc><vAcc>0.690283</vAcc></extensions></trkpt>
      <trkpt lon="120.956070" lat="23.469832"><ele>3838.625714</ele><time>2026-09-14T20:38:04Z</time><extensions><speed>0.583600</speed><course>338.813001</course><hAcc>1.632992</hAcc><vAcc>0.690283</vAcc></extensions></trkpt>
      <trkpt lon="120.956068" lat="23.469837"><ele>3838.734777</ele><time>2026-09-14T20:38:05Z</time><extensions><speed>0.568892</speed><course>339.107880</course><hAcc>1.663876</hAcc><vAcc>0.690283</vAcc></extensions></trkpt>
      <trkpt lon="120.956066" lat="23.469841"><ele>3838.839556</ele><time>2026-09-14T20:38:06Z</time><extensions><speed>0.443250</speed><course>342.508288</course><hAcc>1.670945</hAcc><vAcc>0.690283</vAcc></extensions></trkpt>
      <trkpt lon="120.956066" lat="23.469844"><ele>3838.939645</ele><time>2026-09-14T20:38:07Z</time><extensions><speed>0.244589</speed><course>348.482842</course><hAcc>1.680547</hAcc><vAcc>0.690283</vAcc></extensions></trkpt>
      <trkpt lon="120.956065" lat="23.469846"><ele>3839.034264</ele><time>2026-09-14T20:38:08Z</time><extensions><speed>0.146331</speed><course>355.138105</course><hAcc>1.705075</hAcc><vAcc>0.690283</vAcc></extensions></trkpt>
      <trkpt lon="120.956065" lat="23.469847"><ele>3839.122731</ele><time>2026-09-14T20:38:09Z</time><extensions><speed>0.186598</speed><course>350.264717</course><hAcc>1.730559</hAcc><vAcc>0.690283</vAcc></extensions></trkpt>
      <trkpt lon="120.956064" lat="23.469849"><ele>3839.204603</ele><time>2026-09-14T20:38:10Z</time><extensions><speed>0.306451</speed><course>344.445152</course><hAcc>1.746015</hAcc><vAcc>0.690283</vAcc></extensions></trkpt>
      <trkpt lon="120.956063" lat="23.469852"><ele>3839.279878</ele><time>2026-09-14T20:38:11Z</time><extensions><speed>0.381648</speed><course>341.292860</course><hAcc>1.754600</hAcc><vAcc>0.690283</vAcc></extensions></trkpt>
      <trkpt lon="120.956062" lat="23.469856"><ele>3839.349076</ele><time>2026-09-14T20:38:12Z</time><extensions><speed>0.397016</speed><course>338.843767</course><hAcc>1.759561</hAcc><vAcc>0.690283</vAcc></extensions></trkpt>
      <trkpt lon="120.956061" lat="23.469859"><ele>3839.413210</ele><time>2026-09-14T20:38:13Z</time><extensions><speed>0.420722</speed><course>337.074615</course><hAcc>1.765551</hAcc><vAcc>0.690283</vAcc></extensions></trkpt>
      <trkpt lon="120.956059" lat="23.469863"><ele>3839.473797</ele><time>2026-09-14T20:38:14Z</time><extensions><speed>0.429650</speed><course>336.404246</course><hAcc>1.778453</hAcc><vAcc>0.690283</vAcc></extensions></trkpt>
      <trkpt lon="120.956057" lat="23.469866"><ele>3839.532556</ele><time>2026-09-14T20:38:15Z</time><extensions><speed>0.381055</speed><course>331.329323</course><hAcc>1.774472</hAcc><vAcc>0.690283</vAcc></extensions></trkpt>
      <trkpt lon="120.956055" lat="23.469869"><ele>3839.591048</ele><time>2026-09-14T20:38:16Z</time><extensions><speed>0.388142</speed><course>326.576500</course><hAcc>1.765023</hAcc><vAcc>0.690283</vAcc></extensions></trkpt>
      <trkpt lon="120.956053" lat="23.469872"><ele>3839.650495</ele><time>2026-09-14T20:38:17Z</time><extensions><speed>0.414746</speed><course>323.467895</course><hAcc>1.759355</hAcc><vAcc>0.690283</vAcc></extensions></trkpt>
      <trkpt lon="120.956050" lat="23.469875"><ele>3839.711754</ele><time>2026-09-14T20:38:18Z</time><extensions><speed>0.437642</speed><course>321.914522</course><hAcc>1.754199</hAcc><vAcc>0.690283</vAcc></extensions></trkpt>
      <trkpt lon="120.956048" lat="23.469878"><ele>3839.775202</ele><time>2026-09-14T20:38:19Z</time><extensions><speed>0.458543</speed><course>324.242760</course><hAcc>1.745843</hAcc><vAcc>0.690283</vAcc></extensions></trkpt>
      <trkpt lon="120.956045" lat="23.469882"><ele>3839.840869</ele><time>2026-09-14T20:38:20Z</time><extensions><speed>0.456622</speed><course>329.838044</course><hAcc>1.744466</hAcc><vAcc>0.690283</vAcc></extensions></trkpt>
      <trkpt lon="120.956043" lat="23.469885"><ele>3839.908726</ele><time>2026-09-14T20:38:21Z</time><extensions><speed>0.469721</speed><course>335.240256</course><hAcc>1.754471</hAcc><vAcc>0.690283</vAcc></extensions></trkpt>
      <trkpt lon="120.956042" lat="23.469889"><ele>3839.978387</ele><time>2026-09-14T20:38:22Z</time><extensions><speed>0.399565</speed><course>336.493902</course><hAcc>1.754087</hAcc><vAcc>0.690283</vAcc></extensions></trkpt>
      <trkpt lon="120.956040" lat="23.469892"><ele>3840.049317</ele><time>2026-09-14T20:38:23Z</time><extensions><speed>0.313696</speed><course>335.396698</course><hAcc>1.722605</hAcc><vAcc>0.690283</vAcc></extensions></trkpt>
      <trkpt lon="120.956039" lat="23.469894"><ele>3840.120847</ele><time>2026-09-14T20:38:24Z</time><extensions><speed>0.260494</speed><course>340.320256</course><hAcc>1.699253</hAcc><vAcc>0.690283</vAcc></extensions></trkpt>
      <trkpt lon="120.956038" lat="23.469896"><ele>3840.192213</ele><time>2026-09-14T20:38:25Z</time><extensions><speed>0.159258</speed><course>340.688476</course><hAcc>1.709080</hAcc><vAcc>0.690283</vAcc></extensions></trkpt>
      <trkpt lon="120.956038" lat="23.469897"><ele>3840.262511</ele><time>2026-09-14T20:38:26Z</time><extensions><speed>0.053804</speed><course>332.025777</course><hAcc>1.745296</hAcc><vAcc>0.690283</vAcc></extensions></trkpt>
      <trkpt lon="120.956038" lat="23.469897"><ele>3840.330977</ele><time>2026-09-14T20:38:27Z</time><extensions><speed>0.041067</speed><course>338.893297</course><hAcc>1.749458</hAcc><vAcc>0.690283</vAcc></extensions></trkpt>
      <trkpt lon="120.956038" lat="23.469898"><ele>3840.396991</ele><time>2026-09-14T20:38:28Z</time><extensions><speed>0.089165</speed><course>347.944726</course><hAcc>1.724146</hAcc><vAcc>0.690283</vAcc></extensions></trkpt>
      <trkpt lon="120.956037" lat="23.469899"><ele>3840.460187</ele><time>2026-09-14T20:38:29Z</time><extensions><speed>0.164714</speed><course>350.909246</course><hAcc>1.720504</hAcc><vAcc>0.690283</vAcc></extensions></trkpt>
      <trkpt lon="120.956037" lat="23.469901"><ele>3840.520514</ele><time>2026-09-14T20:38:30Z</time><extensions><speed>0.220798</speed><course>350.617217</course><hAcc>1.734457</hAcc><vAcc>0.690283</vAcc></extensions></trkpt>
      <trkpt lon="120.956037" lat="23.469903"><ele>3840.578263</ele><time>2026-09-14T20:38:31Z</time><extensions><speed>0.211554</speed><course>352.778672</course><hAcc>1.752650</hAcc><vAcc>0.690283</vAcc></extensions></trkpt>
      <trkpt lon="120.956037" lat="23.469905"><ele>3840.634223</ele><time>2026-09-14T20:38:32Z</time><extensions><speed>0.194851</speed><course>351.126517</course><hAcc>1.764134</hAcc><vAcc>0.690283</vAcc></extensions></trkpt>
      <trkpt lon="120.956036" lat="23.469906"><ele>3840.689367</ele><time>2026-09-14T20:38:33Z</time><extensions><speed>0.230845</speed><course>349.059349</course><hAcc>1.765828</hAcc><vAcc>0.690283</vAcc></extensions></trkpt>
      <trkpt lon="120.956036" lat="23.469909"><ele>3840.744617</ele><time>2026-09-14T20:38:34Z</time><extensions><speed>0.269031</speed><course>346.481609</course><hAcc>1.762912</hAcc><vAcc>0.690283</vAcc></extensions></trkpt>
      <trkpt lon="120.956035" lat="23.469911"><ele>3840.800835</ele><time>2026-09-14T20:38:35Z</time><extensions><speed>0.252742</speed><course>340.875098</course><hAcc>1.763502</hAcc><vAcc>0.690283</vAcc></extensions></trkpt>
      <trkpt lon="120.956034" lat="23.469913"><ele>3840.858670</ele><time>2026-09-14T20:38:36Z</time><extensions><speed>0.163186</speed><course>336.863725</course><hAcc>1.769294</hAcc><vAcc>0.690283</vAcc></extensions></trkpt>
      <trkpt lon="120.956034" lat="23.469914"><ele>3840.918533</ele><time>2026-09-14T20:38:37Z</time><extensions><speed>0.139491</speed><course>341.536801</course><hAcc>1.770473</hAcc><vAcc>0.690283</vAcc></extensions></trkpt>
      <trkpt lon="120.956033" lat="23.469915"><ele>3840.980679</ele><time>2026-09-14T20:38:38Z</time><extensions><speed>0.169768</speed><course>349.341126</course><hAcc>1.766208</hAcc><vAcc>0.690283</vAcc></extensions></trkpt>
      <trkpt lon="120.956033" lat="23.469917"><ele>3841.045288</ele><time>2026-09-14T20:38:39Z</time><extensions><speed>0.225122</speed><course>355.520429</course><hAcc>1.758508</hAcc><vAcc>0.690283</vAcc></extensions></trkpt>
      <trkpt lon="120.956033" lat="23.469919"><ele>3841.112766</ele><time>2026-09-14T20:38:40Z</time><extensions><speed>0.173066</speed><course>355.171698</course><hAcc>1.758190</hAcc><vAcc>0.690283</vAcc></extensions></trkpt>
      <trkpt lon="120.956033" lat="23.469920"><ele>3841.183429</ele><time>2026-09-14T20:38:41Z</time><extensions><speed>0.084468</speed><course>1.335989</course><hAcc>1.762638</hAcc><vAcc>0.690283</vAcc></extensions></trkpt>
      <trkpt lon="120.956033" lat="23.469921"><ele>3841.257568</ele><time>2026-09-14T20:38:42Z</time><extensions><speed>0.044575</speed><course>15.607816</course><hAcc>1.764935</hAcc><vAcc>0.690283</vAcc></extensions></trkpt>
      <trkpt lon="120.956033" lat="23.469921"><ele>3841.335442</ele><time>2026-09-14T20:38:43Z</time><extensions><speed>0.038644</speed><course>27.219387</course><hAcc>1.763992</hAcc><vAcc>0.690283</vAcc></extensions></trkpt>
      <trkpt lon="120.956033" lat="23.469921"><ele>3841.417297</ele><time>2026-09-14T20:38:44Z</time><extensions><speed>0.061629</speed><course>14.583566</course><hAcc>1.760670</hAcc><vAcc>0.690283</vAcc></extensions></trkpt>
      <trkpt lon="120.956033" lat="23.469922"><ele>3841.503098</ele><time>2026-09-14T20:38:45Z</time><extensions><speed>0.095719</speed><course>11.446823</course><hAcc>1.756296</hAcc><vAcc>0.690283</vAcc></extensions></trkpt>
      <trkpt lon="120.956034" lat="23.469923"><ele>3841.592762</ele><time>2026-09-14T20:38:46Z</time><extensions><speed>0.092944</speed><course>9.519792</course><hAcc>1.759656</hAcc><vAcc>0.690283</vAcc></extensions></trkpt>
      <trkpt lon="120.956034" lat="23.469924"><ele>3841.686336</ele><time>2026-09-14T20:38:47Z</time><extensions><speed>0.072663</speed><course>12.190671</course><hAcc>1.765654</hAcc><vAcc>0.690283</vAcc></extensions></trkpt>
      <trkpt lon="120.956034" lat="23.469924"><ele>3841.783992</ele><time>2026-09-14T20:38:48Z</time><extensions><speed>0.088609</speed><course>9.982512</course><hAcc>1.765658</hAcc><vAcc>0.690283</vAcc></extensions></trkpt>
      <trkpt lon="120.956034" lat="23.469925"><ele>3841.885571</ele><time>2026-09-14T20:38:49Z</time><extensions><speed>0.053146</speed><course>15.702418</course><hAcc>1.767935</hAcc><vAcc>0.690283</vAcc></extensions></trkpt>
      <trkpt lon="120.956034" lat="23.469925"><ele>3841.991046</ele><time>2026-09-14T20:38:50Z</time><extensions><speed>0.052007</speed><course>19.341692</course><hAcc>1.768589</hAcc><vAcc>0.690283</vAcc></extensions></trkpt>
      <trkpt lon="120.956034" lat="23.469926"><ele>3842.100121</ele><time>2026-09-14T20:38:51Z</time><extensions><speed>0.070942</speed><course>23.463466</course><hAcc>1.770295</hAcc><vAcc>0.690283</vAcc></extensions></trkpt>
      <trkpt lon="120.956035" lat="23.469927"><ele>3842.212501</ele><time>2026-09-14T20:38:52Z</time><extensions><speed>0.105584</speed><course>27.933954</course><hAcc>1.771830</hAcc><vAcc>0.690283</vAcc></extensions></trkpt>
      <trkpt lon="120.956035" lat="23.469928"><ele>3842.328330</ele><time>2026-09-14T20:38:53Z</time><extensions><speed>0.182155</speed><course>23.452504</course><hAcc>1.773542</hAcc><vAcc>0.690283</vAcc></extensions></trkpt>
      <trkpt lon="120.956036" lat="23.469929"><ele>3842.448051</ele><time>2026-09-14T20:38:54Z</time><extensions><speed>0.233110</speed><course>33.105773</course><hAcc>1.776556</hAcc><vAcc>0.690283</vAcc></extensions></trkpt>
      <trkpt lon="120.956038" lat="23.469931"><ele>3842.572768</ele><time>2026-09-14T20:38:55Z</time><extensions><speed>0.246386</speed><course>39.547927</course><hAcc>1.779953</hAcc><vAcc>0.690283</vAcc></extensions></trkpt>
      <trkpt lon="120.956039" lat="23.469933"><ele>3842.704021</ele><time>2026-09-14T20:38:56Z</time><extensions><speed>0.275872</speed><course>36.577217</course><hAcc>1.780266</hAcc><vAcc>0.690283</vAcc></extensions></trkpt>
      <trkpt lon="120.956041" lat="23.469935"><ele>3842.843422</ele><time>2026-09-14T20:38:57Z</time><extensions><speed>0.315004</speed><course>31.551985</course><hAcc>1.779335</hAcc><vAcc>0.690282</vAcc></extensions></trkpt>
      <trkpt lon="120.956042" lat="23.469937"><ele>3842.992066</ele><time>2026-09-14T20:38:58Z</time><extensions><speed>0.312885</speed><course>29.152956</course><hAcc>1.779402</hAcc><vAcc>0.690282</vAcc></extensions></trkpt>
      <trkpt lon="120.956044" lat="23.469940"><ele>3843.150796</ele><time>2026-09-14T20:38:59Z</time><extensions><speed>0.280372</speed><course>29.202337</course><hAcc>1.782654</hAcc><vAcc>0.690281</vAcc></extensions></trkpt>
      <trkpt lon="120.956045" lat="23.469942"><ele>3843.319625</ele><time>2026-09-14T20:39:00Z</time><extensions><speed>0.235312</speed><course>26.351448</course><hAcc>1.782964</hAcc><vAcc>0.690280</vAcc></extensions></trkpt>
      <trkpt lon="120.956046" lat="23.469944"><ele>3843.497814</ele><time>2026-09-14T20:39:01Z</time><extensions><speed>0.210189</speed><course>21.700818</course><hAcc>1.781632</hAcc><vAcc>0.690279</vAcc></extensions></trkpt>
      <trkpt lon="120.956047" lat="23.469945"><ele>3843.683968</ele><time>2026-09-14T20:39:02Z</time><extensions><speed>0.175408</speed><course>21.474191</course><hAcc>1.778179</hAcc><vAcc>0.690281</vAcc></extensions></trkpt>
      <trkpt lon="120.956047" lat="23.469947"><ele>3843.875655</ele><time>2026-09-14T20:39:03Z</time><extensions><speed>0.142091</speed><course>3.823691</course><hAcc>1.773225</hAcc><vAcc>0.690281</vAcc></extensions></trkpt>
      <trkpt lon="120.956047" lat="23.469948"><ele>3844.070153</ele><time>2026-09-14T20:39:04Z</time><extensions><speed>0.089881</speed><course>341.213031</course><hAcc>1.765692</hAcc><vAcc>0.690281</vAcc></extensions></trkpt>
      <trkpt lon="120.956046" lat="23.469948"><ele>3844.264078</ele><time>2026-09-14T20:39:05Z</time><extensions><speed>0.116189</speed><course>309.900637</course><hAcc>1.751121</hAcc><vAcc>0.690282</vAcc></extensions></trkpt>
      <trkpt lon="120.956045" lat="23.469949"><ele>3844.453823</ele><time>2026-09-14T20:39:06Z</time><extensions><speed>0.201317</speed><course>317.877759</course><hAcc>1.734926</hAcc><vAcc>0.690282</vAcc></extensions></trkpt>
      <trkpt lon="120.956044" lat="23.469951"><ele>3844.636396</ele><time>2026-09-14T20:39:07Z</time><extensions><speed>0.347368</speed><course>344.376466</course><hAcc>1.731521</hAcc><vAcc>0.690282</vAcc></extensions></trkpt>
      <trkpt lon="120.956045" lat="23.469956"><ele>3844.808930</ele><time>2026-09-14T20:39:08Z</time><extensions><speed>0.745356</speed><course>14.377439</course><hAcc>1.753935</hAcc><vAcc>0.690282</vAcc></extensions></trkpt>
      <trkpt lon="120.956047" lat="23.469962"><ele>3844.969010</ele><time>2026-09-14T20:39:09Z</time><extensions><speed>0.631685</speed><course>18.790103</course><hAcc>1.759627</hAcc><vAcc>0.690282</vAcc></extensions></trkpt>
      <trkpt lon="120.956049" lat="23.469966"><ele>3845.114859</ele><time>2026-09-14T20:39:10Z</time><extensions><speed>0.397535</speed><course>40.496072</course><hAcc>1.741389</hAcc><vAcc>0.690282</vAcc></extensions></trkpt>
      <trkpt lon="120.956052" lat="23.469968"><ele>3845.245339</ele><time>2026-09-14T20:39:11Z</time><extensions><speed>0.334793</speed><course>77.184768</course><hAcc>1.740868</hAcc><vAcc>0.690282</vAcc></extensions></trkpt>
      <trkpt lon="120.956055" lat="23.469968"><ele>3845.359453</ele><time>2026-09-14T20:39:12Z</time><extensions><speed>0.398970</speed><course>84.975681</course><hAcc>1.758286</hAcc><vAcc>0.690282</vAcc></extensions></trkpt>
      <trkpt lon="120.956059" lat="23.469969"><ele>3845.457228</ele><time>2026-09-14T20:39:13Z</time><extensions><speed>0.437132</speed><course>78.765867</course><hAcc>1.786365</hAcc><vAcc>0.690282</vAcc></extensions></trkpt>
      <trkpt lon="120.956064" lat="23.469970"><ele>3845.539401</ele><time>2026-09-14T20:39:14Z</time><extensions><speed>0.508765</speed><course>65.313048</course><hAcc>1.802044</hAcc><vAcc>0.690282</vAcc></extensions></trkpt>
      <trkpt lon="120.956068" lat="23.469973"><ele>3845.607701</ele><time>2026-09-14T20:39:15Z</time><extensions><speed>0.571177</speed><course>51.461465</course><hAcc>1.816783</hAcc><vAcc>0.690283</vAcc></extensions></trkpt>
      <trkpt lon="120.956072" lat="23.469977"><ele>3845.664925</ele><time>2026-09-14T20:39:16Z</time><extensions><speed>0.634749</speed><course>38.786996</course><hAcc>1.837897</hAcc><vAcc>0.690283</vAcc></extensions></trkpt>
      <trkpt lon="120.956076" lat="23.469982"><ele>3845.714576</ele><time>2026-09-14T20:39:17Z</time><extensions><speed>0.691878</speed><course>29.063470</course><hAcc>1.856106</hAcc><vAcc>0.690283</vAcc></extensions></trkpt>
      <trkpt lon="120.956079" lat="23.469988"><ele>3845.760933</ele><time>2026-09-14T20:39:18Z</time><extensions><speed>0.768186</speed><course>23.115986</course><hAcc>1.874088</hAcc><vAcc>0.690283</vAcc></extensions></trkpt>
      <trkpt lon="120.956082" lat="23.469994"><ele>3845.808262</ele><time>2026-09-14T20:39:19Z</time><extensions><speed>0.801420</speed><course>18.814485</course><hAcc>1.893285</hAcc><vAcc>0.690283</vAcc></extensions></trkpt>
      <trkpt lon="120.956084" lat="23.470001"><ele>3845.860185</ele><time>2026-09-14T20:39:20Z</time><extensions><speed>0.857738</speed><course>15.799985</course><hAcc>1.915595</hAcc><vAcc>0.690283</vAcc></extensions></trkpt>
      <trkpt lon="120.956086" lat="23.470009"><ele>3845.919489</ele><time>2026-09-14T20:39:21Z</time><extensions><speed>0.887136</speed><course>14.970231</course><hAcc>1.944805</hAcc><vAcc>0.690283</vAcc></extensions></trkpt>
      <trkpt lon="120.956089" lat="23.470017"><ele>3845.988047</ele><time>2026-09-14T20:39:22Z</time><extensions><speed>0.882673</speed><course>17.177139</course><hAcc>1.975998</hAcc><vAcc>0.690283</vAcc></extensions></trkpt>
      <trkpt lon="120.956091" lat="23.470024"><ele>3846.066493</ele><time>2026-09-14T20:39:23Z</time><extensions><speed>0.786188</speed><course>21.929189</course><hAcc>2.013640</hAcc><vAcc>0.690283</vAcc></extensions></trkpt>
      <trkpt lon="120.956094" lat="23.470030"><ele>3846.154663</ele><time>2026-09-14T20:39:24Z</time><extensions><speed>0.668609</speed><course>30.076946</course><hAcc>2.063569</hAcc><vAcc>0.690283</vAcc></extensions></trkpt>
      <trkpt lon="120.956098" lat="23.470034"><ele>3846.252007</ele><time>2026-09-14T20:39:25Z</time><extensions><speed>0.646040</speed><course>39.727368</course><hAcc>2.124633</hAcc><vAcc>0.690283</vAcc></extensions></trkpt>
      <trkpt lon="120.956103" lat="23.470039"><ele>3846.357350</ele><time>2026-09-14T20:39:26Z</time><extensions><speed>0.704689</speed><course>48.074860</course><hAcc>2.191818</hAcc><vAcc>0.690283</vAcc></extensions></trkpt>
      <trkpt lon="120.956108" lat="23.470043"><ele>3846.469118</ele><time>2026-09-14T20:39:27Z</time><extensions><speed>0.768735</speed><course>54.395402</course><hAcc>2.250124</hAcc><vAcc>0.690283</vAcc></extensions></trkpt>
      <trkpt lon="120.956115" lat="23.470047"><ele>3846.585535</ele><time>2026-09-14T20:39:28Z</time><extensions><speed>0.785942</speed><course>59.820675</course><hAcc>2.283975</hAcc><vAcc>0.690283</vAcc></extensions></trkpt>
      <trkpt lon="120.956121" lat="23.470050"><ele>3846.704652</ele><time>2026-09-14T20:39:29Z</time><extensions><speed>0.725985</speed><course>63.748648</course><hAcc>2.291605</hAcc><vAcc>0.690283</vAcc></extensions></trkpt>
      <trkpt lon="120.956127" lat="23.470053"><ele>3846.824271</ele><time>2026-09-14T20:39:30Z</time><extensions><speed>0.624306</speed><course>62.541456</course><hAcc>2.280974</hAcc><vAcc>0.690283</vAcc></extensions></trkpt>
      <trkpt lon="120.956132" lat="23.470055"><ele>3846.942607</ele><time>2026-09-14T20:39:31Z</time><extensions><speed>0.540549</speed><course>54.999831</course><hAcc>2.260244</hAcc><vAcc>0.690283</vAcc></extensions></trkpt>
      <trkpt lon="120.956136" lat="23.470058"><ele>3847.058291</ele><time>2026-09-14T20:39:32Z</time><extensions><speed>0.500108</speed><course>41.724100</course><hAcc>2.241339</hAcc><vAcc>0.690283</vAcc></extensions></trkpt>
      <trkpt lon="120.956139" lat="23.470062"><ele>3847.170649</ele><time>2026-09-14T20:39:33Z</time><extensions><speed>0.497305</speed><course>24.260289</course><hAcc>2.222723</hAcc><vAcc>0.690283</vAcc></extensions></trkpt>
      <trkpt lon="120.956140" lat="23.470067"><ele>3847.279803</ele><time>2026-09-14T20:39:34Z</time><extensions><speed>0.565737</speed><course>6.630173</course><hAcc>2.202755</hAcc><vAcc>0.690283</vAcc></extensions></trkpt>
      <trkpt lon="120.956140" lat="23.470073"><ele>3847.386578</ele><time>2026-09-14T20:39:35Z</time><extensions><speed>0.699681</speed><course>355.484060</course><hAcc>2.176568</hAcc><vAcc>0.690283</vAcc></extensions></trkpt>
      <trkpt lon="120.956139" lat="23.470079"><ele>3847.492597</ele><time>2026-09-14T20:39:36Z</time><extensions><speed>0.817356</speed><course>350.572556</course><hAcc>2.158195</hAcc><vAcc>0.690283</vAcc></extensions></trkpt>
      <trkpt lon="120.956137" lat="23.470087"><ele>3847.599758</ele><time>2026-09-14T20:39:37Z</time><extensions><speed>0.829200</speed><course>347.080035</course><hAcc>2.154309</hAcc><vAcc>0.690283</vAcc></extensions></trkpt>
      <trkpt lon="120.956135" lat="23.470094"><ele>3847.709706</ele><time>2026-09-14T20:39:38Z</time><extensions><speed>0.840594</speed><course>342.451593</course><hAcc>2.144384</hAcc><vAcc>0.690283</vAcc></extensions></trkpt>
      <trkpt lon="120.956133" lat="23.470101"><ele>3847.823473</ele><time>2026-09-14T20:39:39Z</time><extensions><speed>0.855008</speed><course>339.543037</course><hAcc>2.140018</hAcc><vAcc>0.690283</vAcc></extensions></trkpt>
      <trkpt lon="120.956130" lat="23.470108"><ele>3847.941724</ele><time>2026-09-14T20:39:40Z</time><extensions><speed>0.846855</speed><course>338.610413</course><hAcc>2.144118</hAcc><vAcc>0.690283</vAcc></extensions></trkpt>
      <trkpt lon="120.956127" lat="23.470115"><ele>3848.064065</ele><time>2026-09-14T20:39:41Z</time><extensions><speed>0.729859</speed><course>335.611357</course><hAcc>2.141016</hAcc><vAcc>0.690283</vAcc></extensions></trkpt>
      <trkpt lon="120.956124" lat="23.470120"><ele>3848.189584</ele><time>2026-09-14T20:39:42Z</time><extensions><speed>0.584474</speed><course>331.620545</course><hAcc>2.117086</hAcc><vAcc>0.690283</vAcc></extensions></trkpt>
      <trkpt lon="120.956121" lat="23.470124"><ele>3848.317114</ele><time>2026-09-14T20:39:43Z</time><extensions><speed>0.426618</speed><course>328.540209</course><hAcc>2.085308</hAcc><vAcc>0.690283</vAcc></extensions></trkpt>
      <trkpt lon="120.956120" lat="23.470127"><ele>3848.445288</ele><time>2026-09-14T20:39:44Z</time><extensions><speed>0.224444</speed><course>326.446801</course><hAcc>2.066716</hAcc><vAcc>0.690283</vAcc></extensions></trkpt>
      <trkpt lon="120.956119" lat="23.470128"><ele>3848.572570</ele><time>2026-09-14T20:39:45Z</time><extensions><speed>0.136816</speed><course>341.746418</course><hAcc>2.023206</hAcc><vAcc>0.690283</vAcc></extensions></trkpt>
      <trkpt lon="120.956119" lat="23.470129"><ele>3848.697126</ele><time>2026-09-14T20:39:46Z</time><extensions><speed>0.153179</speed><course>15.035962</course><hAcc>1.947181</hAcc><vAcc>0.690283</vAcc></extensions></trkpt>
      <trkpt lon="120.956120" lat="23.470131"><ele>3848.817091</ele><time>2026-09-14T20:39:47Z</time><extensions><speed>0.238260</speed><course>36.189648</course><hAcc>1.888617</hAcc><vAcc>0.690283</vAcc></extensions></trkpt>
      <trkpt lon="120.956121" lat="23.470133"><ele>3848.930906</ele><time>2026-09-14T20:39:48Z</time><extensions><speed>0.323555</speed><course>39.144290</course><hAcc>1.857756</hAcc><vAcc>0.690283</vAcc></extensions></trkpt>
      <trkpt lon="120.956123" lat="23.470135"><ele>3849.037269</ele><time>2026-09-14T20:39:49Z</time><extensions><speed>0.370972</speed><course>31.094508</course><hAcc>1.842557</hAcc><vAcc>0.690283</vAcc></extensions></trkpt>
      <trkpt lon="120.956125" lat="23.470138"><ele>3849.135242</ele><time>2026-09-14T20:39:50Z</time><extensions><speed>0.366592</speed><course>19.042918</course><hAcc>1.836597</hAcc><vAcc>0.690283</vAcc></extensions></trkpt>
      <trkpt lon="120.956126" lat="23.470141"><ele>3849.225025</ele><time>2026-09-14T20:39:51Z</time><extensions><speed>0.287437</speed><course>7.833075</course><hAcc>1.831351</hAcc><vAcc>0.690283</vAcc></extensions></trkpt>
      <trkpt lon="120.956126" lat="23.470143"><ele>3849.307605</ele><time>2026-09-14T20:39:52Z</time><extensions><speed>0.134782</speed><course>350.818337</course><hAcc>1.831663</hAcc><vAcc>0.690283</vAcc></extensions></trkpt>
      <trkpt lon="120.956125" lat="23.470144"><ele>3849.383920</ele><time>2026-09-14T20:39:53Z</time><extensions><speed>0.102608</speed><course>323.031606</course><hAcc>1.829701</hAcc><vAcc>0.690283</vAcc></extensions></trkpt>
      <trkpt lon="120.956125" lat="23.470145"><ele>3849.455924</ele><time>2026-09-14T20:39:54Z</time><extensions><speed>0.142336</speed><course>320.360261</course><hAcc>1.822945</hAcc><vAcc>0.690283</vAcc></extensions></trkpt>
      <trkpt lon="120.956124" lat="23.470146"><ele>3849.525914</ele><time>2026-09-14T20:39:55Z</time><extensions><speed>0.243879</speed><course>334.041544</course><hAcc>1.811522</hAcc><vAcc>0.690283</vAcc></extensions></trkpt>
      <trkpt lon="120.956123" lat="23.470149"><ele>3849.596361</ele><time>2026-09-14T20:39:56Z</time><extensions><speed>0.370395</speed><course>343.951909</course><hAcc>1.797836</hAcc><vAcc>0.690283</vAcc></extensions></trkpt>
      <trkpt lon="120.956122" lat="23.470153"><ele>3849.669902</ele><time>2026-09-14T20:39:57Z</time><extensions><speed>0.482088</speed><course>350.089777</course><hAcc>1.788335</hAcc><vAcc>0.690283</vAcc></extensions></trkpt>
      <trkpt lon="120.956121" lat="23.470157"><ele>3849.749894</ele><time>2026-09-14T20:39:58Z</time><extensions><speed>0.535232</speed><course>354.279325</course><hAcc>1.792001</hAcc><vAcc>0.690283</vAcc></extensions></trkpt>
      <trkpt lon="120.956121" lat="23.470162"><ele>3849.839028</ele><time>2026-09-14T20:39:59Z</time><extensions><speed>0.557597</speed><course>358.507143</course><hAcc>1.798575</hAcc><vAcc>0.690283</vAcc></extensions></trkpt>
      <trkpt lon="120.956121" lat="23.470167"><ele>3849.939389</ele><time>2026-09-14T20:40:00Z</time><extensions><speed>0.489051</speed><course>358.186946</course><hAcc>1.802096</hAcc><vAcc>0.690283</vAcc></extensions></trkpt>
      <trkpt lon="120.956120" lat="23.470171"><ele>3850.051857</ele><time>2026-09-14T20:40:01Z</time><extensions><speed>0.446965</speed><course>355.887029</course><hAcc>1.784421</hAcc><vAcc>0.690283</vAcc></extensions></trkpt>
      <trkpt lon="120.956120" lat="23.470175"><ele>3850.175892</ele><time>2026-09-14T20:40:02Z</time><extensions><speed>0.401754</speed><course>355.514157</course><hAcc>1.787058</hAcc><vAcc>0.690283</vAcc></extensions></trkpt>
      <trkpt lon="120.956120" lat="23.470178"><ele>3850.309085</ele><time>2026-09-14T20:40:03Z</time><extensions><speed>0.246806</speed><course>356.039640</course><hAcc>1.804292</hAcc><vAcc>0.690283</vAcc></extensions></trkpt>
      <trkpt lon="120.956120" lat="23.470180"><ele>3850.448203</ele><time>2026-09-14T20:40:04Z</time><extensions><speed>0.223214</speed><course>357.235100</course><hAcc>1.807563</hAcc><vAcc>0.690283</vAcc></extensions></trkpt>
      <trkpt lon="120.956119" lat="23.470182"><ele>3850.589639</ele><time>2026-09-14T20:40:05Z</time><extensions><speed>0.247136</speed><course>354.698511</course><hAcc>1.807274</hAcc><vAcc>0.690283</vAcc></extensions></trkpt>
      <trkpt lon="120.956119" lat="23.470185"><ele>3850.730307</ele><time>2026-09-14T20:40:06Z</time><extensions><speed>0.295443</speed><course>353.784755</course><hAcc>1.811215</hAcc><vAcc>0.690283</vAcc></extensions></trkpt>
      <trkpt lon="120.956119" lat="23.470187"><ele>3850.868130</ele><time>2026-09-14T20:40:07Z</time><extensions><speed>0.310439</speed><course>359.362046</course><hAcc>1.813905</hAcc><vAcc>0.690283</vAcc></extensions></trkpt>
      <trkpt lon="120.956119" lat="23.470190"><ele>3851.002555</ele><time>2026-09-14T20:40:08Z</time><extensions><speed>0.316286</speed><course>7.848711</course><hAcc>1.810925</hAcc><vAcc>0.690283</vAcc></extensions></trkpt>
      <trkpt lon="120.956120" lat="23.470193"><ele>3851.134448</ele><time>2026-09-14T20:40:09Z</time><extensions><speed>0.385706</speed><course>13.400760</course><hAcc>1.806963</hAcc><vAcc>0.690283</vAcc></extensions></trkpt>
      <trkpt lon="120.956121" lat="23.470197"><ele>3851.265634</ele><time>2026-09-14T20:40:10Z</time><extensions><speed>0.417849</speed><course>17.676991</course><hAcc>1.815459</hAcc><vAcc>0.690283</vAcc></extensions></trkpt>
      <trkpt lon="120.956123" lat="23.470200"><ele>3851.398191</ele><time>2026-09-14T20:40:11Z</time><extensions><speed>0.410736</speed><course>29.020392</course><hAcc>1.815290</hAcc><vAcc>0.690283</vAcc></extensions></trkpt>
      <trkpt lon="120.956125" lat="23.470204"><ele>3851.533437</ele><time>2026-09-14T20:40:12Z</time><extensions><speed>0.449930</speed><course>33.089194</course><hAcc>1.806246</hAcc><vAcc>0.690283</vAcc></extensions></trkpt>
      <trkpt lon="120.956127" lat="23.470207"><ele>3851.671971</ele><time>2026-09-14T20:40:13Z</time><extensions><speed>0.521228</speed><course>27.586965</course><hAcc>1.800914</hAcc><vAcc>0.690283</vAcc></extensions></trkpt>
      <trkpt lon="120.956130" lat="23.470212"><ele>3851.813141</ele><time>2026-09-14T20:40:14Z</time><extensions><speed>0.565674</speed><course>25.048853</course><hAcc>1.796474</hAcc><vAcc>0.690283</vAcc></extensions></trkpt>
      <trkpt lon="120.956132" lat="23.470216"><ele>3851.955297</ele><time>2026-09-14T20:40:15Z</time><extensions><speed>0.557838</speed><course>23.174173</course><hAcc>1.791511</hAcc><vAcc>0.690283</vAcc></extensions></trkpt>
      <trkpt lon="120.956134" lat="23.470221"><ele>3852.096200</ele><time>2026-09-14T20:40:16Z</time><extensions><speed>0.473551</speed><course>21.944463</course><hAcc>1.790180</hAcc><vAcc>0.690283</vAcc></extensions></trkpt>
      <trkpt lon="120.956136" lat="23.470224"><ele>3852.234156</ele><time>2026-09-14T20:40:17Z</time><extensions><speed>0.385330</speed><course>27.463387</course><hAcc>1.793688</hAcc><vAcc>0.690283</vAcc></extensions></trkpt>
      <trkpt lon="120.956137" lat="23.470227"><ele>3852.367547</ele><time>2026-09-14T20:40:18Z</time><extensions><speed>0.334652</speed><course>28.559278</course><hAcc>1.798060</hAcc><vAcc>0.690283</vAcc></extensions></trkpt>
      <trkpt lon="120.956139" lat="23.470230"><ele>3852.495196</ele><time>2026-09-14T20:40:19Z</time><extensions><speed>0.338822</speed><course>22.339033</course><hAcc>1.792186</hAcc><vAcc>0.690283</vAcc></extensions></trkpt>
      <trkpt lon="120.956140" lat="23.470233"><ele>3852.616586</ele><time>2026-09-14T20:40:20Z</time><extensions><speed>0.380567</speed><course>10.020241</course><hAcc>1.784066</hAcc><vAcc>0.690283</vAcc></extensions></trkpt>
      <trkpt lon="120.956140" lat="23.470236"><ele>3852.732339</ele><time>2026-09-14T20:40:21Z</time><extensions><speed>0.374553</speed><course>5.636271</course><hAcc>1.777097</hAcc><vAcc>0.690283</vAcc></extensions></trkpt>
      <trkpt lon="120.956141" lat="23.470239"><ele>3852.843128</ele><time>2026-09-14T20:40:22Z</time><extensions><speed>0.282385</speed><course>16.897314</course><hAcc>1.771927</hAcc><vAcc>0.690283</vAcc></extensions></trkpt>
      <trkpt lon="120.956142" lat="23.470241"><ele>3852.950556</ele><time>2026-09-14T20:40:23Z</time><extensions><speed>0.223186</speed><course>19.180521</course><hAcc>1.772369</hAcc><vAcc>0.690283</vAcc></extensions></trkpt>
      <trkpt lon="120.956142" lat="23.470243"><ele>3853.056531</ele><time>2026-09-14T20:40:24Z</time><extensions><speed>0.178480</speed><course>24.163563</course><hAcc>1.767927</hAcc><vAcc>0.690283</vAcc></extensions></trkpt>
      <trkpt lon="120.956143" lat="23.470244"><ele>3853.162379</ele><time>2026-09-14T20:40:25Z</time><extensions><speed>0.155033</speed><course>14.461032</course><hAcc>1.759759</hAcc><vAcc>0.690283</vAcc></extensions></trkpt>
      <trkpt lon="120.956143" lat="23.470246"><ele>3853.268857</ele><time>2026-09-14T20:40:26Z</time><extensions><speed>0.124548</speed><course>14.046463</course><hAcc>1.752726</hAcc><vAcc>0.690283</vAcc></extensions></trkpt>
      <trkpt lon="120.956144" lat="23.470247"><ele>3853.374955</ele><time>2026-09-14T20:40:27Z</time><extensions><speed>0.133056</speed><course>11.476973</course><hAcc>1.746107</hAcc><vAcc>0.690283</vAcc></extensions></trkpt>
      <trkpt lon="120.956144" lat="23.470248"><ele>3853.478248</ele><time>2026-09-14T20:40:28Z</time><extensions><speed>0.141047</speed><course>40.721938</course><hAcc>1.746962</hAcc><vAcc>0.690283</vAcc></extensions></trkpt>
      <trkpt lon="120.956145" lat="23.470249"><ele>3853.575276</ele><time>2026-09-14T20:40:29Z</time><extensions><speed>0.187180</speed><course>51.899177</course><hAcc>1.742219</hAcc><vAcc>0.690283</vAcc></extensions></trkpt>
      <trkpt lon="120.956147" lat="23.470250"><ele>3853.662198</ele><time>2026-09-14T20:40:30Z</time><extensions><speed>0.217145</speed><course>56.097666</course><hAcc>1.735583</hAcc><vAcc>0.690283</vAcc></extensions></trkpt>
      <trkpt lon="120.956149" lat="23.470251"><ele>3853.735111</ele><time>2026-09-14T20:40:31Z</time><extensions><speed>0.225759</speed><course>65.750069</course><hAcc>1.729397</hAcc><vAcc>0.690283</vAcc></extensions></trkpt>
      <trkpt lon="120.956151" lat="23.470252"><ele>3853.791745</ele><time>2026-09-14T20:40:32Z</time><extensions><speed>0.223595</speed><course>68.851361</course><hAcc>1.718234</hAcc><vAcc>0.690283</vAcc></extensions></trkpt>
      <trkpt lon="120.956153" lat="23.470252"><ele>3853.831320</ele><time>2026-09-14T20:40:33Z</time><extensions><speed>0.201254</speed><course>78.289400</course><hAcc>1.723236</hAcc><vAcc>0.690283</vAcc></extensions></trkpt>
      <trkpt lon="120.956155" lat="23.470253"><ele>3853.854485</ele><time>2026-09-14T20:40:34Z</time><extensions><speed>0.182492</speed><course>83.291865</course><hAcc>1.726320</hAcc><vAcc>0.690283</vAcc></extensions></trkpt>
      <trkpt lon="120.956156" lat="23.470253"><ele>3853.863758</ele><time>2026-09-14T20:40:35Z</time><extensions><speed>0.161645</speed><course>83.902949</course><hAcc>1.722741</hAcc><vAcc>0.690283</vAcc></extensions></trkpt>
      <trkpt lon="120.956158" lat="23.470253"><ele>3853.862939</ele><time>2026-09-14T20:40:36Z</time><extensions><speed>0.125651</speed><course>74.260985</course><hAcc>1.707622</hAcc><vAcc>0.690283</vAcc></extensions></trkpt>
      <trkpt lon="120.956158" lat="23.470253"><ele>3853.856748</ele><time>2026-09-14T20:40:37Z</time><extensions><speed>0.081904</speed><course>62.307818</course><hAcc>1.707634</hAcc><vAcc>0.690283</vAcc></extensions></trkpt>
      <trkpt lon="120.956159" lat="23.470254"><ele>3853.850316</ele><time>2026-09-14T20:40:38Z</time><extensions><speed>0.036320</speed><course>11.831833</course><hAcc>1.739512</hAcc><vAcc>0.690283</vAcc></extensions></trkpt>
      <trkpt lon="120.956158" lat="23.470254"><ele>3853.848629</ele><time>2026-09-14T20:40:39Z</time><extensions><speed>0.086436</speed><course>305.129256</course><hAcc>1.744824</hAcc><vAcc>0.690283</vAcc></extensions></trkpt>
      <trkpt lon="120.956157" lat="23.470255"><ele>3853.855620</ele><time>2026-09-14T20:40:40Z</time><extensions><speed>0.206458</speed><course>295.289224</course><hAcc>1.719045</hAcc><vAcc>0.690283</vAcc></extensions></trkpt>
      <trkpt lon="120.956155" lat="23.470256"><ele>3853.874118</ele><time>2026-09-14T20:40:41Z</time><extensions><speed>0.290444</speed><course>290.733825</course><hAcc>1.715432</hAcc><vAcc>0.690283</vAcc></extensions></trkpt>
      <trkpt lon="120.956152" lat="23.470256"><ele>3853.905129</ele><time>2026-09-14T20:40:42Z</time><extensions><speed>0.323590</speed><course>287.357358</course><hAcc>1.734377</hAcc><vAcc>0.690283</vAcc></extensions></trkpt>
      <trkpt lon="120.956149" lat="23.470257"><ele>3853.947859</ele><time>2026-09-14T20:40:43Z</time><extensions><speed>0.354126</speed><course>287.612473</course><hAcc>1.748735</hAcc><vAcc>0.690283</vAcc></extensions></trkpt>
      <trkpt lon="120.956146" lat="23.470258"><ele>3854.000320</ele><time>2026-09-14T20:40:44Z</time><extensions><speed>0.313737</speed><course>288.542056</course><hAcc>1.759548</hAcc><vAcc>0.690283</vAcc></extensions></trkpt>
      <trkpt lon="120.956143" lat="23.470259"><ele>3854.059531</ele><time>2026-09-14T20:40:45Z</time><extensions><speed>0.302565</speed><course>291.671272</course><hAcc>1.746836</hAcc><vAcc>0.690283</vAcc></extensions></trkpt>
      <trkpt lon="120.956141" lat="23.470260"><ele>3854.122019</ele><time>2026-09-14T20:40:46Z</time><extensions><speed>0.250078</speed><course>293.321288</course><hAcc>1.733023</hAcc><vAcc>0.690283</vAcc></extensions></trkpt>
      <trkpt lon="120.956139" lat="23.470261"><ele>3854.184308</ele><time>2026-09-14T20:40:47Z</time><extensions><speed>0.172678</speed><course>290.724208</course><hAcc>1.727140</hAcc><vAcc>0.690283</vAcc></extensions></trkpt>
      <trkpt lon="120.956137" lat="23.470261"><ele>3854.243285</ele><time>2026-09-14T20:40:48Z</time><extensions><speed>0.111390</speed><course>281.981107</course><hAcc>1.740000</hAcc><vAcc>0.690283</vAcc></extensions></trkpt>
      <trkpt lon="120.956137" lat="23.470261"><ele>3854.296406</ele><time>2026-09-14T20:40:49Z</time><extensions><speed>0.048593</speed><course>246.222708</course><hAcc>1.770555</hAcc><vAcc>0.690283</vAcc></extensions></trkpt>
      <trkpt lon="120.956136" lat="23.470261"><ele>3854.341969</ele><time>2026-09-14T20:40:50Z</time><extensions><speed>0.052694</speed><course>196.403469</course><hAcc>1.746144</hAcc><vAcc>0.690283</vAcc></extensions></trkpt>
      <trkpt lon="120.956136" lat="23.470261"><ele>3854.379282</ele><time>2026-09-14T20:40:51Z</time><extensions><speed>0.063295</speed><course>172.359571</course><hAcc>1.733130</hAcc><vAcc>0.690283</vAcc></extensions></trkpt>
      <trkpt lon="120.956136" lat="23.470260"><ele>3854.408619</ele><time>2026-09-14T20:40:52Z</time><extensions><speed>0.061682</speed><course>159.744269</course><hAcc>1.734285</hAcc><vAcc>0.690283</vAcc></extensions></trkpt>
      <trkpt lon="120.956137" lat="23.470260"><ele>3854.430754</ele><time>2026-09-14T20:40:53Z</time><extensions><speed>0.030869</speed><course>138.934052</course><hAcc>1.735290</hAcc><vAcc>0.690283</vAcc></extensions></trkpt>
      <trkpt lon="120.956137" lat="23.470260"><ele>3854.447111</ele><time>2026-09-14T20:40:54Z</time><extensions><speed>0.027323</speed><course>39.613834</course><hAcc>1.744681</hAcc><vAcc>0.690283</vAcc></extensions></trkpt>
      <trkpt lon="120.956137" lat="23.470260"><ele>3854.458764</ele><time>2026-09-14T20:40:55Z</time><extensions><speed>0.068680</speed><course>7.695556</course><hAcc>1.750355</hAcc><vAcc>0.690283</vAcc></extensions></trkpt>
      <trkpt lon="120.956137" lat="23.470261"><ele>3854.466382</ele><time>2026-09-14T20:40:56Z</time><extensions><speed>0.100777</speed><course>4.316672</course><hAcc>1.738529</hAcc><vAcc>0.690283</vAcc></extensions></trkpt>
      <trkpt lon="120.956137" lat="23.470262"><ele>3854.470118</ele><time>2026-09-14T20:40:57Z</time><extensions><speed>0.105918</speed><course>8.545360</course><hAcc>1.728966</hAcc><vAcc>0.690283</vAcc></extensions></trkpt>
      <trkpt lon="120.956138" lat="23.470263"><ele>3854.469539</ele><time>2026-09-14T20:40:58Z</time><extensions><speed>0.106503</speed><course>18.993772</course><hAcc>1.718855</hAcc><vAcc>0.690283</vAcc></extensions></trkpt>
      <trkpt lon="120.956138" lat="23.470264"><ele>3854.463494</ele><time>2026-09-14T20:40:59Z</time><extensions><speed>0.114044</speed><course>37.307483</course><hAcc>1.708900</hAcc><vAcc>0.690283</vAcc></extensions></trkpt>
      <trkpt lon="120.956139" lat="23.470264"><ele>3854.450765</ele><time>2026-09-14T20:41:00Z</time><extensions><speed>0.130900</speed><course>53.873051</course><hAcc>1.704764</hAcc><vAcc>0.690283</vAcc></extensions></trkpt>
      <trkpt lon="120.956140" lat="23.470265"><ele>3854.430278</ele><time>2026-09-14T20:41:01Z</time><extensions><speed>0.156316</speed><course>62.106486</course><hAcc>1.697605</hAcc><vAcc>0.690283</vAcc></extensions></trkpt>
      <trkpt lon="120.956142" lat="23.470266"><ele>3854.401300</ele><time>2026-09-14T20:41:02Z</time><extensions><speed>0.169138</speed><course>65.388610</course><hAcc>1.696573</hAcc><vAcc>0.690283</vAcc></extensions></trkpt>
      <trkpt lon="120.956143" lat="23.470266"><ele>3854.363918</ele><time>2026-09-14T20:41:03Z</time><extensions><speed>0.145086</speed><course>64.721387</course><hAcc>1.692122</hAcc><vAcc>0.690282</vAcc></extensions></trkpt>
      <trkpt lon="120.956144" lat="23.470267"><ele>3854.319102</ele><time>2026-09-14T20:41:04Z</time><extensions><speed>0.136075</speed><course>59.557528</course><hAcc>1.653594</hAcc><vAcc>0.690282</vAcc></extensions></trkpt>
      <trkpt lon="120.956145" lat="23.470267"><ele>3854.268730</ele><time>2026-09-14T20:41:05Z</time><extensions><speed>0.097262</speed><course>63.211069</course><hAcc>1.652175</hAcc><vAcc>0.690281</vAcc></extensions></trkpt>
      <trkpt lon="120.956146" lat="23.470268"><ele>3854.215329</ele><time>2026-09-14T20:41:06Z</time><extensions><speed>0.064823</speed><course>65.523045</course><hAcc>1.659264</hAcc><vAcc>0.690280</vAcc></extensions></trkpt>
      <trkpt lon="120.956146" lat="23.470268"><ele>3854.161556</ele><time>2026-09-14T20:41:07Z</time><extensions><speed>0.047497</speed><course>71.550913</course><hAcc>1.656051</hAcc><vAcc>0.690279</vAcc></extensions></trkpt>
      <trkpt lon="120.956147" lat="23.470268"><ele>3854.110024</ele><time>2026-09-14T20:41:08Z</time><extensions><speed>0.038866</speed><course>79.801975</course><hAcc>1.655411</hAcc><vAcc>0.690280</vAcc></extensions></trkpt>
      <trkpt lon="120.956147" lat="23.470268"><ele>3854.062803</ele><time>2026-09-14T20:41:09Z</time><extensions><speed>0.032525</speed><course>91.637387</course><hAcc>1.677864</hAcc><vAcc>0.690281</vAcc></extensions></trkpt>
      <trkpt lon="120.956148" lat="23.470268"><ele>3854.021068</ele><time>2026-09-14T20:41:10Z</time><extensions><speed>0.039942</speed><course>104.129414</course><hAcc>1.686013</hAcc><vAcc>0.690281</vAcc></extensions></trkpt>
      <trkpt lon="120.956148" lat="23.470268"><ele>3853.985078</ele><time>2026-09-14T20:41:11Z</time><extensions><speed>0.068881</speed><course>112.323011</course><hAcc>1.670019</hAcc><vAcc>0.690282</vAcc></extensions></trkpt>
      <trkpt lon="120.956149" lat="23.470267"><ele>3853.954596</ele><time>2026-09-14T20:41:12Z</time><extensions><speed>0.101404</speed><course>116.619628</course><hAcc>1.679289</hAcc><vAcc>0.690282</vAcc></extensions></trkpt>
      <trkpt lon="120.956150" lat="23.470267"><ele>3853.928859</ele><time>2026-09-14T20:41:13Z</time><extensions><speed>0.142803</speed><course>119.437179</course><hAcc>1.701033</hAcc><vAcc>0.690283</vAcc></extensions></trkpt>
      <trkpt lon="120.956152" lat="23.470266"><ele>3853.906878</ele><time>2026-09-14T20:41:14Z</time><extensions><speed>0.195012</speed><course>120.866658</course><hAcc>1.719001</hAcc><vAcc>0.690283</vAcc></extensions></trkpt>
      <trkpt lon="120.956153" lat="23.470265"><ele>3853.887659</ele><time>2026-09-14T20:41:15Z</time><extensions><speed>0.257257</speed><course>121.535518</course><hAcc>1.728218</hAcc><vAcc>0.690283</vAcc></extensions></trkpt>
      <trkpt lon="120.956156" lat="23.470263"><ele>3853.870425</ele><time>2026-09-14T20:41:16Z</time><extensions><speed>0.320595</speed><course>121.965678</course><hAcc>1.725065</hAcc><vAcc>0.690283</vAcc></extensions></trkpt>
      <trkpt lon="120.956159" lat="23.470262"><ele>3853.854293</ele><time>2026-09-14T20:41:17Z</time><extensions><speed>0.339065</speed><course>122.729653</course><hAcc>1.715285</hAcc><vAcc>0.690283</vAcc></extensions></trkpt>
      <trkpt lon="120.956161" lat="23.470260"><ele>3853.838519</ele><time>2026-09-14T20:41:18Z</time><extensions><speed>0.287977</speed><course>124.702373</course><hAcc>1.721577</hAcc><vAcc>0.690283</vAcc></extensions></trkpt>
      <trkpt lon="120.956163" lat="23.470259"><ele>3853.822543</ele><time>2026-09-14T20:41:19Z</time><extensions><speed>0.213633</speed><course>128.942902</course><hAcc>1.738415</hAcc><vAcc>0.690283</vAcc></extensions></trkpt>
      <trkpt lon="120.956164" lat="23.470258"><ele>3853.806144</ele><time>2026-09-14T20:41:20Z</time><extensions><speed>0.152522</speed><course>136.383769</course><hAcc>1.751073</hAcc><vAcc>0.690283</vAcc></extensions></trkpt>
      <trkpt lon="120.956165" lat="23.470257"><ele>3853.789468</ele><time>2026-09-14T20:41:21Z</time><extensions><speed>0.140611</speed><course>141.722534</course><hAcc>1.740736</hAcc><vAcc>0.690283</vAcc></extensions></trkpt>
      <trkpt lon="120.956166" lat="23.470256"><ele>3853.773122</ele><time>2026-09-14T20:41:22Z</time><extensions><speed>0.127884</speed><course>139.843709</course><hAcc>1.743634</hAcc><vAcc>0.690283</vAcc></extensions></trkpt>
      <trkpt lon="120.956167" lat="23.470255"><ele>3853.758032</ele><time>2026-09-14T20:41:23Z</time><extensions><speed>0.120112</speed><course>131.385280</course><hAcc>1.753917</hAcc><vAcc>0.690284</vAcc></extensions></trkpt>
      <trkpt lon="120.956168" lat="23.470254"><ele>3853.745190</ele><time>2026-09-14T20:41:24Z</time><extensions><speed>0.121110</speed><course>124.243369</course><hAcc>1.768874</hAcc><vAcc>0.690284</vAcc></extensions></trkpt>
      <trkpt lon="120.956169" lat="23.470254"><ele>3853.735316</ele><time>2026-09-14T20:41:25Z</time><extensions><speed>0.103164</speed><course>131.822612</course><hAcc>1.778307</hAcc><vAcc>0.690284</vAcc></extensions></trkpt>
      <trkpt lon="120.956169" lat="23.470253"><ele>3853.728847</ele><time>2026-09-14T20:41:26Z</time><extensions><speed>0.063314</speed><course>194.462199</course><hAcc>1.781354</hAcc><vAcc>0.690284</vAcc></extensions></trkpt>
      <trkpt lon="120.956168" lat="23.470253"><ele>3853.725734</ele><time>2026-09-14T20:41:27Z</time><extensions><speed>0.145925</speed><course>248.830943</course><hAcc>1.779297</hAcc><vAcc>0.690284</vAcc></extensions></trkpt>
      <trkpt lon="120.956167" lat="23.470252"><ele>3853.725619</ele><time>2026-09-14T20:41:28Z</time><extensions><speed>0.219982</speed><course>250.435542</course><hAcc>1.778336</hAcc><vAcc>0.690284</vAcc></extensions></trkpt>
      <trkpt lon="120.956165" lat="23.470252"><ele>3853.728028</ele><time>2026-09-14T20:41:29Z</time><extensions><speed>0.248455</speed><course>254.365317</course><hAcc>1.772707</hAcc><vAcc>0.690284</vAcc></extensions></trkpt>
      <trkpt lon="120.956162" lat="23.470251"><ele>3853.732533</ele><time>2026-09-14T20:41:30Z</time><extensions><speed>0.217478</speed><course>256.822500</course><hAcc>1.763049</hAcc><vAcc>0.690284</vAcc></extensions></trkpt>
      <trkpt lon="120.956160" lat="23.470251"><ele>3853.738883</ele><time>2026-09-14T20:41:31Z</time><extensions><speed>0.174190</speed><course>260.217227</course><hAcc>1.750902</hAcc><vAcc>0.690284</vAcc></extensions></trkpt>
      <trkpt lon="120.956159" lat="23.470251"><ele>3853.747106</ele><time>2026-09-14T20:41:32Z</time><extensions><speed>0.139432</speed><course>265.129357</course><hAcc>1.739169</hAcc><vAcc>0.690284</vAcc></extensions></trkpt>
      <trkpt lon="120.956157" lat="23.470251"><ele>3853.757423</ele><time>2026-09-14T20:41:33Z</time><extensions><speed>0.118902</speed><course>271.588408</course><hAcc>1.729058</hAcc><vAcc>0.690284</vAcc></extensions></trkpt>
      <trkpt lon="120.956156" lat="23.470251"><ele>3853.770088</ele><time>2026-09-14T20:41:34Z</time><extensions><speed>0.118313</speed><course>278.524902</course><hAcc>1.718349</hAcc><vAcc>0.690284</vAcc></extensions></trkpt>
      <trkpt lon="120.956155" lat="23.470251"><ele>3853.785299</ele><time>2026-09-14T20:41:35Z</time><extensions><speed>0.135639</speed><course>284.055073</course><hAcc>1.709408</hAcc><vAcc>0.690284</vAcc></extensions></trkpt>
      <trkpt lon="120.956153" lat="23.470251"><ele>3853.803086</ele><time>2026-09-14T20:41:36Z</time><extensions><speed>0.165857</speed><course>287.504818</course><hAcc>1.709190</hAcc><vAcc>0.690284</vAcc></extensions></trkpt>
      <trkpt lon="120.956152" lat="23.470252"><ele>3853.823210</ele><time>2026-09-14T20:41:37Z</time><extensions><speed>0.209811</speed><course>289.462139</course><hAcc>1.716116</hAcc><vAcc>0.690283</vAcc></extensions></trkpt>
      <trkpt lon="120.956149" lat="23.470253"><ele>3853.845187</ele><time>2026-09-14T20:41:38Z</time><extensions><speed>0.274926</speed><course>290.608162</course><hAcc>1.722798</hAcc><vAcc>0.690283</vAcc></extensions></trkpt>
      <trkpt lon="120.956147" lat="23.470254"><ele>3853.868435</ele><time>2026-09-14T20:41:39Z</time><extensions><speed>0.348824</speed><course>291.479697</course><hAcc>1.724844</hAcc><vAcc>0.690283</vAcc></extensions></trkpt>
      <trkpt lon="120.956143" lat="23.470255"><ele>3853.892332</ele><time>2026-09-14T20:41:40Z</time><extensions><speed>0.405642</speed><course>292.678139</course><hAcc>1.717667</hAcc><vAcc>0.690283</vAcc></extensions></trkpt>
      <trkpt lon="120.956140" lat="23.470256"><ele>3853.916320</ele><time>2026-09-14T20:41:41Z</time><extensions><speed>0.333287</speed><course>292.541108</course><hAcc>1.731205</hAcc><vAcc>0.690283</vAcc></extensions></trkpt>
      <trkpt lon="120.956137" lat="23.470257"><ele>3853.940042</ele><time>2026-09-14T20:41:42Z</time><extensions><speed>0.231698</speed><course>290.257147</course><hAcc>1.749258</hAcc><vAcc>0.690283</vAcc></extensions></trkpt>
      <trkpt lon="120.956136" lat="23.470258"><ele>3853.963422</ele><time>2026-09-14T20:41:43Z</time><extensions><speed>0.156198</speed><course>286.305697</course><hAcc>1.759048</hAcc><vAcc>0.690283</vAcc></extensions></trkpt>
      <trkpt lon="120.956134" lat="23.470258"><ele>3853.986550</ele><time>2026-09-14T20:41:44Z</time><extensions><speed>0.099578</speed><course>278.865367</course><hAcc>1.762246</hAcc><vAcc>0.690283</vAcc></extensions></trkpt>
      <trkpt lon="120.956134" lat="23.470258"><ele>3854.009596</ele><time>2026-09-14T20:41:45Z</time><extensions><speed>0.060671</speed><course>268.755487</course><hAcc>1.763032</hAcc><vAcc>0.690283</vAcc></extensions></trkpt>
      <trkpt lon="120.956133" lat="23.470258"><ele>3854.032848</ele><time>2026-09-14T20:41:46Z</time><extensions><speed>0.031288</speed><course>238.815632</course><hAcc>1.765149</hAcc><vAcc>0.690283</vAcc></extensions></trkpt>
      <trkpt lon="120.956133" lat="23.470258"><ele>3854.056566</ele><time>2026-09-14T20:41:47Z</time><extensions><speed>0.026851</speed><course>173.652291</course><hAcc>1.769087</hAcc><vAcc>0.690283</vAcc></extensions></trkpt>
      <trkpt lon="120.956133" lat="23.470257"><ele>3854.080846</ele><time>2026-09-14T20:41:48Z</time><extensions><speed>0.045053</speed><course>141.531156</course><hAcc>1.765971</hAcc><vAcc>0.690283</vAcc></extensions></trkpt>
      <trkpt lon="120.956134" lat="23.470257"><ele>3854.105651</ele><time>2026-09-14T20:41:49Z</time><extensions><speed>0.064576</speed><course>128.649409</course><hAcc>1.756753</hAcc><vAcc>0.690283</vAcc></extensions></trkpt>
      <trkpt lon="120.956134" lat="23.470257"><ele>3854.130964</ele><time>2026-09-14T20:41:50Z</time><extensions><speed>0.085079</speed><course>123.159798</course><hAcc>1.754895</hAcc><vAcc>0.690283</vAcc></extensions></trkpt>
      <trkpt lon="120.956135" lat="23.470256"><ele>3854.156674</ele><time>2026-09-14T20:41:51Z</time><extensions><speed>0.086855</speed><course>121.386540</course><hAcc>1.751008</hAcc><vAcc>0.690283</vAcc></extensions></trkpt>
      <trkpt lon="120.956136" lat="23.470256"><ele>3854.182639</ele><time>2026-09-14T20:41:52Z</time><extensions><speed>0.081348</speed><course>129.614227</course><hAcc>1.756963</hAcc><vAcc>0.690283</vAcc></extensions></trkpt>
      <trkpt lon="120.956136" lat="23.470255"><ele>3854.209154</ele><time>2026-09-14T20:41:53Z</time><extensions><speed>0.089204</speed><course>135.776578</course><hAcc>1.783955</hAcc><vAcc>0.690283</vAcc></extensions></trkpt>
      <trkpt lon="120.956137" lat="23.470255"><ele>3854.235807</ele><time>2026-09-14T20:41:54Z</time><extensions><speed>0.099819</speed><course>126.580632</course><hAcc>1.760779</hAcc><vAcc>0.690283</vAcc></extensions></trkpt>
      <trkpt lon="120.956138" lat="23.470254"><ele>3854.262038</ele><time>2026-09-14T20:41:55Z</time><extensions><speed>0.080870</speed><course>106.771289</course><hAcc>1.753940</hAcc><vAcc>0.690283</vAcc></extensions></trkpt>
      <trkpt lon="120.956138" lat="23.470254"><ele>3854.286932</ele><time>2026-09-14T20:41:56Z</time><extensions><speed>0.056877</speed><course>63.040885</course><hAcc>1.765027</hAcc><vAcc>0.690283</vAcc></extensions></trkpt>
      <trkpt lon="120.956139" lat="23.470255"><ele>3854.309173</ele><time>2026-09-14T20:41:57Z</time><extensions><speed>0.071715</speed><course>15.167476</course><hAcc>1.775212</hAcc><vAcc>0.690283</vAcc></extensions></trkpt>
      <trkpt lon="120.956139" lat="23.470255"><ele>3854.329193</ele><time>2026-09-14T20:41:58Z</time><extensions><speed>0.089363</speed><course>14.245219</course><hAcc>1.774596</hAcc><vAcc>0.690334</vAcc></extensions></trkpt>
      <trkpt lon="120.956139" lat="23.470256"><ele>3854.343327</ele><time>2026-09-14T20:41:59Z</time><extensions><speed>0.086461</speed><course>34.055535</course><hAcc>1.774333</hAcc><vAcc>0.690347</vAcc></extensions></trkpt>
      <trkpt lon="120.956140" lat="23.470257"><ele>3854.346672</ele><time>2026-09-14T20:42:00Z</time><extensions><speed>0.086532</speed><course>39.774161</course><hAcc>1.766637</hAcc><vAcc>0.690462</vAcc></extensions></trkpt>
      <trkpt lon="120.956140" lat="23.470257"><ele>3854.334272</ele><time>2026-09-14T20:42:01Z</time><extensions><speed>0.085774</speed><course>37.202146</course><hAcc>1.754414</hAcc><vAcc>0.691071</vAcc></extensions></trkpt>
      <trkpt lon="120.956141" lat="23.470258"><ele>3854.293241</ele><time>2026-09-14T20:42:02Z</time><extensions><speed>0.072024</speed><course>41.318843</course><hAcc>1.757709</hAcc><vAcc>0.693583</vAcc></extensions></trkpt>
      <trkpt lon="120.956141" lat="23.470258"><ele>3854.219861</ele><time>2026-09-14T20:42:03Z</time><extensions><speed>0.062403</speed><course>40.804981</course><hAcc>1.766738</hAcc><vAcc>0.699560</vAcc></extensions></trkpt>
      <trkpt lon="120.956142" lat="23.470259"><ele>3854.105716</ele><time>2026-09-14T20:42:04Z</time><extensions><speed>0.060207</speed><course>35.390405</course><hAcc>1.774787</hAcc><vAcc>0.712636</vAcc></extensions></trkpt>
      <trkpt lon="120.956142" lat="23.470259"><ele>3853.941360</ele><time>2026-09-14T20:42:05Z</time><extensions><speed>0.061602</speed><course>23.742425</course><hAcc>1.780504</hAcc><vAcc>0.738714</vAcc></extensions></trkpt>
      <trkpt lon="120.956142" lat="23.470260"><ele>3853.716682</ele><time>2026-09-14T20:42:06Z</time><extensions><speed>0.070617</speed><course>1.805303</course><hAcc>1.772913</hAcc><vAcc>0.785786</vAcc></extensions></trkpt>
      <trkpt lon="120.956142" lat="23.470261"><ele>3853.422335</ele><time>2026-09-14T20:42:07Z</time><extensions><speed>0.084978</speed><course>326.541854</course><hAcc>1.794721</hAcc><vAcc>0.862192</vAcc></extensions></trkpt>
      <trkpt lon="120.956141" lat="23.470261"><ele>3853.052600</ele><time>2026-09-14T20:42:08Z</time><extensions><speed>0.134535</speed><course>292.445387</course><hAcc>1.860688</hAcc><vAcc>0.973473</vAcc></extensions></trkpt>
      <trkpt lon="120.956139" lat="23.470262"><ele>3852.609173</ele><time>2026-09-14T20:42:09Z</time><extensions><speed>0.242510</speed><course>279.345612</course><hAcc>1.992339</hAcc><vAcc>1.122717</vAcc></extensions></trkpt>
      <trkpt lon="120.956136" lat="23.470262"><ele>3852.103055</ele><time>2026-09-14T20:42:10Z</time><extensions><speed>0.363610</speed><course>265.947701</course><hAcc>2.219678</hAcc><vAcc>1.316171</vAcc></extensions></trkpt>
      <trkpt lon="120.956132" lat="23.470261"><ele>3851.553418</ele><time>2026-09-14T20:42:11Z</time><extensions><speed>0.535834</speed><course>246.216378</course><hAcc>2.650271</hAcc><vAcc>1.567016</vAcc></extensions></trkpt>
    </trkseg>
  </trk>
</gpx>